birth,death
-9.273618698120117,inf
-9.219544410705566,-1
-9.110433578491211,-8.774964332580566
-9,-8.83176040649414
-9,-8.774964332580566
-9,1
-8.774964332580566,-5.385164737701416
-8.717798233032227,-8.5440034866333
-8.66025447845459,-8.602325439453125
-8.66025447845459,-8.5440034866333
-8.66025447845459,-1.4142135381698608
-8.602325439453125,-8.124038696289063
-8.5440034866333,2.4494898319244385
-8.306623458862305,-8.124038696289063
-8.306623458862305,-2.2360680103302
-8.306623458862305,-1
-8.306623458862305,-1
-8.246211051940918,-8.185352325439453
-8.246211051940918,8
-8.124038696289063,-7.874007701873779
-8.124038696289063,-5.916079998016357
-8.124038696289063,6
-8.124038696289063,7.4833149909973145
-8.062257766723633,inf
-8.062257766723633,3.7416574954986572
-8.062257766723633,4.582575798034668
-8.062257766723633,9.848857879638672
-8.062257766723633,15.165750503540039
-8,inf
-8,-1
-7.874007701873779,-7.549834251403809
-7.874007701873779,-5.830951690673828
-7.874007701873779,-4.123105525970459
-7.874007701873779,-1
-7.874007701873779,1.4142135381698608
-7.874007701873779,1.4142135381698608
-7.874007701873779,2
-7.874007701873779,2.2360680103302
-7.874007701873779,2.8284270763397217
-7.874007701873779,8.124038696289063
-7.8102498054504395,inf
-7.8102498054504395,inf
-7.8102498054504395,inf
-7.8102498054504395,-7.681145668029785
-7.8102498054504395,-7.549834251403809
-7.8102498054504395,-7.280109882354736
-7.8102498054504395,-1.7320507764816284
-7.8102498054504395,-1.4142135381698608
-7.8102498054504395,-1.4142135381698608
-7.8102498054504395,1
-7.8102498054504395,1
-7.8102498054504395,1.4142135381698608
-7.8102498054504395,4.582575798034668
-7.681145668029785,inf
-7.681145668029785,inf
-7.681145668029785,inf
-7.681145668029785,-7.6157732009887695
-7.681145668029785,-7.549834251403809
-7.681145668029785,-7.4833149909973145
-7.681145668029785,-7.4833149909973145
-7.681145668029785,-7.348469257354736
-7.681145668029785,-5.4772257804870605
-7.681145668029785,-5.4772257804870605
-7.681145668029785,-3.7416574954986572
-7.681145668029785,-2.4494898319244385
-7.681145668029785,1.7320507764816284
-7.681145668029785,4.358899116516113
-7.6157732009887695,inf
-7.6157732009887695,-7.4833149909973145
-7.6157732009887695,-7.348469257354736
-7.6157732009887695,-7.280109882354736
-7.6157732009887695,-5.916079998016357
-7.6157732009887695,-4.242640495300293
-7.6157732009887695,3
-7.6157732009887695,6
-7.6157732009887695,6.4031243324279785
-7.549834251403809,inf
-7.549834251403809,inf
-7.549834251403809,inf
-7.549834251403809,-7.4833149909973145
-7.549834251403809,-7.348469257354736
-7.549834251403809,-7.348469257354736
-7.549834251403809,-1.4142135381698608
-7.549834251403809,2.2360680103302
-7.549834251403809,6
-7.549834251403809,8
-7.4833149909973145,inf
-7.4833149909973145,inf
-7.4833149909973145,-7.348469257354736
-7.4833149909973145,-5.916079998016357
-7.4833149909973145,-4
-7.4833149909973145,-3
-7.4833149909973145,1
-7.4833149909973145,4.242640495300293
-7.4833149909973145,6.164413928985596
-7.348469257354736,inf
-7.348469257354736,inf
-7.348469257354736,inf
-7.348469257354736,inf
-7.348469257354736,inf
-7.348469257354736,inf
-7.348469257354736,-7.280109882354736
-7.348469257354736,-7.280109882354736
-7.348469257354736,-7.280109882354736
-7.348469257354736,-7.280109882354736
-7.348469257354736,-7.280109882354736
-7.348469257354736,-7.211102485656738
-7.348469257354736,-6.164413928985596
-7.348469257354736,-5.4772257804870605
-7.348469257354736,-5
-7.348469257354736,-5
-7.348469257354736,-1.4142135381698608
-7.348469257354736,-1
-7.348469257354736,1
-7.348469257354736,2
-7.348469257354736,2
-7.348469257354736,2.8284270763397217
-7.348469257354736,3.1622776985168457
-7.348469257354736,4
-7.348469257354736,5
-7.348469257354736,5
-7.348469257354736,5.099019527435303
-7.348469257354736,5.4772257804870605
-7.348469257354736,5.830951690673828
-7.348469257354736,7.280109882354736
-7.348469257354736,9.273618698120117
-7.348469257354736,11
-7.280109882354736,inf
-7.280109882354736,inf
-7.280109882354736,-7.211102485656738
-7.280109882354736,-7.211102485656738
-7.280109882354736,-7.141428470611572
-7.280109882354736,-7.141428470611572
-7.280109882354736,-7.141428470611572
-7.280109882354736,-7.071067810058594
-7.280109882354736,-7
-7.280109882354736,-6.4031243324279785
-7.280109882354736,-5.830951690673828
-7.280109882354736,-5.385164737701416
-7.280109882354736,-4.4721360206604
-7.280109882354736,-3
-7.280109882354736,-3
-7.280109882354736,-1.7320507764816284
-7.280109882354736,-1
-7.280109882354736,1
-7.280109882354736,1.4142135381698608
-7.280109882354736,1.7320507764816284
-7.280109882354736,2.2360680103302
-7.280109882354736,2.2360680103302
-7.280109882354736,5.656854152679443
-7.280109882354736,5.656854152679443
-7.280109882354736,6.633249759674072
-7.280109882354736,7.071067810058594
-7.280109882354736,17.029386520385742
-7.211102485656738,inf
-7.211102485656738,inf
-7.211102485656738,-7.141428470611572
-7.211102485656738,-7.141428470611572
-7.211102485656738,-6.928203105926514
-7.211102485656738,-6.164413928985596
-7.211102485656738,-5.830951690673828
-7.211102485656738,-5
-7.211102485656738,-3.316624879837036
-7.211102485656738,-2.2360680103302
-7.211102485656738,-1
-7.141428470611572,inf
-7.141428470611572,inf
-7.141428470611572,inf
-7.141428470611572,inf
-7.141428470611572,inf
-7.141428470611572,inf
-7.141428470611572,-7.071067810058594
-7.141428470611572,-6.557438373565674
-7.141428470611572,-6.164413928985596
-7.141428470611572,-6.082762718200684
-7.141428470611572,-5.4772257804870605
-7.141428470611572,-4.242640495300293
-7.141428470611572,-4.123105525970459
-7.141428470611572,-3
-7.141428470611572,-1.4142135381698608
-7.141428470611572,5
-7.141428470611572,7
-7.141428470611572,7.211102485656738
-7.071067810058594,inf
-7.071067810058594,inf
-7.071067810058594,inf
-7.071067810058594,inf
-7.071067810058594,inf
-7.071067810058594,inf
-7.071067810058594,inf
-7.071067810058594,inf
-7.071067810058594,-7
-7.071067810058594,-7
-7.071067810058594,-7
-7.071067810058594,-7
-7.071067810058594,-7
-7.071067810058594,-7
-7.071067810058594,-7
-7.071067810058594,-6.928203105926514
-7.071067810058594,-6.78233003616333
-7.071067810058594,-6.78233003616333
-7.071067810058594,-6.7082037925720215
-7.071067810058594,-6.557438373565674
-7.071067810058594,-6.480740547180176
-7.071067810058594,-6.480740547180176
-7.071067810058594,-6.4031243324279785
-7.071067810058594,-6.324555397033691
-7.071067810058594,-5.916079998016357
-7.071067810058594,-5.916079998016357
-7.071067810058594,-5.4772257804870605
-7.071067810058594,-5.385164737701416
-7.071067810058594,-5.385164737701416
-7.071067810058594,-5.099019527435303
-7.071067810058594,-4.690415859222412
-7.071067810058594,-4.123105525970459
-7.071067810058594,-4
-7.071067810058594,-3.605551242828369
-7.071067810058594,-3.316624879837036
-7.071067810058594,-3.1622776985168457
-7.071067810058594,-3
-7.071067810058594,-1.7320507764816284
-7.071067810058594,-1.7320507764816284
-7.071067810058594,-1.4142135381698608
-7.071067810058594,-1
-7.071067810058594,-1
-7.071067810058594,1
-7.071067810058594,1
-7.071067810058594,1.7320507764816284
-7.071067810058594,2
-7.071067810058594,2.2360680103302
-7.071067810058594,3.316624879837036
-7.071067810058594,4.242640495300293
-7.071067810058594,4.4721360206604
-7.071067810058594,5
-7.071067810058594,5.099019527435303
-7.071067810058594,6.082762718200684
-7.071067810058594,6.164413928985596
-7.071067810058594,6.633249759674072
-7.071067810058594,11.180339813232422
-7.071067810058594,17.291616439819336
-7,inf
-7,inf
-7,inf
-7,inf
-7,inf
-7,inf
-7,inf
-7,-6.928203105926514
-7,-6.78233003616333
-7,-6.78233003616333
-7,-6.78233003616333
-7,-6.78233003616333
-7,-6.78233003616333
-7,-6.7082037925720215
-7,-6.7082037925720215
-7,-6.7082037925720215
-7,-6.7082037925720215
-7,-6.7082037925720215
-7,-6.7082037925720215
-7,-6.7082037925720215
-7,-6.7082037925720215
-7,-6.7082037925720215
-7,-6.633249759674072
-7,-6.633249759674072
-7,-6.633249759674072
-7,-6.557438373565674
-7,-6.480740547180176
-7,-6.4031243324279785
-7,-6.4031243324279785
-7,-6.164413928985596
-7,-6.082762718200684
-7,-6
-7,-5.916079998016357
-7,-5.830951690673828
-7,-5.830951690673828
-7,-5.74456262588501
-7,-5.74456262588501
-7,-5.74456262588501
-7,-5.74456262588501
-7,-5.74456262588501
-7,-5.4772257804870605
-7,-5.4772257804870605
-7,-5.099019527435303
-7,-5.099019527435303
-7,-4.898979663848877
-7,-4.582575798034668
-7,-4
-7,-3.7416574954986572
-7,-3.316624879837036
-7,-3
-7,-2.2360680103302
-7,-1.7320507764816284
-7,-1.4142135381698608
-7,-1.4142135381698608
-7,-1
-7,1
-7,2.2360680103302
-7,2.2360680103302
-7,2.8284270763397217
-7,3.605551242828369
-7,4.242640495300293
-7,4.4721360206604
-7,4.898979663848877
-7,4.898979663848877
-7,5
-7,5.099019527435303
-7,5.830951690673828
-7,5.830951690673828
-7,6.164413928985596
-7,9.05538558959961
-7,9.433980941772461
-6.928203105926514,inf
-6.928203105926514,-6.78233003616333
-6.928203105926514,-6.7082037925720215
-6.928203105926514,-6.557438373565674
-6.928203105926514,-5
-6.928203105926514,-2.2360680103302
-6.928203105926514,1
-6.928203105926514,2.2360680103302
-6.78233003616333,inf
-6.78233003616333,inf
-6.78233003616333,inf
-6.78233003616333,inf
-6.78233003616333,inf
-6.78233003616333,-6.7082037925720215
-6.78233003616333,-6.7082037925720215
-6.78233003616333,-6.7082037925720215
-6.78233003616333,-6.7082037925720215
-6.78233003616333,-6.7082037925720215
-6.78233003616333,-6.7082037925720215
-6.78233003616333,-6.7082037925720215
-6.78233003616333,-6.7082037925720215
-6.78233003616333,-6.633249759674072
-6.78233003616333,-6.633249759674072
-6.78233003616333,-6.557438373565674
-6.78233003616333,-6.557438373565674
-6.78233003616333,-6.557438373565674
-6.78233003616333,-6.480740547180176
-6.78233003616333,-6.480740547180176
-6.78233003616333,-6.480740547180176
-6.78233003616333,-6.480740547180176
-6.78233003616333,-6.4031243324279785
-6.78233003616333,-6.164413928985596
-6.78233003616333,-6.164413928985596
-6.78233003616333,-6
-6.78233003616333,-5.830951690673828
-6.78233003616333,-4.898979663848877
-6.78233003616333,-4.582575798034668
-6.78233003616333,-4.582575798034668
-6.78233003616333,-4
-6.78233003616333,-4
-6.78233003616333,-3
-6.78233003616333,-2.8284270763397217
-6.78233003616333,5.74456262588501
-6.78233003616333,9
-6.7082037925720215,inf
-6.7082037925720215,inf
-6.7082037925720215,inf
-6.7082037925720215,inf
-6.7082037925720215,inf
-6.7082037925720215,inf
-6.7082037925720215,inf
-6.7082037925720215,-6.633249759674072
-6.7082037925720215,-6.633249759674072
-6.7082037925720215,-6.557438373565674
-6.7082037925720215,-6.557438373565674
-6.7082037925720215,-6.557438373565674
-6.7082037925720215,-6.557438373565674
-6.7082037925720215,-6.557438373565674
-6.7082037925720215,-6.557438373565674
-6.7082037925720215,-6.557438373565674
-6.7082037925720215,-6.557438373565674
-6.7082037925720215,-6.480740547180176
-6.7082037925720215,-6.480740547180176
-6.7082037925720215,-6.480740547180176
-6.7082037925720215,-6.480740547180176
-6.7082037925720215,-6.480740547180176
-6.7082037925720215,-6.480740547180176
-6.7082037925720215,-6.4031243324279785
-6.7082037925720215,-6.164413928985596
-6.7082037925720215,-6.082762718200684
-6.7082037925720215,-5.916079998016357
-6.7082037925720215,-5.830951690673828
-6.7082037925720215,-5.830951690673828
-6.7082037925720215,-5.830951690673828
-6.7082037925720215,-5.830951690673828
-6.7082037925720215,-5.74456262588501
-6.7082037925720215,-5.656854152679443
-6.7082037925720215,-5.4772257804870605
-6.7082037925720215,-5.385164737701416
-6.7082037925720215,-5.385164737701416
-6.7082037925720215,-5.196152210235596
-6.7082037925720215,-5.196152210235596
-6.7082037925720215,-5.099019527435303
-6.7082037925720215,-5.099019527435303
-6.7082037925720215,-5
-6.7082037925720215,-4.4721360206604
-6.7082037925720215,-4.358899116516113
-6.7082037925720215,-4.242640495300293
-6.7082037925720215,-4.123105525970459
-6.7082037925720215,-3.1622776985168457
-6.7082037925720215,-3.1622776985168457
-6.7082037925720215,-2.4494898319244385
-6.7082037925720215,-1
-6.7082037925720215,-1
-6.7082037925720215,-1
-6.7082037925720215,-1
-6.7082037925720215,1
-6.7082037925720215,1
-6.7082037925720215,1.4142135381698608
-6.7082037925720215,1.4142135381698608
-6.7082037925720215,1.7320507764816284
-6.7082037925720215,2.2360680103302
-6.7082037925720215,3.1622776985168457
-6.7082037925720215,3.316624879837036
-6.7082037925720215,3.316624879837036
-6.7082037925720215,4.358899116516113
-6.7082037925720215,4.358899116516113
-6.7082037925720215,4.582575798034668
-6.7082037925720215,5.099019527435303
-6.7082037925720215,6.164413928985596
-6.7082037925720215,6.4031243324279785
-6.7082037925720215,7.874007701873779
-6.7082037925720215,8.5440034866333
-6.7082037925720215,9.69536018371582
-6.7082037925720215,9.69536018371582
-6.7082037925720215,14.282856941223145
-6.633249759674072,inf
-6.633249759674072,inf
-6.633249759674072,inf
-6.633249759674072,inf
-6.633249759674072,-6.557438373565674
-6.633249759674072,-6.557438373565674
-6.633249759674072,-6.557438373565674
-6.633249759674072,-6.557438373565674
-6.633249759674072,-6.557438373565674
-6.633249759674072,-6.480740547180176
-6.633249759674072,-6.480740547180176
-6.633249759674072,-6.480740547180176
-6.633249759674072,-6.4031243324279785
-6.633249759674072,-6.4031243324279785
-6.633249759674072,-6.164413928985596
-6.633249759674072,-5.916079998016357
-6.633249759674072,-5.916079998016357
-6.633249759674072,-5.916079998016357
-6.633249759674072,-5.4772257804870605
-6.633249759674072,-4.582575798034668
-6.633249759674072,-2.2360680103302
-6.633249759674072,2.2360680103302
-6.633249759674072,2.4494898319244385
-6.633249759674072,2.8284270763397217
-6.633249759674072,3.316624879837036
-6.633249759674072,4.582575798034668
-6.633249759674072,7
-6.633249759674072,9.219544410705566
-6.557438373565674,inf
-6.557438373565674,inf
-6.557438373565674,inf
-6.557438373565674,-6.480740547180176
-6.557438373565674,-6.480740547180176
-6.557438373565674,-6.480740547180176
-6.557438373565674,-6.480740547180176
-6.557438373565674,-6.4031243324279785
-6.557438373565674,-6.4031243324279785
-6.557438373565674,-6.4031243324279785
-6.557438373565674,-6.324555397033691
-6.557438373565674,-6.164413928985596
-6.557438373565674,-5.916079998016357
-6.557438373565674,-5.74456262588501
-6.557438373565674,-5.74456262588501
-6.557438373565674,-5.74456262588501
-6.557438373565674,-5.656854152679443
-6.557438373565674,-5.4772257804870605
-6.557438373565674,-5.4772257804870605
-6.557438373565674,-4.358899116516113
-6.557438373565674,-2.2360680103302
-6.557438373565674,-2
-6.557438373565674,1
-6.557438373565674,2.8284270763397217
-6.557438373565674,4.242640495300293
-6.557438373565674,4.4721360206604
-6.557438373565674,5.74456262588501
-6.557438373565674,6.633249759674072
-6.557438373565674,7.348469257354736
-6.557438373565674,7.8102498054504395
-6.557438373565674,10.488088607788086
-6.480740547180176,inf
-6.480740547180176,inf
-6.480740547180176,inf
-6.480740547180176,inf
-6.480740547180176,inf
-6.480740547180176,inf
-6.480740547180176,inf
-6.480740547180176,inf
-6.480740547180176,-6.4031243324279785
-6.480740547180176,-6.4031243324279785
-6.480740547180176,-6.4031243324279785
-6.480740547180176,-6.4031243324279785
-6.480740547180176,-6.4031243324279785
-6.480740547180176,-6.4031243324279785
-6.480740547180176,-6.4031243324279785
-6.480740547180176,-6.164413928985596
-6.480740547180176,-6.164413928985596
-6.480740547180176,-6
-6.480740547180176,-5.916079998016357
-6.480740547180176,-5.916079998016357
-6.480740547180176,-5.830951690673828
-6.480740547180176,-5.830951690673828
-6.480740547180176,-5.830951690673828
-6.480740547180176,-5.830951690673828
-6.480740547180176,-5.4772257804870605
-6.480740547180176,-5.4772257804870605
-6.480740547180176,-1.4142135381698608
-6.480740547180176,-1
-6.480740547180176,-1
-6.480740547180176,2
-6.480740547180176,2.8284270763397217
-6.480740547180176,3.7416574954986572
-6.480740547180176,3.7416574954986572
-6.480740547180176,5.385164737701416
-6.480740547180176,7.141428470611572
-6.480740547180176,7.874007701873779
-6.4031243324279785,inf
-6.4031243324279785,inf
-6.4031243324279785,inf
-6.4031243324279785,inf
-6.4031243324279785,inf
-6.4031243324279785,inf
-6.4031243324279785,inf
-6.4031243324279785,inf
-6.4031243324279785,inf
-6.4031243324279785,inf
-6.4031243324279785,inf
-6.4031243324279785,inf
-6.4031243324279785,inf
-6.4031243324279785,inf
-6.4031243324279785,inf
-6.4031243324279785,inf
-6.4031243324279785,-6.324555397033691
-6.4031243324279785,-6.324555397033691
-6.4031243324279785,-6.324555397033691
-6.4031243324279785,-6.324555397033691
-6.4031243324279785,-6.324555397033691
-6.4031243324279785,-6.324555397033691
-6.4031243324279785,-6.324555397033691
-6.4031243324279785,-6.324555397033691
-6.4031243324279785,-6.324555397033691
-6.4031243324279785,-6.324555397033691
-6.4031243324279785,-6.324555397033691
-6.4031243324279785,-6.324555397033691
-6.4031243324279785,-6.324555397033691
-6.4031243324279785,-6.324555397033691
-6.4031243324279785,-6.324555397033691
-6.4031243324279785,-6.164413928985596
-6.4031243324279785,-6.164413928985596
-6.4031243324279785,-6.164413928985596
-6.4031243324279785,-6.164413928985596
-6.4031243324279785,-6.164413928985596
-6.4031243324279785,-6.164413928985596
-6.4031243324279785,-6.164413928985596
-6.4031243324279785,-6.164413928985596
-6.4031243324279785,-6.164413928985596
-6.4031243324279785,-6.164413928985596
-6.4031243324279785,-6.164413928985596
-6.4031243324279785,-6.164413928985596
-6.4031243324279785,-6.164413928985596
-6.4031243324279785,-6.164413928985596
-6.4031243324279785,-6.164413928985596
-6.4031243324279785,-6.164413928985596
-6.4031243324279785,-6.164413928985596
-6.4031243324279785,-6.164413928985596
-6.4031243324279785,-6.164413928985596
-6.4031243324279785,-6.164413928985596
-6.4031243324279785,-6.164413928985596
-6.4031243324279785,-6.164413928985596
-6.4031243324279785,-6.164413928985596
-6.4031243324279785,-6.164413928985596
-6.4031243324279785,-6.164413928985596
-6.4031243324279785,-6.082762718200684
-6.4031243324279785,-6.082762718200684
-6.4031243324279785,-6.082762718200684
-6.4031243324279785,-6.082762718200684
-6.4031243324279785,-6.082762718200684
-6.4031243324279785,-6
-6.4031243324279785,-6
-6.4031243324279785,-6
-6.4031243324279785,-5.916079998016357
-6.4031243324279785,-5.916079998016357
-6.4031243324279785,-5.916079998016357
-6.4031243324279785,-5.916079998016357
-6.4031243324279785,-5.916079998016357
-6.4031243324279785,-5.830951690673828
-6.4031243324279785,-5.830951690673828
-6.4031243324279785,-5.830951690673828
-6.4031243324279785,-5.830951690673828
-6.4031243324279785,-5.830951690673828
-6.4031243324279785,-5.830951690673828
-6.4031243324279785,-5.830951690673828
-6.4031243324279785,-5.830951690673828
-6.4031243324279785,-5.830951690673828
-6.4031243324279785,-5.830951690673828
-6.4031243324279785,-5.830951690673828
-6.4031243324279785,-5.830951690673828
-6.4031243324279785,-5.74456262588501
-6.4031243324279785,-5.74456262588501
-6.4031243324279785,-5.74456262588501
-6.4031243324279785,-5.74456262588501
-6.4031243324279785,-5.74456262588501
-6.4031243324279785,-5.74456262588501
-6.4031243324279785,-5.74456262588501
-6.4031243324279785,-5.74456262588501
-6.4031243324279785,-5.74456262588501
-6.4031243324279785,-5.74456262588501
-6.4031243324279785,-5.74456262588501
-6.4031243324279785,-5.74456262588501
-6.4031243324279785,-5.74456262588501
-6.4031243324279785,-5.74456262588501
-6.4031243324279785,-5.656854152679443
-6.4031243324279785,-5.656854152679443
-6.4031243324279785,-5.656854152679443
-6.4031243324279785,-5.656854152679443
-6.4031243324279785,-5.656854152679443
-6.4031243324279785,-5.656854152679443
-6.4031243324279785,-5.656854152679443
-6.4031243324279785,-5.656854152679443
-6.4031243324279785,-5.656854152679443
-6.4031243324279785,-5.656854152679443
-6.4031243324279785,-5.656854152679443
-6.4031243324279785,-5.656854152679443
-6.4031243324279785,-5.656854152679443
-6.4031243324279785,-5.656854152679443
-6.4031243324279785,-5.4772257804870605
-6.4031243324279785,-5.4772257804870605
-6.4031243324279785,-5.4772257804870605
-6.4031243324279785,-5.4772257804870605
-6.4031243324279785,-5.4772257804870605
-6.4031243324279785,-5.4772257804870605
-6.4031243324279785,-5.4772257804870605
-6.4031243324279785,-5.4772257804870605
-6.4031243324279785,-5.4772257804870605
-6.4031243324279785,-5.4772257804870605
-6.4031243324279785,-5.4772257804870605
-6.4031243324279785,-5.4772257804870605
-6.4031243324279785,-5.4772257804870605
-6.4031243324279785,-5.4772257804870605
-6.4031243324279785,-5.4772257804870605
-6.4031243324279785,-5.4772257804870605
-6.4031243324279785,-5.4772257804870605
-6.4031243324279785,-5.4772257804870605
-6.4031243324279785,-5.4772257804870605
-6.4031243324279785,-5.4772257804870605
-6.4031243324279785,-5.4772257804870605
-6.4031243324279785,-5.4772257804870605
-6.4031243324279785,-5.099019527435303
-6.4031243324279785,-5.099019527435303
-6.4031243324279785,-5.099019527435303
-6.4031243324279785,-5
-6.4031243324279785,-5
-6.4031243324279785,-5
-6.4031243324279785,-4.898979663848877
-6.4031243324279785,-4.898979663848877
-6.4031243324279785,-4.690415859222412
-6.4031243324279785,-4.582575798034668
-6.4031243324279785,-4.4721360206604
-6.4031243324279785,-4.4721360206604
-6.4031243324279785,-4.358899116516113
-6.4031243324279785,-4.242640495300293
-6.4031243324279785,-4.242640495300293
-6.4031243324279785,-4.242640495300293
-6.4031243324279785,-4.123105525970459
-6.4031243324279785,-4.123105525970459
-6.4031243324279785,-4.123105525970459
-6.4031243324279785,-4.123105525970459
-6.4031243324279785,-4.123105525970459
-6.4031243324279785,-4
-6.4031243324279785,-3.7416574954986572
-6.4031243324279785,-3.7416574954986572
-6.4031243324279785,-3.7416574954986572
-6.4031243324279785,-3.605551242828369
-6.4031243324279785,-3.605551242828369
-6.4031243324279785,-3.605551242828369
-6.4031243324279785,-3.605551242828369
-6.4031243324279785,-3.605551242828369
-6.4031243324279785,-3.605551242828369
-6.4031243324279785,-3.464101552963257
-6.4031243324279785,-3.464101552963257
-6.4031243324279785,-3.316624879837036
-6.4031243324279785,-3.316624879837036
-6.4031243324279785,-3.316624879837036
-6.4031243324279785,-3.316624879837036
-6.4031243324279785,-3.316624879837036
-6.4031243324279785,-3.1622776985168457
-6.4031243324279785,-3.1622776985168457
-6.4031243324279785,-3.1622776985168457
-6.4031243324279785,-3
-6.4031243324279785,-3
-6.4031243324279785,-3
-6.4031243324279785,-3
-6.4031243324279785,-3
-6.4031243324279785,-3
-6.4031243324279785,-3
-6.4031243324279785,-3
-6.4031243324279785,-3
-6.4031243324279785,-3
-6.4031243324279785,-3
-6.4031243324279785,-3
-6.4031243324279785,-2.8284270763397217
-6.4031243324279785,-2.8284270763397217
-6.4031243324279785,-2.8284270763397217
-6.4031243324279785,-2.8284270763397217
-6.4031243324279785,-2.8284270763397217
-6.4031243324279785,-2.8284270763397217
-6.4031243324279785,-2.8284270763397217
-6.4031243324279785,-2.8284270763397217
-6.4031243324279785,-2.8284270763397217
-6.4031243324279785,-2.4494898319244385
-6.4031243324279785,-2.4494898319244385
-6.4031243324279785,-2.4494898319244385
-6.4031243324279785,-2.4494898319244385
-6.4031243324279785,-2.4494898319244385
-6.4031243324279785,-2.4494898319244385
-6.4031243324279785,-2.2360680103302
-6.4031243324279785,-2.2360680103302
-6.4031243324279785,-2.2360680103302
-6.4031243324279785,-2.2360680103302
-6.4031243324279785,-2.2360680103302
-6.4031243324279785,-2.2360680103302
-6.4031243324279785,-2.2360680103302
-6.4031243324279785,-2.2360680103302
-6.4031243324279785,-2.2360680103302
-6.4031243324279785,-2.2360680103302
-6.4031243324279785,-2.2360680103302
-6.4031243324279785,-2
-6.4031243324279785,-2
-6.4031243324279785,-2
-6.4031243324279785,-2
-6.4031243324279785,-2
-6.4031243324279785,-2
-6.4031243324279785,-2
-6.4031243324279785,-1.7320507764816284
-6.4031243324279785,-1.7320507764816284
-6.4031243324279785,-1.7320507764816284
-6.4031243324279785,-1.4142135381698608
-6.4031243324279785,-1.4142135381698608
-6.4031243324279785,-1.4142135381698608
-6.4031243324279785,-1.4142135381698608
-6.4031243324279785,-1.4142135381698608
-6.4031243324279785,-1.4142135381698608
-6.4031243324279785,-1.4142135381698608
-6.4031243324279785,-1.4142135381698608
-6.4031243324279785,-1.4142135381698608
-6.4031243324279785,-1.4142135381698608
-6.4031243324279785,-1.4142135381698608
-6.4031243324279785,-1.4142135381698608
-6.4031243324279785,-1.4142135381698608
-6.4031243324279785,-1.4142135381698608
-6.4031243324279785,-1.4142135381698608
-6.4031243324279785,-1
-6.4031243324279785,-1
-6.4031243324279785,-1
-6.4031243324279785,-1
-6.4031243324279785,-1
-6.4031243324279785,-1
-6.4031243324279785,-1
-6.4031243324279785,-1
-6.4031243324279785,-1
-6.4031243324279785,-1
-6.4031243324279785,-1
-6.4031243324279785,-1
-6.4031243324279785,-1
-6.4031243324279785,-1
-6.4031243324279785,-1
-6.4031243324279785,-1
-6.4031243324279785,-1
-6.4031243324279785,-1
-6.4031243324279785,-1
-6.4031243324279785,-1
-6.4031243324279785,-1
-6.4031243324279785,-1
-6.4031243324279785,-1
-6.4031243324279785,-1
-6.4031243324279785,-1
-6.4031243324279785,-1
-6.4031243324279785,-1
-6.4031243324279785,-1
-6.4031243324279785,-1
-6.4031243324279785,-1
-6.4031243324279785,-1
-6.4031243324279785,-1
-6.4031243324279785,-1
-6.4031243324279785,-1
-6.4031243324279785,1
-6.4031243324279785,1
-6.4031243324279785,1
-6.4031243324279785,1
-6.4031243324279785,1
-6.4031243324279785,1
-6.4031243324279785,1
-6.4031243324279785,1
-6.4031243324279785,1
-6.4031243324279785,1
-6.4031243324279785,1
-6.4031243324279785,1
-6.4031243324279785,1
-6.4031243324279785,1
-6.4031243324279785,1
-6.4031243324279785,1
-6.4031243324279785,1
-6.4031243324279785,1
-6.4031243324279785,1.4142135381698608
-6.4031243324279785,1.4142135381698608
-6.4031243324279785,1.4142135381698608
-6.4031243324279785,1.4142135381698608
-6.4031243324279785,1.4142135381698608
-6.4031243324279785,1.4142135381698608
-6.4031243324279785,1.4142135381698608
-6.4031243324279785,1.4142135381698608
-6.4031243324279785,1.4142135381698608
-6.4031243324279785,1.4142135381698608
-6.4031243324279785,1.7320507764816284
-6.4031243324279785,2
-6.4031243324279785,2
-6.4031243324279785,2
-6.4031243324279785,2
-6.4031243324279785,2
-6.4031243324279785,2
-6.4031243324279785,2
-6.4031243324279785,2.2360680103302
-6.4031243324279785,2.2360680103302
-6.4031243324279785,2.2360680103302
-6.4031243324279785,2.2360680103302
-6.4031243324279785,2.2360680103302
-6.4031243324279785,2.2360680103302
-6.4031243324279785,2.2360680103302
-6.4031243324279785,2.2360680103302
-6.4031243324279785,2.4494898319244385
-6.4031243324279785,2.8284270763397217
-6.4031243324279785,2.8284270763397217
-6.4031243324279785,3
-6.4031243324279785,3
-6.4031243324279785,3
-6.4031243324279785,3
-6.4031243324279785,3
-6.4031243324279785,3
-6.4031243324279785,3
-6.4031243324279785,3.1622776985168457
-6.4031243324279785,3.316624879837036
-6.4031243324279785,3.316624879837036
-6.4031243324279785,3.464101552963257
-6.4031243324279785,3.464101552963257
-6.4031243324279785,3.464101552963257
-6.4031243324279785,3.605551242828369
-6.4031243324279785,3.605551242828369
-6.4031243324279785,3.605551242828369
-6.4031243324279785,3.605551242828369
-6.4031243324279785,3.605551242828369
-6.4031243324279785,3.7416574954986572
-6.4031243324279785,3.7416574954986572
-6.4031243324279785,4
-6.4031243324279785,4
-6.4031243324279785,4.123105525970459
-6.4031243324279785,4.123105525970459
-6.4031243324279785,4.123105525970459
-6.4031243324279785,4.123105525970459
-6.4031243324279785,4.123105525970459
-6.4031243324279785,4.123105525970459
-6.4031243324279785,4.242640495300293
-6.4031243324279785,4.242640495300293
-6.4031243324279785,4.242640495300293
-6.4031243324279785,4.242640495300293
-6.4031243324279785,4.358899116516113
-6.4031243324279785,4.358899116516113
-6.4031243324279785,4.358899116516113
-6.4031243324279785,4.358899116516113
-6.4031243324279785,4.4721360206604
-6.4031243324279785,4.4721360206604
-6.4031243324279785,4.4721360206604
-6.4031243324279785,4.582575798034668
-6.4031243324279785,4.582575798034668
-6.4031243324279785,4.898979663848877
-6.4031243324279785,4.898979663848877
-6.4031243324279785,4.898979663848877
-6.4031243324279785,5
-6.4031243324279785,5
-6.4031243324279785,5
-6.4031243324279785,5
-6.4031243324279785,5
-6.4031243324279785,5
-6.4031243324279785,5
-6.4031243324279785,5
-6.4031243324279785,5.099019527435303
-6.4031243324279785,5.099019527435303
-6.4031243324279785,5.099019527435303
-6.4031243324279785,5.099019527435303
-6.4031243324279785,5.196152210235596
-6.4031243324279785,5.385164737701416
-6.4031243324279785,5.385164737701416
-6.4031243324279785,5.385164737701416
-6.4031243324279785,5.385164737701416
-6.4031243324279785,5.385164737701416
-6.4031243324279785,5.4772257804870605
-6.4031243324279785,5.4772257804870605
-6.4031243324279785,5.74456262588501
-6.4031243324279785,5.74456262588501
-6.4031243324279785,5.830951690673828
-6.4031243324279785,5.916079998016357
-6.4031243324279785,5.916079998016357
-6.4031243324279785,5.916079998016357
-6.4031243324279785,5.916079998016357
-6.4031243324279785,6
-6.4031243324279785,6.082762718200684
-6.4031243324279785,6.082762718200684
-6.4031243324279785,6.164413928985596
-6.4031243324279785,6.324555397033691
-6.4031243324279785,6.4031243324279785
-6.4031243324279785,6.4031243324279785
-6.4031243324279785,6.4031243324279785
-6.4031243324279785,6.557438373565674
-6.4031243324279785,6.7082037925720215
-6.4031243324279785,6.7082037925720215
-6.4031243324279785,6.7082037925720215
-6.4031243324279785,6.7082037925720215
-6.4031243324279785,6.7082037925720215
-6.4031243324279785,6.7082037925720215
-6.4031243324279785,6.78233003616333
-6.4031243324279785,6.928203105926514
-6.4031243324279785,7
-6.4031243324279785,7
-6.4031243324279785,7.071067810058594
-6.4031243324279785,7.071067810058594
-6.4031243324279785,7.071067810058594
-6.4031243324279785,7.211102485656738
-6.4031243324279785,7.211102485656738
-6.4031243324279785,7.280109882354736
-6.4031243324279785,7.280109882354736
-6.4031243324279785,7.280109882354736
-6.4031243324279785,7.549834251403809
-6.4031243324279785,7.549834251403809
-6.4031243324279785,7.681145668029785
-6.4031243324279785,7.681145668029785
-6.4031243324279785,7.8102498054504395
-6.4031243324279785,7.874007701873779
-6.4031243324279785,7.874007701873779
-6.4031243324279785,8.062257766723633
-6.4031243324279785,8.062257766723633
-6.4031243324279785,8.062257766723633
-6.4031243324279785,8.124038696289063
-6.4031243324279785,8.124038696289063
-6.4031243324279785,8.124038696289063
-6.4031243324279785,8.366600036621094
-6.4031243324279785,8.366600036621094
-6.4031243324279785,8.5440034866333
-6.4031243324279785,8.774964332580566
-6.4031243324279785,8.774964332580566
-6.4031243324279785,8.9442720413208
-6.4031243324279785,9.110433578491211
-6.4031243324279785,9.219544410705566
-6.4031243324279785,9.273618698120117
-6.4031243324279785,9.273618698120117
-6.4031243324279785,9.433980941772461
-6.4031243324279785,9.69536018371582
-6.4031243324279785,9.899495124816895
-6.4031243324279785,10
-6.4031243324279785,10.392304420471191
-6.4031243324279785,10.630146026611328
-6.4031243324279785,10.72380542755127
-6.4031243324279785,11.224971771240234
-6.4031243324279785,11.313708305358887
-6.4031243324279785,12.688577651977539
-6.4031243324279785,13.34166431427002
-6.4031243324279785,14.73091983795166
-6.4031243324279785,15
-6.4031243324279785,15.65247631072998
-6.4031243324279785,15.68438720703125
-6.4031243324279785,17.916473388671875
-6.4031243324279785,17.916473388671875
-6.4031243324279785,21.118711471557617
-6.4031243324279785,21.21320343017578
-6.324555397033691,inf
-6.324555397033691,inf
-6.324555397033691,inf
-6.324555397033691,inf
-6.324555397033691,inf
-6.324555397033691,inf
-6.324555397033691,inf
-6.324555397033691,inf
-6.324555397033691,inf
-6.324555397033691,inf
-6.324555397033691,inf
-6.324555397033691,-6.164413928985596
-6.324555397033691,-6.164413928985596
-6.324555397033691,-6.164413928985596
-6.324555397033691,-6.164413928985596
-6.324555397033691,-6.164413928985596
-6.324555397033691,-6.164413928985596
-6.324555397033691,-6.164413928985596
-6.324555397033691,-6.164413928985596
-6.324555397033691,-6.164413928985596
-6.324555397033691,-6.164413928985596
-6.324555397033691,-6.164413928985596
-6.324555397033691,-6.164413928985596
-6.324555397033691,-6.164413928985596
-6.324555397033691,-6.164413928985596
-6.324555397033691,-6.164413928985596
-6.324555397033691,-6.164413928985596
-6.324555397033691,-6.082762718200684
-6.324555397033691,-6.082762718200684
-6.324555397033691,-6
-6.324555397033691,-6
-6.324555397033691,-6
-6.324555397033691,-6
-6.324555397033691,-6
-6.324555397033691,-5.916079998016357
-6.324555397033691,-5.916079998016357
-6.324555397033691,-5.916079998016357
-6.324555397033691,-5.916079998016357
-6.324555397033691,-5.830951690673828
-6.324555397033691,-5.830951690673828
-6.324555397033691,-5.830951690673828
-6.324555397033691,-5.74456262588501
-6.324555397033691,-5.74456262588501
-6.324555397033691,-5.74456262588501
-6.324555397033691,-5.74456262588501
-6.324555397033691,-5.74456262588501
-6.324555397033691,-5.656854152679443
-6.324555397033691,-5.656854152679443
-6.324555397033691,-5.656854152679443
-6.324555397033691,-5.656854152679443
-6.324555397033691,-5.656854152679443
-6.324555397033691,-5.656854152679443
-6.324555397033691,-5.656854152679443
-6.324555397033691,-5.656854152679443
-6.324555397033691,-5.4772257804870605
-6.324555397033691,-5.4772257804870605
-6.324555397033691,-5.4772257804870605
-6.324555397033691,-5.4772257804870605
-6.324555397033691,-5.4772257804870605
-6.324555397033691,-5.4772257804870605
-6.324555397033691,-5.4772257804870605
-6.324555397033691,-5.4772257804870605
-6.324555397033691,-5.4772257804870605
-6.324555397033691,-5.385164737701416
-6.324555397033691,-5.385164737701416
-6.324555397033691,-5.196152210235596
-6.324555397033691,-5.099019527435303
-6.324555397033691,-5.099019527435303
-6.324555397033691,-5.099019527435303
-6.324555397033691,-5
-6.324555397033691,-5
-6.324555397033691,-4.898979663848877
-6.324555397033691,-4.690415859222412
-6.324555397033691,-4.242640495300293
-6.324555397033691,-4.242640495300293
-6.324555397033691,-4.242640495300293
-6.324555397033691,-4.123105525970459
-6.324555397033691,-4.123105525970459
-6.324555397033691,-4.123105525970459
-6.324555397033691,-4.123105525970459
-6.324555397033691,-4.123105525970459
-6.324555397033691,-4.123105525970459
-6.324555397033691,-4
-6.324555397033691,-3.7416574954986572
-6.324555397033691,-3.7416574954986572
-6.324555397033691,-3.7416574954986572
-6.324555397033691,-3.605551242828369
-6.324555397033691,-3.605551242828369
-6.324555397033691,-3.316624879837036
-6.324555397033691,-3.316624879837036
-6.324555397033691,-3.1622776985168457
-6.324555397033691,-3
-6.324555397033691,-3
-6.324555397033691,-3
-6.324555397033691,-3
-6.324555397033691,-3
-6.324555397033691,-3
-6.324555397033691,-2.8284270763397217
-6.324555397033691,-2.8284270763397217
-6.324555397033691,-2.4494898319244385
-6.324555397033691,-2.4494898319244385
-6.324555397033691,-2.2360680103302
-6.324555397033691,-2.2360680103302
-6.324555397033691,-2
-6.324555397033691,-2
-6.324555397033691,-2
-6.324555397033691,-2
-6.324555397033691,-2
-6.324555397033691,-1.7320507764816284
-6.324555397033691,-1.7320507764816284
-6.324555397033691,-1.7320507764816284
-6.324555397033691,-1.7320507764816284
-6.324555397033691,-1.4142135381698608
-6.324555397033691,-1.4142135381698608
-6.324555397033691,-1.4142135381698608
-6.324555397033691,-1.4142135381698608
-6.324555397033691,-1
-6.324555397033691,-1
-6.324555397033691,-1
-6.324555397033691,-1
-6.324555397033691,-1
-6.324555397033691,-1
-6.324555397033691,-1
-6.324555397033691,-1
-6.324555397033691,-1
-6.324555397033691,-1
-6.324555397033691,-1
-6.324555397033691,-1
-6.324555397033691,-1
-6.324555397033691,-1
-6.324555397033691,1
-6.324555397033691,1
-6.324555397033691,1
-6.324555397033691,1
-6.324555397033691,1
-6.324555397033691,1
-6.324555397033691,1.4142135381698608
-6.324555397033691,2
-6.324555397033691,2
-6.324555397033691,2
-6.324555397033691,2.2360680103302
-6.324555397033691,2.2360680103302
-6.324555397033691,2.4494898319244385
-6.324555397033691,2.8284270763397217
-6.324555397033691,3
-6.324555397033691,3
-6.324555397033691,3
-6.324555397033691,3.1622776985168457
-6.324555397033691,3.316624879837036
-6.324555397033691,3.7416574954986572
-6.324555397033691,3.7416574954986572
-6.324555397033691,4
-6.324555397033691,4.123105525970459
-6.324555397033691,4.123105525970459
-6.324555397033691,4.242640495300293
-6.324555397033691,4.4721360206604
-6.324555397033691,4.582575798034668
-6.324555397033691,5.099019527435303
-6.324555397033691,5.099019527435303
-6.324555397033691,5.099019527435303
-6.324555397033691,5.196152210235596
-6.324555397033691,5.385164737701416
-6.324555397033691,5.385164737701416
-6.324555397033691,5.74456262588501
-6.324555397033691,5.74456262588501
-6.324555397033691,5.916079998016357
-6.324555397033691,5.916079998016357
-6.324555397033691,6.082762718200684
-6.324555397033691,6.324555397033691
-6.324555397033691,6.4031243324279785
-6.324555397033691,6.480740547180176
-6.324555397033691,7.071067810058594
-6.324555397033691,7.071067810058594
-6.324555397033691,7.141428470611572
-6.324555397033691,7.280109882354736
-6.324555397033691,7.549834251403809
-6.324555397033691,7.681145668029785
-6.324555397033691,7.681145668029785
-6.324555397033691,7.8102498054504395
-6.324555397033691,7.874007701873779
-6.324555397033691,7.874007701873779
-6.324555397033691,8.306623458862305
-6.324555397033691,8.485280990600586
-6.324555397033691,8.485280990600586
-6.324555397033691,8.5440034866333
-6.324555397033691,8.602325439453125
-6.324555397033691,8.774964332580566
-6.324555397033691,8.774964332580566
-6.324555397033691,9.486832618713379
-6.324555397033691,9.643651008605957
-6.324555397033691,10.816654205322266
-6.324555397033691,11.045360565185547
-6.324555397033691,12.369317054748535
-6.324555397033691,13.638181686401367
-6.324555397033691,13.747727394104004
-6.324555397033691,14.491376876831055
-6.324555397033691,14.59451961517334
-6.324555397033691,15.779733657836914
-6.324555397033691,16.792856216430664
-6.324555397033691,17.20465087890625
-6.164413928985596,inf
-6.164413928985596,inf
-6.164413928985596,inf
-6.164413928985596,inf
-6.164413928985596,inf
-6.164413928985596,inf
-6.164413928985596,inf
-6.164413928985596,inf
-6.164413928985596,inf
-6.164413928985596,inf
-6.164413928985596,inf
-6.164413928985596,inf
-6.164413928985596,inf
-6.164413928985596,inf
-6.164413928985596,inf
-6.164413928985596,inf
-6.164413928985596,inf
-6.164413928985596,inf
-6.164413928985596,inf
-6.164413928985596,inf
-6.164413928985596,-6.082762718200684
-6.164413928985596,-6.082762718200684
-6.164413928985596,-6.082762718200684
-6.164413928985596,-6.082762718200684
-6.164413928985596,-6.082762718200684
-6.164413928985596,-6.082762718200684
-6.164413928985596,-6.082762718200684
-6.164413928985596,-6.082762718200684
-6.164413928985596,-6.082762718200684
-6.164413928985596,-6.082762718200684
-6.164413928985596,-6.082762718200684
-6.164413928985596,-6.082762718200684
-6.164413928985596,-6.082762718200684
-6.164413928985596,-6.082762718200684
-6.164413928985596,-6.082762718200684
-6.164413928985596,-6.082762718200684
-6.164413928985596,-6.082762718200684
-6.164413928985596,-6.082762718200684
-6.164413928985596,-6.082762718200684
-6.164413928985596,-6.082762718200684
-6.164413928985596,-6.082762718200684
-6.164413928985596,-6.082762718200684
-6.164413928985596,-6.082762718200684
-6.164413928985596,-6.082762718200684
-6.164413928985596,-6.082762718200684
-6.164413928985596,-6
-6.164413928985596,-6
-6.164413928985596,-6
-6.164413928985596,-6
-6.164413928985596,-6
-6.164413928985596,-6
-6.164413928985596,-6
-6.164413928985596,-6
-6.164413928985596,-6
-6.164413928985596,-6
-6.164413928985596,-6
-6.164413928985596,-6
-6.164413928985596,-6
-6.164413928985596,-6
-6.164413928985596,-6
-6.164413928985596,-6
-6.164413928985596,-6
-6.164413928985596,-6
-6.164413928985596,-5.916079998016357
-6.164413928985596,-5.916079998016357
-6.164413928985596,-5.916079998016357
-6.164413928985596,-5.916079998016357
-6.164413928985596,-5.916079998016357
-6.164413928985596,-5.916079998016357
-6.164413928985596,-5.916079998016357
-6.164413928985596,-5.916079998016357
-6.164413928985596,-5.916079998016357
-6.164413928985596,-5.916079998016357
-6.164413928985596,-5.916079998016357
-6.164413928985596,-5.916079998016357
-6.164413928985596,-5.916079998016357
-6.164413928985596,-5.916079998016357
-6.164413928985596,-5.916079998016357
-6.164413928985596,-5.916079998016357
-6.164413928985596,-5.916079998016357
-6.164413928985596,-5.916079998016357
-6.164413928985596,-5.916079998016357
-6.164413928985596,-5.916079998016357
-6.164413928985596,-5.916079998016357
-6.164413928985596,-5.916079998016357
-6.164413928985596,-5.916079998016357
-6.164413928985596,-5.916079998016357
-6.164413928985596,-5.830951690673828
-6.164413928985596,-5.830951690673828
-6.164413928985596,-5.830951690673828
-6.164413928985596,-5.830951690673828
-6.164413928985596,-5.830951690673828
-6.164413928985596,-5.830951690673828
-6.164413928985596,-5.830951690673828
-6.164413928985596,-5.830951690673828
-6.164413928985596,-5.830951690673828
-6.164413928985596,-5.830951690673828
-6.164413928985596,-5.830951690673828
-6.164413928985596,-5.830951690673828
-6.164413928985596,-5.830951690673828
-6.164413928985596,-5.830951690673828
-6.164413928985596,-5.830951690673828
-6.164413928985596,-5.830951690673828
-6.164413928985596,-5.74456262588501
-6.164413928985596,-5.74456262588501
-6.164413928985596,-5.74456262588501
-6.164413928985596,-5.74456262588501
-6.164413928985596,-5.74456262588501
-6.164413928985596,-5.74456262588501
-6.164413928985596,-5.74456262588501
-6.164413928985596,-5.74456262588501
-6.164413928985596,-5.74456262588501
-6.164413928985596,-5.74456262588501
-6.164413928985596,-5.74456262588501
-6.164413928985596,-5.74456262588501
-6.164413928985596,-5.74456262588501
-6.164413928985596,-5.74456262588501
-6.164413928985596,-5.74456262588501
-6.164413928985596,-5.74456262588501
-6.164413928985596,-5.74456262588501
-6.164413928985596,-5.74456262588501
-6.164413928985596,-5.74456262588501
-6.164413928985596,-5.656854152679443
-6.164413928985596,-5.656854152679443
-6.164413928985596,-5.656854152679443
-6.164413928985596,-5.656854152679443
-6.164413928985596,-5.656854152679443
-6.164413928985596,-5.656854152679443
-6.164413928985596,-5.656854152679443
-6.164413928985596,-5.656854152679443
-6.164413928985596,-5.656854152679443
-6.164413928985596,-5.656854152679443
-6.164413928985596,-5.656854152679443
-6.164413928985596,-5.656854152679443
-6.164413928985596,-5.656854152679443
-6.164413928985596,-5.656854152679443
-6.164413928985596,-5.656854152679443
-6.164413928985596,-5.656854152679443
-6.164413928985596,-5.656854152679443
-6.164413928985596,-5.656854152679443
-6.164413928985596,-5.656854152679443
-6.164413928985596,-5.656854152679443
-6.164413928985596,-5.656854152679443
-6.164413928985596,-5.656854152679443
-6.164413928985596,-5.656854152679443
-6.164413928985596,-5.656854152679443
-6.164413928985596,-5.656854152679443
-6.164413928985596,-5.656854152679443
-6.164413928985596,-5.656854152679443
-6.164413928985596,-5.656854152679443
-6.164413928985596,-5.4772257804870605
-6.164413928985596,-5.4772257804870605
-6.164413928985596,-5.4772257804870605
-6.164413928985596,-5.4772257804870605
-6.164413928985596,-5.4772257804870605
-6.164413928985596,-5.4772257804870605
-6.164413928985596,-5.4772257804870605
-6.164413928985596,-5.4772257804870605
-6.164413928985596,-5.4772257804870605
-6.164413928985596,-5.4772257804870605
-6.164413928985596,-5.4772257804870605
-6.164413928985596,-5.4772257804870605
-6.164413928985596,-5.4772257804870605
-6.164413928985596,-5.4772257804870605
-6.164413928985596,-5.4772257804870605
-6.164413928985596,-5.4772257804870605
-6.164413928985596,-5.4772257804870605
-6.164413928985596,-5.4772257804870605
-6.164413928985596,-5.4772257804870605
-6.164413928985596,-5.4772257804870605
-6.164413928985596,-5.4772257804870605
-6.164413928985596,-5.4772257804870605
-6.164413928985596,-5.4772257804870605
-6.164413928985596,-5.4772257804870605
-6.164413928985596,-5.4772257804870605
-6.164413928985596,-5.4772257804870605
-6.164413928985596,-5.4772257804870605
-6.164413928985596,-5.4772257804870605
-6.164413928985596,-5.4772257804870605
-6.164413928985596,-5.4772257804870605
-6.164413928985596,-5.4772257804870605
-6.164413928985596,-5.4772257804870605
-6.164413928985596,-5.4772257804870605
-6.164413928985596,-5.4772257804870605
-6.164413928985596,-5.4772257804870605
-6.164413928985596,-5.4772257804870605
-6.164413928985596,-5.4772257804870605
-6.164413928985596,-5.4772257804870605
-6.164413928985596,-5.4772257804870605
-6.164413928985596,-5.4772257804870605
-6.164413928985596,-5.4772257804870605
-6.164413928985596,-5.4772257804870605
-6.164413928985596,-5.4772257804870605
-6.164413928985596,-5.4772257804870605
-6.164413928985596,-5.4772257804870605
-6.164413928985596,-5.4772257804870605
-6.164413928985596,-5.385164737701416
-6.164413928985596,-5.385164737701416
-6.164413928985596,-5.385164737701416
-6.164413928985596,-5.385164737701416
-6.164413928985596,-5.385164737701416
-6.164413928985596,-5.196152210235596
-6.164413928985596,-5.099019527435303
-6.164413928985596,-5.099019527435303
-6.164413928985596,-5
-6.164413928985596,-5
-6.164413928985596,-5
-6.164413928985596,-5
-6.164413928985596,-4.898979663848877
-6.164413928985596,-4.898979663848877
-6.164413928985596,-4.898979663848877
-6.164413928985596,-4.690415859222412
-6.164413928985596,-4.582575798034668
-6.164413928985596,-4.582575798034668
-6.164413928985596,-4.582575798034668
-6.164413928985596,-4.4721360206604
-6.164413928985596,-4.4721360206604
-6.164413928985596,-4.4721360206604
-6.164413928985596,-4.4721360206604
-6.164413928985596,-4.4721360206604
-6.164413928985596,-4.358899116516113
-6.164413928985596,-4.358899116516113
-6.164413928985596,-4.242640495300293
-6.164413928985596,-4.123105525970459
-6.164413928985596,-4.123105525970459
-6.164413928985596,-4.123105525970459
-6.164413928985596,-4.123105525970459
-6.164413928985596,-4.123105525970459
-6.164413928985596,-4.123105525970459
-6.164413928985596,-4.123105525970459
-6.164413928985596,-4.123105525970459
-6.164413928985596,-4.123105525970459
-6.164413928985596,-4.123105525970459
-6.164413928985596,-4.123105525970459
-6.164413928985596,-4.123105525970459
-6.164413928985596,-4.123105525970459
-6.164413928985596,-4.123105525970459
-6.164413928985596,-4.123105525970459
-6.164413928985596,-4.123105525970459
-6.164413928985596,-4.123105525970459
-6.164413928985596,-4
-6.164413928985596,-4
-6.164413928985596,-4
-6.164413928985596,-4
-6.164413928985596,-3.7416574954986572
-6.164413928985596,-3.7416574954986572
-6.164413928985596,-3.7416574954986572
-6.164413928985596,-3.605551242828369
-6.164413928985596,-3.605551242828369
-6.164413928985596,-3.605551242828369
-6.164413928985596,-3.605551242828369
-6.164413928985596,-3.605551242828369
-6.164413928985596,-3.605551242828369
-6.164413928985596,-3.605551242828369
-6.164413928985596,-3.605551242828369
-6.164413928985596,-3.605551242828369
-6.164413928985596,-3.605551242828369
-6.164413928985596,-3.605551242828369
-6.164413928985596,-3.605551242828369
-6.164413928985596,-3.605551242828369
-6.164413928985596,-3.464101552963257
-6.164413928985596,-3.464101552963257
-6.164413928985596,-3.464101552963257
-6.164413928985596,-3.316624879837036
-6.164413928985596,-3.316624879837036
-6.164413928985596,-3.316624879837036
-6.164413928985596,-3.316624879837036
-6.164413928985596,-3.316624879837036
-6.164413928985596,-3.316624879837036
-6.164413928985596,-3.1622776985168457
-6.164413928985596,-3.1622776985168457
-6.164413928985596,-3.1622776985168457
-6.164413928985596,-3.1622776985168457
-6.164413928985596,-3.1622776985168457
-6.164413928985596,-3
-6.164413928985596,-3
-6.164413928985596,-3
-6.164413928985596,-3
-6.164413928985596,-3
-6.164413928985596,-3
-6.164413928985596,-3
-6.164413928985596,-3
-6.164413928985596,-3
-6.164413928985596,-3
-6.164413928985596,-3
-6.164413928985596,-3
-6.164413928985596,-3
-6.164413928985596,-3
-6.164413928985596,-3
-6.164413928985596,-3
-6.164413928985596,-3
-6.164413928985596,-3
-6.164413928985596,-2.8284270763397217
-6.164413928985596,-2.8284270763397217
-6.164413928985596,-2.8284270763397217
-6.164413928985596,-2.8284270763397217
-6.164413928985596,-2.8284270763397217
-6.164413928985596,-2.8284270763397217
-6.164413928985596,-2.8284270763397217
-6.164413928985596,-2.8284270763397217
-6.164413928985596,-2.8284270763397217
-6.164413928985596,-2.8284270763397217
-6.164413928985596,-2.4494898319244385
-6.164413928985596,-2.4494898319244385
-6.164413928985596,-2.4494898319244385
-6.164413928985596,-2.4494898319244385
-6.164413928985596,-2.4494898319244385
-6.164413928985596,-2.2360680103302
-6.164413928985596,-2.2360680103302
-6.164413928985596,-2.2360680103302
-6.164413928985596,-2.2360680103302
-6.164413928985596,-2.2360680103302
-6.164413928985596,-2.2360680103302
-6.164413928985596,-2.2360680103302
-6.164413928985596,-2.2360680103302
-6.164413928985596,-2.2360680103302
-6.164413928985596,-2.2360680103302
-6.164413928985596,-2.2360680103302
-6.164413928985596,-2
-6.164413928985596,-2
-6.164413928985596,-2
-6.164413928985596,-2
-6.164413928985596,-2
-6.164413928985596,-2
-6.164413928985596,-2
-6.164413928985596,-2
-6.164413928985596,-2
-6.164413928985596,-2
-6.164413928985596,-2
-6.164413928985596,-1.7320507764816284
-6.164413928985596,-1.7320507764816284
-6.164413928985596,-1.7320507764816284
-6.164413928985596,-1.7320507764816284
-6.164413928985596,-1.7320507764816284
-6.164413928985596,-1.7320507764816284
-6.164413928985596,-1.7320507764816284
-6.164413928985596,-1.7320507764816284
-6.164413928985596,-1.7320507764816284
-6.164413928985596,-1.7320507764816284
-6.164413928985596,-1.4142135381698608
-6.164413928985596,-1.4142135381698608
-6.164413928985596,-1.4142135381698608
-6.164413928985596,-1.4142135381698608
-6.164413928985596,-1.4142135381698608
-6.164413928985596,-1.4142135381698608
-6.164413928985596,-1.4142135381698608
-6.164413928985596,-1.4142135381698608
-6.164413928985596,-1.4142135381698608
-6.164413928985596,-1.4142135381698608
-6.164413928985596,-1.4142135381698608
-6.164413928985596,-1.4142135381698608
-6.164413928985596,-1.4142135381698608
-6.164413928985596,-1.4142135381698608
-6.164413928985596,-1.4142135381698608
-6.164413928985596,-1.4142135381698608
-6.164413928985596,-1.4142135381698608
-6.164413928985596,-1.4142135381698608
-6.164413928985596,-1.4142135381698608
-6.164413928985596,-1.4142135381698608
-6.164413928985596,-1.4142135381698608
-6.164413928985596,-1
-6.164413928985596,-1
-6.164413928985596,-1
-6.164413928985596,-1
-6.164413928985596,-1
-6.164413928985596,-1
-6.164413928985596,-1
-6.164413928985596,-1
-6.164413928985596,-1
-6.164413928985596,-1
-6.164413928985596,-1
-6.164413928985596,-1
-6.164413928985596,-1
-6.164413928985596,-1
-6.164413928985596,-1
-6.164413928985596,-1
-6.164413928985596,-1
-6.164413928985596,-1
-6.164413928985596,-1
-6.164413928985596,-1
-6.164413928985596,-1
-6.164413928985596,-1
-6.164413928985596,-1
-6.164413928985596,-1
-6.164413928985596,-1
-6.164413928985596,-1
-6.164413928985596,-1
-6.164413928985596,-1
-6.164413928985596,1
-6.164413928985596,1
-6.164413928985596,1
-6.164413928985596,1
-6.164413928985596,1
-6.164413928985596,1
-6.164413928985596,1
-6.164413928985596,1
-6.164413928985596,1
-6.164413928985596,1
-6.164413928985596,1
-6.164413928985596,1
-6.164413928985596,1
-6.164413928985596,1
-6.164413928985596,1
-6.164413928985596,1
-6.164413928985596,1
-6.164413928985596,1
-6.164413928985596,1
-6.164413928985596,1
-6.164413928985596,1
-6.164413928985596,1
-6.164413928985596,1
-6.164413928985596,1.4142135381698608
-6.164413928985596,1.4142135381698608
-6.164413928985596,1.4142135381698608
-6.164413928985596,1.4142135381698608
-6.164413928985596,1.4142135381698608
-6.164413928985596,1.4142135381698608
-6.164413928985596,1.4142135381698608
-6.164413928985596,1.4142135381698608
-6.164413928985596,1.4142135381698608
-6.164413928985596,1.7320507764816284
-6.164413928985596,1.7320507764816284
-6.164413928985596,1.7320507764816284
-6.164413928985596,1.7320507764816284
-6.164413928985596,2
-6.164413928985596,2
-6.164413928985596,2
-6.164413928985596,2
-6.164413928985596,2
-6.164413928985596,2
-6.164413928985596,2
-6.164413928985596,2
-6.164413928985596,2.2360680103302
-6.164413928985596,2.2360680103302
-6.164413928985596,2.2360680103302
-6.164413928985596,2.2360680103302
-6.164413928985596,2.2360680103302
-6.164413928985596,2.2360680103302
-6.164413928985596,2.2360680103302
-6.164413928985596,2.4494898319244385
-6.164413928985596,2.4494898319244385
-6.164413928985596,2.4494898319244385
-6.164413928985596,2.8284270763397217
-6.164413928985596,2.8284270763397217
-6.164413928985596,3
-6.164413928985596,3
-6.164413928985596,3
-6.164413928985596,3
-6.164413928985596,3
-6.164413928985596,3
-6.164413928985596,3.1622776985168457
-6.164413928985596,3.1622776985168457
-6.164413928985596,3.1622776985168457
-6.164413928985596,3.1622776985168457
-6.164413928985596,3.1622776985168457
-6.164413928985596,3.1622776985168457
-6.164413928985596,3.1622776985168457
-6.164413928985596,3.1622776985168457
-6.164413928985596,3.1622776985168457
-6.164413928985596,3.1622776985168457
-6.164413928985596,3.316624879837036
-6.164413928985596,3.316624879837036
-6.164413928985596,3.316624879837036
-6.164413928985596,3.316624879837036
-6.164413928985596,3.464101552963257
-6.164413928985596,3.605551242828369
-6.164413928985596,3.605551242828369
-6.164413928985596,3.605551242828369
-6.164413928985596,3.605551242828369
-6.164413928985596,3.605551242828369
-6.164413928985596,3.7416574954986572
-6.164413928985596,3.7416574954986572
-6.164413928985596,3.7416574954986572
-6.164413928985596,3.7416574954986572
-6.164413928985596,3.7416574954986572
-6.164413928985596,3.7416574954986572
-6.164413928985596,4
-6.164413928985596,4
-6.164413928985596,4
-6.164413928985596,4
-6.164413928985596,4
-6.164413928985596,4.123105525970459
-6.164413928985596,4.123105525970459
-6.164413928985596,4.123105525970459
-6.164413928985596,4.123105525970459
-6.164413928985596,4.123105525970459
-6.164413928985596,4.242640495300293
-6.164413928985596,4.242640495300293
-6.164413928985596,4.242640495300293
-6.164413928985596,4.242640495300293
-6.164413928985596,4.242640495300293
-6.164413928985596,4.242640495300293
-6.164413928985596,4.242640495300293
-6.164413928985596,4.242640495300293
-6.164413928985596,4.358899116516113
-6.164413928985596,4.358899116516113
-6.164413928985596,4.358899116516113
-6.164413928985596,4.358899116516113
-6.164413928985596,4.358899116516113
-6.164413928985596,4.4721360206604
-6.164413928985596,4.4721360206604
-6.164413928985596,4.4721360206604
-6.164413928985596,4.4721360206604
-6.164413928985596,4.582575798034668
-6.164413928985596,4.582575798034668
-6.164413928985596,4.582575798034668
-6.164413928985596,4.582575798034668
-6.164413928985596,4.690415859222412
-6.164413928985596,4.690415859222412
-6.164413928985596,4.898979663848877
-6.164413928985596,4.898979663848877
-6.164413928985596,5
-6.164413928985596,5
-6.164413928985596,5
-6.164413928985596,5
-6.164413928985596,5
-6.164413928985596,5.099019527435303
-6.164413928985596,5.099019527435303
-6.164413928985596,5.099019527435303
-6.164413928985596,5.099019527435303
-6.164413928985596,5.099019527435303
-6.164413928985596,5.099019527435303
-6.164413928985596,5.099019527435303
-6.164413928985596,5.099019527435303
-6.164413928985596,5.196152210235596
-6.164413928985596,5.196152210235596
-6.164413928985596,5.385164737701416
-6.164413928985596,5.385164737701416
-6.164413928985596,5.385164737701416
-6.164413928985596,5.385164737701416
-6.164413928985596,5.385164737701416
-6.164413928985596,5.4772257804870605
-6.164413928985596,5.4772257804870605
-6.164413928985596,5.4772257804870605
-6.164413928985596,5.4772257804870605
-6.164413928985596,5.4772257804870605
-6.164413928985596,5.4772257804870605
-6.164413928985596,5.656854152679443
-6.164413928985596,5.656854152679443
-6.164413928985596,5.656854152679443
-6.164413928985596,5.74456262588501
-6.164413928985596,5.74456262588501
-6.164413928985596,5.74456262588501
-6.164413928985596,5.830951690673828
-6.164413928985596,5.830951690673828
-6.164413928985596,5.830951690673828
-6.164413928985596,5.830951690673828
-6.164413928985596,5.830951690673828
-6.164413928985596,5.830951690673828
-6.164413928985596,5.916079998016357
-6.164413928985596,5.916079998016357
-6.164413928985596,5.916079998016357
-6.164413928985596,6
-6.164413928985596,6
-6.164413928985596,6.082762718200684
-6.164413928985596,6.082762718200684
-6.164413928985596,6.164413928985596
-6.164413928985596,6.164413928985596
-6.164413928985596,6.164413928985596
-6.164413928985596,6.164413928985596
-6.164413928985596,6.4031243324279785
-6.164413928985596,6.4031243324279785
-6.164413928985596,6.4031243324279785
-6.164413928985596,6.4031243324279785
-6.164413928985596,6.4031243324279785
-6.164413928985596,6.4031243324279785
-6.164413928985596,6.4031243324279785
-6.164413928985596,6.4031243324279785
-6.164413928985596,6.4031243324279785
-6.164413928985596,6.4031243324279785
-6.164413928985596,6.480740547180176
-6.164413928985596,6.480740547180176
-6.164413928985596,6.480740547180176
-6.164413928985596,6.557438373565674
-6.164413928985596,6.633249759674072
-6.164413928985596,6.7082037925720215
-6.164413928985596,6.7082037925720215
-6.164413928985596,6.7082037925720215
-6.164413928985596,6.7082037925720215
-6.164413928985596,6.78233003616333
-6.164413928985596,6.78233003616333
-6.164413928985596,6.928203105926514
-6.164413928985596,7
-6.164413928985596,7
-6.164413928985596,7.071067810058594
-6.164413928985596,7.280109882354736
-6.164413928985596,7.280109882354736
-6.164413928985596,7.348469257354736
-6.164413928985596,7.549834251403809
-6.164413928985596,7.549834251403809
-6.164413928985596,7.6157732009887695
-6.164413928985596,7.681145668029785
-6.164413928985596,7.681145668029785
-6.164413928985596,7.681145668029785
-6.164413928985596,7.8102498054504395
-6.164413928985596,7.8102498054504395
-6.164413928985596,7.8102498054504395
-6.164413928985596,7.8102498054504395
-6.164413928985596,7.874007701873779
-6.164413928985596,7.874007701873779
-6.164413928985596,7.874007701873779
-6.164413928985596,7.874007701873779
-6.164413928985596,7.874007701873779
-6.164413928985596,8
-6.164413928985596,8
-6.164413928985596,8.062257766723633
-6.164413928985596,8.062257766723633
-6.164413928985596,8.124038696289063
-6.164413928985596,8.124038696289063
-6.164413928985596,8.124038696289063
-6.164413928985596,8.124038696289063
-6.164413928985596,8.185352325439453
-6.164413928985596,8.246211051940918
-6.164413928985596,8.246211051940918
-6.164413928985596,8.246211051940918
-6.164413928985596,8.306623458862305
-6.164413928985596,8.5440034866333
-6.164413928985596,8.602325439453125
-6.164413928985596,8.66025447845459
-6.164413928985596,8.66025447845459
-6.164413928985596,8.774964332580566
-6.164413928985596,9
-6.164413928985596,9
-6.164413928985596,9
-6.164413928985596,9.05538558959961
-6.164413928985596,9.110433578491211
-6.164413928985596,9.433980941772461
-6.164413928985596,9.433980941772461
-6.164413928985596,9.486832618713379
-6.164413928985596,9.486832618713379
-6.164413928985596,9.486832618713379
-6.164413928985596,9.643651008605957
-6.164413928985596,9.69536018371582
-6.164413928985596,9.69536018371582
-6.164413928985596,9.797959327697754
-6.164413928985596,9.848857879638672
-6.164413928985596,9.899495124816895
-6.164413928985596,10.049875259399414
-6.164413928985596,10.049875259399414
-6.164413928985596,10.630146026611328
-6.164413928985596,11.045360565185547
-6.164413928985596,11.532562255859375
-6.164413928985596,11.789826393127441
-6.164413928985596,12.688577651977539
-6.164413928985596,12.727922439575195
-6.164413928985596,12.884099006652832
-6.164413928985596,13.747727394104004
-6.164413928985596,14.422204971313477
-6.164413928985596,15.264337539672852
-6.164413928985596,15.524174690246582
-6.164413928985596,16.34013557434082
-6.164413928985596,16.733200073242188
-6.164413928985596,16.792856216430664
-6.164413928985596,17.492855072021484
-6.164413928985596,17.492855072021484
-6.164413928985596,18.138357162475586
-6.164413928985596,18.220867156982422
-6.164413928985596,19.131126403808594
-6.082762718200684,inf
-6.082762718200684,inf
-6.082762718200684,inf
-6.082762718200684,inf
-6.082762718200684,inf
-6.082762718200684,inf
-6.082762718200684,inf
-6.082762718200684,inf
-6.082762718200684,inf
-6.082762718200684,inf
-6.082762718200684,inf
-6.082762718200684,inf
-6.082762718200684,inf
-6.082762718200684,inf
-6.082762718200684,inf
-6.082762718200684,inf
-6.082762718200684,inf
-6.082762718200684,inf
-6.082762718200684,inf
-6.082762718200684,-6
-6.082762718200684,-6
-6.082762718200684,-6
-6.082762718200684,-6
-6.082762718200684,-6
-6.082762718200684,-6
-6.082762718200684,-6
-6.082762718200684,-6
-6.082762718200684,-6
-6.082762718200684,-6
-6.082762718200684,-6
-6.082762718200684,-6
-6.082762718200684,-6
-6.082762718200684,-6
-6.082762718200684,-6
-6.082762718200684,-6
-6.082762718200684,-6
-6.082762718200684,-6
-6.082762718200684,-6
-6.082762718200684,-6
-6.082762718200684,-6
-6.082762718200684,-6
-6.082762718200684,-6
-6.082762718200684,-6
-6.082762718200684,-6
-6.082762718200684,-6
-6.082762718200684,-6
-6.082762718200684,-6
-6.082762718200684,-6
-6.082762718200684,-6
-6.082762718200684,-6
-6.082762718200684,-6
-6.082762718200684,-6
-6.082762718200684,-6
-6.082762718200684,-6
-6.082762718200684,-6
-6.082762718200684,-6
-6.082762718200684,-6
-6.082762718200684,-6
-6.082762718200684,-6
-6.082762718200684,-6
-6.082762718200684,-6
-6.082762718200684,-6
-6.082762718200684,-6
-6.082762718200684,-6
-6.082762718200684,-6
-6.082762718200684,-6
-6.082762718200684,-6
-6.082762718200684,-5.916079998016357
-6.082762718200684,-5.916079998016357
-6.082762718200684,-5.916079998016357
-6.082762718200684,-5.916079998016357
-6.082762718200684,-5.916079998016357
-6.082762718200684,-5.916079998016357
-6.082762718200684,-5.916079998016357
-6.082762718200684,-5.916079998016357
-6.082762718200684,-5.916079998016357
-6.082762718200684,-5.916079998016357
-6.082762718200684,-5.916079998016357
-6.082762718200684,-5.916079998016357
-6.082762718200684,-5.916079998016357
-6.082762718200684,-5.916079998016357
-6.082762718200684,-5.916079998016357
-6.082762718200684,-5.916079998016357
-6.082762718200684,-5.916079998016357
-6.082762718200684,-5.916079998016357
-6.082762718200684,-5.916079998016357
-6.082762718200684,-5.916079998016357
-6.082762718200684,-5.916079998016357
-6.082762718200684,-5.916079998016357
-6.082762718200684,-5.916079998016357
-6.082762718200684,-5.916079998016357
-6.082762718200684,-5.916079998016357
-6.082762718200684,-5.916079998016357
-6.082762718200684,-5.916079998016357
-6.082762718200684,-5.916079998016357
-6.082762718200684,-5.916079998016357
-6.082762718200684,-5.916079998016357
-6.082762718200684,-5.830951690673828
-6.082762718200684,-5.830951690673828
-6.082762718200684,-5.830951690673828
-6.082762718200684,-5.830951690673828
-6.082762718200684,-5.830951690673828
-6.082762718200684,-5.830951690673828
-6.082762718200684,-5.830951690673828
-6.082762718200684,-5.830951690673828
-6.082762718200684,-5.830951690673828
-6.082762718200684,-5.830951690673828
-6.082762718200684,-5.830951690673828
-6.082762718200684,-5.830951690673828
-6.082762718200684,-5.830951690673828
-6.082762718200684,-5.830951690673828
-6.082762718200684,-5.74456262588501
-6.082762718200684,-5.74456262588501
-6.082762718200684,-5.74456262588501
-6.082762718200684,-5.74456262588501
-6.082762718200684,-5.74456262588501
-6.082762718200684,-5.74456262588501
-6.082762718200684,-5.74456262588501
-6.082762718200684,-5.74456262588501
-6.082762718200684,-5.74456262588501
-6.082762718200684,-5.74456262588501
-6.082762718200684,-5.74456262588501
-6.082762718200684,-5.74456262588501
-6.082762718200684,-5.74456262588501
-6.082762718200684,-5.74456262588501
-6.082762718200684,-5.74456262588501
-6.082762718200684,-5.74456262588501
-6.082762718200684,-5.74456262588501
-6.082762718200684,-5.74456262588501
-6.082762718200684,-5.74456262588501
-6.082762718200684,-5.74456262588501
-6.082762718200684,-5.74456262588501
-6.082762718200684,-5.74456262588501
-6.082762718200684,-5.74456262588501
-6.082762718200684,-5.656854152679443
-6.082762718200684,-5.656854152679443
-6.082762718200684,-5.656854152679443
-6.082762718200684,-5.656854152679443
-6.082762718200684,-5.656854152679443
-6.082762718200684,-5.656854152679443
-6.082762718200684,-5.656854152679443
-6.082762718200684,-5.656854152679443
-6.082762718200684,-5.656854152679443
-6.082762718200684,-5.656854152679443
-6.082762718200684,-5.656854152679443
-6.082762718200684,-5.656854152679443
-6.082762718200684,-5.656854152679443
-6.082762718200684,-5.656854152679443
-6.082762718200684,-5.656854152679443
-6.082762718200684,-5.656854152679443
-6.082762718200684,-5.656854152679443
-6.082762718200684,-5.656854152679443
-6.082762718200684,-5.656854152679443
-6.082762718200684,-5.656854152679443
-6.082762718200684,-5.656854152679443
-6.082762718200684,-5.656854152679443
-6.082762718200684,-5.656854152679443
-6.082762718200684,-5.656854152679443
-6.082762718200684,-5.656854152679443
-6.082762718200684,-5.656854152679443
-6.082762718200684,-5.656854152679443
-6.082762718200684,-5.656854152679443
-6.082762718200684,-5.656854152679443
-6.082762718200684,-5.656854152679443
-6.082762718200684,-5.656854152679443
-6.082762718200684,-5.656854152679443
-6.082762718200684,-5.656854152679443
-6.082762718200684,-5.656854152679443
-6.082762718200684,-5.656854152679443
-6.082762718200684,-5.656854152679443
-6.082762718200684,-5.4772257804870605
-6.082762718200684,-5.4772257804870605
-6.082762718200684,-5.4772257804870605
-6.082762718200684,-5.4772257804870605
-6.082762718200684,-5.4772257804870605
-6.082762718200684,-5.4772257804870605
-6.082762718200684,-5.4772257804870605
-6.082762718200684,-5.4772257804870605
-6.082762718200684,-5.4772257804870605
-6.082762718200684,-5.4772257804870605
-6.082762718200684,-5.4772257804870605
-6.082762718200684,-5.4772257804870605
-6.082762718200684,-5.4772257804870605
-6.082762718200684,-5.4772257804870605
-6.082762718200684,-5.4772257804870605
-6.082762718200684,-5.4772257804870605
-6.082762718200684,-5.4772257804870605
-6.082762718200684,-5.4772257804870605
-6.082762718200684,-5.4772257804870605
-6.082762718200684,-5.4772257804870605
-6.082762718200684,-5.4772257804870605
-6.082762718200684,-5.4772257804870605
-6.082762718200684,-5.4772257804870605
-6.082762718200684,-5.4772257804870605
-6.082762718200684,-5.4772257804870605
-6.082762718200684,-5.4772257804870605
-6.082762718200684,-5.4772257804870605
-6.082762718200684,-5.4772257804870605
-6.082762718200684,-5.4772257804870605
-6.082762718200684,-5.4772257804870605
-6.082762718200684,-5.4772257804870605
-6.082762718200684,-5.4772257804870605
-6.082762718200684,-5.4772257804870605
-6.082762718200684,-5.4772257804870605
-6.082762718200684,-5.4772257804870605
-6.082762718200684,-5.4772257804870605
-6.082762718200684,-5.4772257804870605
-6.082762718200684,-5.4772257804870605
-6.082762718200684,-5.4772257804870605
-6.082762718200684,-5.4772257804870605
-6.082762718200684,-5.4772257804870605
-6.082762718200684,-5.4772257804870605
-6.082762718200684,-5.4772257804870605
-6.082762718200684,-5.4772257804870605
-6.082762718200684,-5.4772257804870605
-6.082762718200684,-5.4772257804870605
-6.082762718200684,-5.4772257804870605
-6.082762718200684,-5.4772257804870605
-6.082762718200684,-5.4772257804870605
-6.082762718200684,-5.4772257804870605
-6.082762718200684,-5.4772257804870605
-6.082762718200684,-5.4772257804870605
-6.082762718200684,-5.385164737701416
-6.082762718200684,-5.385164737701416
-6.082762718200684,-5.385164737701416
-6.082762718200684,-5.385164737701416
-6.082762718200684,-5.385164737701416
-6.082762718200684,-5.385164737701416
-6.082762718200684,-5.385164737701416
-6.082762718200684,-5.385164737701416
-6.082762718200684,-5.385164737701416
-6.082762718200684,-5.385164737701416
-6.082762718200684,-5.385164737701416
-6.082762718200684,-5.385164737701416
-6.082762718200684,-5.385164737701416
-6.082762718200684,-5.385164737701416
-6.082762718200684,-5.385164737701416
-6.082762718200684,-5.196152210235596
-6.082762718200684,-5.196152210235596
-6.082762718200684,-5.099019527435303
-6.082762718200684,-5.099019527435303
-6.082762718200684,-5.099019527435303
-6.082762718200684,-5.099019527435303
-6.082762718200684,-5.099019527435303
-6.082762718200684,-5
-6.082762718200684,-5
-6.082762718200684,-5
-6.082762718200684,-5
-6.082762718200684,-5
-6.082762718200684,-5
-6.082762718200684,-5
-6.082762718200684,-4.898979663848877
-6.082762718200684,-4.690415859222412
-6.082762718200684,-4.690415859222412
-6.082762718200684,-4.690415859222412
-6.082762718200684,-4.582575798034668
-6.082762718200684,-4.582575798034668
-6.082762718200684,-4.582575798034668
-6.082762718200684,-4.4721360206604
-6.082762718200684,-4.4721360206604
-6.082762718200684,-4.4721360206604
-6.082762718200684,-4.358899116516113
-6.082762718200684,-4.358899116516113
-6.082762718200684,-4.242640495300293
-6.082762718200684,-4.242640495300293
-6.082762718200684,-4.123105525970459
-6.082762718200684,-4.123105525970459
-6.082762718200684,-4.123105525970459
-6.082762718200684,-4.123105525970459
-6.082762718200684,-4.123105525970459
-6.082762718200684,-4.123105525970459
-6.082762718200684,-4.123105525970459
-6.082762718200684,-4.123105525970459
-6.082762718200684,-4.123105525970459
-6.082762718200684,-4.123105525970459
-6.082762718200684,-4.123105525970459
-6.082762718200684,-4.123105525970459
-6.082762718200684,-4
-6.082762718200684,-4
-6.082762718200684,-3.7416574954986572
-6.082762718200684,-3.7416574954986572
-6.082762718200684,-3.7416574954986572
-6.082762718200684,-3.7416574954986572
-6.082762718200684,-3.605551242828369
-6.082762718200684,-3.605551242828369
-6.082762718200684,-3.464101552963257
-6.082762718200684,-3.464101552963257
-6.082762718200684,-3.316624879837036
-6.082762718200684,-3.316624879837036
-6.082762718200684,-3.316624879837036
-6.082762718200684,-3.1622776985168457
-6.082762718200684,-3.1622776985168457
-6.082762718200684,-3
-6.082762718200684,-3
-6.082762718200684,-3
-6.082762718200684,-3
-6.082762718200684,-3
-6.082762718200684,-3
-6.082762718200684,-2.8284270763397217
-6.082762718200684,-2.8284270763397217
-6.082762718200684,-2.8284270763397217
-6.082762718200684,-2.8284270763397217
-6.082762718200684,-2.8284270763397217
-6.082762718200684,-2.8284270763397217
-6.082762718200684,-2.8284270763397217
-6.082762718200684,-2.8284270763397217
-6.082762718200684,-2.4494898319244385
-6.082762718200684,-2.4494898319244385
-6.082762718200684,-2.4494898319244385
-6.082762718200684,-2.4494898319244385
-6.082762718200684,-2.4494898319244385
-6.082762718200684,-2.4494898319244385
-6.082762718200684,-2.2360680103302
-6.082762718200684,-2.2360680103302
-6.082762718200684,-2.2360680103302
-6.082762718200684,-2.2360680103302
-6.082762718200684,-2.2360680103302
-6.082762718200684,-2.2360680103302
-6.082762718200684,-2.2360680103302
-6.082762718200684,-2
-6.082762718200684,-2
-6.082762718200684,-2
-6.082762718200684,-2
-6.082762718200684,-2
-6.082762718200684,-2
-6.082762718200684,-2
-6.082762718200684,-1.7320507764816284
-6.082762718200684,-1.7320507764816284
-6.082762718200684,-1.7320507764816284
-6.082762718200684,-1.4142135381698608
-6.082762718200684,-1.4142135381698608
-6.082762718200684,-1.4142135381698608
-6.082762718200684,-1.4142135381698608
-6.082762718200684,-1.4142135381698608
-6.082762718200684,-1.4142135381698608
-6.082762718200684,-1
-6.082762718200684,-1
-6.082762718200684,-1
-6.082762718200684,-1
-6.082762718200684,-1
-6.082762718200684,-1
-6.082762718200684,-1
-6.082762718200684,-1
-6.082762718200684,-1
-6.082762718200684,-1
-6.082762718200684,-1
-6.082762718200684,-1
-6.082762718200684,-1
-6.082762718200684,-1
-6.082762718200684,-1
-6.082762718200684,-1
-6.082762718200684,-1
-6.082762718200684,-1
-6.082762718200684,-1
-6.082762718200684,1
-6.082762718200684,1
-6.082762718200684,1
-6.082762718200684,1
-6.082762718200684,1
-6.082762718200684,1
-6.082762718200684,1
-6.082762718200684,1
-6.082762718200684,1
-6.082762718200684,1
-6.082762718200684,1
-6.082762718200684,1
-6.082762718200684,1
-6.082762718200684,1
-6.082762718200684,1
-6.082762718200684,1.4142135381698608
-6.082762718200684,1.4142135381698608
-6.082762718200684,1.4142135381698608
-6.082762718200684,1.4142135381698608
-6.082762718200684,1.4142135381698608
-6.082762718200684,1.4142135381698608
-6.082762718200684,1.4142135381698608
-6.082762718200684,1.4142135381698608
-6.082762718200684,1.7320507764816284
-6.082762718200684,2
-6.082762718200684,2
-6.082762718200684,2
-6.082762718200684,2
-6.082762718200684,2
-6.082762718200684,2.2360680103302
-6.082762718200684,2.2360680103302
-6.082762718200684,2.2360680103302
-6.082762718200684,2.2360680103302
-6.082762718200684,2.4494898319244385
-6.082762718200684,2.4494898319244385
-6.082762718200684,2.4494898319244385
-6.082762718200684,2.8284270763397217
-6.082762718200684,2.8284270763397217
-6.082762718200684,3
-6.082762718200684,3
-6.082762718200684,3
-6.082762718200684,3
-6.082762718200684,3
-6.082762718200684,3
-6.082762718200684,3
-6.082762718200684,3
-6.082762718200684,3
-6.082762718200684,3.1622776985168457
-6.082762718200684,3.1622776985168457
-6.082762718200684,3.1622776985168457
-6.082762718200684,3.1622776985168457
-6.082762718200684,3.1622776985168457
-6.082762718200684,3.1622776985168457
-6.082762718200684,3.316624879837036
-6.082762718200684,3.316624879837036
-6.082762718200684,3.464101552963257
-6.082762718200684,3.605551242828369
-6.082762718200684,3.605551242828369
-6.082762718200684,3.605551242828369
-6.082762718200684,3.7416574954986572
-6.082762718200684,3.7416574954986572
-6.082762718200684,4
-6.082762718200684,4
-6.082762718200684,4
-6.082762718200684,4.123105525970459
-6.082762718200684,4.123105525970459
-6.082762718200684,4.123105525970459
-6.082762718200684,4.123105525970459
-6.082762718200684,4.123105525970459
-6.082762718200684,4.242640495300293
-6.082762718200684,4.242640495300293
-6.082762718200684,4.242640495300293
-6.082762718200684,4.358899116516113
-6.082762718200684,4.4721360206604
-6.082762718200684,4.4721360206604
-6.082762718200684,4.582575798034668
-6.082762718200684,4.690415859222412
-6.082762718200684,4.690415859222412
-6.082762718200684,4.690415859222412
-6.082762718200684,4.690415859222412
-6.082762718200684,4.690415859222412
-6.082762718200684,5
-6.082762718200684,5
-6.082762718200684,5
-6.082762718200684,5
-6.082762718200684,5
-6.082762718200684,5
-6.082762718200684,5.099019527435303
-6.082762718200684,5.099019527435303
-6.082762718200684,5.099019527435303
-6.082762718200684,5.099019527435303
-6.082762718200684,5.196152210235596
-6.082762718200684,5.385164737701416
-6.082762718200684,5.385164737701416
-6.082762718200684,5.385164737701416
-6.082762718200684,5.385164737701416
-6.082762718200684,5.385164737701416
-6.082762718200684,5.4772257804870605
-6.082762718200684,5.4772257804870605
-6.082762718200684,5.4772257804870605
-6.082762718200684,5.4772257804870605
-6.082762718200684,5.656854152679443
-6.082762718200684,5.656854152679443
-6.082762718200684,5.74456262588501
-6.082762718200684,5.74456262588501
-6.082762718200684,5.74456262588501
-6.082762718200684,5.830951690673828
-6.082762718200684,5.830951690673828
-6.082762718200684,6
-6.082762718200684,6
-6.082762718200684,6
-6.082762718200684,6.082762718200684
-6.082762718200684,6.324555397033691
-6.082762718200684,6.4031243324279785
-6.082762718200684,6.4031243324279785
-6.082762718200684,6.4031243324279785
-6.082762718200684,6.4031243324279785
-6.082762718200684,6.4031243324279785
-6.082762718200684,6.4031243324279785
-6.082762718200684,6.480740547180176
-6.082762718200684,6.480740547180176
-6.082762718200684,6.633249759674072
-6.082762718200684,6.7082037925720215
-6.082762718200684,6.7082037925720215
-6.082762718200684,6.7082037925720215
-6.082762718200684,6.928203105926514
-6.082762718200684,7
-6.082762718200684,7
-6.082762718200684,7.071067810058594
-6.082762718200684,7.141428470611572
-6.082762718200684,7.141428470611572
-6.082762718200684,7.211102485656738
-6.082762718200684,7.211102485656738
-6.082762718200684,7.211102485656738
-6.082762718200684,7.211102485656738
-6.082762718200684,7.211102485656738
-6.082762718200684,7.280109882354736
-6.082762718200684,7.280109882354736
-6.082762718200684,7.280109882354736
-6.082762718200684,7.348469257354736
-6.082762718200684,7.348469257354736
-6.082762718200684,7.4833149909973145
-6.082762718200684,7.4833149909973145
-6.082762718200684,7.549834251403809
-6.082762718200684,7.549834251403809
-6.082762718200684,7.681145668029785
-6.082762718200684,7.681145668029785
-6.082762718200684,7.8102498054504395
-6.082762718200684,7.8102498054504395
-6.082762718200684,7.8102498054504395
-6.082762718200684,7.8102498054504395
-6.082762718200684,7.874007701873779
-6.082762718200684,8.062257766723633
-6.082762718200684,8.124038696289063
-6.082762718200684,8.124038696289063
-6.082762718200684,8.306623458862305
-6.082762718200684,8.485280990600586
-6.082762718200684,8.485280990600586
-6.082762718200684,8.5440034866333
-6.082762718200684,8.602325439453125
-6.082762718200684,8.66025447845459
-6.082762718200684,8.774964332580566
-6.082762718200684,8.774964332580566
-6.082762718200684,8.9442720413208
-6.082762718200684,9
-6.082762718200684,9.05538558959961
-6.082762718200684,9.219544410705566
-6.082762718200684,9.273618698120117
-6.082762718200684,9.273618698120117
-6.082762718200684,9.380831718444824
-6.082762718200684,9.433980941772461
-6.082762718200684,9.486832618713379
-6.082762718200684,9.643651008605957
-6.082762718200684,9.899495124816895
-6.082762718200684,9.949873924255371
-6.082762718200684,10
-6.082762718200684,10.29563045501709
-6.082762718200684,10.344079971313477
-6.082762718200684,10.630146026611328
-6.082762718200684,10.677078247070313
-6.082762718200684,11.045360565185547
-6.082762718200684,11.180339813232422
-6.082762718200684,11.180339813232422
-6.082762718200684,11.445523262023926
-6.082762718200684,12.083045959472656
-6.082762718200684,12.12435531616211
-6.082762718200684,12.369317054748535
-6.082762718200684,12.727922439575195
-6.082762718200684,13.152946472167969
-6.082762718200684,13.379088401794434
-6.082762718200684,13.892443656921387
-6.082762718200684,14.317821502685547
-6.082762718200684,14.696938514709473
-6.082762718200684,14.696938514709473
-6.082762718200684,15.132745742797852
-6.082762718200684,18
-6.082762718200684,19.748416900634766
-6,inf
-6,inf
-6,inf
-6,inf
-6,inf
-6,inf
-6,inf
-6,inf
-6,inf
-6,inf
-6,inf
-6,inf
-6,inf
-6,inf
-6,inf
-6,inf
-6,inf
-6,inf
-6,inf
-6,inf
-6,inf
-6,inf
-6,inf
-6,inf
-6,inf
-6,inf
-6,inf
-6,inf
-6,inf
-6,inf
-6,inf
-6,inf
-6,inf
-6,inf
-6,inf
-6,inf
-6,inf
-6,inf
-6,inf
-6,inf
-6,-5.916079998016357
-6,-5.916079998016357
-6,-5.916079998016357
-6,-5.916079998016357
-6,-5.916079998016357
-6,-5.916079998016357
-6,-5.916079998016357
-6,-5.916079998016357
-6,-5.916079998016357
-6,-5.916079998016357
-6,-5.916079998016357
-6,-5.916079998016357
-6,-5.916079998016357
-6,-5.916079998016357
-6,-5.916079998016357
-6,-5.916079998016357
-6,-5.916079998016357
-6,-5.916079998016357
-6,-5.916079998016357
-6,-5.916079998016357
-6,-5.916079998016357
-6,-5.916079998016357
-6,-5.916079998016357
-6,-5.916079998016357
-6,-5.916079998016357
-6,-5.916079998016357
-6,-5.916079998016357
-6,-5.916079998016357
-6,-5.916079998016357
-6,-5.916079998016357
-6,-5.916079998016357
-6,-5.916079998016357
-6,-5.916079998016357
-6,-5.916079998016357
-6,-5.916079998016357
-6,-5.916079998016357
-6,-5.916079998016357
-6,-5.916079998016357
-6,-5.916079998016357
-6,-5.916079998016357
-6,-5.916079998016357
-6,-5.916079998016357
-6,-5.916079998016357
-6,-5.916079998016357
-6,-5.916079998016357
-6,-5.916079998016357
-6,-5.916079998016357
-6,-5.916079998016357
-6,-5.916079998016357
-6,-5.916079998016357
-6,-5.916079998016357
-6,-5.916079998016357
-6,-5.916079998016357
-6,-5.916079998016357
-6,-5.916079998016357
-6,-5.916079998016357
-6,-5.916079998016357
-6,-5.916079998016357
-6,-5.916079998016357
-6,-5.916079998016357
-6,-5.916079998016357
-6,-5.916079998016357
-6,-5.916079998016357
-6,-5.916079998016357
-6,-5.916079998016357
-6,-5.916079998016357
-6,-5.916079998016357
-6,-5.916079998016357
-6,-5.916079998016357
-6,-5.916079998016357
-6,-5.916079998016357
-6,-5.916079998016357
-6,-5.916079998016357
-6,-5.916079998016357
-6,-5.916079998016357
-6,-5.916079998016357
-6,-5.916079998016357
-6,-5.916079998016357
-6,-5.916079998016357
-6,-5.916079998016357
-6,-5.916079998016357
-6,-5.916079998016357
-6,-5.916079998016357
-6,-5.916079998016357
-6,-5.916079998016357
-6,-5.916079998016357
-6,-5.916079998016357
-6,-5.916079998016357
-6,-5.916079998016357
-6,-5.916079998016357
-6,-5.916079998016357
-6,-5.916079998016357
-6,-5.916079998016357
-6,-5.916079998016357
-6,-5.916079998016357
-6,-5.916079998016357
-6,-5.916079998016357
-6,-5.916079998016357
-6,-5.916079998016357
-6,-5.916079998016357
-6,-5.916079998016357
-6,-5.830951690673828
-6,-5.830951690673828
-6,-5.830951690673828
-6,-5.830951690673828
-6,-5.830951690673828
-6,-5.830951690673828
-6,-5.830951690673828
-6,-5.830951690673828
-6,-5.830951690673828
-6,-5.830951690673828
-6,-5.830951690673828
-6,-5.830951690673828
-6,-5.830951690673828
-6,-5.830951690673828
-6,-5.830951690673828
-6,-5.830951690673828
-6,-5.830951690673828
-6,-5.830951690673828
-6,-5.830951690673828
-6,-5.830951690673828
-6,-5.830951690673828
-6,-5.830951690673828
-6,-5.830951690673828
-6,-5.830951690673828
-6,-5.830951690673828
-6,-5.830951690673828
-6,-5.830951690673828
-6,-5.830951690673828
-6,-5.830951690673828
-6,-5.830951690673828
-6,-5.830951690673828
-6,-5.830951690673828
-6,-5.830951690673828
-6,-5.830951690673828
-6,-5.830951690673828
-6,-5.830951690673828
-6,-5.830951690673828
-6,-5.830951690673828
-6,-5.830951690673828
-6,-5.830951690673828
-6,-5.830951690673828
-6,-5.830951690673828
-6,-5.830951690673828
-6,-5.830951690673828
-6,-5.830951690673828
-6,-5.830951690673828
-6,-5.830951690673828
-6,-5.830951690673828
-6,-5.830951690673828
-6,-5.830951690673828
-6,-5.830951690673828
-6,-5.830951690673828
-6,-5.830951690673828
-6,-5.830951690673828
-6,-5.830951690673828
-6,-5.830951690673828
-6,-5.830951690673828
-6,-5.830951690673828
-6,-5.830951690673828
-6,-5.830951690673828
-6,-5.830951690673828
-6,-5.830951690673828
-6,-5.830951690673828
-6,-5.830951690673828
-6,-5.830951690673828
-6,-5.830951690673828
-6,-5.74456262588501
-6,-5.74456262588501
-6,-5.74456262588501
-6,-5.74456262588501
-6,-5.74456262588501
-6,-5.74456262588501
-6,-5.74456262588501
-6,-5.74456262588501
-6,-5.74456262588501
-6,-5.74456262588501
-6,-5.74456262588501
-6,-5.74456262588501
-6,-5.74456262588501
-6,-5.74456262588501
-6,-5.74456262588501
-6,-5.74456262588501
-6,-5.74456262588501
-6,-5.74456262588501
-6,-5.74456262588501
-6,-5.74456262588501
-6,-5.74456262588501
-6,-5.74456262588501
-6,-5.74456262588501
-6,-5.74456262588501
-6,-5.74456262588501
-6,-5.74456262588501
-6,-5.74456262588501
-6,-5.74456262588501
-6,-5.74456262588501
-6,-5.74456262588501
-6,-5.74456262588501
-6,-5.74456262588501
-6,-5.74456262588501
-6,-5.74456262588501
-6,-5.74456262588501
-6,-5.74456262588501
-6,-5.74456262588501
-6,-5.74456262588501
-6,-5.74456262588501
-6,-5.74456262588501
-6,-5.74456262588501
-6,-5.74456262588501
-6,-5.74456262588501
-6,-5.74456262588501
-6,-5.74456262588501
-6,-5.74456262588501
-6,-5.74456262588501
-6,-5.74456262588501
-6,-5.74456262588501
-6,-5.74456262588501
-6,-5.74456262588501
-6,-5.74456262588501
-6,-5.74456262588501
-6,-5.74456262588501
-6,-5.74456262588501
-6,-5.74456262588501
-6,-5.74456262588501
-6,-5.74456262588501
-6,-5.74456262588501
-6,-5.74456262588501
-6,-5.74456262588501
-6,-5.74456262588501
-6,-5.74456262588501
-6,-5.74456262588501
-6,-5.74456262588501
-6,-5.74456262588501
-6,-5.74456262588501
-6,-5.74456262588501
-6,-5.74456262588501
-6,-5.74456262588501
-6,-5.74456262588501
-6,-5.74456262588501
-6,-5.74456262588501
-6,-5.74456262588501
-6,-5.74456262588501
-6,-5.74456262588501
-6,-5.74456262588501
-6,-5.74456262588501
-6,-5.74456262588501
-6,-5.74456262588501
-6,-5.74456262588501
-6,-5.74456262588501
-6,-5.74456262588501
-6,-5.74456262588501
-6,-5.74456262588501
-6,-5.74456262588501
-6,-5.74456262588501
-6,-5.74456262588501
-6,-5.74456262588501
-6,-5.656854152679443
-6,-5.656854152679443
-6,-5.656854152679443
-6,-5.656854152679443
-6,-5.656854152679443
-6,-5.656854152679443
-6,-5.656854152679443
-6,-5.656854152679443
-6,-5.656854152679443
-6,-5.656854152679443
-6,-5.656854152679443
-6,-5.656854152679443
-6,-5.656854152679443
-6,-5.656854152679443
-6,-5.656854152679443
-6,-5.656854152679443
-6,-5.656854152679443
-6,-5.656854152679443
-6,-5.656854152679443
-6,-5.656854152679443
-6,-5.656854152679443
-6,-5.656854152679443
-6,-5.656854152679443
-6,-5.656854152679443
-6,-5.656854152679443
-6,-5.656854152679443
-6,-5.656854152679443
-6,-5.656854152679443
-6,-5.656854152679443
-6,-5.656854152679443
-6,-5.656854152679443
-6,-5.656854152679443
-6,-5.656854152679443
-6,-5.656854152679443
-6,-5.656854152679443
-6,-5.656854152679443
-6,-5.656854152679443
-6,-5.656854152679443
-6,-5.656854152679443
-6,-5.656854152679443
-6,-5.656854152679443
-6,-5.656854152679443
-6,-5.656854152679443
-6,-5.656854152679443
-6,-5.656854152679443
-6,-5.656854152679443
-6,-5.656854152679443
-6,-5.656854152679443
-6,-5.656854152679443
-6,-5.656854152679443
-6,-5.656854152679443
-6,-5.656854152679443
-6,-5.656854152679443
-6,-5.656854152679443
-6,-5.656854152679443
-6,-5.656854152679443
-6,-5.656854152679443
-6,-5.656854152679443
-6,-5.656854152679443
-6,-5.656854152679443
-6,-5.656854152679443
-6,-5.656854152679443
-6,-5.656854152679443
-6,-5.656854152679443
-6,-5.656854152679443
-6,-5.656854152679443
-6,-5.656854152679443
-6,-5.656854152679443
-6,-5.656854152679443
-6,-5.656854152679443
-6,-5.656854152679443
-6,-5.656854152679443
-6,-5.656854152679443
-6,-5.4772257804870605
-6,-5.4772257804870605
-6,-5.4772257804870605
-6,-5.4772257804870605
-6,-5.4772257804870605
-6,-5.4772257804870605
-6,-5.4772257804870605
-6,-5.4772257804870605
-6,-5.4772257804870605
-6,-5.4772257804870605
-6,-5.4772257804870605
-6,-5.4772257804870605
-6,-5.4772257804870605
-6,-5.4772257804870605
-6,-5.4772257804870605
-6,-5.4772257804870605
-6,-5.4772257804870605
-6,-5.4772257804870605
-6,-5.4772257804870605
-6,-5.4772257804870605
-6,-5.4772257804870605
-6,-5.4772257804870605
-6,-5.4772257804870605
-6,-5.4772257804870605
-6,-5.4772257804870605
-6,-5.4772257804870605
-6,-5.4772257804870605
-6,-5.4772257804870605
-6,-5.4772257804870605
-6,-5.4772257804870605
-6,-5.4772257804870605
-6,-5.4772257804870605
-6,-5.4772257804870605
-6,-5.4772257804870605
-6,-5.4772257804870605
-6,-5.4772257804870605
-6,-5.4772257804870605
-6,-5.4772257804870605
-6,-5.4772257804870605
-6,-5.4772257804870605
-6,-5.4772257804870605
-6,-5.4772257804870605
-6,-5.4772257804870605
-6,-5.4772257804870605
-6,-5.4772257804870605
-6,-5.4772257804870605
-6,-5.4772257804870605
-6,-5.4772257804870605
-6,-5.4772257804870605
-6,-5.4772257804870605
-6,-5.4772257804870605
-6,-5.4772257804870605
-6,-5.4772257804870605
-6,-5.4772257804870605
-6,-5.4772257804870605
-6,-5.4772257804870605
-6,-5.4772257804870605
-6,-5.4772257804870605
-6,-5.4772257804870605
-6,-5.4772257804870605
-6,-5.4772257804870605
-6,-5.4772257804870605
-6,-5.4772257804870605
-6,-5.4772257804870605
-6,-5.4772257804870605
-6,-5.4772257804870605
-6,-5.4772257804870605
-6,-5.4772257804870605
-6,-5.4772257804870605
-6,-5.4772257804870605
-6,-5.4772257804870605
-6,-5.4772257804870605
-6,-5.4772257804870605
-6,-5.4772257804870605
-6,-5.4772257804870605
-6,-5.4772257804870605
-6,-5.4772257804870605
-6,-5.4772257804870605
-6,-5.4772257804870605
-6,-5.4772257804870605
-6,-5.4772257804870605
-6,-5.4772257804870605
-6,-5.4772257804870605
-6,-5.4772257804870605
-6,-5.4772257804870605
-6,-5.4772257804870605
-6,-5.4772257804870605
-6,-5.4772257804870605
-6,-5.4772257804870605
-6,-5.4772257804870605
-6,-5.4772257804870605
-6,-5.4772257804870605
-6,-5.4772257804870605
-6,-5.4772257804870605
-6,-5.4772257804870605
-6,-5.4772257804870605
-6,-5.4772257804870605
-6,-5.4772257804870605
-6,-5.4772257804870605
-6,-5.4772257804870605
-6,-5.4772257804870605
-6,-5.4772257804870605
-6,-5.4772257804870605
-6,-5.4772257804870605
-6,-5.4772257804870605
-6,-5.4772257804870605
-6,-5.4772257804870605
-6,-5.4772257804870605
-6,-5.4772257804870605
-6,-5.4772257804870605
-6,-5.4772257804870605
-6,-5.4772257804870605
-6,-5.4772257804870605
-6,-5.4772257804870605
-6,-5.4772257804870605
-6,-5.4772257804870605
-6,-5.4772257804870605
-6,-5.4772257804870605
-6,-5.4772257804870605
-6,-5.4772257804870605
-6,-5.385164737701416
-6,-5.385164737701416
-6,-5.385164737701416
-6,-5.385164737701416
-6,-5.385164737701416
-6,-5.385164737701416
-6,-5.385164737701416
-6,-5.385164737701416
-6,-5.385164737701416
-6,-5.385164737701416
-6,-5.385164737701416
-6,-5.385164737701416
-6,-5.385164737701416
-6,-5.196152210235596
-6,-5.196152210235596
-6,-5.099019527435303
-6,-5.099019527435303
-6,-5.099019527435303
-6,-5.099019527435303
-6,-5.099019527435303
-6,-5.099019527435303
-6,-5.099019527435303
-6,-5.099019527435303
-6,-5.099019527435303
-6,-5.099019527435303
-6,-5
-6,-5
-6,-5
-6,-5
-6,-5
-6,-5
-6,-5
-6,-5
-6,-5
-6,-5
-6,-5
-6,-5
-6,-4.898979663848877
-6,-4.898979663848877
-6,-4.898979663848877
-6,-4.898979663848877
-6,-4.898979663848877
-6,-4.898979663848877
-6,-4.898979663848877
-6,-4.690415859222412
-6,-4.690415859222412
-6,-4.582575798034668
-6,-4.582575798034668
-6,-4.582575798034668
-6,-4.582575798034668
-6,-4.582575798034668
-6,-4.582575798034668
-6,-4.358899116516113
-6,-4.358899116516113
-6,-4.358899116516113
-6,-4.242640495300293
-6,-4.242640495300293
-6,-4.242640495300293
-6,-4.242640495300293
-6,-4.123105525970459
-6,-4.123105525970459
-6,-4.123105525970459
-6,-4.123105525970459
-6,-4.123105525970459
-6,-4.123105525970459
-6,-4.123105525970459
-6,-4.123105525970459
-6,-4.123105525970459
-6,-4.123105525970459
-6,-4.123105525970459
-6,-4
-6,-4
-6,-4
-6,-3.7416574954986572
-6,-3.7416574954986572
-6,-3.7416574954986572
-6,-3.7416574954986572
-6,-3.7416574954986572
-6,-3.7416574954986572
-6,-3.7416574954986572
-6,-3.7416574954986572
-6,-3.7416574954986572
-6,-3.605551242828369
-6,-3.605551242828369
-6,-3.605551242828369
-6,-3.605551242828369
-6,-3.605551242828369
-6,-3.605551242828369
-6,-3.464101552963257
-6,-3.464101552963257
-6,-3.464101552963257
-6,-3.464101552963257
-6,-3.316624879837036
-6,-3.316624879837036
-6,-3.316624879837036
-6,-3.316624879837036
-6,-3.316624879837036
-6,-3.316624879837036
-6,-3.316624879837036
-6,-3.316624879837036
-6,-3.1622776985168457
-6,-3.1622776985168457
-6,-3.1622776985168457
-6,-3.1622776985168457
-6,-3.1622776985168457
-6,-3
-6,-3
-6,-3
-6,-3
-6,-3
-6,-3
-6,-3
-6,-3
-6,-3
-6,-3
-6,-3
-6,-2.8284270763397217
-6,-2.8284270763397217
-6,-2.8284270763397217
-6,-2.8284270763397217
-6,-2.4494898319244385
-6,-2.4494898319244385
-6,-2.4494898319244385
-6,-2.2360680103302
-6,-2.2360680103302
-6,-2.2360680103302
-6,-2.2360680103302
-6,-2.2360680103302
-6,-2.2360680103302
-6,-2.2360680103302
-6,-2.2360680103302
-6,-2.2360680103302
-6,-2.2360680103302
-6,-2.2360680103302
-6,-2.2360680103302
-6,-2.2360680103302
-6,-2.2360680103302
-6,-2.2360680103302
-6,-2.2360680103302
-6,-2.2360680103302
-6,-2
-6,-2
-6,-2
-6,-2
-6,-2
-6,-1.7320507764816284
-6,-1.7320507764816284
-6,-1.7320507764816284
-6,-1.4142135381698608
-6,-1.4142135381698608
-6,-1.4142135381698608
-6,-1.4142135381698608
-6,-1.4142135381698608
-6,-1.4142135381698608
-6,-1.4142135381698608
-6,-1.4142135381698608
-6,-1.4142135381698608
-6,-1
-6,-1
-6,-1
-6,-1
-6,-1
-6,-1
-6,-1
-6,-1
-6,-1
-6,-1
-6,-1
-6,-1
-6,-1
-6,-1
-6,-1
-6,-1
-6,-1
-6,-1
-6,-1
-6,-1
-6,-1
-6,-1
-6,-1
-6,-1
-6,-1
-6,-1
-6,-1
-6,-1
-6,-1
-6,-1
-6,-1
-6,-1
-6,-1
-6,-1
-6,-1
-6,-1
-6,-1
-6,-1
-6,-1
-6,1
-6,1
-6,1
-6,1
-6,1
-6,1
-6,1
-6,1
-6,1
-6,1
-6,1
-6,1
-6,1
-6,1
-6,1
-6,1
-6,1
-6,1
-6,1
-6,1
-6,1
-6,1
-6,1
-6,1
-6,1
-6,1
-6,1
-6,1
-6,1
-6,1
-6,1.4142135381698608
-6,1.4142135381698608
-6,1.4142135381698608
-6,1.4142135381698608
-6,1.4142135381698608
-6,1.4142135381698608
-6,1.7320507764816284
-6,1.7320507764816284
-6,1.7320507764816284
-6,1.7320507764816284
-6,1.7320507764816284
-6,1.7320507764816284
-6,1.7320507764816284
-6,2
-6,2
-6,2
-6,2
-6,2
-6,2
-6,2
-6,2
-6,2
-6,2
-6,2
-6,2.2360680103302
-6,2.2360680103302
-6,2.2360680103302
-6,2.2360680103302
-6,2.2360680103302
-6,2.2360680103302
-6,2.2360680103302
-6,2.2360680103302
-6,2.2360680103302
-6,2.4494898319244385
-6,2.4494898319244385
-6,2.4494898319244385
-6,2.4494898319244385
-6,2.4494898319244385
-6,2.4494898319244385
-6,2.4494898319244385
-6,2.4494898319244385
-6,2.4494898319244385
-6,2.8284270763397217
-6,2.8284270763397217
-6,3
-6,3
-6,3
-6,3
-6,3
-6,3
-6,3
-6,3
-6,3
-6,3
-6,3.1622776985168457
-6,3.1622776985168457
-6,3.1622776985168457
-6,3.1622776985168457
-6,3.1622776985168457
-6,3.1622776985168457
-6,3.316624879837036
-6,3.605551242828369
-6,3.605551242828369
-6,3.605551242828369
-6,3.605551242828369
-6,3.605551242828369
-6,3.605551242828369
-6,3.605551242828369
-6,3.605551242828369
-6,3.605551242828369
-6,3.7416574954986572
-6,3.7416574954986572
-6,3.7416574954986572
-6,3.7416574954986572
-6,3.7416574954986572
-6,3.7416574954986572
-6,4
-6,4.123105525970459
-6,4.123105525970459
-6,4.123105525970459
-6,4.123105525970459
-6,4.123105525970459
-6,4.123105525970459
-6,4.123105525970459
-6,4.123105525970459
-6,4.242640495300293
-6,4.242640495300293
-6,4.242640495300293
-6,4.242640495300293
-6,4.242640495300293
-6,4.242640495300293
-6,4.242640495300293
-6,4.358899116516113
-6,4.358899116516113
-6,4.358899116516113
-6,4.358899116516113
-6,4.358899116516113
-6,4.4721360206604
-6,4.4721360206604
-6,4.4721360206604
-6,4.4721360206604
-6,4.4721360206604
-6,4.4721360206604
-6,4.582575798034668
-6,4.582575798034668
-6,4.582575798034668
-6,4.690415859222412
-6,4.690415859222412
-6,4.898979663848877
-6,4.898979663848877
-6,5
-6,5
-6,5
-6,5
-6,5
-6,5
-6,5
-6,5
-6,5
-6,5
-6,5
-6,5
-6,5
-6,5.099019527435303
-6,5.099019527435303
-6,5.099019527435303
-6,5.099019527435303
-6,5.196152210235596
-6,5.196152210235596
-6,5.385164737701416
-6,5.385164737701416
-6,5.4772257804870605
-6,5.4772257804870605
-6,5.4772257804870605
-6,5.656854152679443
-6,5.74456262588501
-6,5.74456262588501
-6,5.830951690673828
-6,5.830951690673828
-6,5.830951690673828
-6,5.916079998016357
-6,5.916079998016357
-6,5.916079998016357
-6,6
-6,6.082762718200684
-6,6.082762718200684
-6,6.164413928985596
-6,6.164413928985596
-6,6.164413928985596
-6,6.164413928985596
-6,6.164413928985596
-6,6.324555397033691
-6,6.324555397033691
-6,6.324555397033691
-6,6.4031243324279785
-6,6.4031243324279785
-6,6.4031243324279785
-6,6.4031243324279785
-6,6.480740547180176
-6,6.480740547180176
-6,6.480740547180176
-6,6.633249759674072
-6,6.633249759674072
-6,6.633249759674072
-6,6.7082037925720215
-6,6.7082037925720215
-6,6.7082037925720215
-6,6.7082037925720215
-6,6.7082037925720215
-6,6.78233003616333
-6,6.78233003616333
-6,6.78233003616333
-6,6.78233003616333
-6,6.78233003616333
-6,6.78233003616333
-6,6.928203105926514
-6,7
-6,7
-6,7
-6,7
-6,7
-6,7.071067810058594
-6,7.071067810058594
-6,7.071067810058594
-6,7.071067810058594
-6,7.071067810058594
-6,7.211102485656738
-6,7.211102485656738
-6,7.211102485656738
-6,7.280109882354736
-6,7.348469257354736
-6,7.348469257354736
-6,7.4833149909973145
-6,7.4833149909973145
-6,7.4833149909973145
-6,7.549834251403809
-6,7.6157732009887695
-6,7.6157732009887695
-6,7.6157732009887695
-6,7.681145668029785
-6,7.8102498054504395
-6,7.8102498054504395
-6,7.8102498054504395
-6,7.8102498054504395
-6,7.8102498054504395
-6,7.874007701873779
-6,7.874007701873779
-6,7.874007701873779
-6,7.874007701873779
-6,8
-6,8.062257766723633
-6,8.062257766723633
-6,8.062257766723633
-6,8.124038696289063
-6,8.124038696289063
-6,8.246211051940918
-6,8.246211051940918
-6,8.306623458862305
-6,8.306623458862305
-6,8.306623458862305
-6,8.366600036621094
-6,8.485280990600586
-6,8.485280990600586
-6,8.602325439453125
-6,8.602325439453125
-6,8.602325439453125
-6,8.66025447845459
-6,8.66025447845459
-6,8.66025447845459
-6,8.717798233032227
-6,8.717798233032227
-6,8.774964332580566
-6,8.774964332580566
-6,8.83176040649414
-6,8.9442720413208
-6,9
-6,9
-6,9
-6,9.165151596069336
-6,9.165151596069336
-6,9.273618698120117
-6,9.433980941772461
-6,9.433980941772461
-6,9.433980941772461
-6,9.433980941772461
-6,9.433980941772461
-6,9.848857879638672
-6,9.899495124816895
-6,9.899495124816895
-6,9.949873924255371
-6,9.949873924255371
-6,10.049875259399414
-6,10.198039054870605
-6,10.392304420471191
-6,10.392304420471191
-6,11
-6,11
-6,11.045360565185547
-6,11.180339813232422
-6,11.357816696166992
-6,11.445523262023926
-6,11.661903381347656
-6,12.529964447021484
-6,12.727922439575195
-6,13.856406211853027
-6,14.177447319030762
-6,14.73091983795166
-6,15
-6,15.588457107543945
-6,16.155494689941406
-6,17.11724281311035
-6,18.70828628540039
-6,19.26136016845703
-6,20.248456954956055
-5.916079998016357,inf
-5.916079998016357,inf
-5.916079998016357,inf
-5.916079998016357,inf
-5.916079998016357,inf
-5.916079998016357,inf
-5.916079998016357,inf
-5.916079998016357,inf
-5.916079998016357,inf
-5.916079998016357,inf
-5.916079998016357,inf
-5.916079998016357,inf
-5.916079998016357,inf
-5.916079998016357,inf
-5.916079998016357,inf
-5.916079998016357,inf
-5.916079998016357,inf
-5.916079998016357,inf
-5.916079998016357,inf
-5.916079998016357,inf
-5.916079998016357,inf
-5.916079998016357,inf
-5.916079998016357,inf
-5.916079998016357,inf
-5.916079998016357,inf
-5.916079998016357,inf
-5.916079998016357,inf
-5.916079998016357,inf
-5.916079998016357,inf
-5.916079998016357,inf
-5.916079998016357,inf
-5.916079998016357,inf
-5.916079998016357,inf
-5.916079998016357,inf
-5.916079998016357,inf
-5.916079998016357,inf
-5.916079998016357,inf
-5.916079998016357,inf
-5.916079998016357,inf
-5.916079998016357,inf
-5.916079998016357,inf
-5.916079998016357,inf
-5.916079998016357,inf
-5.916079998016357,inf
-5.916079998016357,inf
-5.916079998016357,inf
-5.916079998016357,inf
-5.916079998016357,inf
-5.916079998016357,inf
-5.916079998016357,inf
-5.916079998016357,inf
-5.916079998016357,inf
-5.916079998016357,inf
-5.916079998016357,inf
-5.916079998016357,inf
-5.916079998016357,inf
-5.916079998016357,inf
-5.916079998016357,inf
-5.916079998016357,inf
-5.916079998016357,inf
-5.916079998016357,inf
-5.916079998016357,inf
-5.916079998016357,inf
-5.916079998016357,inf
-5.916079998016357,inf
-5.916079998016357,inf
-5.916079998016357,inf
-5.916079998016357,inf
-5.916079998016357,inf
-5.916079998016357,inf
-5.916079998016357,-5.830951690673828
-5.916079998016357,-5.830951690673828
-5.916079998016357,-5.830951690673828
-5.916079998016357,-5.830951690673828
-5.916079998016357,-5.830951690673828
-5.916079998016357,-5.830951690673828
-5.916079998016357,-5.830951690673828
-5.916079998016357,-5.830951690673828
-5.916079998016357,-5.830951690673828
-5.916079998016357,-5.830951690673828
-5.916079998016357,-5.830951690673828
-5.916079998016357,-5.830951690673828
-5.916079998016357,-5.830951690673828
-5.916079998016357,-5.830951690673828
-5.916079998016357,-5.830951690673828
-5.916079998016357,-5.830951690673828
-5.916079998016357,-5.830951690673828
-5.916079998016357,-5.830951690673828
-5.916079998016357,-5.830951690673828
-5.916079998016357,-5.830951690673828
-5.916079998016357,-5.830951690673828
-5.916079998016357,-5.830951690673828
-5.916079998016357,-5.830951690673828
-5.916079998016357,-5.830951690673828
-5.916079998016357,-5.830951690673828
-5.916079998016357,-5.830951690673828
-5.916079998016357,-5.830951690673828
-5.916079998016357,-5.830951690673828
-5.916079998016357,-5.830951690673828
-5.916079998016357,-5.830951690673828
-5.916079998016357,-5.830951690673828
-5.916079998016357,-5.830951690673828
-5.916079998016357,-5.830951690673828
-5.916079998016357,-5.830951690673828
-5.916079998016357,-5.830951690673828
-5.916079998016357,-5.830951690673828
-5.916079998016357,-5.830951690673828
-5.916079998016357,-5.830951690673828
-5.916079998016357,-5.830951690673828
-5.916079998016357,-5.830951690673828
-5.916079998016357,-5.830951690673828
-5.916079998016357,-5.830951690673828
-5.916079998016357,-5.830951690673828
-5.916079998016357,-5.830951690673828
-5.916079998016357,-5.830951690673828
-5.916079998016357,-5.830951690673828
-5.916079998016357,-5.830951690673828
-5.916079998016357,-5.830951690673828
-5.916079998016357,-5.830951690673828
-5.916079998016357,-5.830951690673828
-5.916079998016357,-5.830951690673828
-5.916079998016357,-5.830951690673828
-5.916079998016357,-5.830951690673828
-5.916079998016357,-5.830951690673828
-5.916079998016357,-5.830951690673828
-5.916079998016357,-5.830951690673828
-5.916079998016357,-5.830951690673828
-5.916079998016357,-5.830951690673828
-5.916079998016357,-5.830951690673828
-5.916079998016357,-5.830951690673828
-5.916079998016357,-5.830951690673828
-5.916079998016357,-5.830951690673828
-5.916079998016357,-5.830951690673828
-5.916079998016357,-5.830951690673828
-5.916079998016357,-5.830951690673828
-5.916079998016357,-5.830951690673828
-5.916079998016357,-5.830951690673828
-5.916079998016357,-5.830951690673828
-5.916079998016357,-5.830951690673828
-5.916079998016357,-5.830951690673828
-5.916079998016357,-5.830951690673828
-5.916079998016357,-5.830951690673828
-5.916079998016357,-5.830951690673828
-5.916079998016357,-5.830951690673828
-5.916079998016357,-5.830951690673828
-5.916079998016357,-5.830951690673828
-5.916079998016357,-5.830951690673828
-5.916079998016357,-5.830951690673828
-5.916079998016357,-5.830951690673828
-5.916079998016357,-5.830951690673828
-5.916079998016357,-5.830951690673828
-5.916079998016357,-5.830951690673828
-5.916079998016357,-5.830951690673828
-5.916079998016357,-5.830951690673828
-5.916079998016357,-5.830951690673828
-5.916079998016357,-5.830951690673828
-5.916079998016357,-5.830951690673828
-5.916079998016357,-5.830951690673828
-5.916079998016357,-5.830951690673828
-5.916079998016357,-5.830951690673828
-5.916079998016357,-5.830951690673828
-5.916079998016357,-5.830951690673828
-5.916079998016357,-5.830951690673828
-5.916079998016357,-5.830951690673828
-5.916079998016357,-5.830951690673828
-5.916079998016357,-5.830951690673828
-5.916079998016357,-5.830951690673828
-5.916079998016357,-5.830951690673828
-5.916079998016357,-5.830951690673828
-5.916079998016357,-5.830951690673828
-5.916079998016357,-5.830951690673828
-5.916079998016357,-5.830951690673828
-5.916079998016357,-5.830951690673828
-5.916079998016357,-5.830951690673828
-5.916079998016357,-5.830951690673828
-5.916079998016357,-5.830951690673828
-5.916079998016357,-5.830951690673828
-5.916079998016357,-5.830951690673828
-5.916079998016357,-5.830951690673828
-5.916079998016357,-5.830951690673828
-5.916079998016357,-5.830951690673828
-5.916079998016357,-5.830951690673828
-5.916079998016357,-5.830951690673828
-5.916079998016357,-5.830951690673828
-5.916079998016357,-5.830951690673828
-5.916079998016357,-5.830951690673828
-5.916079998016357,-5.830951690673828
-5.916079998016357,-5.830951690673828
-5.916079998016357,-5.830951690673828
-5.916079998016357,-5.830951690673828
-5.916079998016357,-5.830951690673828
-5.916079998016357,-5.830951690673828
-5.916079998016357,-5.830951690673828
-5.916079998016357,-5.830951690673828
-5.916079998016357,-5.830951690673828
-5.916079998016357,-5.830951690673828
-5.916079998016357,-5.830951690673828
-5.916079998016357,-5.830951690673828
-5.916079998016357,-5.830951690673828
-5.916079998016357,-5.830951690673828
-5.916079998016357,-5.830951690673828
-5.916079998016357,-5.830951690673828
-5.916079998016357,-5.830951690673828
-5.916079998016357,-5.830951690673828
-5.916079998016357,-5.830951690673828
-5.916079998016357,-5.830951690673828
-5.916079998016357,-5.830951690673828
-5.916079998016357,-5.830951690673828
-5.916079998016357,-5.830951690673828
-5.916079998016357,-5.830951690673828
-5.916079998016357,-5.830951690673828
-5.916079998016357,-5.830951690673828
-5.916079998016357,-5.830951690673828
-5.916079998016357,-5.830951690673828
-5.916079998016357,-5.830951690673828
-5.916079998016357,-5.830951690673828
-5.916079998016357,-5.830951690673828
-5.916079998016357,-5.830951690673828
-5.916079998016357,-5.830951690673828
-5.916079998016357,-5.830951690673828
-5.916079998016357,-5.830951690673828
-5.916079998016357,-5.830951690673828
-5.916079998016357,-5.830951690673828
-5.916079998016357,-5.830951690673828
-5.916079998016357,-5.830951690673828
-5.916079998016357,-5.830951690673828
-5.916079998016357,-5.830951690673828
-5.916079998016357,-5.830951690673828
-5.916079998016357,-5.830951690673828
-5.916079998016357,-5.830951690673828
-5.916079998016357,-5.830951690673828
-5.916079998016357,-5.830951690673828
-5.916079998016357,-5.830951690673828
-5.916079998016357,-5.830951690673828
-5.916079998016357,-5.830951690673828
-5.916079998016357,-5.830951690673828
-5.916079998016357,-5.830951690673828
-5.916079998016357,-5.830951690673828
-5.916079998016357,-5.830951690673828
-5.916079998016357,-5.830951690673828
-5.916079998016357,-5.830951690673828
-5.916079998016357,-5.830951690673828
-5.916079998016357,-5.830951690673828
-5.916079998016357,-5.830951690673828
-5.916079998016357,-5.830951690673828
-5.916079998016357,-5.830951690673828
-5.916079998016357,-5.830951690673828
-5.916079998016357,-5.830951690673828
-5.916079998016357,-5.830951690673828
-5.916079998016357,-5.830951690673828
-5.916079998016357,-5.830951690673828
-5.916079998016357,-5.830951690673828
-5.916079998016357,-5.830951690673828
-5.916079998016357,-5.830951690673828
-5.916079998016357,-5.830951690673828
-5.916079998016357,-5.830951690673828
-5.916079998016357,-5.830951690673828
-5.916079998016357,-5.830951690673828
-5.916079998016357,-5.830951690673828
-5.916079998016357,-5.830951690673828
-5.916079998016357,-5.830951690673828
-5.916079998016357,-5.830951690673828
-5.916079998016357,-5.830951690673828
-5.916079998016357,-5.830951690673828
-5.916079998016357,-5.830951690673828
-5.916079998016357,-5.830951690673828
-5.916079998016357,-5.830951690673828
-5.916079998016357,-5.830951690673828
-5.916079998016357,-5.830951690673828
-5.916079998016357,-5.830951690673828
-5.916079998016357,-5.830951690673828
-5.916079998016357,-5.830951690673828
-5.916079998016357,-5.830951690673828
-5.916079998016357,-5.830951690673828
-5.916079998016357,-5.830951690673828
-5.916079998016357,-5.830951690673828
-5.916079998016357,-5.830951690673828
-5.916079998016357,-5.830951690673828
-5.916079998016357,-5.830951690673828
-5.916079998016357,-5.830951690673828
-5.916079998016357,-5.830951690673828
-5.916079998016357,-5.830951690673828
-5.916079998016357,-5.830951690673828
-5.916079998016357,-5.830951690673828
-5.916079998016357,-5.830951690673828
-5.916079998016357,-5.830951690673828
-5.916079998016357,-5.830951690673828
-5.916079998016357,-5.830951690673828
-5.916079998016357,-5.830951690673828
-5.916079998016357,-5.830951690673828
-5.916079998016357,-5.830951690673828
-5.916079998016357,-5.830951690673828
-5.916079998016357,-5.830951690673828
-5.916079998016357,-5.830951690673828
-5.916079998016357,-5.830951690673828
-5.916079998016357,-5.830951690673828
-5.916079998016357,-5.830951690673828
-5.916079998016357,-5.830951690673828
-5.916079998016357,-5.830951690673828
-5.916079998016357,-5.830951690673828
-5.916079998016357,-5.830951690673828
-5.916079998016357,-5.830951690673828
-5.916079998016357,-5.830951690673828
-5.916079998016357,-5.830951690673828
-5.916079998016357,-5.830951690673828
-5.916079998016357,-5.830951690673828
-5.916079998016357,-5.830951690673828
-5.916079998016357,-5.830951690673828
-5.916079998016357,-5.830951690673828
-5.916079998016357,-5.830951690673828
-5.916079998016357,-5.830951690673828
-5.916079998016357,-5.830951690673828
-5.916079998016357,-5.830951690673828
-5.916079998016357,-5.830951690673828
-5.916079998016357,-5.830951690673828
-5.916079998016357,-5.830951690673828
-5.916079998016357,-5.830951690673828
-5.916079998016357,-5.830951690673828
-5.916079998016357,-5.830951690673828
-5.916079998016357,-5.830951690673828
-5.916079998016357,-5.830951690673828
-5.916079998016357,-5.830951690673828
-5.916079998016357,-5.830951690673828
-5.916079998016357,-5.830951690673828
-5.916079998016357,-5.830951690673828
-5.916079998016357,-5.830951690673828
-5.916079998016357,-5.830951690673828
-5.916079998016357,-5.830951690673828
-5.916079998016357,-5.830951690673828
-5.916079998016357,-5.830951690673828
-5.916079998016357,-5.830951690673828
-5.916079998016357,-5.830951690673828
-5.916079998016357,-5.830951690673828
-5.916079998016357,-5.830951690673828
-5.916079998016357,-5.830951690673828
-5.916079998016357,-5.830951690673828
-5.916079998016357,-5.830951690673828
-5.916079998016357,-5.830951690673828
-5.916079998016357,-5.830951690673828
-5.916079998016357,-5.830951690673828
-5.916079998016357,-5.830951690673828
-5.916079998016357,-5.830951690673828
-5.916079998016357,-5.830951690673828
-5.916079998016357,-5.830951690673828
-5.916079998016357,-5.830951690673828
-5.916079998016357,-5.830951690673828
-5.916079998016357,-5.830951690673828
-5.916079998016357,-5.830951690673828
-5.916079998016357,-5.830951690673828
-5.916079998016357,-5.830951690673828
-5.916079998016357,-5.830951690673828
-5.916079998016357,-5.830951690673828
-5.916079998016357,-5.830951690673828
-5.916079998016357,-5.830951690673828
-5.916079998016357,-5.830951690673828
-5.916079998016357,-5.830951690673828
-5.916079998016357,-5.830951690673828
-5.916079998016357,-5.830951690673828
-5.916079998016357,-5.830951690673828
-5.916079998016357,-5.830951690673828
-5.916079998016357,-5.830951690673828
-5.916079998016357,-5.830951690673828
-5.916079998016357,-5.830951690673828
-5.916079998016357,-5.830951690673828
-5.916079998016357,-5.830951690673828
-5.916079998016357,-5.830951690673828
-5.916079998016357,-5.830951690673828
-5.916079998016357,-5.830951690673828
-5.916079998016357,-5.830951690673828
-5.916079998016357,-5.830951690673828
-5.916079998016357,-5.830951690673828
-5.916079998016357,-5.830951690673828
-5.916079998016357,-5.830951690673828
-5.916079998016357,-5.830951690673828
-5.916079998016357,-5.830951690673828
-5.916079998016357,-5.830951690673828
-5.916079998016357,-5.830951690673828
-5.916079998016357,-5.830951690673828
-5.916079998016357,-5.830951690673828
-5.916079998016357,-5.830951690673828
-5.916079998016357,-5.830951690673828
-5.916079998016357,-5.830951690673828
-5.916079998016357,-5.830951690673828
-5.916079998016357,-5.830951690673828
-5.916079998016357,-5.830951690673828
-5.916079998016357,-5.830951690673828
-5.916079998016357,-5.830951690673828
-5.916079998016357,-5.830951690673828
-5.916079998016357,-5.830951690673828
-5.916079998016357,-5.830951690673828
-5.916079998016357,-5.830951690673828
-5.916079998016357,-5.830951690673828
-5.916079998016357,-5.830951690673828
-5.916079998016357,-5.830951690673828
-5.916079998016357,-5.830951690673828
-5.916079998016357,-5.830951690673828
-5.916079998016357,-5.830951690673828
-5.916079998016357,-5.830951690673828
-5.916079998016357,-5.830951690673828
-5.916079998016357,-5.830951690673828
-5.916079998016357,-5.830951690673828
-5.916079998016357,-5.830951690673828
-5.916079998016357,-5.830951690673828
-5.916079998016357,-5.830951690673828
-5.916079998016357,-5.830951690673828
-5.916079998016357,-5.830951690673828
-5.916079998016357,-5.830951690673828
-5.916079998016357,-5.830951690673828
-5.916079998016357,-5.830951690673828
-5.916079998016357,-5.830951690673828
-5.916079998016357,-5.830951690673828
-5.916079998016357,-5.830951690673828
-5.916079998016357,-5.830951690673828
-5.916079998016357,-5.830951690673828
-5.916079998016357,-5.830951690673828
-5.916079998016357,-5.830951690673828
-5.916079998016357,-5.830951690673828
-5.916079998016357,-5.830951690673828
-5.916079998016357,-5.830951690673828
-5.916079998016357,-5.830951690673828
-5.916079998016357,-5.830951690673828
-5.916079998016357,-5.830951690673828
-5.916079998016357,-5.830951690673828
-5.916079998016357,-5.830951690673828
-5.916079998016357,-5.830951690673828
-5.916079998016357,-5.830951690673828
-5.916079998016357,-5.830951690673828
-5.916079998016357,-5.830951690673828
-5.916079998016357,-5.830951690673828
-5.916079998016357,-5.830951690673828
-5.916079998016357,-5.830951690673828
-5.916079998016357,-5.830951690673828
-5.916079998016357,-5.830951690673828
-5.916079998016357,-5.830951690673828
-5.916079998016357,-5.830951690673828
-5.916079998016357,-5.830951690673828
-5.916079998016357,-5.830951690673828
-5.916079998016357,-5.830951690673828
-5.916079998016357,-5.830951690673828
-5.916079998016357,-5.830951690673828
-5.916079998016357,-5.830951690673828
-5.916079998016357,-5.830951690673828
-5.916079998016357,-5.830951690673828
-5.916079998016357,-5.830951690673828
-5.916079998016357,-5.830951690673828
-5.916079998016357,-5.830951690673828
-5.916079998016357,-5.830951690673828
-5.916079998016357,-5.830951690673828
-5.916079998016357,-5.830951690673828
-5.916079998016357,-5.830951690673828
-5.916079998016357,-5.830951690673828
-5.916079998016357,-5.830951690673828
-5.916079998016357,-5.830951690673828
-5.916079998016357,-5.830951690673828
-5.916079998016357,-5.830951690673828
-5.916079998016357,-5.830951690673828
-5.916079998016357,-5.830951690673828
-5.916079998016357,-5.830951690673828
-5.916079998016357,-5.830951690673828
-5.916079998016357,-5.830951690673828
-5.916079998016357,-5.830951690673828
-5.916079998016357,-5.830951690673828
-5.916079998016357,-5.830951690673828
-5.916079998016357,-5.830951690673828
-5.916079998016357,-5.830951690673828
-5.916079998016357,-5.830951690673828
-5.916079998016357,-5.830951690673828
-5.916079998016357,-5.830951690673828
-5.916079998016357,-5.830951690673828
-5.916079998016357,-5.830951690673828
-5.916079998016357,-5.830951690673828
-5.916079998016357,-5.830951690673828
-5.916079998016357,-5.830951690673828
-5.916079998016357,-5.830951690673828
-5.916079998016357,-5.830951690673828
-5.916079998016357,-5.830951690673828
-5.916079998016357,-5.830951690673828
-5.916079998016357,-5.830951690673828
-5.916079998016357,-5.830951690673828
-5.916079998016357,-5.830951690673828
-5.916079998016357,-5.830951690673828
-5.916079998016357,-5.830951690673828
-5.916079998016357,-5.830951690673828
-5.916079998016357,-5.830951690673828
-5.916079998016357,-5.830951690673828
-5.916079998016357,-5.830951690673828
-5.916079998016357,-5.830951690673828
-5.916079998016357,-5.830951690673828
-5.916079998016357,-5.830951690673828
-5.916079998016357,-5.830951690673828
-5.916079998016357,-5.830951690673828
-5.916079998016357,-5.830951690673828
-5.916079998016357,-5.830951690673828
-5.916079998016357,-5.830951690673828
-5.916079998016357,-5.830951690673828
-5.916079998016357,-5.830951690673828
-5.916079998016357,-5.830951690673828
-5.916079998016357,-5.830951690673828
-5.916079998016357,-5.830951690673828
-5.916079998016357,-5.830951690673828
-5.916079998016357,-5.830951690673828
-5.916079998016357,-5.830951690673828
-5.916079998016357,-5.830951690673828
-5.916079998016357,-5.830951690673828
-5.916079998016357,-5.830951690673828
-5.916079998016357,-5.830951690673828
-5.916079998016357,-5.830951690673828
-5.916079998016357,-5.830951690673828
-5.916079998016357,-5.830951690673828
-5.916079998016357,-5.830951690673828
-5.916079998016357,-5.830951690673828
-5.916079998016357,-5.830951690673828
-5.916079998016357,-5.830951690673828
-5.916079998016357,-5.830951690673828
-5.916079998016357,-5.830951690673828
-5.916079998016357,-5.830951690673828
-5.916079998016357,-5.830951690673828
-5.916079998016357,-5.830951690673828
-5.916079998016357,-5.830951690673828
-5.916079998016357,-5.830951690673828
-5.916079998016357,-5.830951690673828
-5.916079998016357,-5.830951690673828
-5.916079998016357,-5.830951690673828
-5.916079998016357,-5.830951690673828
-5.916079998016357,-5.830951690673828
-5.916079998016357,-5.830951690673828
-5.916079998016357,-5.830951690673828
-5.916079998016357,-5.830951690673828
-5.916079998016357,-5.830951690673828
-5.916079998016357,-5.830951690673828
-5.916079998016357,-5.830951690673828
-5.916079998016357,-5.830951690673828
-5.916079998016357,-5.830951690673828
-5.916079998016357,-5.830951690673828
-5.916079998016357,-5.830951690673828
-5.916079998016357,-5.830951690673828
-5.916079998016357,-5.830951690673828
-5.916079998016357,-5.830951690673828
-5.916079998016357,-5.830951690673828
-5.916079998016357,-5.830951690673828
-5.916079998016357,-5.830951690673828
-5.916079998016357,-5.830951690673828
-5.916079998016357,-5.830951690673828
-5.916079998016357,-5.830951690673828
-5.916079998016357,-5.830951690673828
-5.916079998016357,-5.830951690673828
-5.916079998016357,-5.830951690673828
-5.916079998016357,-5.830951690673828
-5.916079998016357,-5.830951690673828
-5.916079998016357,-5.830951690673828
-5.916079998016357,-5.830951690673828
-5.916079998016357,-5.830951690673828
-5.916079998016357,-5.830951690673828
-5.916079998016357,-5.830951690673828
-5.916079998016357,-5.830951690673828
-5.916079998016357,-5.830951690673828
-5.916079998016357,-5.830951690673828
-5.916079998016357,-5.830951690673828
-5.916079998016357,-5.830951690673828
-5.916079998016357,-5.830951690673828
-5.916079998016357,-5.830951690673828
-5.916079998016357,-5.830951690673828
-5.916079998016357,-5.830951690673828
-5.916079998016357,-5.830951690673828
-5.916079998016357,-5.830951690673828
-5.916079998016357,-5.830951690673828
-5.916079998016357,-5.830951690673828
-5.916079998016357,-5.830951690673828
-5.916079998016357,-5.830951690673828
-5.916079998016357,-5.830951690673828
-5.916079998016357,-5.830951690673828
-5.916079998016357,-5.830951690673828
-5.916079998016357,-5.830951690673828
-5.916079998016357,-5.830951690673828
-5.916079998016357,-5.830951690673828
-5.916079998016357,-5.830951690673828
-5.916079998016357,-5.830951690673828
-5.916079998016357,-5.830951690673828
-5.916079998016357,-5.830951690673828
-5.916079998016357,-5.830951690673828
-5.916079998016357,-5.830951690673828
-5.916079998016357,-5.830951690673828
-5.916079998016357,-5.830951690673828
-5.916079998016357,-5.830951690673828
-5.916079998016357,-5.830951690673828
-5.916079998016357,-5.830951690673828
-5.916079998016357,-5.830951690673828
-5.916079998016357,-5.830951690673828
-5.916079998016357,-5.830951690673828
-5.916079998016357,-5.830951690673828
-5.916079998016357,-5.830951690673828
-5.916079998016357,-5.830951690673828
-5.916079998016357,-5.830951690673828
-5.916079998016357,-5.830951690673828
-5.916079998016357,-5.830951690673828
-5.916079998016357,-5.830951690673828
-5.916079998016357,-5.830951690673828
-5.916079998016357,-5.830951690673828
-5.916079998016357,-5.830951690673828
-5.916079998016357,-5.830951690673828
-5.916079998016357,-5.830951690673828
-5.916079998016357,-5.74456262588501
-5.916079998016357,-5.74456262588501
-5.916079998016357,-5.74456262588501
-5.916079998016357,-5.74456262588501
-5.916079998016357,-5.74456262588501
-5.916079998016357,-5.74456262588501
-5.916079998016357,-5.74456262588501
-5.916079998016357,-5.74456262588501
-5.916079998016357,-5.74456262588501
-5.916079998016357,-5.74456262588501
-5.916079998016357,-5.74456262588501
-5.916079998016357,-5.74456262588501
-5.916079998016357,-5.74456262588501
-5.916079998016357,-5.74456262588501
-5.916079998016357,-5.74456262588501
-5.916079998016357,-5.74456262588501
-5.916079998016357,-5.74456262588501
-5.916079998016357,-5.74456262588501
-5.916079998016357,-5.74456262588501
-5.916079998016357,-5.74456262588501
-5.916079998016357,-5.74456262588501
-5.916079998016357,-5.74456262588501
-5.916079998016357,-5.74456262588501
-5.916079998016357,-5.74456262588501
-5.916079998016357,-5.74456262588501
-5.916079998016357,-5.74456262588501
-5.916079998016357,-5.74456262588501
-5.916079998016357,-5.74456262588501
-5.916079998016357,-5.74456262588501
-5.916079998016357,-5.74456262588501
-5.916079998016357,-5.74456262588501
-5.916079998016357,-5.74456262588501
-5.916079998016357,-5.74456262588501
-5.916079998016357,-5.74456262588501
-5.916079998016357,-5.74456262588501
-5.916079998016357,-5.74456262588501
-5.916079998016357,-5.74456262588501
-5.916079998016357,-5.74456262588501
-5.916079998016357,-5.74456262588501
-5.916079998016357,-5.74456262588501
-5.916079998016357,-5.74456262588501
-5.916079998016357,-5.74456262588501
-5.916079998016357,-5.74456262588501
-5.916079998016357,-5.74456262588501
-5.916079998016357,-5.74456262588501
-5.916079998016357,-5.74456262588501
-5.916079998016357,-5.74456262588501
-5.916079998016357,-5.74456262588501
-5.916079998016357,-5.74456262588501
-5.916079998016357,-5.74456262588501
-5.916079998016357,-5.74456262588501
-5.916079998016357,-5.74456262588501
-5.916079998016357,-5.74456262588501
-5.916079998016357,-5.74456262588501
-5.916079998016357,-5.74456262588501
-5.916079998016357,-5.74456262588501
-5.916079998016357,-5.74456262588501
-5.916079998016357,-5.74456262588501
-5.916079998016357,-5.74456262588501
-5.916079998016357,-5.74456262588501
-5.916079998016357,-5.74456262588501
-5.916079998016357,-5.74456262588501
-5.916079998016357,-5.74456262588501
-5.916079998016357,-5.74456262588501
-5.916079998016357,-5.74456262588501
-5.916079998016357,-5.74456262588501
-5.916079998016357,-5.74456262588501
-5.916079998016357,-5.74456262588501
-5.916079998016357,-5.74456262588501
-5.916079998016357,-5.74456262588501
-5.916079998016357,-5.74456262588501
-5.916079998016357,-5.74456262588501
-5.916079998016357,-5.74456262588501
-5.916079998016357,-5.74456262588501
-5.916079998016357,-5.74456262588501
-5.916079998016357,-5.74456262588501
-5.916079998016357,-5.74456262588501
-5.916079998016357,-5.74456262588501
-5.916079998016357,-5.74456262588501
-5.916079998016357,-5.74456262588501
-5.916079998016357,-5.74456262588501
-5.916079998016357,-5.74456262588501
-5.916079998016357,-5.74456262588501
-5.916079998016357,-5.74456262588501
-5.916079998016357,-5.74456262588501
-5.916079998016357,-5.74456262588501
-5.916079998016357,-5.74456262588501
-5.916079998016357,-5.74456262588501
-5.916079998016357,-5.74456262588501
-5.916079998016357,-5.74456262588501
-5.916079998016357,-5.74456262588501
-5.916079998016357,-5.74456262588501
-5.916079998016357,-5.74456262588501
-5.916079998016357,-5.74456262588501
-5.916079998016357,-5.74456262588501
-5.916079998016357,-5.74456262588501
-5.916079998016357,-5.74456262588501
-5.916079998016357,-5.74456262588501
-5.916079998016357,-5.74456262588501
-5.916079998016357,-5.74456262588501
-5.916079998016357,-5.74456262588501
-5.916079998016357,-5.74456262588501
-5.916079998016357,-5.74456262588501
-5.916079998016357,-5.74456262588501
-5.916079998016357,-5.74456262588501
-5.916079998016357,-5.74456262588501
-5.916079998016357,-5.74456262588501
-5.916079998016357,-5.74456262588501
-5.916079998016357,-5.74456262588501
-5.916079998016357,-5.74456262588501
-5.916079998016357,-5.74456262588501
-5.916079998016357,-5.74456262588501
-5.916079998016357,-5.74456262588501
-5.916079998016357,-5.74456262588501
-5.916079998016357,-5.74456262588501
-5.916079998016357,-5.74456262588501
-5.916079998016357,-5.74456262588501
-5.916079998016357,-5.74456262588501
-5.916079998016357,-5.74456262588501
-5.916079998016357,-5.74456262588501
-5.916079998016357,-5.74456262588501
-5.916079998016357,-5.74456262588501
-5.916079998016357,-5.74456262588501
-5.916079998016357,-5.74456262588501
-5.916079998016357,-5.74456262588501
-5.916079998016357,-5.74456262588501
-5.916079998016357,-5.74456262588501
-5.916079998016357,-5.74456262588501
-5.916079998016357,-5.74456262588501
-5.916079998016357,-5.74456262588501
-5.916079998016357,-5.74456262588501
-5.916079998016357,-5.74456262588501
-5.916079998016357,-5.74456262588501
-5.916079998016357,-5.74456262588501
-5.916079998016357,-5.74456262588501
-5.916079998016357,-5.74456262588501
-5.916079998016357,-5.74456262588501
-5.916079998016357,-5.74456262588501
-5.916079998016357,-5.74456262588501
-5.916079998016357,-5.74456262588501
-5.916079998016357,-5.74456262588501
-5.916079998016357,-5.74456262588501
-5.916079998016357,-5.74456262588501
-5.916079998016357,-5.74456262588501
-5.916079998016357,-5.74456262588501
-5.916079998016357,-5.74456262588501
-5.916079998016357,-5.74456262588501
-5.916079998016357,-5.74456262588501
-5.916079998016357,-5.74456262588501
-5.916079998016357,-5.74456262588501
-5.916079998016357,-5.74456262588501
-5.916079998016357,-5.74456262588501
-5.916079998016357,-5.74456262588501
-5.916079998016357,-5.74456262588501
-5.916079998016357,-5.74456262588501
-5.916079998016357,-5.74456262588501
-5.916079998016357,-5.74456262588501
-5.916079998016357,-5.74456262588501
-5.916079998016357,-5.74456262588501
-5.916079998016357,-5.74456262588501
-5.916079998016357,-5.74456262588501
-5.916079998016357,-5.74456262588501
-5.916079998016357,-5.74456262588501
-5.916079998016357,-5.74456262588501
-5.916079998016357,-5.74456262588501
-5.916079998016357,-5.74456262588501
-5.916079998016357,-5.74456262588501
-5.916079998016357,-5.74456262588501
-5.916079998016357,-5.74456262588501
-5.916079998016357,-5.74456262588501
-5.916079998016357,-5.74456262588501
-5.916079998016357,-5.74456262588501
-5.916079998016357,-5.74456262588501
-5.916079998016357,-5.74456262588501
-5.916079998016357,-5.74456262588501
-5.916079998016357,-5.74456262588501
-5.916079998016357,-5.74456262588501
-5.916079998016357,-5.74456262588501
-5.916079998016357,-5.74456262588501
-5.916079998016357,-5.74456262588501
-5.916079998016357,-5.74456262588501
-5.916079998016357,-5.74456262588501
-5.916079998016357,-5.74456262588501
-5.916079998016357,-5.74456262588501
-5.916079998016357,-5.74456262588501
-5.916079998016357,-5.74456262588501
-5.916079998016357,-5.74456262588501
-5.916079998016357,-5.74456262588501
-5.916079998016357,-5.74456262588501
-5.916079998016357,-5.74456262588501
-5.916079998016357,-5.74456262588501
-5.916079998016357,-5.74456262588501
-5.916079998016357,-5.74456262588501
-5.916079998016357,-5.74456262588501
-5.916079998016357,-5.74456262588501
-5.916079998016357,-5.74456262588501
-5.916079998016357,-5.74456262588501
-5.916079998016357,-5.74456262588501
-5.916079998016357,-5.74456262588501
-5.916079998016357,-5.74456262588501
-5.916079998016357,-5.74456262588501
-5.916079998016357,-5.74456262588501
-5.916079998016357,-5.74456262588501
-5.916079998016357,-5.74456262588501
-5.916079998016357,-5.74456262588501
-5.916079998016357,-5.74456262588501
-5.916079998016357,-5.74456262588501
-5.916079998016357,-5.74456262588501
-5.916079998016357,-5.74456262588501
-5.916079998016357,-5.74456262588501
-5.916079998016357,-5.74456262588501
-5.916079998016357,-5.74456262588501
-5.916079998016357,-5.74456262588501
-5.916079998016357,-5.74456262588501
-5.916079998016357,-5.74456262588501
-5.916079998016357,-5.74456262588501
-5.916079998016357,-5.74456262588501
-5.916079998016357,-5.74456262588501
-5.916079998016357,-5.74456262588501
-5.916079998016357,-5.74456262588501
-5.916079998016357,-5.74456262588501
-5.916079998016357,-5.74456262588501
-5.916079998016357,-5.74456262588501
-5.916079998016357,-5.74456262588501
-5.916079998016357,-5.74456262588501
-5.916079998016357,-5.74456262588501
-5.916079998016357,-5.74456262588501
-5.916079998016357,-5.74456262588501
-5.916079998016357,-5.74456262588501
-5.916079998016357,-5.74456262588501
-5.916079998016357,-5.74456262588501
-5.916079998016357,-5.74456262588501
-5.916079998016357,-5.74456262588501
-5.916079998016357,-5.74456262588501
-5.916079998016357,-5.74456262588501
-5.916079998016357,-5.74456262588501
-5.916079998016357,-5.74456262588501
-5.916079998016357,-5.74456262588501
-5.916079998016357,-5.74456262588501
-5.916079998016357,-5.74456262588501
-5.916079998016357,-5.74456262588501
-5.916079998016357,-5.74456262588501
-5.916079998016357,-5.74456262588501
-5.916079998016357,-5.74456262588501
-5.916079998016357,-5.74456262588501
-5.916079998016357,-5.74456262588501
-5.916079998016357,-5.74456262588501
-5.916079998016357,-5.74456262588501
-5.916079998016357,-5.74456262588501
-5.916079998016357,-5.74456262588501
-5.916079998016357,-5.74456262588501
-5.916079998016357,-5.74456262588501
-5.916079998016357,-5.74456262588501
-5.916079998016357,-5.74456262588501
-5.916079998016357,-5.74456262588501
-5.916079998016357,-5.74456262588501
-5.916079998016357,-5.74456262588501
-5.916079998016357,-5.74456262588501
-5.916079998016357,-5.74456262588501
-5.916079998016357,-5.74456262588501
-5.916079998016357,-5.74456262588501
-5.916079998016357,-5.74456262588501
-5.916079998016357,-5.74456262588501
-5.916079998016357,-5.74456262588501
-5.916079998016357,-5.74456262588501
-5.916079998016357,-5.74456262588501
-5.916079998016357,-5.74456262588501
-5.916079998016357,-5.74456262588501
-5.916079998016357,-5.74456262588501
-5.916079998016357,-5.74456262588501
-5.916079998016357,-5.74456262588501
-5.916079998016357,-5.74456262588501
-5.916079998016357,-5.74456262588501
-5.916079998016357,-5.74456262588501
-5.916079998016357,-5.74456262588501
-5.916079998016357,-5.74456262588501
-5.916079998016357,-5.74456262588501
-5.916079998016357,-5.74456262588501
-5.916079998016357,-5.74456262588501
-5.916079998016357,-5.74456262588501
-5.916079998016357,-5.74456262588501
-5.916079998016357,-5.74456262588501
-5.916079998016357,-5.74456262588501
-5.916079998016357,-5.74456262588501
-5.916079998016357,-5.74456262588501
-5.916079998016357,-5.74456262588501
-5.916079998016357,-5.74456262588501
-5.916079998016357,-5.74456262588501
-5.916079998016357,-5.74456262588501
-5.916079998016357,-5.74456262588501
-5.916079998016357,-5.74456262588501
-5.916079998016357,-5.74456262588501
-5.916079998016357,-5.74456262588501
-5.916079998016357,-5.74456262588501
-5.916079998016357,-5.74456262588501
-5.916079998016357,-5.74456262588501
-5.916079998016357,-5.74456262588501
-5.916079998016357,-5.74456262588501
-5.916079998016357,-5.74456262588501
-5.916079998016357,-5.74456262588501
-5.916079998016357,-5.74456262588501
-5.916079998016357,-5.74456262588501
-5.916079998016357,-5.74456262588501
-5.916079998016357,-5.74456262588501
-5.916079998016357,-5.74456262588501
-5.916079998016357,-5.74456262588501
-5.916079998016357,-5.74456262588501
-5.916079998016357,-5.74456262588501
-5.916079998016357,-5.74456262588501
-5.916079998016357,-5.74456262588501
-5.916079998016357,-5.74456262588501
-5.916079998016357,-5.74456262588501
-5.916079998016357,-5.74456262588501
-5.916079998016357,-5.74456262588501
-5.916079998016357,-5.74456262588501
-5.916079998016357,-5.74456262588501
-5.916079998016357,-5.74456262588501
-5.916079998016357,-5.74456262588501
-5.916079998016357,-5.74456262588501
-5.916079998016357,-5.74456262588501
-5.916079998016357,-5.74456262588501
-5.916079998016357,-5.74456262588501
-5.916079998016357,-5.74456262588501
-5.916079998016357,-5.74456262588501
-5.916079998016357,-5.74456262588501
-5.916079998016357,-5.74456262588501
-5.916079998016357,-5.74456262588501
-5.916079998016357,-5.74456262588501
-5.916079998016357,-5.74456262588501
-5.916079998016357,-5.74456262588501
-5.916079998016357,-5.74456262588501
-5.916079998016357,-5.74456262588501
-5.916079998016357,-5.74456262588501
-5.916079998016357,-5.74456262588501
-5.916079998016357,-5.74456262588501
-5.916079998016357,-5.74456262588501
-5.916079998016357,-5.74456262588501
-5.916079998016357,-5.74456262588501
-5.916079998016357,-5.74456262588501
-5.916079998016357,-5.74456262588501
-5.916079998016357,-5.74456262588501
-5.916079998016357,-5.74456262588501
-5.916079998016357,-5.74456262588501
-5.916079998016357,-5.74456262588501
-5.916079998016357,-5.74456262588501
-5.916079998016357,-5.74456262588501
-5.916079998016357,-5.74456262588501
-5.916079998016357,-5.74456262588501
-5.916079998016357,-5.74456262588501
-5.916079998016357,-5.74456262588501
-5.916079998016357,-5.74456262588501
-5.916079998016357,-5.74456262588501
-5.916079998016357,-5.74456262588501
-5.916079998016357,-5.74456262588501
-5.916079998016357,-5.74456262588501
-5.916079998016357,-5.74456262588501
-5.916079998016357,-5.74456262588501
-5.916079998016357,-5.74456262588501
-5.916079998016357,-5.74456262588501
-5.916079998016357,-5.74456262588501
-5.916079998016357,-5.74456262588501
-5.916079998016357,-5.74456262588501
-5.916079998016357,-5.74456262588501
-5.916079998016357,-5.74456262588501
-5.916079998016357,-5.74456262588501
-5.916079998016357,-5.74456262588501
-5.916079998016357,-5.74456262588501
-5.916079998016357,-5.74456262588501
-5.916079998016357,-5.74456262588501
-5.916079998016357,-5.74456262588501
-5.916079998016357,-5.74456262588501
-5.916079998016357,-5.74456262588501
-5.916079998016357,-5.74456262588501
-5.916079998016357,-5.74456262588501
-5.916079998016357,-5.74456262588501
-5.916079998016357,-5.74456262588501
-5.916079998016357,-5.74456262588501
-5.916079998016357,-5.74456262588501
-5.916079998016357,-5.74456262588501
-5.916079998016357,-5.74456262588501
-5.916079998016357,-5.74456262588501
-5.916079998016357,-5.74456262588501
-5.916079998016357,-5.74456262588501
-5.916079998016357,-5.74456262588501
-5.916079998016357,-5.74456262588501
-5.916079998016357,-5.74456262588501
-5.916079998016357,-5.74456262588501
-5.916079998016357,-5.74456262588501
-5.916079998016357,-5.74456262588501
-5.916079998016357,-5.74456262588501
-5.916079998016357,-5.74456262588501
-5.916079998016357,-5.74456262588501
-5.916079998016357,-5.74456262588501
-5.916079998016357,-5.74456262588501
-5.916079998016357,-5.74456262588501
-5.916079998016357,-5.74456262588501
-5.916079998016357,-5.74456262588501
-5.916079998016357,-5.74456262588501
-5.916079998016357,-5.74456262588501
-5.916079998016357,-5.74456262588501
-5.916079998016357,-5.74456262588501
-5.916079998016357,-5.74456262588501
-5.916079998016357,-5.74456262588501
-5.916079998016357,-5.74456262588501
-5.916079998016357,-5.74456262588501
-5.916079998016357,-5.74456262588501
-5.916079998016357,-5.74456262588501
-5.916079998016357,-5.74456262588501
-5.916079998016357,-5.74456262588501
-5.916079998016357,-5.74456262588501
-5.916079998016357,-5.74456262588501
-5.916079998016357,-5.74456262588501
-5.916079998016357,-5.74456262588501
-5.916079998016357,-5.74456262588501
-5.916079998016357,-5.74456262588501
-5.916079998016357,-5.74456262588501
-5.916079998016357,-5.74456262588501
-5.916079998016357,-5.74456262588501
-5.916079998016357,-5.74456262588501
-5.916079998016357,-5.74456262588501
-5.916079998016357,-5.74456262588501
-5.916079998016357,-5.74456262588501
-5.916079998016357,-5.74456262588501
-5.916079998016357,-5.74456262588501
-5.916079998016357,-5.74456262588501
-5.916079998016357,-5.74456262588501
-5.916079998016357,-5.74456262588501
-5.916079998016357,-5.74456262588501
-5.916079998016357,-5.74456262588501
-5.916079998016357,-5.74456262588501
-5.916079998016357,-5.74456262588501
-5.916079998016357,-5.74456262588501
-5.916079998016357,-5.74456262588501
-5.916079998016357,-5.74456262588501
-5.916079998016357,-5.74456262588501
-5.916079998016357,-5.74456262588501
-5.916079998016357,-5.74456262588501
-5.916079998016357,-5.74456262588501
-5.916079998016357,-5.74456262588501
-5.916079998016357,-5.74456262588501
-5.916079998016357,-5.74456262588501
-5.916079998016357,-5.74456262588501
-5.916079998016357,-5.74456262588501
-5.916079998016357,-5.74456262588501
-5.916079998016357,-5.74456262588501
-5.916079998016357,-5.74456262588501
-5.916079998016357,-5.74456262588501
-5.916079998016357,-5.74456262588501
-5.916079998016357,-5.74456262588501
-5.916079998016357,-5.74456262588501
-5.916079998016357,-5.74456262588501
-5.916079998016357,-5.74456262588501
-5.916079998016357,-5.74456262588501
-5.916079998016357,-5.74456262588501
-5.916079998016357,-5.74456262588501
-5.916079998016357,-5.74456262588501
-5.916079998016357,-5.74456262588501
-5.916079998016357,-5.74456262588501
-5.916079998016357,-5.74456262588501
-5.916079998016357,-5.74456262588501
-5.916079998016357,-5.74456262588501
-5.916079998016357,-5.74456262588501
-5.916079998016357,-5.74456262588501
-5.916079998016357,-5.74456262588501
-5.916079998016357,-5.74456262588501
-5.916079998016357,-5.74456262588501
-5.916079998016357,-5.74456262588501
-5.916079998016357,-5.74456262588501
-5.916079998016357,-5.74456262588501
-5.916079998016357,-5.74456262588501
-5.916079998016357,-5.74456262588501
-5.916079998016357,-5.74456262588501
-5.916079998016357,-5.74456262588501
-5.916079998016357,-5.74456262588501
-5.916079998016357,-5.74456262588501
-5.916079998016357,-5.74456262588501
-5.916079998016357,-5.74456262588501
-5.916079998016357,-5.74456262588501
-5.916079998016357,-5.74456262588501
-5.916079998016357,-5.74456262588501
-5.916079998016357,-5.74456262588501
-5.916079998016357,-5.74456262588501
-5.916079998016357,-5.74456262588501
-5.916079998016357,-5.74456262588501
-5.916079998016357,-5.74456262588501
-5.916079998016357,-5.74456262588501
-5.916079998016357,-5.74456262588501
-5.916079998016357,-5.74456262588501
-5.916079998016357,-5.74456262588501
-5.916079998016357,-5.74456262588501
-5.916079998016357,-5.74456262588501
-5.916079998016357,-5.74456262588501
-5.916079998016357,-5.74456262588501
-5.916079998016357,-5.74456262588501
-5.916079998016357,-5.74456262588501
-5.916079998016357,-5.74456262588501
-5.916079998016357,-5.74456262588501
-5.916079998016357,-5.74456262588501
-5.916079998016357,-5.74456262588501
-5.916079998016357,-5.74456262588501
-5.916079998016357,-5.74456262588501
-5.916079998016357,-5.74456262588501
-5.916079998016357,-5.74456262588501
-5.916079998016357,-5.74456262588501
-5.916079998016357,-5.74456262588501
-5.916079998016357,-5.74456262588501
-5.916079998016357,-5.74456262588501
-5.916079998016357,-5.74456262588501
-5.916079998016357,-5.74456262588501
-5.916079998016357,-5.74456262588501
-5.916079998016357,-5.74456262588501
-5.916079998016357,-5.74456262588501
-5.916079998016357,-5.74456262588501
-5.916079998016357,-5.74456262588501
-5.916079998016357,-5.74456262588501
-5.916079998016357,-5.74456262588501
-5.916079998016357,-5.74456262588501
-5.916079998016357,-5.74456262588501
-5.916079998016357,-5.74456262588501
-5.916079998016357,-5.74456262588501
-5.916079998016357,-5.74456262588501
-5.916079998016357,-5.74456262588501
-5.916079998016357,-5.74456262588501
-5.916079998016357,-5.74456262588501
-5.916079998016357,-5.74456262588501
-5.916079998016357,-5.74456262588501
-5.916079998016357,-5.74456262588501
-5.916079998016357,-5.74456262588501
-5.916079998016357,-5.74456262588501
-5.916079998016357,-5.74456262588501
-5.916079998016357,-5.74456262588501
-5.916079998016357,-5.74456262588501
-5.916079998016357,-5.74456262588501
-5.916079998016357,-5.74456262588501
-5.916079998016357,-5.74456262588501
-5.916079998016357,-5.74456262588501
-5.916079998016357,-5.74456262588501
-5.916079998016357,-5.74456262588501
-5.916079998016357,-5.74456262588501
-5.916079998016357,-5.74456262588501
-5.916079998016357,-5.74456262588501
-5.916079998016357,-5.74456262588501
-5.916079998016357,-5.74456262588501
-5.916079998016357,-5.74456262588501
-5.916079998016357,-5.74456262588501
-5.916079998016357,-5.74456262588501
-5.916079998016357,-5.74456262588501
-5.916079998016357,-5.74456262588501
-5.916079998016357,-5.74456262588501
-5.916079998016357,-5.74456262588501
-5.916079998016357,-5.74456262588501
-5.916079998016357,-5.74456262588501
-5.916079998016357,-5.74456262588501
-5.916079998016357,-5.74456262588501
-5.916079998016357,-5.74456262588501
-5.916079998016357,-5.74456262588501
-5.916079998016357,-5.74456262588501
-5.916079998016357,-5.74456262588501
-5.916079998016357,-5.74456262588501
-5.916079998016357,-5.74456262588501
-5.916079998016357,-5.74456262588501
-5.916079998016357,-5.74456262588501
-5.916079998016357,-5.74456262588501
-5.916079998016357,-5.74456262588501
-5.916079998016357,-5.74456262588501
-5.916079998016357,-5.74456262588501
-5.916079998016357,-5.74456262588501
-5.916079998016357,-5.74456262588501
-5.916079998016357,-5.74456262588501
-5.916079998016357,-5.74456262588501
-5.916079998016357,-5.74456262588501
-5.916079998016357,-5.74456262588501
-5.916079998016357,-5.74456262588501
-5.916079998016357,-5.74456262588501
-5.916079998016357,-5.74456262588501
-5.916079998016357,-5.74456262588501
-5.916079998016357,-5.74456262588501
-5.916079998016357,-5.74456262588501
-5.916079998016357,-5.74456262588501
-5.916079998016357,-5.74456262588501
-5.916079998016357,-5.74456262588501
-5.916079998016357,-5.74456262588501
-5.916079998016357,-5.74456262588501
-5.916079998016357,-5.74456262588501
-5.916079998016357,-5.74456262588501
-5.916079998016357,-5.74456262588501
-5.916079998016357,-5.74456262588501
-5.916079998016357,-5.74456262588501
-5.916079998016357,-5.74456262588501
-5.916079998016357,-5.74456262588501
-5.916079998016357,-5.74456262588501
-5.916079998016357,-5.74456262588501
-5.916079998016357,-5.74456262588501
-5.916079998016357,-5.74456262588501
-5.916079998016357,-5.74456262588501
-5.916079998016357,-5.74456262588501
-5.916079998016357,-5.74456262588501
-5.916079998016357,-5.74456262588501
-5.916079998016357,-5.74456262588501
-5.916079998016357,-5.74456262588501
-5.916079998016357,-5.74456262588501
-5.916079998016357,-5.74456262588501
-5.916079998016357,-5.74456262588501
-5.916079998016357,-5.74456262588501
-5.916079998016357,-5.74456262588501
-5.916079998016357,-5.74456262588501
-5.916079998016357,-5.74456262588501
-5.916079998016357,-5.74456262588501
-5.916079998016357,-5.74456262588501
-5.916079998016357,-5.74456262588501
-5.916079998016357,-5.74456262588501
-5.916079998016357,-5.74456262588501
-5.916079998016357,-5.74456262588501
-5.916079998016357,-5.74456262588501
-5.916079998016357,-5.74456262588501
-5.916079998016357,-5.74456262588501
-5.916079998016357,-5.74456262588501
-5.916079998016357,-5.74456262588501
-5.916079998016357,-5.74456262588501
-5.916079998016357,-5.74456262588501
-5.916079998016357,-5.74456262588501
-5.916079998016357,-5.74456262588501
-5.916079998016357,-5.74456262588501
-5.916079998016357,-5.74456262588501
-5.916079998016357,-5.74456262588501
-5.916079998016357,-5.74456262588501
-5.916079998016357,-5.74456262588501
-5.916079998016357,-5.74456262588501
-5.916079998016357,-5.74456262588501
-5.916079998016357,-5.74456262588501
-5.916079998016357,-5.74456262588501
-5.916079998016357,-5.74456262588501
-5.916079998016357,-5.74456262588501
-5.916079998016357,-5.74456262588501
-5.916079998016357,-5.74456262588501
-5.916079998016357,-5.74456262588501
-5.916079998016357,-5.74456262588501
-5.916079998016357,-5.74456262588501
-5.916079998016357,-5.74456262588501
-5.916079998016357,-5.74456262588501
-5.916079998016357,-5.74456262588501
-5.916079998016357,-5.74456262588501
-5.916079998016357,-5.74456262588501
-5.916079998016357,-5.74456262588501
-5.916079998016357,-5.74456262588501
-5.916079998016357,-5.74456262588501
-5.916079998016357,-5.74456262588501
-5.916079998016357,-5.74456262588501
-5.916079998016357,-5.74456262588501
-5.916079998016357,-5.74456262588501
-5.916079998016357,-5.74456262588501
-5.916079998016357,-5.74456262588501
-5.916079998016357,-5.74456262588501
-5.916079998016357,-5.74456262588501
-5.916079998016357,-5.74456262588501
-5.916079998016357,-5.74456262588501
-5.916079998016357,-5.74456262588501
-5.916079998016357,-5.74456262588501
-5.916079998016357,-5.74456262588501
-5.916079998016357,-5.656854152679443
-5.916079998016357,-5.656854152679443
-5.916079998016357,-5.656854152679443
-5.916079998016357,-5.656854152679443
-5.916079998016357,-5.656854152679443
-5.916079998016357,-5.656854152679443
-5.916079998016357,-5.656854152679443
-5.916079998016357,-5.656854152679443
-5.916079998016357,-5.656854152679443
-5.916079998016357,-5.656854152679443
-5.916079998016357,-5.656854152679443
-5.916079998016357,-5.656854152679443
-5.916079998016357,-5.656854152679443
-5.916079998016357,-5.656854152679443
-5.916079998016357,-5.656854152679443
-5.916079998016357,-5.656854152679443
-5.916079998016357,-5.656854152679443
-5.916079998016357,-5.656854152679443
-5.916079998016357,-5.656854152679443
-5.916079998016357,-5.656854152679443
-5.916079998016357,-5.656854152679443
-5.916079998016357,-5.656854152679443
-5.916079998016357,-5.656854152679443
-5.916079998016357,-5.656854152679443
-5.916079998016357,-5.656854152679443
-5.916079998016357,-5.656854152679443
-5.916079998016357,-5.656854152679443
-5.916079998016357,-5.656854152679443
-5.916079998016357,-5.656854152679443
-5.916079998016357,-5.656854152679443
-5.916079998016357,-5.656854152679443
-5.916079998016357,-5.656854152679443
-5.916079998016357,-5.656854152679443
-5.916079998016357,-5.656854152679443
-5.916079998016357,-5.656854152679443
-5.916079998016357,-5.656854152679443
-5.916079998016357,-5.656854152679443
-5.916079998016357,-5.656854152679443
-5.916079998016357,-5.656854152679443
-5.916079998016357,-5.656854152679443
-5.916079998016357,-5.656854152679443
-5.916079998016357,-5.656854152679443
-5.916079998016357,-5.656854152679443
-5.916079998016357,-5.656854152679443
-5.916079998016357,-5.656854152679443
-5.916079998016357,-5.656854152679443
-5.916079998016357,-5.656854152679443
-5.916079998016357,-5.656854152679443
-5.916079998016357,-5.656854152679443
-5.916079998016357,-5.656854152679443
-5.916079998016357,-5.656854152679443
-5.916079998016357,-5.656854152679443
-5.916079998016357,-5.656854152679443
-5.916079998016357,-5.656854152679443
-5.916079998016357,-5.656854152679443
-5.916079998016357,-5.656854152679443
-5.916079998016357,-5.656854152679443
-5.916079998016357,-5.656854152679443
-5.916079998016357,-5.656854152679443
-5.916079998016357,-5.656854152679443
-5.916079998016357,-5.656854152679443
-5.916079998016357,-5.656854152679443
-5.916079998016357,-5.656854152679443
-5.916079998016357,-5.656854152679443
-5.916079998016357,-5.656854152679443
-5.916079998016357,-5.656854152679443
-5.916079998016357,-5.656854152679443
-5.916079998016357,-5.656854152679443
-5.916079998016357,-5.656854152679443
-5.916079998016357,-5.656854152679443
-5.916079998016357,-5.656854152679443
-5.916079998016357,-5.656854152679443
-5.916079998016357,-5.656854152679443
-5.916079998016357,-5.656854152679443
-5.916079998016357,-5.656854152679443
-5.916079998016357,-5.656854152679443
-5.916079998016357,-5.656854152679443
-5.916079998016357,-5.656854152679443
-5.916079998016357,-5.656854152679443
-5.916079998016357,-5.656854152679443
-5.916079998016357,-5.656854152679443
-5.916079998016357,-5.656854152679443
-5.916079998016357,-5.656854152679443
-5.916079998016357,-5.656854152679443
-5.916079998016357,-5.656854152679443
-5.916079998016357,-5.656854152679443
-5.916079998016357,-5.656854152679443
-5.916079998016357,-5.656854152679443
-5.916079998016357,-5.656854152679443
-5.916079998016357,-5.656854152679443
-5.916079998016357,-5.656854152679443
-5.916079998016357,-5.656854152679443
-5.916079998016357,-5.656854152679443
-5.916079998016357,-5.656854152679443
-5.916079998016357,-5.656854152679443
-5.916079998016357,-5.656854152679443
-5.916079998016357,-5.656854152679443
-5.916079998016357,-5.656854152679443
-5.916079998016357,-5.656854152679443
-5.916079998016357,-5.656854152679443
-5.916079998016357,-5.656854152679443
-5.916079998016357,-5.656854152679443
-5.916079998016357,-5.656854152679443
-5.916079998016357,-5.656854152679443
-5.916079998016357,-5.656854152679443
-5.916079998016357,-5.656854152679443
-5.916079998016357,-5.656854152679443
-5.916079998016357,-5.656854152679443
-5.916079998016357,-5.656854152679443
-5.916079998016357,-5.656854152679443
-5.916079998016357,-5.656854152679443
-5.916079998016357,-5.656854152679443
-5.916079998016357,-5.656854152679443
-5.916079998016357,-5.656854152679443
-5.916079998016357,-5.656854152679443
-5.916079998016357,-5.656854152679443
-5.916079998016357,-5.656854152679443
-5.916079998016357,-5.656854152679443
-5.916079998016357,-5.656854152679443
-5.916079998016357,-5.656854152679443
-5.916079998016357,-5.656854152679443
-5.916079998016357,-5.656854152679443
-5.916079998016357,-5.656854152679443
-5.916079998016357,-5.656854152679443
-5.916079998016357,-5.656854152679443
-5.916079998016357,-5.656854152679443
-5.916079998016357,-5.656854152679443
-5.916079998016357,-5.656854152679443
-5.916079998016357,-5.656854152679443
-5.916079998016357,-5.656854152679443
-5.916079998016357,-5.656854152679443
-5.916079998016357,-5.656854152679443
-5.916079998016357,-5.656854152679443
-5.916079998016357,-5.656854152679443
-5.916079998016357,-5.656854152679443
-5.916079998016357,-5.656854152679443
-5.916079998016357,-5.656854152679443
-5.916079998016357,-5.656854152679443
-5.916079998016357,-5.656854152679443
-5.916079998016357,-5.656854152679443
-5.916079998016357,-5.656854152679443
-5.916079998016357,-5.656854152679443
-5.916079998016357,-5.656854152679443
-5.916079998016357,-5.656854152679443
-5.916079998016357,-5.656854152679443
-5.916079998016357,-5.656854152679443
-5.916079998016357,-5.656854152679443
-5.916079998016357,-5.656854152679443
-5.916079998016357,-5.656854152679443
-5.916079998016357,-5.656854152679443
-5.916079998016357,-5.656854152679443
-5.916079998016357,-5.656854152679443
-5.916079998016357,-5.656854152679443
-5.916079998016357,-5.656854152679443
-5.916079998016357,-5.656854152679443
-5.916079998016357,-5.656854152679443
-5.916079998016357,-5.656854152679443
-5.916079998016357,-5.656854152679443
-5.916079998016357,-5.656854152679443
-5.916079998016357,-5.656854152679443
-5.916079998016357,-5.656854152679443
-5.916079998016357,-5.656854152679443
-5.916079998016357,-5.656854152679443
-5.916079998016357,-5.656854152679443
-5.916079998016357,-5.656854152679443
-5.916079998016357,-5.656854152679443
-5.916079998016357,-5.656854152679443
-5.916079998016357,-5.656854152679443
-5.916079998016357,-5.656854152679443
-5.916079998016357,-5.656854152679443
-5.916079998016357,-5.656854152679443
-5.916079998016357,-5.656854152679443
-5.916079998016357,-5.656854152679443
-5.916079998016357,-5.656854152679443
-5.916079998016357,-5.656854152679443
-5.916079998016357,-5.656854152679443
-5.916079998016357,-5.656854152679443
-5.916079998016357,-5.656854152679443
-5.916079998016357,-5.656854152679443
-5.916079998016357,-5.656854152679443
-5.916079998016357,-5.656854152679443
-5.916079998016357,-5.656854152679443
-5.916079998016357,-5.656854152679443
-5.916079998016357,-5.656854152679443
-5.916079998016357,-5.656854152679443
-5.916079998016357,-5.656854152679443
-5.916079998016357,-5.656854152679443
-5.916079998016357,-5.656854152679443
-5.916079998016357,-5.656854152679443
-5.916079998016357,-5.656854152679443
-5.916079998016357,-5.656854152679443
-5.916079998016357,-5.656854152679443
-5.916079998016357,-5.656854152679443
-5.916079998016357,-5.656854152679443
-5.916079998016357,-5.656854152679443
-5.916079998016357,-5.656854152679443
-5.916079998016357,-5.656854152679443
-5.916079998016357,-5.656854152679443
-5.916079998016357,-5.656854152679443
-5.916079998016357,-5.656854152679443
-5.916079998016357,-5.656854152679443
-5.916079998016357,-5.656854152679443
-5.916079998016357,-5.656854152679443
-5.916079998016357,-5.656854152679443
-5.916079998016357,-5.656854152679443
-5.916079998016357,-5.656854152679443
-5.916079998016357,-5.656854152679443
-5.916079998016357,-5.656854152679443
-5.916079998016357,-5.656854152679443
-5.916079998016357,-5.656854152679443
-5.916079998016357,-5.656854152679443
-5.916079998016357,-5.656854152679443
-5.916079998016357,-5.656854152679443
-5.916079998016357,-5.656854152679443
-5.916079998016357,-5.656854152679443
-5.916079998016357,-5.656854152679443
-5.916079998016357,-5.656854152679443
-5.916079998016357,-5.656854152679443
-5.916079998016357,-5.656854152679443
-5.916079998016357,-5.656854152679443
-5.916079998016357,-5.656854152679443
-5.916079998016357,-5.656854152679443
-5.916079998016357,-5.656854152679443
-5.916079998016357,-5.656854152679443
-5.916079998016357,-5.656854152679443
-5.916079998016357,-5.656854152679443
-5.916079998016357,-5.656854152679443
-5.916079998016357,-5.656854152679443
-5.916079998016357,-5.656854152679443
-5.916079998016357,-5.656854152679443
-5.916079998016357,-5.656854152679443
-5.916079998016357,-5.656854152679443
-5.916079998016357,-5.656854152679443
-5.916079998016357,-5.656854152679443
-5.916079998016357,-5.656854152679443
-5.916079998016357,-5.656854152679443
-5.916079998016357,-5.656854152679443
-5.916079998016357,-5.656854152679443
-5.916079998016357,-5.656854152679443
-5.916079998016357,-5.656854152679443
-5.916079998016357,-5.656854152679443
-5.916079998016357,-5.656854152679443
-5.916079998016357,-5.656854152679443
-5.916079998016357,-5.656854152679443
-5.916079998016357,-5.656854152679443
-5.916079998016357,-5.656854152679443
-5.916079998016357,-5.656854152679443
-5.916079998016357,-5.656854152679443
-5.916079998016357,-5.656854152679443
-5.916079998016357,-5.4772257804870605
-5.916079998016357,-5.4772257804870605
-5.916079998016357,-5.4772257804870605
-5.916079998016357,-5.4772257804870605
-5.916079998016357,-5.4772257804870605
-5.916079998016357,-5.4772257804870605
-5.916079998016357,-5.4772257804870605
-5.916079998016357,-5.4772257804870605
-5.916079998016357,-5.4772257804870605
-5.916079998016357,-5.4772257804870605
-5.916079998016357,-5.4772257804870605
-5.916079998016357,-5.4772257804870605
-5.916079998016357,-5.4772257804870605
-5.916079998016357,-5.4772257804870605
-5.916079998016357,-5.4772257804870605
-5.916079998016357,-5.4772257804870605
-5.916079998016357,-5.4772257804870605
-5.916079998016357,-5.4772257804870605
-5.916079998016357,-5.4772257804870605
-5.916079998016357,-5.4772257804870605
-5.916079998016357,-5.4772257804870605
-5.916079998016357,-5.4772257804870605
-5.916079998016357,-5.4772257804870605
-5.916079998016357,-5.4772257804870605
-5.916079998016357,-5.4772257804870605
-5.916079998016357,-5.4772257804870605
-5.916079998016357,-5.4772257804870605
-5.916079998016357,-5.4772257804870605
-5.916079998016357,-5.4772257804870605
-5.916079998016357,-5.4772257804870605
-5.916079998016357,-5.4772257804870605
-5.916079998016357,-5.4772257804870605
-5.916079998016357,-5.4772257804870605
-5.916079998016357,-5.4772257804870605
-5.916079998016357,-5.4772257804870605
-5.916079998016357,-5.4772257804870605
-5.916079998016357,-5.4772257804870605
-5.916079998016357,-5.4772257804870605
-5.916079998016357,-5.4772257804870605
-5.916079998016357,-5.4772257804870605
-5.916079998016357,-5.4772257804870605
-5.916079998016357,-5.4772257804870605
-5.916079998016357,-5.4772257804870605
-5.916079998016357,-5.4772257804870605
-5.916079998016357,-5.4772257804870605
-5.916079998016357,-5.4772257804870605
-5.916079998016357,-5.4772257804870605
-5.916079998016357,-5.4772257804870605
-5.916079998016357,-5.4772257804870605
-5.916079998016357,-5.4772257804870605
-5.916079998016357,-5.4772257804870605
-5.916079998016357,-5.4772257804870605
-5.916079998016357,-5.4772257804870605
-5.916079998016357,-5.4772257804870605
-5.916079998016357,-5.4772257804870605
-5.916079998016357,-5.4772257804870605
-5.916079998016357,-5.4772257804870605
-5.916079998016357,-5.4772257804870605
-5.916079998016357,-5.4772257804870605
-5.916079998016357,-5.4772257804870605
-5.916079998016357,-5.4772257804870605
-5.916079998016357,-5.4772257804870605
-5.916079998016357,-5.4772257804870605
-5.916079998016357,-5.4772257804870605
-5.916079998016357,-5.4772257804870605
-5.916079998016357,-5.4772257804870605
-5.916079998016357,-5.4772257804870605
-5.916079998016357,-5.4772257804870605
-5.916079998016357,-5.4772257804870605
-5.916079998016357,-5.4772257804870605
-5.916079998016357,-5.4772257804870605
-5.916079998016357,-5.4772257804870605
-5.916079998016357,-5.4772257804870605
-5.916079998016357,-5.4772257804870605
-5.916079998016357,-5.4772257804870605
-5.916079998016357,-5.4772257804870605
-5.916079998016357,-5.4772257804870605
-5.916079998016357,-5.4772257804870605
-5.916079998016357,-5.4772257804870605
-5.916079998016357,-5.4772257804870605
-5.916079998016357,-5.4772257804870605
-5.916079998016357,-5.4772257804870605
-5.916079998016357,-5.4772257804870605
-5.916079998016357,-5.4772257804870605
-5.916079998016357,-5.4772257804870605
-5.916079998016357,-5.4772257804870605
-5.916079998016357,-5.4772257804870605
-5.916079998016357,-5.4772257804870605
-5.916079998016357,-5.4772257804870605
-5.916079998016357,-5.4772257804870605
-5.916079998016357,-5.4772257804870605
-5.916079998016357,-5.4772257804870605
-5.916079998016357,-5.4772257804870605
-5.916079998016357,-5.4772257804870605
-5.916079998016357,-5.4772257804870605
-5.916079998016357,-5.4772257804870605
-5.916079998016357,-5.4772257804870605
-5.916079998016357,-5.4772257804870605
-5.916079998016357,-5.4772257804870605
-5.916079998016357,-5.4772257804870605
-5.916079998016357,-5.4772257804870605
-5.916079998016357,-5.4772257804870605
-5.916079998016357,-5.4772257804870605
-5.916079998016357,-5.4772257804870605
-5.916079998016357,-5.4772257804870605
-5.916079998016357,-5.4772257804870605
-5.916079998016357,-5.4772257804870605
-5.916079998016357,-5.4772257804870605
-5.916079998016357,-5.4772257804870605
-5.916079998016357,-5.4772257804870605
-5.916079998016357,-5.4772257804870605
-5.916079998016357,-5.4772257804870605
-5.916079998016357,-5.4772257804870605
-5.916079998016357,-5.4772257804870605
-5.916079998016357,-5.4772257804870605
-5.916079998016357,-5.4772257804870605
-5.916079998016357,-5.4772257804870605
-5.916079998016357,-5.4772257804870605
-5.916079998016357,-5.4772257804870605
-5.916079998016357,-5.4772257804870605
-5.916079998016357,-5.4772257804870605
-5.916079998016357,-5.4772257804870605
-5.916079998016357,-5.4772257804870605
-5.916079998016357,-5.4772257804870605
-5.916079998016357,-5.4772257804870605
-5.916079998016357,-5.4772257804870605
-5.916079998016357,-5.4772257804870605
-5.916079998016357,-5.4772257804870605
-5.916079998016357,-5.4772257804870605
-5.916079998016357,-5.4772257804870605
-5.916079998016357,-5.4772257804870605
-5.916079998016357,-5.4772257804870605
-5.916079998016357,-5.4772257804870605
-5.916079998016357,-5.4772257804870605
-5.916079998016357,-5.4772257804870605
-5.916079998016357,-5.4772257804870605
-5.916079998016357,-5.4772257804870605
-5.916079998016357,-5.4772257804870605
-5.916079998016357,-5.4772257804870605
-5.916079998016357,-5.4772257804870605
-5.916079998016357,-5.4772257804870605
-5.916079998016357,-5.4772257804870605
-5.916079998016357,-5.4772257804870605
-5.916079998016357,-5.4772257804870605
-5.916079998016357,-5.4772257804870605
-5.916079998016357,-5.4772257804870605
-5.916079998016357,-5.4772257804870605
-5.916079998016357,-5.4772257804870605
-5.916079998016357,-5.4772257804870605
-5.916079998016357,-5.4772257804870605
-5.916079998016357,-5.4772257804870605
-5.916079998016357,-5.4772257804870605
-5.916079998016357,-5.4772257804870605
-5.916079998016357,-5.4772257804870605
-5.916079998016357,-5.4772257804870605
-5.916079998016357,-5.4772257804870605
-5.916079998016357,-5.4772257804870605
-5.916079998016357,-5.4772257804870605
-5.916079998016357,-5.4772257804870605
-5.916079998016357,-5.4772257804870605
-5.916079998016357,-5.4772257804870605
-5.916079998016357,-5.4772257804870605
-5.916079998016357,-5.4772257804870605
-5.916079998016357,-5.4772257804870605
-5.916079998016357,-5.4772257804870605
-5.916079998016357,-5.4772257804870605
-5.916079998016357,-5.4772257804870605
-5.916079998016357,-5.4772257804870605
-5.916079998016357,-5.4772257804870605
-5.916079998016357,-5.4772257804870605
-5.916079998016357,-5.4772257804870605
-5.916079998016357,-5.4772257804870605
-5.916079998016357,-5.4772257804870605
-5.916079998016357,-5.4772257804870605
-5.916079998016357,-5.4772257804870605
-5.916079998016357,-5.4772257804870605
-5.916079998016357,-5.4772257804870605
-5.916079998016357,-5.4772257804870605
-5.916079998016357,-5.4772257804870605
-5.916079998016357,-5.4772257804870605
-5.916079998016357,-5.4772257804870605
-5.916079998016357,-5.4772257804870605
-5.916079998016357,-5.4772257804870605
-5.916079998016357,-5.4772257804870605
-5.916079998016357,-5.4772257804870605
-5.916079998016357,-5.4772257804870605
-5.916079998016357,-5.4772257804870605
-5.916079998016357,-5.4772257804870605
-5.916079998016357,-5.4772257804870605
-5.916079998016357,-5.4772257804870605
-5.916079998016357,-5.4772257804870605
-5.916079998016357,-5.4772257804870605
-5.916079998016357,-5.4772257804870605
-5.916079998016357,-5.4772257804870605
-5.916079998016357,-5.4772257804870605
-5.916079998016357,-5.4772257804870605
-5.916079998016357,-5.4772257804870605
-5.916079998016357,-5.4772257804870605
-5.916079998016357,-5.4772257804870605
-5.916079998016357,-5.4772257804870605
-5.916079998016357,-5.4772257804870605
-5.916079998016357,-5.4772257804870605
-5.916079998016357,-5.4772257804870605
-5.916079998016357,-5.4772257804870605
-5.916079998016357,-5.4772257804870605
-5.916079998016357,-5.4772257804870605
-5.916079998016357,-5.4772257804870605
-5.916079998016357,-5.4772257804870605
-5.916079998016357,-5.4772257804870605
-5.916079998016357,-5.4772257804870605
-5.916079998016357,-5.4772257804870605
-5.916079998016357,-5.4772257804870605
-5.916079998016357,-5.4772257804870605
-5.916079998016357,-5.4772257804870605
-5.916079998016357,-5.4772257804870605
-5.916079998016357,-5.4772257804870605
-5.916079998016357,-5.4772257804870605
-5.916079998016357,-5.4772257804870605
-5.916079998016357,-5.4772257804870605
-5.916079998016357,-5.4772257804870605
-5.916079998016357,-5.4772257804870605
-5.916079998016357,-5.4772257804870605
-5.916079998016357,-5.4772257804870605
-5.916079998016357,-5.4772257804870605
-5.916079998016357,-5.4772257804870605
-5.916079998016357,-5.4772257804870605
-5.916079998016357,-5.4772257804870605
-5.916079998016357,-5.4772257804870605
-5.916079998016357,-5.4772257804870605
-5.916079998016357,-5.4772257804870605
-5.916079998016357,-5.4772257804870605
-5.916079998016357,-5.4772257804870605
-5.916079998016357,-5.4772257804870605
-5.916079998016357,-5.4772257804870605
-5.916079998016357,-5.4772257804870605
-5.916079998016357,-5.4772257804870605
-5.916079998016357,-5.4772257804870605
-5.916079998016357,-5.4772257804870605
-5.916079998016357,-5.4772257804870605
-5.916079998016357,-5.4772257804870605
-5.916079998016357,-5.4772257804870605
-5.916079998016357,-5.4772257804870605
-5.916079998016357,-5.4772257804870605
-5.916079998016357,-5.4772257804870605
-5.916079998016357,-5.4772257804870605
-5.916079998016357,-5.4772257804870605
-5.916079998016357,-5.4772257804870605
-5.916079998016357,-5.4772257804870605
-5.916079998016357,-5.4772257804870605
-5.916079998016357,-5.4772257804870605
-5.916079998016357,-5.4772257804870605
-5.916079998016357,-5.4772257804870605
-5.916079998016357,-5.4772257804870605
-5.916079998016357,-5.4772257804870605
-5.916079998016357,-5.4772257804870605
-5.916079998016357,-5.4772257804870605
-5.916079998016357,-5.4772257804870605
-5.916079998016357,-5.4772257804870605
-5.916079998016357,-5.4772257804870605
-5.916079998016357,-5.4772257804870605
-5.916079998016357,-5.4772257804870605
-5.916079998016357,-5.4772257804870605
-5.916079998016357,-5.4772257804870605
-5.916079998016357,-5.4772257804870605
-5.916079998016357,-5.4772257804870605
-5.916079998016357,-5.4772257804870605
-5.916079998016357,-5.4772257804870605
-5.916079998016357,-5.4772257804870605
-5.916079998016357,-5.4772257804870605
-5.916079998016357,-5.4772257804870605
-5.916079998016357,-5.4772257804870605
-5.916079998016357,-5.4772257804870605
-5.916079998016357,-5.4772257804870605
-5.916079998016357,-5.4772257804870605
-5.916079998016357,-5.4772257804870605
-5.916079998016357,-5.4772257804870605
-5.916079998016357,-5.4772257804870605
-5.916079998016357,-5.4772257804870605
-5.916079998016357,-5.4772257804870605
-5.916079998016357,-5.4772257804870605
-5.916079998016357,-5.4772257804870605
-5.916079998016357,-5.4772257804870605
-5.916079998016357,-5.4772257804870605
-5.916079998016357,-5.4772257804870605
-5.916079998016357,-5.4772257804870605
-5.916079998016357,-5.4772257804870605
-5.916079998016357,-5.4772257804870605
-5.916079998016357,-5.4772257804870605
-5.916079998016357,-5.4772257804870605
-5.916079998016357,-5.4772257804870605
-5.916079998016357,-5.4772257804870605
-5.916079998016357,-5.4772257804870605
-5.916079998016357,-5.4772257804870605
-5.916079998016357,-5.4772257804870605
-5.916079998016357,-5.4772257804870605
-5.916079998016357,-5.4772257804870605
-5.916079998016357,-5.4772257804870605
-5.916079998016357,-5.4772257804870605
-5.916079998016357,-5.4772257804870605
-5.916079998016357,-5.4772257804870605
-5.916079998016357,-5.4772257804870605
-5.916079998016357,-5.4772257804870605
-5.916079998016357,-5.4772257804870605
-5.916079998016357,-5.4772257804870605
-5.916079998016357,-5.4772257804870605
-5.916079998016357,-5.4772257804870605
-5.916079998016357,-5.4772257804870605
-5.916079998016357,-5.4772257804870605
-5.916079998016357,-5.4772257804870605
-5.916079998016357,-5.4772257804870605
-5.916079998016357,-5.4772257804870605
-5.916079998016357,-5.4772257804870605
-5.916079998016357,-5.4772257804870605
-5.916079998016357,-5.4772257804870605
-5.916079998016357,-5.4772257804870605
-5.916079998016357,-5.4772257804870605
-5.916079998016357,-5.4772257804870605
-5.916079998016357,-5.4772257804870605
-5.916079998016357,-5.4772257804870605
-5.916079998016357,-5.4772257804870605
-5.916079998016357,-5.4772257804870605
-5.916079998016357,-5.4772257804870605
-5.916079998016357,-5.4772257804870605
-5.916079998016357,-5.4772257804870605
-5.916079998016357,-5.4772257804870605
-5.916079998016357,-5.4772257804870605
-5.916079998016357,-5.4772257804870605
-5.916079998016357,-5.4772257804870605
-5.916079998016357,-5.4772257804870605
-5.916079998016357,-5.4772257804870605
-5.916079998016357,-5.4772257804870605
-5.916079998016357,-5.4772257804870605
-5.916079998016357,-5.4772257804870605
-5.916079998016357,-5.4772257804870605
-5.916079998016357,-5.4772257804870605
-5.916079998016357,-5.4772257804870605
-5.916079998016357,-5.4772257804870605
-5.916079998016357,-5.4772257804870605
-5.916079998016357,-5.4772257804870605
-5.916079998016357,-5.4772257804870605
-5.916079998016357,-5.4772257804870605
-5.916079998016357,-5.4772257804870605
-5.916079998016357,-5.4772257804870605
-5.916079998016357,-5.4772257804870605
-5.916079998016357,-5.4772257804870605
-5.916079998016357,-5.4772257804870605
-5.916079998016357,-5.4772257804870605
-5.916079998016357,-5.4772257804870605
-5.916079998016357,-5.4772257804870605
-5.916079998016357,-5.4772257804870605
-5.916079998016357,-5.4772257804870605
-5.916079998016357,-5.4772257804870605
-5.916079998016357,-5.4772257804870605
-5.916079998016357,-5.4772257804870605
-5.916079998016357,-5.4772257804870605
-5.916079998016357,-5.4772257804870605
-5.916079998016357,-5.4772257804870605
-5.916079998016357,-5.4772257804870605
-5.916079998016357,-5.4772257804870605
-5.916079998016357,-5.4772257804870605
-5.916079998016357,-5.4772257804870605
-5.916079998016357,-5.4772257804870605
-5.916079998016357,-5.4772257804870605
-5.916079998016357,-5.4772257804870605
-5.916079998016357,-5.4772257804870605
-5.916079998016357,-5.4772257804870605
-5.916079998016357,-5.4772257804870605
-5.916079998016357,-5.385164737701416
-5.916079998016357,-5.385164737701416
-5.916079998016357,-5.385164737701416
-5.916079998016357,-5.385164737701416
-5.916079998016357,-5.385164737701416
-5.916079998016357,-5.385164737701416
-5.916079998016357,-5.385164737701416
-5.916079998016357,-5.385164737701416
-5.916079998016357,-5.385164737701416
-5.916079998016357,-5.385164737701416
-5.916079998016357,-5.385164737701416
-5.916079998016357,-5.385164737701416
-5.916079998016357,-5.385164737701416
-5.916079998016357,-5.385164737701416
-5.916079998016357,-5.385164737701416
-5.916079998016357,-5.385164737701416
-5.916079998016357,-5.385164737701416
-5.916079998016357,-5.385164737701416
-5.916079998016357,-5.385164737701416
-5.916079998016357,-5.385164737701416
-5.916079998016357,-5.385164737701416
-5.916079998016357,-5.385164737701416
-5.916079998016357,-5.385164737701416
-5.916079998016357,-5.385164737701416
-5.916079998016357,-5.196152210235596
-5.916079998016357,-5.196152210235596
-5.916079998016357,-5.196152210235596
-5.916079998016357,-5.196152210235596
-5.916079998016357,-5.196152210235596
-5.916079998016357,-5.196152210235596
-5.916079998016357,-5.196152210235596
-5.916079998016357,-5.196152210235596
-5.916079998016357,-5.099019527435303
-5.916079998016357,-5.099019527435303
-5.916079998016357,-5.099019527435303
-5.916079998016357,-5.099019527435303
-5.916079998016357,-5.099019527435303
-5.916079998016357,-5.099019527435303
-5.916079998016357,-5.099019527435303
-5.916079998016357,-5.099019527435303
-5.916079998016357,-5.099019527435303
-5.916079998016357,-5.099019527435303
-5.916079998016357,-5.099019527435303
-5.916079998016357,-5.099019527435303
-5.916079998016357,-5.099019527435303
-5.916079998016357,-5.099019527435303
-5.916079998016357,-5.099019527435303
-5.916079998016357,-5.099019527435303
-5.916079998016357,-5
-5.916079998016357,-5
-5.916079998016357,-5
-5.916079998016357,-5
-5.916079998016357,-5
-5.916079998016357,-5
-5.916079998016357,-5
-5.916079998016357,-5
-5.916079998016357,-5
-5.916079998016357,-5
-5.916079998016357,-5
-5.916079998016357,-5
-5.916079998016357,-5
-5.916079998016357,-5
-5.916079998016357,-5
-5.916079998016357,-5
-5.916079998016357,-4.898979663848877
-5.916079998016357,-4.898979663848877
-5.916079998016357,-4.898979663848877
-5.916079998016357,-4.898979663848877
-5.916079998016357,-4.898979663848877
-5.916079998016357,-4.898979663848877
-5.916079998016357,-4.898979663848877
-5.916079998016357,-4.898979663848877
-5.916079998016357,-4.898979663848877
-5.916079998016357,-4.898979663848877
-5.916079998016357,-4.898979663848877
-5.916079998016357,-4.898979663848877
-5.916079998016357,-4.690415859222412
-5.916079998016357,-4.690415859222412
-5.916079998016357,-4.690415859222412
-5.916079998016357,-4.690415859222412
-5.916079998016357,-4.690415859222412
-5.916079998016357,-4.582575798034668
-5.916079998016357,-4.582575798034668
-5.916079998016357,-4.582575798034668
-5.916079998016357,-4.582575798034668
-5.916079998016357,-4.582575798034668
-5.916079998016357,-4.582575798034668
-5.916079998016357,-4.4721360206604
-5.916079998016357,-4.4721360206604
-5.916079998016357,-4.4721360206604
-5.916079998016357,-4.4721360206604
-5.916079998016357,-4.358899116516113
-5.916079998016357,-4.358899116516113
-5.916079998016357,-4.358899116516113
-5.916079998016357,-4.358899116516113
-5.916079998016357,-4.358899116516113
-5.916079998016357,-4.242640495300293
-5.916079998016357,-4.242640495300293
-5.916079998016357,-4.242640495300293
-5.916079998016357,-4.123105525970459
-5.916079998016357,-4.123105525970459
-5.916079998016357,-4.123105525970459
-5.916079998016357,-4.123105525970459
-5.916079998016357,-4.123105525970459
-5.916079998016357,-4.123105525970459
-5.916079998016357,-4.123105525970459
-5.916079998016357,-4.123105525970459
-5.916079998016357,-4.123105525970459
-5.916079998016357,-4.123105525970459
-5.916079998016357,-4.123105525970459
-5.916079998016357,-4.123105525970459
-5.916079998016357,-4.123105525970459
-5.916079998016357,-4.123105525970459
-5.916079998016357,-4.123105525970459
-5.916079998016357,-4.123105525970459
-5.916079998016357,-4.123105525970459
-5.916079998016357,-4.123105525970459
-5.916079998016357,-4.123105525970459
-5.916079998016357,-4.123105525970459
-5.916079998016357,-4
-5.916079998016357,-3.7416574954986572
-5.916079998016357,-3.7416574954986572
-5.916079998016357,-3.7416574954986572
-5.916079998016357,-3.7416574954986572
-5.916079998016357,-3.7416574954986572
-5.916079998016357,-3.7416574954986572
-5.916079998016357,-3.7416574954986572
-5.916079998016357,-3.7416574954986572
-5.916079998016357,-3.7416574954986572
-5.916079998016357,-3.7416574954986572
-5.916079998016357,-3.7416574954986572
-5.916079998016357,-3.7416574954986572
-5.916079998016357,-3.605551242828369
-5.916079998016357,-3.605551242828369
-5.916079998016357,-3.605551242828369
-5.916079998016357,-3.605551242828369
-5.916079998016357,-3.605551242828369
-5.916079998016357,-3.605551242828369
-5.916079998016357,-3.605551242828369
-5.916079998016357,-3.605551242828369
-5.916079998016357,-3.605551242828369
-5.916079998016357,-3.605551242828369
-5.916079998016357,-3.605551242828369
-5.916079998016357,-3.605551242828369
-5.916079998016357,-3.605551242828369
-5.916079998016357,-3.605551242828369
-5.916079998016357,-3.464101552963257
-5.916079998016357,-3.464101552963257
-5.916079998016357,-3.464101552963257
-5.916079998016357,-3.464101552963257
-5.916079998016357,-3.464101552963257
-5.916079998016357,-3.316624879837036
-5.916079998016357,-3.316624879837036
-5.916079998016357,-3.316624879837036
-5.916079998016357,-3.316624879837036
-5.916079998016357,-3.316624879837036
-5.916079998016357,-3.316624879837036
-5.916079998016357,-3.1622776985168457
-5.916079998016357,-3.1622776985168457
-5.916079998016357,-3.1622776985168457
-5.916079998016357,-3.1622776985168457
-5.916079998016357,-3.1622776985168457
-5.916079998016357,-3.1622776985168457
-5.916079998016357,-3.1622776985168457
-5.916079998016357,-3.1622776985168457
-5.916079998016357,-3
-5.916079998016357,-3
-5.916079998016357,-3
-5.916079998016357,-3
-5.916079998016357,-3
-5.916079998016357,-3
-5.916079998016357,-3
-5.916079998016357,-3
-5.916079998016357,-3
-5.916079998016357,-3
-5.916079998016357,-3
-5.916079998016357,-3
-5.916079998016357,-3
-5.916079998016357,-3
-5.916079998016357,-3
-5.916079998016357,-3
-5.916079998016357,-3
-5.916079998016357,-3
-5.916079998016357,-3
-5.916079998016357,-3
-5.916079998016357,-2.8284270763397217
-5.916079998016357,-2.8284270763397217
-5.916079998016357,-2.8284270763397217
-5.916079998016357,-2.8284270763397217
-5.916079998016357,-2.8284270763397217
-5.916079998016357,-2.8284270763397217
-5.916079998016357,-2.4494898319244385
-5.916079998016357,-2.4494898319244385
-5.916079998016357,-2.4494898319244385
-5.916079998016357,-2.4494898319244385
-5.916079998016357,-2.4494898319244385
-5.916079998016357,-2.4494898319244385
-5.916079998016357,-2.4494898319244385
-5.916079998016357,-2.4494898319244385
-5.916079998016357,-2.4494898319244385
-5.916079998016357,-2.4494898319244385
-5.916079998016357,-2.4494898319244385
-5.916079998016357,-2.4494898319244385
-5.916079998016357,-2.4494898319244385
-5.916079998016357,-2.4494898319244385
-5.916079998016357,-2.4494898319244385
-5.916079998016357,-2.2360680103302
-5.916079998016357,-2.2360680103302
-5.916079998016357,-2.2360680103302
-5.916079998016357,-2.2360680103302
-5.916079998016357,-2.2360680103302
-5.916079998016357,-2.2360680103302
-5.916079998016357,-2.2360680103302
-5.916079998016357,-2.2360680103302
-5.916079998016357,-2.2360680103302
-5.916079998016357,-2.2360680103302
-5.916079998016357,-2.2360680103302
-5.916079998016357,-2.2360680103302
-5.916079998016357,-2.2360680103302
-5.916079998016357,-2.2360680103302
-5.916079998016357,-2.2360680103302
-5.916079998016357,-2.2360680103302
-5.916079998016357,-2
-5.916079998016357,-2
-5.916079998016357,-2
-5.916079998016357,-2
-5.916079998016357,-2
-5.916079998016357,-2
-5.916079998016357,-2
-5.916079998016357,-1.7320507764816284
-5.916079998016357,-1.7320507764816284
-5.916079998016357,-1.7320507764816284
-5.916079998016357,-1.7320507764816284
-5.916079998016357,-1.7320507764816284
-5.916079998016357,-1.7320507764816284
-5.916079998016357,-1.7320507764816284
-5.916079998016357,-1.7320507764816284
-5.916079998016357,-1.7320507764816284
-5.916079998016357,-1.7320507764816284
-5.916079998016357,-1.7320507764816284
-5.916079998016357,-1.4142135381698608
-5.916079998016357,-1.4142135381698608
-5.916079998016357,-1.4142135381698608
-5.916079998016357,-1.4142135381698608
-5.916079998016357,-1.4142135381698608
-5.916079998016357,-1.4142135381698608
-5.916079998016357,-1.4142135381698608
-5.916079998016357,-1.4142135381698608
-5.916079998016357,-1.4142135381698608
-5.916079998016357,-1.4142135381698608
-5.916079998016357,-1.4142135381698608
-5.916079998016357,-1.4142135381698608
-5.916079998016357,-1.4142135381698608
-5.916079998016357,-1.4142135381698608
-5.916079998016357,-1.4142135381698608
-5.916079998016357,-1.4142135381698608
-5.916079998016357,-1.4142135381698608
-5.916079998016357,-1.4142135381698608
-5.916079998016357,-1.4142135381698608
-5.916079998016357,-1
-5.916079998016357,-1
-5.916079998016357,-1
-5.916079998016357,-1
-5.916079998016357,-1
-5.916079998016357,-1
-5.916079998016357,-1
-5.916079998016357,-1
-5.916079998016357,-1
-5.916079998016357,-1
-5.916079998016357,-1
-5.916079998016357,-1
-5.916079998016357,-1
-5.916079998016357,-1
-5.916079998016357,-1
-5.916079998016357,-1
-5.916079998016357,-1
-5.916079998016357,-1
-5.916079998016357,-1
-5.916079998016357,-1
-5.916079998016357,-1
-5.916079998016357,-1
-5.916079998016357,-1
-5.916079998016357,-1
-5.916079998016357,-1
-5.916079998016357,-1
-5.916079998016357,-1
-5.916079998016357,-1
-5.916079998016357,-1
-5.916079998016357,-1
-5.916079998016357,-1
-5.916079998016357,-1
-5.916079998016357,-1
-5.916079998016357,-1
-5.916079998016357,-1
-5.916079998016357,-1
-5.916079998016357,-1
-5.916079998016357,-1
-5.916079998016357,-1
-5.916079998016357,-1
-5.916079998016357,-1
-5.916079998016357,-1
-5.916079998016357,-1
-5.916079998016357,-1
-5.916079998016357,-1
-5.916079998016357,-1
-5.916079998016357,-1
-5.916079998016357,-1
-5.916079998016357,-1
-5.916079998016357,1
-5.916079998016357,1
-5.916079998016357,1
-5.916079998016357,1
-5.916079998016357,1
-5.916079998016357,1
-5.916079998016357,1
-5.916079998016357,1
-5.916079998016357,1
-5.916079998016357,1
-5.916079998016357,1
-5.916079998016357,1
-5.916079998016357,1
-5.916079998016357,1
-5.916079998016357,1
-5.916079998016357,1
-5.916079998016357,1
-5.916079998016357,1
-5.916079998016357,1
-5.916079998016357,1
-5.916079998016357,1
-5.916079998016357,1
-5.916079998016357,1
-5.916079998016357,1
-5.916079998016357,1
-5.916079998016357,1
-5.916079998016357,1
-5.916079998016357,1
-5.916079998016357,1
-5.916079998016357,1
-5.916079998016357,1
-5.916079998016357,1
-5.916079998016357,1
-5.916079998016357,1
-5.916079998016357,1
-5.916079998016357,1
-5.916079998016357,1
-5.916079998016357,1
-5.916079998016357,1
-5.916079998016357,1
-5.916079998016357,1
-5.916079998016357,1.4142135381698608
-5.916079998016357,1.4142135381698608
-5.916079998016357,1.4142135381698608
-5.916079998016357,1.4142135381698608
-5.916079998016357,1.4142135381698608
-5.916079998016357,1.4142135381698608
-5.916079998016357,1.4142135381698608
-5.916079998016357,1.4142135381698608
-5.916079998016357,1.4142135381698608
-5.916079998016357,1.4142135381698608
-5.916079998016357,1.4142135381698608
-5.916079998016357,1.4142135381698608
-5.916079998016357,1.4142135381698608
-5.916079998016357,1.4142135381698608
-5.916079998016357,1.4142135381698608
-5.916079998016357,1.4142135381698608
-5.916079998016357,1.4142135381698608
-5.916079998016357,1.4142135381698608
-5.916079998016357,1.4142135381698608
-5.916079998016357,1.4142135381698608
-5.916079998016357,1.4142135381698608
-5.916079998016357,1.7320507764816284
-5.916079998016357,1.7320507764816284
-5.916079998016357,1.7320507764816284
-5.916079998016357,1.7320507764816284
-5.916079998016357,1.7320507764816284
-5.916079998016357,1.7320507764816284
-5.916079998016357,1.7320507764816284
-5.916079998016357,2
-5.916079998016357,2
-5.916079998016357,2
-5.916079998016357,2
-5.916079998016357,2
-5.916079998016357,2
-5.916079998016357,2
-5.916079998016357,2
-5.916079998016357,2
-5.916079998016357,2
-5.916079998016357,2
-5.916079998016357,2
-5.916079998016357,2
-5.916079998016357,2.2360680103302
-5.916079998016357,2.2360680103302
-5.916079998016357,2.2360680103302
-5.916079998016357,2.2360680103302
-5.916079998016357,2.2360680103302
-5.916079998016357,2.2360680103302
-5.916079998016357,2.2360680103302
-5.916079998016357,2.2360680103302
-5.916079998016357,2.2360680103302
-5.916079998016357,2.2360680103302
-5.916079998016357,2.2360680103302
-5.916079998016357,2.2360680103302
-5.916079998016357,2.2360680103302
-5.916079998016357,2.2360680103302
-5.916079998016357,2.2360680103302
-5.916079998016357,2.2360680103302
-5.916079998016357,2.2360680103302
-5.916079998016357,2.2360680103302
-5.916079998016357,2.2360680103302
-5.916079998016357,2.2360680103302
-5.916079998016357,2.4494898319244385
-5.916079998016357,2.4494898319244385
-5.916079998016357,2.4494898319244385
-5.916079998016357,2.4494898319244385
-5.916079998016357,2.4494898319244385
-5.916079998016357,2.4494898319244385
-5.916079998016357,2.4494898319244385
-5.916079998016357,2.4494898319244385
-5.916079998016357,2.4494898319244385
-5.916079998016357,2.4494898319244385
-5.916079998016357,2.8284270763397217
-5.916079998016357,2.8284270763397217
-5.916079998016357,2.8284270763397217
-5.916079998016357,2.8284270763397217
-5.916079998016357,2.8284270763397217
-5.916079998016357,2.8284270763397217
-5.916079998016357,2.8284270763397217
-5.916079998016357,2.8284270763397217
-5.916079998016357,2.8284270763397217
-5.916079998016357,2.8284270763397217
-5.916079998016357,2.8284270763397217
-5.916079998016357,2.8284270763397217
-5.916079998016357,2.8284270763397217
-5.916079998016357,2.8284270763397217
-5.916079998016357,3
-5.916079998016357,3
-5.916079998016357,3
-5.916079998016357,3
-5.916079998016357,3
-5.916079998016357,3
-5.916079998016357,3
-5.916079998016357,3
-5.916079998016357,3
-5.916079998016357,3
-5.916079998016357,3
-5.916079998016357,3
-5.916079998016357,3
-5.916079998016357,3
-5.916079998016357,3.1622776985168457
-5.916079998016357,3.1622776985168457
-5.916079998016357,3.1622776985168457
-5.916079998016357,3.1622776985168457
-5.916079998016357,3.1622776985168457
-5.916079998016357,3.1622776985168457
-5.916079998016357,3.1622776985168457
-5.916079998016357,3.1622776985168457
-5.916079998016357,3.1622776985168457
-5.916079998016357,3.1622776985168457
-5.916079998016357,3.1622776985168457
-5.916079998016357,3.1622776985168457
-5.916079998016357,3.316624879837036
-5.916079998016357,3.316624879837036
-5.916079998016357,3.316624879837036
-5.916079998016357,3.605551242828369
-5.916079998016357,3.605551242828369
-5.916079998016357,3.605551242828369
-5.916079998016357,3.605551242828369
-5.916079998016357,3.605551242828369
-5.916079998016357,3.605551242828369
-5.916079998016357,3.605551242828369
-5.916079998016357,3.605551242828369
-5.916079998016357,3.605551242828369
-5.916079998016357,3.605551242828369
-5.916079998016357,3.605551242828369
-5.916079998016357,3.605551242828369
-5.916079998016357,3.605551242828369
-5.916079998016357,3.605551242828369
-5.916079998016357,3.7416574954986572
-5.916079998016357,3.7416574954986572
-5.916079998016357,3.7416574954986572
-5.916079998016357,3.7416574954986572
-5.916079998016357,3.7416574954986572
-5.916079998016357,3.7416574954986572
-5.916079998016357,3.7416574954986572
-5.916079998016357,3.7416574954986572
-5.916079998016357,3.7416574954986572
-5.916079998016357,3.7416574954986572
-5.916079998016357,3.7416574954986572
-5.916079998016357,3.7416574954986572
-5.916079998016357,3.7416574954986572
-5.916079998016357,3.7416574954986572
-5.916079998016357,4
-5.916079998016357,4
-5.916079998016357,4
-5.916079998016357,4
-5.916079998016357,4
-5.916079998016357,4
-5.916079998016357,4
-5.916079998016357,4
-5.916079998016357,4.123105525970459
-5.916079998016357,4.123105525970459
-5.916079998016357,4.123105525970459
-5.916079998016357,4.123105525970459
-5.916079998016357,4.123105525970459
-5.916079998016357,4.123105525970459
-5.916079998016357,4.123105525970459
-5.916079998016357,4.123105525970459
-5.916079998016357,4.123105525970459
-5.916079998016357,4.123105525970459
-5.916079998016357,4.123105525970459
-5.916079998016357,4.123105525970459
-5.916079998016357,4.123105525970459
-5.916079998016357,4.123105525970459
-5.916079998016357,4.123105525970459
-5.916079998016357,4.123105525970459
-5.916079998016357,4.123105525970459
-5.916079998016357,4.123105525970459
-5.916079998016357,4.123105525970459
-5.916079998016357,4.242640495300293
-5.916079998016357,4.242640495300293
-5.916079998016357,4.242640495300293
-5.916079998016357,4.242640495300293
-5.916079998016357,4.242640495300293
-5.916079998016357,4.242640495300293
-5.916079998016357,4.242640495300293
-5.916079998016357,4.242640495300293
-5.916079998016357,4.242640495300293
-5.916079998016357,4.242640495300293
-5.916079998016357,4.242640495300293
-5.916079998016357,4.242640495300293
-5.916079998016357,4.242640495300293
-5.916079998016357,4.242640495300293
-5.916079998016357,4.242640495300293
-5.916079998016357,4.358899116516113
-5.916079998016357,4.358899116516113
-5.916079998016357,4.358899116516113
-5.916079998016357,4.358899116516113
-5.916079998016357,4.358899116516113
-5.916079998016357,4.358899116516113
-5.916079998016357,4.358899116516113
-5.916079998016357,4.4721360206604
-5.916079998016357,4.4721360206604
-5.916079998016357,4.4721360206604
-5.916079998016357,4.4721360206604
-5.916079998016357,4.4721360206604
-5.916079998016357,4.4721360206604
-5.916079998016357,4.4721360206604
-5.916079998016357,4.4721360206604
-5.916079998016357,4.4721360206604
-5.916079998016357,4.582575798034668
-5.916079998016357,4.582575798034668
-5.916079998016357,4.582575798034668
-5.916079998016357,4.582575798034668
-5.916079998016357,4.582575798034668
-5.916079998016357,4.582575798034668
-5.916079998016357,4.582575798034668
-5.916079998016357,4.582575798034668
-5.916079998016357,4.582575798034668
-5.916079998016357,4.690415859222412
-5.916079998016357,4.690415859222412
-5.916079998016357,4.690415859222412
-5.916079998016357,4.690415859222412
-5.916079998016357,4.690415859222412
-5.916079998016357,4.690415859222412
-5.916079998016357,4.690415859222412
-5.916079998016357,4.898979663848877
-5.916079998016357,4.898979663848877
-5.916079998016357,4.898979663848877
-5.916079998016357,4.898979663848877
-5.916079998016357,4.898979663848877
-5.916079998016357,5
-5.916079998016357,5
-5.916079998016357,5
-5.916079998016357,5
-5.916079998016357,5
-5.916079998016357,5
-5.916079998016357,5
-5.916079998016357,5
-5.916079998016357,5
-5.916079998016357,5
-5.916079998016357,5
-5.916079998016357,5
-5.916079998016357,5
-5.916079998016357,5.099019527435303
-5.916079998016357,5.099019527435303
-5.916079998016357,5.099019527435303
-5.916079998016357,5.099019527435303
-5.916079998016357,5.099019527435303
-5.916079998016357,5.099019527435303
-5.916079998016357,5.099019527435303
-5.916079998016357,5.099019527435303
-5.916079998016357,5.099019527435303
-5.916079998016357,5.099019527435303
-5.916079998016357,5.099019527435303
-5.916079998016357,5.099019527435303
-5.916079998016357,5.099019527435303
-5.916079998016357,5.196152210235596
-5.916079998016357,5.196152210235596
-5.916079998016357,5.196152210235596
-5.916079998016357,5.196152210235596
-5.916079998016357,5.196152210235596
-5.916079998016357,5.385164737701416
-5.916079998016357,5.385164737701416
-5.916079998016357,5.385164737701416
-5.916079998016357,5.385164737701416
-5.916079998016357,5.385164737701416
-5.916079998016357,5.385164737701416
-5.916079998016357,5.385164737701416
-5.916079998016357,5.385164737701416
-5.916079998016357,5.385164737701416
-5.916079998016357,5.385164737701416
-5.916079998016357,5.385164737701416
-5.916079998016357,5.385164737701416
-5.916079998016357,5.385164737701416
-5.916079998016357,5.385164737701416
-5.916079998016357,5.385164737701416
-5.916079998016357,5.385164737701416
-5.916079998016357,5.385164737701416
-5.916079998016357,5.4772257804870605
-5.916079998016357,5.4772257804870605
-5.916079998016357,5.4772257804870605
-5.916079998016357,5.4772257804870605
-5.916079998016357,5.4772257804870605
-5.916079998016357,5.4772257804870605
-5.916079998016357,5.4772257804870605
-5.916079998016357,5.4772257804870605
-5.916079998016357,5.4772257804870605
-5.916079998016357,5.656854152679443
-5.916079998016357,5.656854152679443
-5.916079998016357,5.656854152679443
-5.916079998016357,5.656854152679443
-5.916079998016357,5.74456262588501
-5.916079998016357,5.74456262588501
-5.916079998016357,5.74456262588501
-5.916079998016357,5.74456262588501
-5.916079998016357,5.74456262588501
-5.916079998016357,5.830951690673828
-5.916079998016357,5.830951690673828
-5.916079998016357,5.830951690673828
-5.916079998016357,5.830951690673828
-5.916079998016357,5.830951690673828
-5.916079998016357,5.830951690673828
-5.916079998016357,5.830951690673828
-5.916079998016357,5.830951690673828
-5.916079998016357,5.830951690673828
-5.916079998016357,5.916079998016357
-5.916079998016357,5.916079998016357
-5.916079998016357,5.916079998016357
-5.916079998016357,5.916079998016357
-5.916079998016357,5.916079998016357
-5.916079998016357,5.916079998016357
-5.916079998016357,5.916079998016357
-5.916079998016357,5.916079998016357
-5.916079998016357,5.916079998016357
-5.916079998016357,6
-5.916079998016357,6
-5.916079998016357,6
-5.916079998016357,6
-5.916079998016357,6
-5.916079998016357,6
-5.916079998016357,6
-5.916079998016357,6.082762718200684
-5.916079998016357,6.082762718200684
-5.916079998016357,6.082762718200684
-5.916079998016357,6.164413928985596
-5.916079998016357,6.164413928985596
-5.916079998016357,6.164413928985596
-5.916079998016357,6.164413928985596
-5.916079998016357,6.164413928985596
-5.916079998016357,6.164413928985596
-5.916079998016357,6.164413928985596
-5.916079998016357,6.164413928985596
-5.916079998016357,6.324555397033691
-5.916079998016357,6.324555397033691
-5.916079998016357,6.324555397033691
-5.916079998016357,6.4031243324279785
-5.916079998016357,6.4031243324279785
-5.916079998016357,6.4031243324279785
-5.916079998016357,6.4031243324279785
-5.916079998016357,6.4031243324279785
-5.916079998016357,6.4031243324279785
-5.916079998016357,6.4031243324279785
-5.916079998016357,6.4031243324279785
-5.916079998016357,6.4031243324279785
-5.916079998016357,6.4031243324279785
-5.916079998016357,6.4031243324279785
-5.916079998016357,6.480740547180176
-5.916079998016357,6.480740547180176
-5.916079998016357,6.480740547180176
-5.916079998016357,6.480740547180176
-5.916079998016357,6.480740547180176
-5.916079998016357,6.557438373565674
-5.916079998016357,6.557438373565674
-5.916079998016357,6.557438373565674
-5.916079998016357,6.557438373565674
-5.916079998016357,6.633249759674072
-5.916079998016357,6.633249759674072
-5.916079998016357,6.633249759674072
-5.916079998016357,6.633249759674072
-5.916079998016357,6.633249759674072
-5.916079998016357,6.633249759674072
-5.916079998016357,6.7082037925720215
-5.916079998016357,6.7082037925720215
-5.916079998016357,6.7082037925720215
-5.916079998016357,6.7082037925720215
-5.916079998016357,6.78233003616333
-5.916079998016357,6.78233003616333
-5.916079998016357,6.78233003616333
-5.916079998016357,6.78233003616333
-5.916079998016357,6.928203105926514
-5.916079998016357,6.928203105926514
-5.916079998016357,6.928203105926514
-5.916079998016357,6.928203105926514
-5.916079998016357,7
-5.916079998016357,7
-5.916079998016357,7
-5.916079998016357,7.071067810058594
-5.916079998016357,7.071067810058594
-5.916079998016357,7.071067810058594
-5.916079998016357,7.071067810058594
-5.916079998016357,7.071067810058594
-5.916079998016357,7.071067810058594
-5.916079998016357,7.071067810058594
-5.916079998016357,7.071067810058594
-5.916079998016357,7.071067810058594
-5.916079998016357,7.141428470611572
-5.916079998016357,7.141428470611572
-5.916079998016357,7.141428470611572
-5.916079998016357,7.141428470611572
-5.916079998016357,7.141428470611572
-5.916079998016357,7.211102485656738
-5.916079998016357,7.211102485656738
-5.916079998016357,7.211102485656738
-5.916079998016357,7.280109882354736
-5.916079998016357,7.280109882354736
-5.916079998016357,7.280109882354736
-5.916079998016357,7.280109882354736
-5.916079998016357,7.280109882354736
-5.916079998016357,7.280109882354736
-5.916079998016357,7.280109882354736
-5.916079998016357,7.280109882354736
-5.916079998016357,7.348469257354736
-5.916079998016357,7.348469257354736
-5.916079998016357,7.348469257354736
-5.916079998016357,7.348469257354736
-5.916079998016357,7.348469257354736
-5.916079998016357,7.348469257354736
-5.916079998016357,7.348469257354736
-5.916079998016357,7.348469257354736
-5.916079998016357,7.4833149909973145
-5.916079998016357,7.4833149909973145
-5.916079998016357,7.4833149909973145
-5.916079998016357,7.549834251403809
-5.916079998016357,7.549834251403809
-5.916079998016357,7.549834251403809
-5.916079998016357,7.549834251403809
-5.916079998016357,7.549834251403809
-5.916079998016357,7.549834251403809
-5.916079998016357,7.6157732009887695
-5.916079998016357,7.6157732009887695
-5.916079998016357,7.6157732009887695
-5.916079998016357,7.6157732009887695
-5.916079998016357,7.6157732009887695
-5.916079998016357,7.6157732009887695
-5.916079998016357,7.6157732009887695
-5.916079998016357,7.6157732009887695
-5.916079998016357,7.681145668029785
-5.916079998016357,7.681145668029785
-5.916079998016357,7.681145668029785
-5.916079998016357,7.681145668029785
-5.916079998016357,7.8102498054504395
-5.916079998016357,7.8102498054504395
-5.916079998016357,7.8102498054504395
-5.916079998016357,7.874007701873779
-5.916079998016357,7.874007701873779
-5.916079998016357,7.874007701873779
-5.916079998016357,7.874007701873779
-5.916079998016357,7.874007701873779
-5.916079998016357,7.874007701873779
-5.916079998016357,7.874007701873779
-5.916079998016357,8
-5.916079998016357,8.062257766723633
-5.916079998016357,8.062257766723633
-5.916079998016357,8.062257766723633
-5.916079998016357,8.062257766723633
-5.916079998016357,8.062257766723633
-5.916079998016357,8.062257766723633
-5.916079998016357,8.062257766723633
-5.916079998016357,8.062257766723633
-5.916079998016357,8.062257766723633
-5.916079998016357,8.062257766723633
-5.916079998016357,8.062257766723633
-5.916079998016357,8.062257766723633
-5.916079998016357,8.062257766723633
-5.916079998016357,8.124038696289063
-5.916079998016357,8.124038696289063
-5.916079998016357,8.124038696289063
-5.916079998016357,8.185352325439453
-5.916079998016357,8.185352325439453
-5.916079998016357,8.246211051940918
-5.916079998016357,8.306623458862305
-5.916079998016357,8.306623458862305
-5.916079998016357,8.366600036621094
-5.916079998016357,8.485280990600586
-5.916079998016357,8.485280990600586
-5.916079998016357,8.485280990600586
-5.916079998016357,8.485280990600586
-5.916079998016357,8.5440034866333
-5.916079998016357,8.5440034866333
-5.916079998016357,8.5440034866333
-5.916079998016357,8.5440034866333
-5.916079998016357,8.5440034866333
-5.916079998016357,8.602325439453125
-5.916079998016357,8.602325439453125
-5.916079998016357,8.602325439453125
-5.916079998016357,8.602325439453125
-5.916079998016357,8.602325439453125
-5.916079998016357,8.66025447845459
-5.916079998016357,8.66025447845459
-5.916079998016357,8.66025447845459
-5.916079998016357,8.66025447845459
-5.916079998016357,8.66025447845459
-5.916079998016357,8.774964332580566
-5.916079998016357,8.774964332580566
-5.916079998016357,8.83176040649414
-5.916079998016357,8.83176040649414
-5.916079998016357,9
-5.916079998016357,9
-5.916079998016357,9
-5.916079998016357,9
-5.916079998016357,9.05538558959961
-5.916079998016357,9.05538558959961
-5.916079998016357,9.05538558959961
-5.916079998016357,9.110433578491211
-5.916079998016357,9.165151596069336
-5.916079998016357,9.165151596069336
-5.916079998016357,9.165151596069336
-5.916079998016357,9.165151596069336
-5.916079998016357,9.219544410705566
-5.916079998016357,9.273618698120117
-5.916079998016357,9.273618698120117
-5.916079998016357,9.433980941772461
-5.916079998016357,9.433980941772461
-5.916079998016357,9.433980941772461
-5.916079998016357,9.486832618713379
-5.916079998016357,9.486832618713379
-5.916079998016357,9.486832618713379
-5.916079998016357,9.486832618713379
-5.916079998016357,9.486832618713379
-5.916079998016357,9.539392471313477
-5.916079998016357,9.539392471313477
-5.916079998016357,9.539392471313477
-5.916079998016357,9.643651008605957
-5.916079998016357,9.69536018371582
-5.916079998016357,9.69536018371582
-5.916079998016357,9.69536018371582
-5.916079998016357,9.797959327697754
-5.916079998016357,9.848857879638672
-5.916079998016357,9.848857879638672
-5.916079998016357,9.899495124816895
-5.916079998016357,9.899495124816895
-5.916079998016357,10
-5.916079998016357,10
-5.916079998016357,10
-5.916079998016357,10.099504470825195
-5.916079998016357,10.24695110321045
-5.916079998016357,10.344079971313477
-5.916079998016357,10.344079971313477
-5.916079998016357,10.440306663513184
-5.916079998016357,10.488088607788086
-5.916079998016357,10.630146026611328
-5.916079998016357,10.630146026611328
-5.916079998016357,10.677078247070313
-5.916079998016357,10.677078247070313
-5.916079998016357,10.677078247070313
-5.916079998016357,10.72380542755127
-5.916079998016357,10.770329475402832
-5.916079998016357,10.816654205322266
-5.916079998016357,10.862780570983887
-5.916079998016357,10.862780570983887
-5.916079998016357,10.954451560974121
-5.916079998016357,11.224971771240234
-5.916079998016357,11.313708305358887
-5.916079998016357,11.357816696166992
-5.916079998016357,11.357816696166992
-5.916079998016357,11.575837135314941
-5.916079998016357,11.704699516296387
-5.916079998016357,11.87434196472168
-5.916079998016357,12.083045959472656
-5.916079998016357,12.206555366516113
-5.916079998016357,12.247448921203613
-5.916079998016357,12.529964447021484
-5.916079998016357,12.569805145263672
-5.916079998016357,14.071247100830078
-5.916079998016357,14.177447319030762
-5.916079998016357,14.21267032623291
-5.916079998016357,14.352700233459473
-5.916079998016357,14.456831932067871
-5.916079998016357,14.59451961517334
-5.916079998016357,14.764822959899902
-5.916079998016357,14.764822959899902
-5.916079998016357,14.764822959899902
-5.916079998016357,14.798648834228516
-5.916079998016357,14.866068840026855
-5.916079998016357,14.866068840026855
-5.916079998016357,14.899664878845215
-5.916079998016357,15
-5.916079998016357,15.033296585083008
-5.916079998016357,15.066518783569336
-5.916079998016357,15.066518783569336
-5.916079998016357,15.165750503540039
-5.916079998016357,15.264337539672852
-5.916079998016357,15.29705810546875
-5.916079998016357,15.55634880065918
-5.916079998016357,15.55634880065918
-5.916079998016357,15.65247631072998
-5.916079998016357,15.68438720703125
-5.916079998016357,15.905973434448242
-5.916079998016357,16.5831241607666
-5.916079998016357,16.881942749023438
-5.916079998016357,17.72004508972168
-5.916079998016357,18.027755737304688
-5.830951690673828,inf
-5.830951690673828,inf
-5.830951690673828,inf
-5.830951690673828,inf
-5.830951690673828,inf
-5.830951690673828,inf
-5.830951690673828,inf
-5.830951690673828,inf
-5.830951690673828,inf
-5.830951690673828,inf
-5.830951690673828,inf
-5.830951690673828,inf
-5.830951690673828,inf
-5.830951690673828,inf
-5.830951690673828,inf
-5.830951690673828,inf
-5.830951690673828,inf
-5.830951690673828,inf
-5.830951690673828,inf
-5.830951690673828,inf
-5.830951690673828,inf
-5.830951690673828,inf
-5.830951690673828,inf
-5.830951690673828,inf
-5.830951690673828,inf
-5.830951690673828,inf
-5.830951690673828,inf
-5.830951690673828,inf
-5.830951690673828,inf
-5.830951690673828,inf
-5.830951690673828,inf
-5.830951690673828,inf
-5.830951690673828,inf
-5.830951690673828,inf
-5.830951690673828,inf
-5.830951690673828,inf
-5.830951690673828,inf
-5.830951690673828,inf
-5.830951690673828,inf
-5.830951690673828,inf
-5.830951690673828,inf
-5.830951690673828,inf
-5.830951690673828,inf
-5.830951690673828,inf
-5.830951690673828,inf
-5.830951690673828,inf
-5.830951690673828,inf
-5.830951690673828,inf
-5.830951690673828,inf
-5.830951690673828,inf
-5.830951690673828,inf
-5.830951690673828,inf
-5.830951690673828,inf
-5.830951690673828,inf
-5.830951690673828,inf
-5.830951690673828,inf
-5.830951690673828,inf
-5.830951690673828,inf
-5.830951690673828,inf
-5.830951690673828,inf
-5.830951690673828,inf
-5.830951690673828,inf
-5.830951690673828,inf
-5.830951690673828,inf
-5.830951690673828,inf
-5.830951690673828,-5.74456262588501
-5.830951690673828,-5.74456262588501
-5.830951690673828,-5.74456262588501
-5.830951690673828,-5.74456262588501
-5.830951690673828,-5.74456262588501
-5.830951690673828,-5.74456262588501
-5.830951690673828,-5.74456262588501
-5.830951690673828,-5.74456262588501
-5.830951690673828,-5.74456262588501
-5.830951690673828,-5.74456262588501
-5.830951690673828,-5.74456262588501
-5.830951690673828,-5.74456262588501
-5.830951690673828,-5.74456262588501
-5.830951690673828,-5.74456262588501
-5.830951690673828,-5.74456262588501
-5.830951690673828,-5.74456262588501
-5.830951690673828,-5.74456262588501
-5.830951690673828,-5.74456262588501
-5.830951690673828,-5.74456262588501
-5.830951690673828,-5.74456262588501
-5.830951690673828,-5.74456262588501
-5.830951690673828,-5.74456262588501
-5.830951690673828,-5.74456262588501
-5.830951690673828,-5.74456262588501
-5.830951690673828,-5.74456262588501
-5.830951690673828,-5.74456262588501
-5.830951690673828,-5.74456262588501
-5.830951690673828,-5.74456262588501
-5.830951690673828,-5.74456262588501
-5.830951690673828,-5.74456262588501
-5.830951690673828,-5.74456262588501
-5.830951690673828,-5.74456262588501
-5.830951690673828,-5.74456262588501
-5.830951690673828,-5.74456262588501
-5.830951690673828,-5.74456262588501
-5.830951690673828,-5.74456262588501
-5.830951690673828,-5.74456262588501
-5.830951690673828,-5.74456262588501
-5.830951690673828,-5.74456262588501
-5.830951690673828,-5.74456262588501
-5.830951690673828,-5.74456262588501
-5.830951690673828,-5.74456262588501
-5.830951690673828,-5.74456262588501
-5.830951690673828,-5.74456262588501
-5.830951690673828,-5.74456262588501
-5.830951690673828,-5.74456262588501
-5.830951690673828,-5.74456262588501
-5.830951690673828,-5.74456262588501
-5.830951690673828,-5.74456262588501
-5.830951690673828,-5.74456262588501
-5.830951690673828,-5.74456262588501
-5.830951690673828,-5.74456262588501
-5.830951690673828,-5.74456262588501
-5.830951690673828,-5.74456262588501
-5.830951690673828,-5.74456262588501
-5.830951690673828,-5.74456262588501
-5.830951690673828,-5.74456262588501
-5.830951690673828,-5.74456262588501
-5.830951690673828,-5.74456262588501
-5.830951690673828,-5.74456262588501
-5.830951690673828,-5.74456262588501
-5.830951690673828,-5.74456262588501
-5.830951690673828,-5.74456262588501
-5.830951690673828,-5.74456262588501
-5.830951690673828,-5.74456262588501
-5.830951690673828,-5.74456262588501
-5.830951690673828,-5.74456262588501
-5.830951690673828,-5.74456262588501
-5.830951690673828,-5.74456262588501
-5.830951690673828,-5.74456262588501
-5.830951690673828,-5.74456262588501
-5.830951690673828,-5.74456262588501
-5.830951690673828,-5.74456262588501
-5.830951690673828,-5.74456262588501
-5.830951690673828,-5.74456262588501
-5.830951690673828,-5.74456262588501
-5.830951690673828,-5.74456262588501
-5.830951690673828,-5.74456262588501
-5.830951690673828,-5.74456262588501
-5.830951690673828,-5.74456262588501
-5.830951690673828,-5.74456262588501
-5.830951690673828,-5.74456262588501
-5.830951690673828,-5.74456262588501
-5.830951690673828,-5.74456262588501
-5.830951690673828,-5.74456262588501
-5.830951690673828,-5.74456262588501
-5.830951690673828,-5.74456262588501
-5.830951690673828,-5.74456262588501
-5.830951690673828,-5.74456262588501
-5.830951690673828,-5.74456262588501
-5.830951690673828,-5.74456262588501
-5.830951690673828,-5.74456262588501
-5.830951690673828,-5.74456262588501
-5.830951690673828,-5.74456262588501
-5.830951690673828,-5.74456262588501
-5.830951690673828,-5.74456262588501
-5.830951690673828,-5.74456262588501
-5.830951690673828,-5.74456262588501
-5.830951690673828,-5.74456262588501
-5.830951690673828,-5.74456262588501
-5.830951690673828,-5.74456262588501
-5.830951690673828,-5.74456262588501
-5.830951690673828,-5.74456262588501
-5.830951690673828,-5.74456262588501
-5.830951690673828,-5.74456262588501
-5.830951690673828,-5.74456262588501
-5.830951690673828,-5.74456262588501
-5.830951690673828,-5.74456262588501
-5.830951690673828,-5.74456262588501
-5.830951690673828,-5.74456262588501
-5.830951690673828,-5.74456262588501
-5.830951690673828,-5.74456262588501
-5.830951690673828,-5.74456262588501
-5.830951690673828,-5.74456262588501
-5.830951690673828,-5.74456262588501
-5.830951690673828,-5.74456262588501
-5.830951690673828,-5.74456262588501
-5.830951690673828,-5.74456262588501
-5.830951690673828,-5.74456262588501
-5.830951690673828,-5.74456262588501
-5.830951690673828,-5.74456262588501
-5.830951690673828,-5.74456262588501
-5.830951690673828,-5.74456262588501
-5.830951690673828,-5.74456262588501
-5.830951690673828,-5.74456262588501
-5.830951690673828,-5.74456262588501
-5.830951690673828,-5.74456262588501
-5.830951690673828,-5.74456262588501
-5.830951690673828,-5.74456262588501
-5.830951690673828,-5.74456262588501
-5.830951690673828,-5.74456262588501
-5.830951690673828,-5.74456262588501
-5.830951690673828,-5.74456262588501
-5.830951690673828,-5.74456262588501
-5.830951690673828,-5.74456262588501
-5.830951690673828,-5.74456262588501
-5.830951690673828,-5.74456262588501
-5.830951690673828,-5.74456262588501
-5.830951690673828,-5.74456262588501
-5.830951690673828,-5.74456262588501
-5.830951690673828,-5.74456262588501
-5.830951690673828,-5.74456262588501
-5.830951690673828,-5.74456262588501
-5.830951690673828,-5.74456262588501
-5.830951690673828,-5.74456262588501
-5.830951690673828,-5.74456262588501
-5.830951690673828,-5.74456262588501
-5.830951690673828,-5.74456262588501
-5.830951690673828,-5.74456262588501
-5.830951690673828,-5.74456262588501
-5.830951690673828,-5.74456262588501
-5.830951690673828,-5.74456262588501
-5.830951690673828,-5.74456262588501
-5.830951690673828,-5.74456262588501
-5.830951690673828,-5.74456262588501
-5.830951690673828,-5.74456262588501
-5.830951690673828,-5.74456262588501
-5.830951690673828,-5.74456262588501
-5.830951690673828,-5.74456262588501
-5.830951690673828,-5.74456262588501
-5.830951690673828,-5.74456262588501
-5.830951690673828,-5.74456262588501
-5.830951690673828,-5.74456262588501
-5.830951690673828,-5.74456262588501
-5.830951690673828,-5.74456262588501
-5.830951690673828,-5.74456262588501
-5.830951690673828,-5.74456262588501
-5.830951690673828,-5.74456262588501
-5.830951690673828,-5.74456262588501
-5.830951690673828,-5.74456262588501
-5.830951690673828,-5.74456262588501
-5.830951690673828,-5.74456262588501
-5.830951690673828,-5.74456262588501
-5.830951690673828,-5.74456262588501
-5.830951690673828,-5.74456262588501
-5.830951690673828,-5.74456262588501
-5.830951690673828,-5.74456262588501
-5.830951690673828,-5.74456262588501
-5.830951690673828,-5.74456262588501
-5.830951690673828,-5.74456262588501
-5.830951690673828,-5.74456262588501
-5.830951690673828,-5.74456262588501
-5.830951690673828,-5.74456262588501
-5.830951690673828,-5.74456262588501
-5.830951690673828,-5.74456262588501
-5.830951690673828,-5.74456262588501
-5.830951690673828,-5.74456262588501
-5.830951690673828,-5.74456262588501
-5.830951690673828,-5.74456262588501
-5.830951690673828,-5.74456262588501
-5.830951690673828,-5.74456262588501
-5.830951690673828,-5.74456262588501
-5.830951690673828,-5.74456262588501
-5.830951690673828,-5.74456262588501
-5.830951690673828,-5.74456262588501
-5.830951690673828,-5.74456262588501
-5.830951690673828,-5.74456262588501
-5.830951690673828,-5.74456262588501
-5.830951690673828,-5.74456262588501
-5.830951690673828,-5.74456262588501
-5.830951690673828,-5.74456262588501
-5.830951690673828,-5.74456262588501
-5.830951690673828,-5.74456262588501
-5.830951690673828,-5.74456262588501
-5.830951690673828,-5.74456262588501
-5.830951690673828,-5.74456262588501
-5.830951690673828,-5.74456262588501
-5.830951690673828,-5.74456262588501
-5.830951690673828,-5.74456262588501
-5.830951690673828,-5.74456262588501
-5.830951690673828,-5.74456262588501
-5.830951690673828,-5.74456262588501
-5.830951690673828,-5.74456262588501
-5.830951690673828,-5.74456262588501
-5.830951690673828,-5.74456262588501
-5.830951690673828,-5.74456262588501
-5.830951690673828,-5.74456262588501
-5.830951690673828,-5.74456262588501
-5.830951690673828,-5.74456262588501
-5.830951690673828,-5.74456262588501
-5.830951690673828,-5.74456262588501
-5.830951690673828,-5.74456262588501
-5.830951690673828,-5.74456262588501
-5.830951690673828,-5.74456262588501
-5.830951690673828,-5.74456262588501
-5.830951690673828,-5.74456262588501
-5.830951690673828,-5.74456262588501
-5.830951690673828,-5.74456262588501
-5.830951690673828,-5.74456262588501
-5.830951690673828,-5.74456262588501
-5.830951690673828,-5.74456262588501
-5.830951690673828,-5.74456262588501
-5.830951690673828,-5.74456262588501
-5.830951690673828,-5.74456262588501
-5.830951690673828,-5.74456262588501
-5.830951690673828,-5.74456262588501
-5.830951690673828,-5.74456262588501
-5.830951690673828,-5.74456262588501
-5.830951690673828,-5.74456262588501
-5.830951690673828,-5.74456262588501
-5.830951690673828,-5.74456262588501
-5.830951690673828,-5.74456262588501
-5.830951690673828,-5.74456262588501
-5.830951690673828,-5.74456262588501
-5.830951690673828,-5.74456262588501
-5.830951690673828,-5.74456262588501
-5.830951690673828,-5.74456262588501
-5.830951690673828,-5.74456262588501
-5.830951690673828,-5.74456262588501
-5.830951690673828,-5.74456262588501
-5.830951690673828,-5.74456262588501
-5.830951690673828,-5.74456262588501
-5.830951690673828,-5.74456262588501
-5.830951690673828,-5.74456262588501
-5.830951690673828,-5.74456262588501
-5.830951690673828,-5.74456262588501
-5.830951690673828,-5.74456262588501
-5.830951690673828,-5.74456262588501
-5.830951690673828,-5.74456262588501
-5.830951690673828,-5.74456262588501
-5.830951690673828,-5.74456262588501
-5.830951690673828,-5.74456262588501
-5.830951690673828,-5.74456262588501
-5.830951690673828,-5.74456262588501
-5.830951690673828,-5.74456262588501
-5.830951690673828,-5.74456262588501
-5.830951690673828,-5.74456262588501
-5.830951690673828,-5.74456262588501
-5.830951690673828,-5.74456262588501
-5.830951690673828,-5.74456262588501
-5.830951690673828,-5.74456262588501
-5.830951690673828,-5.74456262588501
-5.830951690673828,-5.74456262588501
-5.830951690673828,-5.74456262588501
-5.830951690673828,-5.74456262588501
-5.830951690673828,-5.74456262588501
-5.830951690673828,-5.74456262588501
-5.830951690673828,-5.74456262588501
-5.830951690673828,-5.74456262588501
-5.830951690673828,-5.74456262588501
-5.830951690673828,-5.74456262588501
-5.830951690673828,-5.74456262588501
-5.830951690673828,-5.74456262588501
-5.830951690673828,-5.74456262588501
-5.830951690673828,-5.74456262588501
-5.830951690673828,-5.74456262588501
-5.830951690673828,-5.74456262588501
-5.830951690673828,-5.74456262588501
-5.830951690673828,-5.74456262588501
-5.830951690673828,-5.74456262588501
-5.830951690673828,-5.74456262588501
-5.830951690673828,-5.74456262588501
-5.830951690673828,-5.74456262588501
-5.830951690673828,-5.74456262588501
-5.830951690673828,-5.74456262588501
-5.830951690673828,-5.74456262588501
-5.830951690673828,-5.74456262588501
-5.830951690673828,-5.74456262588501
-5.830951690673828,-5.74456262588501
-5.830951690673828,-5.74456262588501
-5.830951690673828,-5.74456262588501
-5.830951690673828,-5.74456262588501
-5.830951690673828,-5.74456262588501
-5.830951690673828,-5.74456262588501
-5.830951690673828,-5.74456262588501
-5.830951690673828,-5.74456262588501
-5.830951690673828,-5.74456262588501
-5.830951690673828,-5.74456262588501
-5.830951690673828,-5.74456262588501
-5.830951690673828,-5.74456262588501
-5.830951690673828,-5.74456262588501
-5.830951690673828,-5.74456262588501
-5.830951690673828,-5.74456262588501
-5.830951690673828,-5.74456262588501
-5.830951690673828,-5.74456262588501
-5.830951690673828,-5.74456262588501
-5.830951690673828,-5.74456262588501
-5.830951690673828,-5.74456262588501
-5.830951690673828,-5.74456262588501
-5.830951690673828,-5.74456262588501
-5.830951690673828,-5.74456262588501
-5.830951690673828,-5.74456262588501
-5.830951690673828,-5.74456262588501
-5.830951690673828,-5.74456262588501
-5.830951690673828,-5.74456262588501
-5.830951690673828,-5.74456262588501
-5.830951690673828,-5.74456262588501
-5.830951690673828,-5.74456262588501
-5.830951690673828,-5.74456262588501
-5.830951690673828,-5.74456262588501
-5.830951690673828,-5.74456262588501
-5.830951690673828,-5.74456262588501
-5.830951690673828,-5.74456262588501
-5.830951690673828,-5.74456262588501
-5.830951690673828,-5.74456262588501
-5.830951690673828,-5.74456262588501
-5.830951690673828,-5.74456262588501
-5.830951690673828,-5.74456262588501
-5.830951690673828,-5.74456262588501
-5.830951690673828,-5.74456262588501
-5.830951690673828,-5.74456262588501
-5.830951690673828,-5.74456262588501
-5.830951690673828,-5.74456262588501
-5.830951690673828,-5.74456262588501
-5.830951690673828,-5.74456262588501
-5.830951690673828,-5.74456262588501
-5.830951690673828,-5.74456262588501
-5.830951690673828,-5.74456262588501
-5.830951690673828,-5.74456262588501
-5.830951690673828,-5.74456262588501
-5.830951690673828,-5.74456262588501
-5.830951690673828,-5.74456262588501
-5.830951690673828,-5.74456262588501
-5.830951690673828,-5.74456262588501
-5.830951690673828,-5.74456262588501
-5.830951690673828,-5.74456262588501
-5.830951690673828,-5.74456262588501
-5.830951690673828,-5.74456262588501
-5.830951690673828,-5.74456262588501
-5.830951690673828,-5.74456262588501
-5.830951690673828,-5.74456262588501
-5.830951690673828,-5.74456262588501
-5.830951690673828,-5.74456262588501
-5.830951690673828,-5.74456262588501
-5.830951690673828,-5.74456262588501
-5.830951690673828,-5.74456262588501
-5.830951690673828,-5.74456262588501
-5.830951690673828,-5.74456262588501
-5.830951690673828,-5.74456262588501
-5.830951690673828,-5.74456262588501
-5.830951690673828,-5.74456262588501
-5.830951690673828,-5.74456262588501
-5.830951690673828,-5.74456262588501
-5.830951690673828,-5.74456262588501
-5.830951690673828,-5.74456262588501
-5.830951690673828,-5.74456262588501
-5.830951690673828,-5.74456262588501
-5.830951690673828,-5.74456262588501
-5.830951690673828,-5.74456262588501
-5.830951690673828,-5.74456262588501
-5.830951690673828,-5.74456262588501
-5.830951690673828,-5.74456262588501
-5.830951690673828,-5.74456262588501
-5.830951690673828,-5.74456262588501
-5.830951690673828,-5.74456262588501
-5.830951690673828,-5.74456262588501
-5.830951690673828,-5.74456262588501
-5.830951690673828,-5.74456262588501
-5.830951690673828,-5.74456262588501
-5.830951690673828,-5.74456262588501
-5.830951690673828,-5.74456262588501
-5.830951690673828,-5.74456262588501
-5.830951690673828,-5.74456262588501
-5.830951690673828,-5.74456262588501
-5.830951690673828,-5.74456262588501
-5.830951690673828,-5.74456262588501
-5.830951690673828,-5.74456262588501
-5.830951690673828,-5.74456262588501
-5.830951690673828,-5.74456262588501
-5.830951690673828,-5.74456262588501
-5.830951690673828,-5.74456262588501
-5.830951690673828,-5.74456262588501
-5.830951690673828,-5.74456262588501
-5.830951690673828,-5.74456262588501
-5.830951690673828,-5.74456262588501
-5.830951690673828,-5.74456262588501
-5.830951690673828,-5.74456262588501
-5.830951690673828,-5.74456262588501
-5.830951690673828,-5.74456262588501
-5.830951690673828,-5.74456262588501
-5.830951690673828,-5.74456262588501
-5.830951690673828,-5.74456262588501
-5.830951690673828,-5.74456262588501
-5.830951690673828,-5.74456262588501
-5.830951690673828,-5.74456262588501
-5.830951690673828,-5.74456262588501
-5.830951690673828,-5.74456262588501
-5.830951690673828,-5.74456262588501
-5.830951690673828,-5.74456262588501
-5.830951690673828,-5.74456262588501
-5.830951690673828,-5.74456262588501
-5.830951690673828,-5.74456262588501
-5.830951690673828,-5.74456262588501
-5.830951690673828,-5.74456262588501
-5.830951690673828,-5.74456262588501
-5.830951690673828,-5.74456262588501
-5.830951690673828,-5.74456262588501
-5.830951690673828,-5.74456262588501
-5.830951690673828,-5.74456262588501
-5.830951690673828,-5.74456262588501
-5.830951690673828,-5.74456262588501
-5.830951690673828,-5.74456262588501
-5.830951690673828,-5.74456262588501
-5.830951690673828,-5.74456262588501
-5.830951690673828,-5.74456262588501
-5.830951690673828,-5.74456262588501
-5.830951690673828,-5.74456262588501
-5.830951690673828,-5.74456262588501
-5.830951690673828,-5.74456262588501
-5.830951690673828,-5.74456262588501
-5.830951690673828,-5.74456262588501
-5.830951690673828,-5.74456262588501
-5.830951690673828,-5.74456262588501
-5.830951690673828,-5.74456262588501
-5.830951690673828,-5.74456262588501
-5.830951690673828,-5.74456262588501
-5.830951690673828,-5.74456262588501
-5.830951690673828,-5.74456262588501
-5.830951690673828,-5.74456262588501
-5.830951690673828,-5.74456262588501
-5.830951690673828,-5.74456262588501
-5.830951690673828,-5.74456262588501
-5.830951690673828,-5.74456262588501
-5.830951690673828,-5.74456262588501
-5.830951690673828,-5.74456262588501
-5.830951690673828,-5.74456262588501
-5.830951690673828,-5.74456262588501
-5.830951690673828,-5.74456262588501
-5.830951690673828,-5.74456262588501
-5.830951690673828,-5.74456262588501
-5.830951690673828,-5.74456262588501
-5.830951690673828,-5.74456262588501
-5.830951690673828,-5.74456262588501
-5.830951690673828,-5.74456262588501
-5.830951690673828,-5.74456262588501
-5.830951690673828,-5.74456262588501
-5.830951690673828,-5.74456262588501
-5.830951690673828,-5.74456262588501
-5.830951690673828,-5.74456262588501
-5.830951690673828,-5.74456262588501
-5.830951690673828,-5.74456262588501
-5.830951690673828,-5.74456262588501
-5.830951690673828,-5.74456262588501
-5.830951690673828,-5.74456262588501
-5.830951690673828,-5.74456262588501
-5.830951690673828,-5.74456262588501
-5.830951690673828,-5.74456262588501
-5.830951690673828,-5.74456262588501
-5.830951690673828,-5.74456262588501
-5.830951690673828,-5.74456262588501
-5.830951690673828,-5.74456262588501
-5.830951690673828,-5.74456262588501
-5.830951690673828,-5.74456262588501
-5.830951690673828,-5.74456262588501
-5.830951690673828,-5.74456262588501
-5.830951690673828,-5.74456262588501
-5.830951690673828,-5.74456262588501
-5.830951690673828,-5.74456262588501
-5.830951690673828,-5.74456262588501
-5.830951690673828,-5.74456262588501
-5.830951690673828,-5.74456262588501
-5.830951690673828,-5.74456262588501
-5.830951690673828,-5.74456262588501
-5.830951690673828,-5.74456262588501
-5.830951690673828,-5.74456262588501
-5.830951690673828,-5.74456262588501
-5.830951690673828,-5.74456262588501
-5.830951690673828,-5.74456262588501
-5.830951690673828,-5.74456262588501
-5.830951690673828,-5.74456262588501
-5.830951690673828,-5.74456262588501
-5.830951690673828,-5.74456262588501
-5.830951690673828,-5.74456262588501
-5.830951690673828,-5.74456262588501
-5.830951690673828,-5.74456262588501
-5.830951690673828,-5.74456262588501
-5.830951690673828,-5.74456262588501
-5.830951690673828,-5.74456262588501
-5.830951690673828,-5.74456262588501
-5.830951690673828,-5.74456262588501
-5.830951690673828,-5.74456262588501
-5.830951690673828,-5.74456262588501
-5.830951690673828,-5.74456262588501
-5.830951690673828,-5.74456262588501
-5.830951690673828,-5.74456262588501
-5.830951690673828,-5.74456262588501
-5.830951690673828,-5.74456262588501
-5.830951690673828,-5.74456262588501
-5.830951690673828,-5.74456262588501
-5.830951690673828,-5.74456262588501
-5.830951690673828,-5.74456262588501
-5.830951690673828,-5.74456262588501
-5.830951690673828,-5.74456262588501
-5.830951690673828,-5.74456262588501
-5.830951690673828,-5.74456262588501
-5.830951690673828,-5.74456262588501
-5.830951690673828,-5.74456262588501
-5.830951690673828,-5.74456262588501
-5.830951690673828,-5.74456262588501
-5.830951690673828,-5.74456262588501
-5.830951690673828,-5.74456262588501
-5.830951690673828,-5.74456262588501
-5.830951690673828,-5.74456262588501
-5.830951690673828,-5.74456262588501
-5.830951690673828,-5.74456262588501
-5.830951690673828,-5.74456262588501
-5.830951690673828,-5.74456262588501
-5.830951690673828,-5.74456262588501
-5.830951690673828,-5.74456262588501
-5.830951690673828,-5.74456262588501
-5.830951690673828,-5.74456262588501
-5.830951690673828,-5.74456262588501
-5.830951690673828,-5.74456262588501
-5.830951690673828,-5.74456262588501
-5.830951690673828,-5.74456262588501
-5.830951690673828,-5.74456262588501
-5.830951690673828,-5.74456262588501
-5.830951690673828,-5.74456262588501
-5.830951690673828,-5.74456262588501
-5.830951690673828,-5.74456262588501
-5.830951690673828,-5.74456262588501
-5.830951690673828,-5.74456262588501
-5.830951690673828,-5.74456262588501
-5.830951690673828,-5.74456262588501
-5.830951690673828,-5.74456262588501
-5.830951690673828,-5.74456262588501
-5.830951690673828,-5.74456262588501
-5.830951690673828,-5.74456262588501
-5.830951690673828,-5.74456262588501
-5.830951690673828,-5.74456262588501
-5.830951690673828,-5.74456262588501
-5.830951690673828,-5.74456262588501
-5.830951690673828,-5.74456262588501
-5.830951690673828,-5.74456262588501
-5.830951690673828,-5.74456262588501
-5.830951690673828,-5.74456262588501
-5.830951690673828,-5.74456262588501
-5.830951690673828,-5.74456262588501
-5.830951690673828,-5.74456262588501
-5.830951690673828,-5.74456262588501
-5.830951690673828,-5.74456262588501
-5.830951690673828,-5.74456262588501
-5.830951690673828,-5.74456262588501
-5.830951690673828,-5.74456262588501
-5.830951690673828,-5.74456262588501
-5.830951690673828,-5.74456262588501
-5.830951690673828,-5.74456262588501
-5.830951690673828,-5.74456262588501
-5.830951690673828,-5.74456262588501
-5.830951690673828,-5.74456262588501
-5.830951690673828,-5.74456262588501
-5.830951690673828,-5.74456262588501
-5.830951690673828,-5.74456262588501
-5.830951690673828,-5.74456262588501
-5.830951690673828,-5.74456262588501
-5.830951690673828,-5.74456262588501
-5.830951690673828,-5.74456262588501
-5.830951690673828,-5.74456262588501
-5.830951690673828,-5.74456262588501
-5.830951690673828,-5.74456262588501
-5.830951690673828,-5.74456262588501
-5.830951690673828,-5.74456262588501
-5.830951690673828,-5.74456262588501
-5.830951690673828,-5.74456262588501
-5.830951690673828,-5.74456262588501
-5.830951690673828,-5.74456262588501
-5.830951690673828,-5.74456262588501
-5.830951690673828,-5.74456262588501
-5.830951690673828,-5.74456262588501
-5.830951690673828,-5.74456262588501
-5.830951690673828,-5.74456262588501
-5.830951690673828,-5.74456262588501
-5.830951690673828,-5.74456262588501
-5.830951690673828,-5.74456262588501
-5.830951690673828,-5.74456262588501
-5.830951690673828,-5.74456262588501
-5.830951690673828,-5.74456262588501
-5.830951690673828,-5.74456262588501
-5.830951690673828,-5.74456262588501
-5.830951690673828,-5.74456262588501
-5.830951690673828,-5.74456262588501
-5.830951690673828,-5.74456262588501
-5.830951690673828,-5.74456262588501
-5.830951690673828,-5.74456262588501
-5.830951690673828,-5.74456262588501
-5.830951690673828,-5.74456262588501
-5.830951690673828,-5.74456262588501
-5.830951690673828,-5.74456262588501
-5.830951690673828,-5.74456262588501
-5.830951690673828,-5.74456262588501
-5.830951690673828,-5.74456262588501
-5.830951690673828,-5.74456262588501
-5.830951690673828,-5.74456262588501
-5.830951690673828,-5.74456262588501
-5.830951690673828,-5.74456262588501
-5.830951690673828,-5.74456262588501
-5.830951690673828,-5.74456262588501
-5.830951690673828,-5.74456262588501
-5.830951690673828,-5.74456262588501
-5.830951690673828,-5.74456262588501
-5.830951690673828,-5.74456262588501
-5.830951690673828,-5.74456262588501
-5.830951690673828,-5.74456262588501
-5.830951690673828,-5.74456262588501
-5.830951690673828,-5.74456262588501
-5.830951690673828,-5.74456262588501
-5.830951690673828,-5.74456262588501
-5.830951690673828,-5.74456262588501
-5.830951690673828,-5.74456262588501
-5.830951690673828,-5.74456262588501
-5.830951690673828,-5.74456262588501
-5.830951690673828,-5.74456262588501
-5.830951690673828,-5.74456262588501
-5.830951690673828,-5.74456262588501
-5.830951690673828,-5.74456262588501
-5.830951690673828,-5.74456262588501
-5.830951690673828,-5.74456262588501
-5.830951690673828,-5.74456262588501
-5.830951690673828,-5.74456262588501
-5.830951690673828,-5.74456262588501
-5.830951690673828,-5.74456262588501
-5.830951690673828,-5.74456262588501
-5.830951690673828,-5.74456262588501
-5.830951690673828,-5.74456262588501
-5.830951690673828,-5.74456262588501
-5.830951690673828,-5.74456262588501
-5.830951690673828,-5.74456262588501
-5.830951690673828,-5.74456262588501
-5.830951690673828,-5.74456262588501
-5.830951690673828,-5.74456262588501
-5.830951690673828,-5.74456262588501
-5.830951690673828,-5.74456262588501
-5.830951690673828,-5.74456262588501
-5.830951690673828,-5.74456262588501
-5.830951690673828,-5.74456262588501
-5.830951690673828,-5.74456262588501
-5.830951690673828,-5.74456262588501
-5.830951690673828,-5.74456262588501
-5.830951690673828,-5.74456262588501
-5.830951690673828,-5.74456262588501
-5.830951690673828,-5.74456262588501
-5.830951690673828,-5.74456262588501
-5.830951690673828,-5.74456262588501
-5.830951690673828,-5.74456262588501
-5.830951690673828,-5.74456262588501
-5.830951690673828,-5.74456262588501
-5.830951690673828,-5.74456262588501
-5.830951690673828,-5.74456262588501
-5.830951690673828,-5.74456262588501
-5.830951690673828,-5.74456262588501
-5.830951690673828,-5.74456262588501
-5.830951690673828,-5.74456262588501
-5.830951690673828,-5.74456262588501
-5.830951690673828,-5.74456262588501
-5.830951690673828,-5.74456262588501
-5.830951690673828,-5.74456262588501
-5.830951690673828,-5.74456262588501
-5.830951690673828,-5.74456262588501
-5.830951690673828,-5.74456262588501
-5.830951690673828,-5.74456262588501
-5.830951690673828,-5.74456262588501
-5.830951690673828,-5.74456262588501
-5.830951690673828,-5.74456262588501
-5.830951690673828,-5.74456262588501
-5.830951690673828,-5.74456262588501
-5.830951690673828,-5.74456262588501
-5.830951690673828,-5.74456262588501
-5.830951690673828,-5.74456262588501
-5.830951690673828,-5.74456262588501
-5.830951690673828,-5.74456262588501
-5.830951690673828,-5.74456262588501
-5.830951690673828,-5.74456262588501
-5.830951690673828,-5.74456262588501
-5.830951690673828,-5.74456262588501
-5.830951690673828,-5.74456262588501
-5.830951690673828,-5.74456262588501
-5.830951690673828,-5.74456262588501
-5.830951690673828,-5.74456262588501
-5.830951690673828,-5.74456262588501
-5.830951690673828,-5.74456262588501
-5.830951690673828,-5.74456262588501
-5.830951690673828,-5.74456262588501
-5.830951690673828,-5.74456262588501
-5.830951690673828,-5.74456262588501
-5.830951690673828,-5.74456262588501
-5.830951690673828,-5.74456262588501
-5.830951690673828,-5.74456262588501
-5.830951690673828,-5.74456262588501
-5.830951690673828,-5.74456262588501
-5.830951690673828,-5.74456262588501
-5.830951690673828,-5.74456262588501
-5.830951690673828,-5.74456262588501
-5.830951690673828,-5.74456262588501
-5.830951690673828,-5.74456262588501
-5.830951690673828,-5.74456262588501
-5.830951690673828,-5.74456262588501
-5.830951690673828,-5.74456262588501
-5.830951690673828,-5.74456262588501
-5.830951690673828,-5.74456262588501
-5.830951690673828,-5.74456262588501
-5.830951690673828,-5.74456262588501
-5.830951690673828,-5.74456262588501
-5.830951690673828,-5.74456262588501
-5.830951690673828,-5.74456262588501
-5.830951690673828,-5.74456262588501
-5.830951690673828,-5.74456262588501
-5.830951690673828,-5.74456262588501
-5.830951690673828,-5.74456262588501
-5.830951690673828,-5.74456262588501
-5.830951690673828,-5.74456262588501
-5.830951690673828,-5.74456262588501
-5.830951690673828,-5.74456262588501
-5.830951690673828,-5.74456262588501
-5.830951690673828,-5.74456262588501
-5.830951690673828,-5.74456262588501
-5.830951690673828,-5.74456262588501
-5.830951690673828,-5.74456262588501
-5.830951690673828,-5.74456262588501
-5.830951690673828,-5.74456262588501
-5.830951690673828,-5.74456262588501
-5.830951690673828,-5.74456262588501
-5.830951690673828,-5.74456262588501
-5.830951690673828,-5.74456262588501
-5.830951690673828,-5.74456262588501
-5.830951690673828,-5.74456262588501
-5.830951690673828,-5.74456262588501
-5.830951690673828,-5.74456262588501
-5.830951690673828,-5.74456262588501
-5.830951690673828,-5.74456262588501
-5.830951690673828,-5.74456262588501
-5.830951690673828,-5.74456262588501
-5.830951690673828,-5.74456262588501
-5.830951690673828,-5.74456262588501
-5.830951690673828,-5.74456262588501
-5.830951690673828,-5.74456262588501
-5.830951690673828,-5.74456262588501
-5.830951690673828,-5.74456262588501
-5.830951690673828,-5.74456262588501
-5.830951690673828,-5.74456262588501
-5.830951690673828,-5.74456262588501
-5.830951690673828,-5.74456262588501
-5.830951690673828,-5.74456262588501
-5.830951690673828,-5.74456262588501
-5.830951690673828,-5.74456262588501
-5.830951690673828,-5.74456262588501
-5.830951690673828,-5.74456262588501
-5.830951690673828,-5.74456262588501
-5.830951690673828,-5.74456262588501
-5.830951690673828,-5.74456262588501
-5.830951690673828,-5.74456262588501
-5.830951690673828,-5.74456262588501
-5.830951690673828,-5.74456262588501
-5.830951690673828,-5.74456262588501
-5.830951690673828,-5.74456262588501
-5.830951690673828,-5.74456262588501
-5.830951690673828,-5.74456262588501
-5.830951690673828,-5.74456262588501
-5.830951690673828,-5.74456262588501
-5.830951690673828,-5.74456262588501
-5.830951690673828,-5.74456262588501
-5.830951690673828,-5.74456262588501
-5.830951690673828,-5.74456262588501
-5.830951690673828,-5.74456262588501
-5.830951690673828,-5.74456262588501
-5.830951690673828,-5.74456262588501
-5.830951690673828,-5.74456262588501
-5.830951690673828,-5.74456262588501
-5.830951690673828,-5.74456262588501
-5.830951690673828,-5.74456262588501
-5.830951690673828,-5.74456262588501
-5.830951690673828,-5.74456262588501
-5.830951690673828,-5.74456262588501
-5.830951690673828,-5.74456262588501
-5.830951690673828,-5.74456262588501
-5.830951690673828,-5.74456262588501
-5.830951690673828,-5.74456262588501
-5.830951690673828,-5.74456262588501
-5.830951690673828,-5.74456262588501
-5.830951690673828,-5.74456262588501
-5.830951690673828,-5.74456262588501
-5.830951690673828,-5.74456262588501
-5.830951690673828,-5.74456262588501
-5.830951690673828,-5.74456262588501
-5.830951690673828,-5.74456262588501
-5.830951690673828,-5.74456262588501
-5.830951690673828,-5.74456262588501
-5.830951690673828,-5.74456262588501
-5.830951690673828,-5.74456262588501
-5.830951690673828,-5.74456262588501
-5.830951690673828,-5.74456262588501
-5.830951690673828,-5.74456262588501
-5.830951690673828,-5.74456262588501
-5.830951690673828,-5.74456262588501
-5.830951690673828,-5.74456262588501
-5.830951690673828,-5.74456262588501
-5.830951690673828,-5.74456262588501
-5.830951690673828,-5.74456262588501
-5.830951690673828,-5.74456262588501
-5.830951690673828,-5.74456262588501
-5.830951690673828,-5.74456262588501
-5.830951690673828,-5.74456262588501
-5.830951690673828,-5.74456262588501
-5.830951690673828,-5.74456262588501
-5.830951690673828,-5.74456262588501
-5.830951690673828,-5.74456262588501
-5.830951690673828,-5.74456262588501
-5.830951690673828,-5.74456262588501
-5.830951690673828,-5.74456262588501
-5.830951690673828,-5.74456262588501
-5.830951690673828,-5.74456262588501
-5.830951690673828,-5.74456262588501
-5.830951690673828,-5.74456262588501
-5.830951690673828,-5.74456262588501
-5.830951690673828,-5.74456262588501
-5.830951690673828,-5.74456262588501
-5.830951690673828,-5.74456262588501
-5.830951690673828,-5.74456262588501
-5.830951690673828,-5.74456262588501
-5.830951690673828,-5.74456262588501
-5.830951690673828,-5.74456262588501
-5.830951690673828,-5.74456262588501
-5.830951690673828,-5.74456262588501
-5.830951690673828,-5.74456262588501
-5.830951690673828,-5.74456262588501
-5.830951690673828,-5.74456262588501
-5.830951690673828,-5.74456262588501
-5.830951690673828,-5.74456262588501
-5.830951690673828,-5.74456262588501
-5.830951690673828,-5.74456262588501
-5.830951690673828,-5.74456262588501
-5.830951690673828,-5.74456262588501
-5.830951690673828,-5.74456262588501
-5.830951690673828,-5.74456262588501
-5.830951690673828,-5.74456262588501
-5.830951690673828,-5.74456262588501
-5.830951690673828,-5.74456262588501
-5.830951690673828,-5.74456262588501
-5.830951690673828,-5.74456262588501
-5.830951690673828,-5.74456262588501
-5.830951690673828,-5.74456262588501
-5.830951690673828,-5.74456262588501
-5.830951690673828,-5.74456262588501
-5.830951690673828,-5.74456262588501
-5.830951690673828,-5.74456262588501
-5.830951690673828,-5.74456262588501
-5.830951690673828,-5.74456262588501
-5.830951690673828,-5.74456262588501
-5.830951690673828,-5.74456262588501
-5.830951690673828,-5.74456262588501
-5.830951690673828,-5.74456262588501
-5.830951690673828,-5.74456262588501
-5.830951690673828,-5.74456262588501
-5.830951690673828,-5.74456262588501
-5.830951690673828,-5.74456262588501
-5.830951690673828,-5.74456262588501
-5.830951690673828,-5.74456262588501
-5.830951690673828,-5.74456262588501
-5.830951690673828,-5.74456262588501
-5.830951690673828,-5.74456262588501
-5.830951690673828,-5.74456262588501
-5.830951690673828,-5.74456262588501
-5.830951690673828,-5.74456262588501
-5.830951690673828,-5.74456262588501
-5.830951690673828,-5.74456262588501
-5.830951690673828,-5.74456262588501
-5.830951690673828,-5.74456262588501
-5.830951690673828,-5.74456262588501
-5.830951690673828,-5.74456262588501
-5.830951690673828,-5.74456262588501
-5.830951690673828,-5.74456262588501
-5.830951690673828,-5.74456262588501
-5.830951690673828,-5.74456262588501
-5.830951690673828,-5.74456262588501
-5.830951690673828,-5.74456262588501
-5.830951690673828,-5.74456262588501
-5.830951690673828,-5.74456262588501
-5.830951690673828,-5.74456262588501
-5.830951690673828,-5.74456262588501
-5.830951690673828,-5.74456262588501
-5.830951690673828,-5.74456262588501
-5.830951690673828,-5.74456262588501
-5.830951690673828,-5.74456262588501
-5.830951690673828,-5.74456262588501
-5.830951690673828,-5.74456262588501
-5.830951690673828,-5.74456262588501
-5.830951690673828,-5.74456262588501
-5.830951690673828,-5.74456262588501
-5.830951690673828,-5.74456262588501
-5.830951690673828,-5.74456262588501
-5.830951690673828,-5.74456262588501
-5.830951690673828,-5.74456262588501
-5.830951690673828,-5.74456262588501
-5.830951690673828,-5.74456262588501
-5.830951690673828,-5.74456262588501
-5.830951690673828,-5.74456262588501
-5.830951690673828,-5.74456262588501
-5.830951690673828,-5.74456262588501
-5.830951690673828,-5.74456262588501
-5.830951690673828,-5.74456262588501
-5.830951690673828,-5.74456262588501
-5.830951690673828,-5.74456262588501
-5.830951690673828,-5.74456262588501
-5.830951690673828,-5.74456262588501
-5.830951690673828,-5.74456262588501
-5.830951690673828,-5.74456262588501
-5.830951690673828,-5.74456262588501
-5.830951690673828,-5.74456262588501
-5.830951690673828,-5.74456262588501
-5.830951690673828,-5.74456262588501
-5.830951690673828,-5.74456262588501
-5.830951690673828,-5.74456262588501
-5.830951690673828,-5.74456262588501
-5.830951690673828,-5.74456262588501
-5.830951690673828,-5.74456262588501
-5.830951690673828,-5.74456262588501
-5.830951690673828,-5.74456262588501
-5.830951690673828,-5.74456262588501
-5.830951690673828,-5.74456262588501
-5.830951690673828,-5.74456262588501
-5.830951690673828,-5.74456262588501
-5.830951690673828,-5.74456262588501
-5.830951690673828,-5.74456262588501
-5.830951690673828,-5.74456262588501
-5.830951690673828,-5.74456262588501
-5.830951690673828,-5.74456262588501
-5.830951690673828,-5.74456262588501
-5.830951690673828,-5.74456262588501
-5.830951690673828,-5.74456262588501
-5.830951690673828,-5.74456262588501
-5.830951690673828,-5.74456262588501
-5.830951690673828,-5.74456262588501
-5.830951690673828,-5.74456262588501
-5.830951690673828,-5.74456262588501
-5.830951690673828,-5.74456262588501
-5.830951690673828,-5.74456262588501
-5.830951690673828,-5.74456262588501
-5.830951690673828,-5.74456262588501
-5.830951690673828,-5.74456262588501
-5.830951690673828,-5.74456262588501
-5.830951690673828,-5.74456262588501
-5.830951690673828,-5.74456262588501
-5.830951690673828,-5.74456262588501
-5.830951690673828,-5.74456262588501
-5.830951690673828,-5.74456262588501
-5.830951690673828,-5.74456262588501
-5.830951690673828,-5.74456262588501
-5.830951690673828,-5.74456262588501
-5.830951690673828,-5.74456262588501
-5.830951690673828,-5.74456262588501
-5.830951690673828,-5.74456262588501
-5.830951690673828,-5.74456262588501
-5.830951690673828,-5.74456262588501
-5.830951690673828,-5.74456262588501
-5.830951690673828,-5.74456262588501
-5.830951690673828,-5.74456262588501
-5.830951690673828,-5.74456262588501
-5.830951690673828,-5.74456262588501
-5.830951690673828,-5.74456262588501
-5.830951690673828,-5.74456262588501
-5.830951690673828,-5.74456262588501
-5.830951690673828,-5.74456262588501
-5.830951690673828,-5.74456262588501
-5.830951690673828,-5.74456262588501
-5.830951690673828,-5.74456262588501
-5.830951690673828,-5.74456262588501
-5.830951690673828,-5.74456262588501
-5.830951690673828,-5.74456262588501
-5.830951690673828,-5.74456262588501
-5.830951690673828,-5.74456262588501
-5.830951690673828,-5.74456262588501
-5.830951690673828,-5.74456262588501
-5.830951690673828,-5.74456262588501
-5.830951690673828,-5.74456262588501
-5.830951690673828,-5.74456262588501
-5.830951690673828,-5.74456262588501
-5.830951690673828,-5.74456262588501
-5.830951690673828,-5.74456262588501
-5.830951690673828,-5.74456262588501
-5.830951690673828,-5.74456262588501
-5.830951690673828,-5.74456262588501
-5.830951690673828,-5.74456262588501
-5.830951690673828,-5.74456262588501
-5.830951690673828,-5.74456262588501
-5.830951690673828,-5.74456262588501
-5.830951690673828,-5.74456262588501
-5.830951690673828,-5.74456262588501
-5.830951690673828,-5.74456262588501
-5.830951690673828,-5.74456262588501
-5.830951690673828,-5.74456262588501
-5.830951690673828,-5.74456262588501
-5.830951690673828,-5.74456262588501
-5.830951690673828,-5.74456262588501
-5.830951690673828,-5.74456262588501
-5.830951690673828,-5.74456262588501
-5.830951690673828,-5.74456262588501
-5.830951690673828,-5.74456262588501
-5.830951690673828,-5.74456262588501
-5.830951690673828,-5.74456262588501
-5.830951690673828,-5.74456262588501
-5.830951690673828,-5.74456262588501
-5.830951690673828,-5.74456262588501
-5.830951690673828,-5.74456262588501
-5.830951690673828,-5.74456262588501
-5.830951690673828,-5.74456262588501
-5.830951690673828,-5.74456262588501
-5.830951690673828,-5.74456262588501
-5.830951690673828,-5.74456262588501
-5.830951690673828,-5.74456262588501
-5.830951690673828,-5.74456262588501
-5.830951690673828,-5.74456262588501
-5.830951690673828,-5.74456262588501
-5.830951690673828,-5.74456262588501
-5.830951690673828,-5.74456262588501
-5.830951690673828,-5.74456262588501
-5.830951690673828,-5.74456262588501
-5.830951690673828,-5.74456262588501
-5.830951690673828,-5.74456262588501
-5.830951690673828,-5.74456262588501
-5.830951690673828,-5.74456262588501
-5.830951690673828,-5.74456262588501
-5.830951690673828,-5.74456262588501
-5.830951690673828,-5.74456262588501
-5.830951690673828,-5.74456262588501
-5.830951690673828,-5.74456262588501
-5.830951690673828,-5.74456262588501
-5.830951690673828,-5.74456262588501
-5.830951690673828,-5.74456262588501
-5.830951690673828,-5.74456262588501
-5.830951690673828,-5.74456262588501
-5.830951690673828,-5.74456262588501
-5.830951690673828,-5.74456262588501
-5.830951690673828,-5.74456262588501
-5.830951690673828,-5.74456262588501
-5.830951690673828,-5.74456262588501
-5.830951690673828,-5.74456262588501
-5.830951690673828,-5.74456262588501
-5.830951690673828,-5.74456262588501
-5.830951690673828,-5.74456262588501
-5.830951690673828,-5.74456262588501
-5.830951690673828,-5.74456262588501
-5.830951690673828,-5.74456262588501
-5.830951690673828,-5.74456262588501
-5.830951690673828,-5.74456262588501
-5.830951690673828,-5.74456262588501
-5.830951690673828,-5.74456262588501
-5.830951690673828,-5.74456262588501
-5.830951690673828,-5.74456262588501
-5.830951690673828,-5.74456262588501
-5.830951690673828,-5.74456262588501
-5.830951690673828,-5.74456262588501
-5.830951690673828,-5.74456262588501
-5.830951690673828,-5.74456262588501
-5.830951690673828,-5.74456262588501
-5.830951690673828,-5.74456262588501
-5.830951690673828,-5.74456262588501
-5.830951690673828,-5.74456262588501
-5.830951690673828,-5.74456262588501
-5.830951690673828,-5.74456262588501
-5.830951690673828,-5.74456262588501
-5.830951690673828,-5.74456262588501
-5.830951690673828,-5.74456262588501
-5.830951690673828,-5.74456262588501
-5.830951690673828,-5.74456262588501
-5.830951690673828,-5.74456262588501
-5.830951690673828,-5.74456262588501
-5.830951690673828,-5.74456262588501
-5.830951690673828,-5.74456262588501
-5.830951690673828,-5.74456262588501
-5.830951690673828,-5.74456262588501
-5.830951690673828,-5.74456262588501
-5.830951690673828,-5.74456262588501
-5.830951690673828,-5.74456262588501
-5.830951690673828,-5.74456262588501
-5.830951690673828,-5.74456262588501
-5.830951690673828,-5.74456262588501
-5.830951690673828,-5.74456262588501
-5.830951690673828,-5.74456262588501
-5.830951690673828,-5.74456262588501
-5.830951690673828,-5.74456262588501
-5.830951690673828,-5.74456262588501
-5.830951690673828,-5.74456262588501
-5.830951690673828,-5.74456262588501
-5.830951690673828,-5.74456262588501
-5.830951690673828,-5.74456262588501
-5.830951690673828,-5.74456262588501
-5.830951690673828,-5.74456262588501
-5.830951690673828,-5.74456262588501
-5.830951690673828,-5.74456262588501
-5.830951690673828,-5.74456262588501
-5.830951690673828,-5.74456262588501
-5.830951690673828,-5.74456262588501
-5.830951690673828,-5.74456262588501
-5.830951690673828,-5.74456262588501
-5.830951690673828,-5.74456262588501
-5.830951690673828,-5.74456262588501
-5.830951690673828,-5.74456262588501
-5.830951690673828,-5.74456262588501
-5.830951690673828,-5.74456262588501
-5.830951690673828,-5.74456262588501
-5.830951690673828,-5.74456262588501
-5.830951690673828,-5.74456262588501
-5.830951690673828,-5.74456262588501
-5.830951690673828,-5.74456262588501
-5.830951690673828,-5.74456262588501
-5.830951690673828,-5.74456262588501
-5.830951690673828,-5.74456262588501
-5.830951690673828,-5.74456262588501
-5.830951690673828,-5.74456262588501
-5.830951690673828,-5.74456262588501
-5.830951690673828,-5.74456262588501
-5.830951690673828,-5.74456262588501
-5.830951690673828,-5.74456262588501
-5.830951690673828,-5.74456262588501
-5.830951690673828,-5.74456262588501
-5.830951690673828,-5.74456262588501
-5.830951690673828,-5.74456262588501
-5.830951690673828,-5.74456262588501
-5.830951690673828,-5.74456262588501
-5.830951690673828,-5.74456262588501
-5.830951690673828,-5.74456262588501
-5.830951690673828,-5.74456262588501
-5.830951690673828,-5.74456262588501
-5.830951690673828,-5.74456262588501
-5.830951690673828,-5.74456262588501
-5.830951690673828,-5.74456262588501
-5.830951690673828,-5.74456262588501
-5.830951690673828,-5.74456262588501
-5.830951690673828,-5.74456262588501
-5.830951690673828,-5.74456262588501
-5.830951690673828,-5.74456262588501
-5.830951690673828,-5.74456262588501
-5.830951690673828,-5.74456262588501
-5.830951690673828,-5.74456262588501
-5.830951690673828,-5.74456262588501
-5.830951690673828,-5.74456262588501
-5.830951690673828,-5.74456262588501
-5.830951690673828,-5.74456262588501
-5.830951690673828,-5.74456262588501
-5.830951690673828,-5.74456262588501
-5.830951690673828,-5.74456262588501
-5.830951690673828,-5.74456262588501
-5.830951690673828,-5.74456262588501
-5.830951690673828,-5.74456262588501
-5.830951690673828,-5.74456262588501
-5.830951690673828,-5.74456262588501
-5.830951690673828,-5.74456262588501
-5.830951690673828,-5.74456262588501
-5.830951690673828,-5.74456262588501
-5.830951690673828,-5.74456262588501
-5.830951690673828,-5.74456262588501
-5.830951690673828,-5.74456262588501
-5.830951690673828,-5.74456262588501
-5.830951690673828,-5.74456262588501
-5.830951690673828,-5.74456262588501
-5.830951690673828,-5.74456262588501
-5.830951690673828,-5.74456262588501
-5.830951690673828,-5.74456262588501
-5.830951690673828,-5.74456262588501
-5.830951690673828,-5.74456262588501
-5.830951690673828,-5.74456262588501
-5.830951690673828,-5.74456262588501
-5.830951690673828,-5.74456262588501
-5.830951690673828,-5.74456262588501
-5.830951690673828,-5.74456262588501
-5.830951690673828,-5.74456262588501
-5.830951690673828,-5.74456262588501
-5.830951690673828,-5.74456262588501
-5.830951690673828,-5.74456262588501
-5.830951690673828,-5.74456262588501
-5.830951690673828,-5.74456262588501
-5.830951690673828,-5.74456262588501
-5.830951690673828,-5.74456262588501
-5.830951690673828,-5.74456262588501
-5.830951690673828,-5.74456262588501
-5.830951690673828,-5.74456262588501
-5.830951690673828,-5.74456262588501
-5.830951690673828,-5.74456262588501
-5.830951690673828,-5.74456262588501
-5.830951690673828,-5.74456262588501
-5.830951690673828,-5.74456262588501
-5.830951690673828,-5.74456262588501
-5.830951690673828,-5.74456262588501
-5.830951690673828,-5.74456262588501
-5.830951690673828,-5.74456262588501
-5.830951690673828,-5.74456262588501
-5.830951690673828,-5.74456262588501
-5.830951690673828,-5.74456262588501
-5.830951690673828,-5.74456262588501
-5.830951690673828,-5.74456262588501
-5.830951690673828,-5.74456262588501
-5.830951690673828,-5.74456262588501
-5.830951690673828,-5.74456262588501
-5.830951690673828,-5.74456262588501
-5.830951690673828,-5.74456262588501
-5.830951690673828,-5.74456262588501
-5.830951690673828,-5.74456262588501
-5.830951690673828,-5.74456262588501
-5.830951690673828,-5.74456262588501
-5.830951690673828,-5.74456262588501
-5.830951690673828,-5.74456262588501
-5.830951690673828,-5.74456262588501
-5.830951690673828,-5.74456262588501
-5.830951690673828,-5.74456262588501
-5.830951690673828,-5.74456262588501
-5.830951690673828,-5.74456262588501
-5.830951690673828,-5.74456262588501
-5.830951690673828,-5.74456262588501
-5.830951690673828,-5.74456262588501
-5.830951690673828,-5.74456262588501
-5.830951690673828,-5.74456262588501
-5.830951690673828,-5.74456262588501
-5.830951690673828,-5.74456262588501
-5.830951690673828,-5.74456262588501
-5.830951690673828,-5.74456262588501
-5.830951690673828,-5.74456262588501
-5.830951690673828,-5.74456262588501
-5.830951690673828,-5.74456262588501
-5.830951690673828,-5.74456262588501
-5.830951690673828,-5.74456262588501
-5.830951690673828,-5.74456262588501
-5.830951690673828,-5.74456262588501
-5.830951690673828,-5.74456262588501
-5.830951690673828,-5.74456262588501
-5.830951690673828,-5.74456262588501
-5.830951690673828,-5.74456262588501
-5.830951690673828,-5.74456262588501
-5.830951690673828,-5.74456262588501
-5.830951690673828,-5.74456262588501
-5.830951690673828,-5.74456262588501
-5.830951690673828,-5.74456262588501
-5.830951690673828,-5.74456262588501
-5.830951690673828,-5.74456262588501
-5.830951690673828,-5.74456262588501
-5.830951690673828,-5.74456262588501
-5.830951690673828,-5.74456262588501
-5.830951690673828,-5.74456262588501
-5.830951690673828,-5.74456262588501
-5.830951690673828,-5.74456262588501
-5.830951690673828,-5.74456262588501
-5.830951690673828,-5.74456262588501
-5.830951690673828,-5.74456262588501
-5.830951690673828,-5.74456262588501
-5.830951690673828,-5.74456262588501
-5.830951690673828,-5.74456262588501
-5.830951690673828,-5.74456262588501
-5.830951690673828,-5.74456262588501
-5.830951690673828,-5.74456262588501
-5.830951690673828,-5.74456262588501
-5.830951690673828,-5.74456262588501
-5.830951690673828,-5.74456262588501
-5.830951690673828,-5.74456262588501
-5.830951690673828,-5.74456262588501
-5.830951690673828,-5.74456262588501
-5.830951690673828,-5.74456262588501
-5.830951690673828,-5.74456262588501
-5.830951690673828,-5.74456262588501
-5.830951690673828,-5.74456262588501
-5.830951690673828,-5.74456262588501
-5.830951690673828,-5.74456262588501
-5.830951690673828,-5.74456262588501
-5.830951690673828,-5.74456262588501
-5.830951690673828,-5.74456262588501
-5.830951690673828,-5.74456262588501
-5.830951690673828,-5.74456262588501
-5.830951690673828,-5.74456262588501
-5.830951690673828,-5.74456262588501
-5.830951690673828,-5.74456262588501
-5.830951690673828,-5.74456262588501
-5.830951690673828,-5.74456262588501
-5.830951690673828,-5.74456262588501
-5.830951690673828,-5.74456262588501
-5.830951690673828,-5.74456262588501
-5.830951690673828,-5.74456262588501
-5.830951690673828,-5.74456262588501
-5.830951690673828,-5.74456262588501
-5.830951690673828,-5.74456262588501
-5.830951690673828,-5.74456262588501
-5.830951690673828,-5.74456262588501
-5.830951690673828,-5.74456262588501
-5.830951690673828,-5.74456262588501
-5.830951690673828,-5.74456262588501
-5.830951690673828,-5.74456262588501
-5.830951690673828,-5.74456262588501
-5.830951690673828,-5.74456262588501
-5.830951690673828,-5.74456262588501
-5.830951690673828,-5.74456262588501
-5.830951690673828,-5.74456262588501
-5.830951690673828,-5.74456262588501
-5.830951690673828,-5.74456262588501
-5.830951690673828,-5.74456262588501
-5.830951690673828,-5.74456262588501
-5.830951690673828,-5.74456262588501
-5.830951690673828,-5.74456262588501
-5.830951690673828,-5.74456262588501
-5.830951690673828,-5.74456262588501
-5.830951690673828,-5.74456262588501
-5.830951690673828,-5.74456262588501
-5.830951690673828,-5.74456262588501
-5.830951690673828,-5.74456262588501
-5.830951690673828,-5.74456262588501
-5.830951690673828,-5.74456262588501
-5.830951690673828,-5.74456262588501
-5.830951690673828,-5.74456262588501
-5.830951690673828,-5.74456262588501
-5.830951690673828,-5.74456262588501
-5.830951690673828,-5.74456262588501
-5.830951690673828,-5.74456262588501
-5.830951690673828,-5.74456262588501
-5.830951690673828,-5.74456262588501
-5.830951690673828,-5.74456262588501
-5.830951690673828,-5.74456262588501
-5.830951690673828,-5.74456262588501
-5.830951690673828,-5.74456262588501
-5.830951690673828,-5.74456262588501
-5.830951690673828,-5.74456262588501
-5.830951690673828,-5.74456262588501
-5.830951690673828,-5.74456262588501
-5.830951690673828,-5.74456262588501
-5.830951690673828,-5.74456262588501
-5.830951690673828,-5.74456262588501
-5.830951690673828,-5.74456262588501
-5.830951690673828,-5.74456262588501
-5.830951690673828,-5.74456262588501
-5.830951690673828,-5.74456262588501
-5.830951690673828,-5.74456262588501
-5.830951690673828,-5.74456262588501
-5.830951690673828,-5.74456262588501
-5.830951690673828,-5.74456262588501
-5.830951690673828,-5.74456262588501
-5.830951690673828,-5.74456262588501
-5.830951690673828,-5.74456262588501
-5.830951690673828,-5.74456262588501
-5.830951690673828,-5.74456262588501
-5.830951690673828,-5.74456262588501
-5.830951690673828,-5.74456262588501
-5.830951690673828,-5.74456262588501
-5.830951690673828,-5.74456262588501
-5.830951690673828,-5.74456262588501
-5.830951690673828,-5.74456262588501
-5.830951690673828,-5.74456262588501
-5.830951690673828,-5.74456262588501
-5.830951690673828,-5.74456262588501
-5.830951690673828,-5.74456262588501
-5.830951690673828,-5.74456262588501
-5.830951690673828,-5.74456262588501
-5.830951690673828,-5.74456262588501
-5.830951690673828,-5.74456262588501
-5.830951690673828,-5.74456262588501
-5.830951690673828,-5.74456262588501
-5.830951690673828,-5.74456262588501
-5.830951690673828,-5.74456262588501
-5.830951690673828,-5.74456262588501
-5.830951690673828,-5.74456262588501
-5.830951690673828,-5.74456262588501
-5.830951690673828,-5.74456262588501
-5.830951690673828,-5.74456262588501
-5.830951690673828,-5.74456262588501
-5.830951690673828,-5.74456262588501
-5.830951690673828,-5.74456262588501
-5.830951690673828,-5.74456262588501
-5.830951690673828,-5.74456262588501
-5.830951690673828,-5.74456262588501
-5.830951690673828,-5.74456262588501
-5.830951690673828,-5.74456262588501
-5.830951690673828,-5.74456262588501
-5.830951690673828,-5.74456262588501
-5.830951690673828,-5.74456262588501
-5.830951690673828,-5.74456262588501
-5.830951690673828,-5.74456262588501
-5.830951690673828,-5.74456262588501
-5.830951690673828,-5.74456262588501
-5.830951690673828,-5.74456262588501
-5.830951690673828,-5.74456262588501
-5.830951690673828,-5.74456262588501
-5.830951690673828,-5.74456262588501
-5.830951690673828,-5.74456262588501
-5.830951690673828,-5.74456262588501
-5.830951690673828,-5.74456262588501
-5.830951690673828,-5.74456262588501
-5.830951690673828,-5.74456262588501
-5.830951690673828,-5.74456262588501
-5.830951690673828,-5.74456262588501
-5.830951690673828,-5.74456262588501
-5.830951690673828,-5.74456262588501
-5.830951690673828,-5.74456262588501
-5.830951690673828,-5.74456262588501
-5.830951690673828,-5.74456262588501
-5.830951690673828,-5.74456262588501
-5.830951690673828,-5.74456262588501
-5.830951690673828,-5.74456262588501
-5.830951690673828,-5.74456262588501
-5.830951690673828,-5.74456262588501
-5.830951690673828,-5.74456262588501
-5.830951690673828,-5.74456262588501
-5.830951690673828,-5.74456262588501
-5.830951690673828,-5.74456262588501
-5.830951690673828,-5.74456262588501
-5.830951690673828,-5.74456262588501
-5.830951690673828,-5.74456262588501
-5.830951690673828,-5.74456262588501
-5.830951690673828,-5.74456262588501
-5.830951690673828,-5.74456262588501
-5.830951690673828,-5.74456262588501
-5.830951690673828,-5.74456262588501
-5.830951690673828,-5.74456262588501
-5.830951690673828,-5.74456262588501
-5.830951690673828,-5.74456262588501
-5.830951690673828,-5.74456262588501
-5.830951690673828,-5.74456262588501
-5.830951690673828,-5.74456262588501
-5.830951690673828,-5.74456262588501
-5.830951690673828,-5.74456262588501
-5.830951690673828,-5.74456262588501
-5.830951690673828,-5.74456262588501
-5.830951690673828,-5.74456262588501
-5.830951690673828,-5.74456262588501
-5.830951690673828,-5.74456262588501
-5.830951690673828,-5.74456262588501
-5.830951690673828,-5.74456262588501
-5.830951690673828,-5.74456262588501
-5.830951690673828,-5.74456262588501
-5.830951690673828,-5.74456262588501
-5.830951690673828,-5.74456262588501
-5.830951690673828,-5.74456262588501
-5.830951690673828,-5.74456262588501
-5.830951690673828,-5.74456262588501
-5.830951690673828,-5.74456262588501
-5.830951690673828,-5.74456262588501
-5.830951690673828,-5.74456262588501
-5.830951690673828,-5.74456262588501
-5.830951690673828,-5.74456262588501
-5.830951690673828,-5.74456262588501
-5.830951690673828,-5.74456262588501
-5.830951690673828,-5.74456262588501
-5.830951690673828,-5.74456262588501
-5.830951690673828,-5.74456262588501
-5.830951690673828,-5.74456262588501
-5.830951690673828,-5.74456262588501
-5.830951690673828,-5.74456262588501
-5.830951690673828,-5.74456262588501
-5.830951690673828,-5.74456262588501
-5.830951690673828,-5.74456262588501
-5.830951690673828,-5.74456262588501
-5.830951690673828,-5.74456262588501
-5.830951690673828,-5.74456262588501
-5.830951690673828,-5.74456262588501
-5.830951690673828,-5.74456262588501
-5.830951690673828,-5.74456262588501
-5.830951690673828,-5.74456262588501
-5.830951690673828,-5.74456262588501
-5.830951690673828,-5.74456262588501
-5.830951690673828,-5.74456262588501
-5.830951690673828,-5.74456262588501
-5.830951690673828,-5.74456262588501
-5.830951690673828,-5.74456262588501
-5.830951690673828,-5.74456262588501
-5.830951690673828,-5.74456262588501
-5.830951690673828,-5.74456262588501
-5.830951690673828,-5.74456262588501
-5.830951690673828,-5.74456262588501
-5.830951690673828,-5.74456262588501
-5.830951690673828,-5.74456262588501
-5.830951690673828,-5.74456262588501
-5.830951690673828,-5.74456262588501
-5.830951690673828,-5.74456262588501
-5.830951690673828,-5.74456262588501
-5.830951690673828,-5.74456262588501
-5.830951690673828,-5.74456262588501
-5.830951690673828,-5.74456262588501
-5.830951690673828,-5.74456262588501
-5.830951690673828,-5.74456262588501
-5.830951690673828,-5.74456262588501
-5.830951690673828,-5.74456262588501
-5.830951690673828,-5.74456262588501
-5.830951690673828,-5.74456262588501
-5.830951690673828,-5.74456262588501
-5.830951690673828,-5.74456262588501
-5.830951690673828,-5.74456262588501
-5.830951690673828,-5.74456262588501
-5.830951690673828,-5.74456262588501
-5.830951690673828,-5.74456262588501
-5.830951690673828,-5.74456262588501
-5.830951690673828,-5.74456262588501
-5.830951690673828,-5.74456262588501
-5.830951690673828,-5.74456262588501
-5.830951690673828,-5.74456262588501
-5.830951690673828,-5.74456262588501
-5.830951690673828,-5.74456262588501
-5.830951690673828,-5.74456262588501
-5.830951690673828,-5.74456262588501
-5.830951690673828,-5.74456262588501
-5.830951690673828,-5.74456262588501
-5.830951690673828,-5.74456262588501
-5.830951690673828,-5.74456262588501
-5.830951690673828,-5.74456262588501
-5.830951690673828,-5.74456262588501
-5.830951690673828,-5.74456262588501
-5.830951690673828,-5.74456262588501
-5.830951690673828,-5.74456262588501
-5.830951690673828,-5.74456262588501
-5.830951690673828,-5.74456262588501
-5.830951690673828,-5.74456262588501
-5.830951690673828,-5.74456262588501
-5.830951690673828,-5.74456262588501
-5.830951690673828,-5.74456262588501
-5.830951690673828,-5.74456262588501
-5.830951690673828,-5.74456262588501
-5.830951690673828,-5.74456262588501
-5.830951690673828,-5.74456262588501
-5.830951690673828,-5.74456262588501
-5.830951690673828,-5.74456262588501
-5.830951690673828,-5.74456262588501
-5.830951690673828,-5.74456262588501
-5.830951690673828,-5.74456262588501
-5.830951690673828,-5.74456262588501
-5.830951690673828,-5.74456262588501
-5.830951690673828,-5.74456262588501
-5.830951690673828,-5.74456262588501
-5.830951690673828,-5.74456262588501
-5.830951690673828,-5.74456262588501
-5.830951690673828,-5.74456262588501
-5.830951690673828,-5.74456262588501
-5.830951690673828,-5.74456262588501
-5.830951690673828,-5.74456262588501
-5.830951690673828,-5.74456262588501
-5.830951690673828,-5.74456262588501
-5.830951690673828,-5.74456262588501
-5.830951690673828,-5.74456262588501
-5.830951690673828,-5.74456262588501
-5.830951690673828,-5.74456262588501
-5.830951690673828,-5.74456262588501
-5.830951690673828,-5.74456262588501
-5.830951690673828,-5.74456262588501
-5.830951690673828,-5.74456262588501
-5.830951690673828,-5.74456262588501
-5.830951690673828,-5.74456262588501
-5.830951690673828,-5.74456262588501
-5.830951690673828,-5.74456262588501
-5.830951690673828,-5.74456262588501
-5.830951690673828,-5.74456262588501
-5.830951690673828,-5.74456262588501
-5.830951690673828,-5.74456262588501
-5.830951690673828,-5.74456262588501
-5.830951690673828,-5.74456262588501
-5.830951690673828,-5.74456262588501
-5.830951690673828,-5.74456262588501
-5.830951690673828,-5.74456262588501
-5.830951690673828,-5.74456262588501
-5.830951690673828,-5.74456262588501
-5.830951690673828,-5.74456262588501
-5.830951690673828,-5.74456262588501
-5.830951690673828,-5.74456262588501
-5.830951690673828,-5.74456262588501
-5.830951690673828,-5.74456262588501
-5.830951690673828,-5.74456262588501
-5.830951690673828,-5.74456262588501
-5.830951690673828,-5.74456262588501
-5.830951690673828,-5.74456262588501
-5.830951690673828,-5.74456262588501
-5.830951690673828,-5.74456262588501
-5.830951690673828,-5.74456262588501
-5.830951690673828,-5.74456262588501
-5.830951690673828,-5.74456262588501
-5.830951690673828,-5.74456262588501
-5.830951690673828,-5.74456262588501
-5.830951690673828,-5.74456262588501
-5.830951690673828,-5.74456262588501
-5.830951690673828,-5.74456262588501
-5.830951690673828,-5.74456262588501
-5.830951690673828,-5.74456262588501
-5.830951690673828,-5.74456262588501
-5.830951690673828,-5.74456262588501
-5.830951690673828,-5.74456262588501
-5.830951690673828,-5.74456262588501
-5.830951690673828,-5.74456262588501
-5.830951690673828,-5.74456262588501
-5.830951690673828,-5.74456262588501
-5.830951690673828,-5.74456262588501
-5.830951690673828,-5.74456262588501
-5.830951690673828,-5.74456262588501
-5.830951690673828,-5.74456262588501
-5.830951690673828,-5.74456262588501
-5.830951690673828,-5.74456262588501
-5.830951690673828,-5.74456262588501
-5.830951690673828,-5.74456262588501
-5.830951690673828,-5.74456262588501
-5.830951690673828,-5.74456262588501
-5.830951690673828,-5.74456262588501
-5.830951690673828,-5.74456262588501
-5.830951690673828,-5.74456262588501
-5.830951690673828,-5.74456262588501
-5.830951690673828,-5.74456262588501
-5.830951690673828,-5.74456262588501
-5.830951690673828,-5.74456262588501
-5.830951690673828,-5.74456262588501
-5.830951690673828,-5.74456262588501
-5.830951690673828,-5.74456262588501
-5.830951690673828,-5.74456262588501
-5.830951690673828,-5.74456262588501
-5.830951690673828,-5.74456262588501
-5.830951690673828,-5.74456262588501
-5.830951690673828,-5.74456262588501
-5.830951690673828,-5.74456262588501
-5.830951690673828,-5.74456262588501
-5.830951690673828,-5.74456262588501
-5.830951690673828,-5.74456262588501
-5.830951690673828,-5.74456262588501
-5.830951690673828,-5.74456262588501
-5.830951690673828,-5.74456262588501
-5.830951690673828,-5.74456262588501
-5.830951690673828,-5.74456262588501
-5.830951690673828,-5.74456262588501
-5.830951690673828,-5.74456262588501
-5.830951690673828,-5.74456262588501
-5.830951690673828,-5.74456262588501
-5.830951690673828,-5.74456262588501
-5.830951690673828,-5.74456262588501
-5.830951690673828,-5.74456262588501
-5.830951690673828,-5.74456262588501
-5.830951690673828,-5.74456262588501
-5.830951690673828,-5.74456262588501
-5.830951690673828,-5.74456262588501
-5.830951690673828,-5.74456262588501
-5.830951690673828,-5.74456262588501
-5.830951690673828,-5.74456262588501
-5.830951690673828,-5.74456262588501
-5.830951690673828,-5.74456262588501
-5.830951690673828,-5.74456262588501
-5.830951690673828,-5.74456262588501
-5.830951690673828,-5.74456262588501
-5.830951690673828,-5.74456262588501
-5.830951690673828,-5.74456262588501
-5.830951690673828,-5.74456262588501
-5.830951690673828,-5.74456262588501
-5.830951690673828,-5.74456262588501
-5.830951690673828,-5.74456262588501
-5.830951690673828,-5.74456262588501
-5.830951690673828,-5.74456262588501
-5.830951690673828,-5.74456262588501
-5.830951690673828,-5.74456262588501
-5.830951690673828,-5.74456262588501
-5.830951690673828,-5.74456262588501
-5.830951690673828,-5.74456262588501
-5.830951690673828,-5.74456262588501
-5.830951690673828,-5.74456262588501
-5.830951690673828,-5.74456262588501
-5.830951690673828,-5.74456262588501
-5.830951690673828,-5.74456262588501
-5.830951690673828,-5.74456262588501
-5.830951690673828,-5.74456262588501
-5.830951690673828,-5.74456262588501
-5.830951690673828,-5.74456262588501
-5.830951690673828,-5.656854152679443
-5.830951690673828,-5.656854152679443
-5.830951690673828,-5.656854152679443
-5.830951690673828,-5.656854152679443
-5.830951690673828,-5.656854152679443
-5.830951690673828,-5.656854152679443
-5.830951690673828,-5.656854152679443
-5.830951690673828,-5.656854152679443
-5.830951690673828,-5.656854152679443
-5.830951690673828,-5.656854152679443
-5.830951690673828,-5.656854152679443
-5.830951690673828,-5.656854152679443
-5.830951690673828,-5.656854152679443
-5.830951690673828,-5.656854152679443
-5.830951690673828,-5.656854152679443
-5.830951690673828,-5.656854152679443
-5.830951690673828,-5.656854152679443
-5.830951690673828,-5.656854152679443
-5.830951690673828,-5.656854152679443
-5.830951690673828,-5.656854152679443
-5.830951690673828,-5.656854152679443
-5.830951690673828,-5.656854152679443
-5.830951690673828,-5.656854152679443
-5.830951690673828,-5.656854152679443
-5.830951690673828,-5.656854152679443
-5.830951690673828,-5.656854152679443
-5.830951690673828,-5.656854152679443
-5.830951690673828,-5.656854152679443
-5.830951690673828,-5.656854152679443
-5.830951690673828,-5.656854152679443
-5.830951690673828,-5.656854152679443
-5.830951690673828,-5.656854152679443
-5.830951690673828,-5.656854152679443
-5.830951690673828,-5.656854152679443
-5.830951690673828,-5.656854152679443
-5.830951690673828,-5.656854152679443
-5.830951690673828,-5.656854152679443
-5.830951690673828,-5.656854152679443
-5.830951690673828,-5.656854152679443
-5.830951690673828,-5.656854152679443
-5.830951690673828,-5.656854152679443
-5.830951690673828,-5.656854152679443
-5.830951690673828,-5.656854152679443
-5.830951690673828,-5.656854152679443
-5.830951690673828,-5.656854152679443
-5.830951690673828,-5.656854152679443
-5.830951690673828,-5.656854152679443
-5.830951690673828,-5.656854152679443
-5.830951690673828,-5.656854152679443
-5.830951690673828,-5.656854152679443
-5.830951690673828,-5.656854152679443
-5.830951690673828,-5.656854152679443
-5.830951690673828,-5.656854152679443
-5.830951690673828,-5.656854152679443
-5.830951690673828,-5.656854152679443
-5.830951690673828,-5.656854152679443
-5.830951690673828,-5.656854152679443
-5.830951690673828,-5.656854152679443
-5.830951690673828,-5.656854152679443
-5.830951690673828,-5.656854152679443
-5.830951690673828,-5.656854152679443
-5.830951690673828,-5.656854152679443
-5.830951690673828,-5.656854152679443
-5.830951690673828,-5.656854152679443
-5.830951690673828,-5.656854152679443
-5.830951690673828,-5.656854152679443
-5.830951690673828,-5.656854152679443
-5.830951690673828,-5.656854152679443
-5.830951690673828,-5.656854152679443
-5.830951690673828,-5.656854152679443
-5.830951690673828,-5.656854152679443
-5.830951690673828,-5.656854152679443
-5.830951690673828,-5.656854152679443
-5.830951690673828,-5.656854152679443
-5.830951690673828,-5.656854152679443
-5.830951690673828,-5.656854152679443
-5.830951690673828,-5.656854152679443
-5.830951690673828,-5.656854152679443
-5.830951690673828,-5.656854152679443
-5.830951690673828,-5.656854152679443
-5.830951690673828,-5.656854152679443
-5.830951690673828,-5.656854152679443
-5.830951690673828,-5.656854152679443
-5.830951690673828,-5.656854152679443
-5.830951690673828,-5.656854152679443
-5.830951690673828,-5.656854152679443
-5.830951690673828,-5.656854152679443
-5.830951690673828,-5.656854152679443
-5.830951690673828,-5.656854152679443
-5.830951690673828,-5.656854152679443
-5.830951690673828,-5.656854152679443
-5.830951690673828,-5.656854152679443
-5.830951690673828,-5.656854152679443
-5.830951690673828,-5.656854152679443
-5.830951690673828,-5.656854152679443
-5.830951690673828,-5.656854152679443
-5.830951690673828,-5.656854152679443
-5.830951690673828,-5.656854152679443
-5.830951690673828,-5.656854152679443
-5.830951690673828,-5.656854152679443
-5.830951690673828,-5.656854152679443
-5.830951690673828,-5.656854152679443
-5.830951690673828,-5.656854152679443
-5.830951690673828,-5.656854152679443
-5.830951690673828,-5.656854152679443
-5.830951690673828,-5.656854152679443
-5.830951690673828,-5.656854152679443
-5.830951690673828,-5.656854152679443
-5.830951690673828,-5.656854152679443
-5.830951690673828,-5.656854152679443
-5.830951690673828,-5.656854152679443
-5.830951690673828,-5.656854152679443
-5.830951690673828,-5.656854152679443
-5.830951690673828,-5.656854152679443
-5.830951690673828,-5.656854152679443
-5.830951690673828,-5.656854152679443
-5.830951690673828,-5.656854152679443
-5.830951690673828,-5.656854152679443
-5.830951690673828,-5.656854152679443
-5.830951690673828,-5.656854152679443
-5.830951690673828,-5.656854152679443
-5.830951690673828,-5.656854152679443
-5.830951690673828,-5.656854152679443
-5.830951690673828,-5.656854152679443
-5.830951690673828,-5.656854152679443
-5.830951690673828,-5.656854152679443
-5.830951690673828,-5.656854152679443
-5.830951690673828,-5.656854152679443
-5.830951690673828,-5.656854152679443
-5.830951690673828,-5.656854152679443
-5.830951690673828,-5.656854152679443
-5.830951690673828,-5.656854152679443
-5.830951690673828,-5.656854152679443
-5.830951690673828,-5.656854152679443
-5.830951690673828,-5.656854152679443
-5.830951690673828,-5.656854152679443
-5.830951690673828,-5.656854152679443
-5.830951690673828,-5.656854152679443
-5.830951690673828,-5.656854152679443
-5.830951690673828,-5.656854152679443
-5.830951690673828,-5.656854152679443
-5.830951690673828,-5.656854152679443
-5.830951690673828,-5.656854152679443
-5.830951690673828,-5.656854152679443
-5.830951690673828,-5.656854152679443
-5.830951690673828,-5.656854152679443
-5.830951690673828,-5.656854152679443
-5.830951690673828,-5.656854152679443
-5.830951690673828,-5.656854152679443
-5.830951690673828,-5.656854152679443
-5.830951690673828,-5.656854152679443
-5.830951690673828,-5.656854152679443
-5.830951690673828,-5.656854152679443
-5.830951690673828,-5.656854152679443
-5.830951690673828,-5.656854152679443
-5.830951690673828,-5.656854152679443
-5.830951690673828,-5.656854152679443
-5.830951690673828,-5.656854152679443
-5.830951690673828,-5.656854152679443
-5.830951690673828,-5.656854152679443
-5.830951690673828,-5.656854152679443
-5.830951690673828,-5.656854152679443
-5.830951690673828,-5.656854152679443
-5.830951690673828,-5.656854152679443
-5.830951690673828,-5.656854152679443
-5.830951690673828,-5.656854152679443
-5.830951690673828,-5.656854152679443
-5.830951690673828,-5.656854152679443
-5.830951690673828,-5.656854152679443
-5.830951690673828,-5.656854152679443
-5.830951690673828,-5.656854152679443
-5.830951690673828,-5.656854152679443
-5.830951690673828,-5.656854152679443
-5.830951690673828,-5.656854152679443
-5.830951690673828,-5.656854152679443
-5.830951690673828,-5.656854152679443
-5.830951690673828,-5.656854152679443
-5.830951690673828,-5.656854152679443
-5.830951690673828,-5.656854152679443
-5.830951690673828,-5.656854152679443
-5.830951690673828,-5.656854152679443
-5.830951690673828,-5.656854152679443
-5.830951690673828,-5.656854152679443
-5.830951690673828,-5.656854152679443
-5.830951690673828,-5.656854152679443
-5.830951690673828,-5.656854152679443
-5.830951690673828,-5.656854152679443
-5.830951690673828,-5.656854152679443
-5.830951690673828,-5.656854152679443
-5.830951690673828,-5.656854152679443
-5.830951690673828,-5.656854152679443
-5.830951690673828,-5.656854152679443
-5.830951690673828,-5.656854152679443
-5.830951690673828,-5.656854152679443
-5.830951690673828,-5.656854152679443
-5.830951690673828,-5.656854152679443
-5.830951690673828,-5.656854152679443
-5.830951690673828,-5.656854152679443
-5.830951690673828,-5.656854152679443
-5.830951690673828,-5.656854152679443
-5.830951690673828,-5.656854152679443
-5.830951690673828,-5.656854152679443
-5.830951690673828,-5.656854152679443
-5.830951690673828,-5.656854152679443
-5.830951690673828,-5.656854152679443
-5.830951690673828,-5.656854152679443
-5.830951690673828,-5.656854152679443
-5.830951690673828,-5.656854152679443
-5.830951690673828,-5.656854152679443
-5.830951690673828,-5.656854152679443
-5.830951690673828,-5.656854152679443
-5.830951690673828,-5.656854152679443
-5.830951690673828,-5.656854152679443
-5.830951690673828,-5.656854152679443
-5.830951690673828,-5.656854152679443
-5.830951690673828,-5.656854152679443
-5.830951690673828,-5.656854152679443
-5.830951690673828,-5.656854152679443
-5.830951690673828,-5.656854152679443
-5.830951690673828,-5.656854152679443
-5.830951690673828,-5.656854152679443
-5.830951690673828,-5.656854152679443
-5.830951690673828,-5.656854152679443
-5.830951690673828,-5.656854152679443
-5.830951690673828,-5.656854152679443
-5.830951690673828,-5.656854152679443
-5.830951690673828,-5.656854152679443
-5.830951690673828,-5.656854152679443
-5.830951690673828,-5.656854152679443
-5.830951690673828,-5.656854152679443
-5.830951690673828,-5.656854152679443
-5.830951690673828,-5.656854152679443
-5.830951690673828,-5.656854152679443
-5.830951690673828,-5.656854152679443
-5.830951690673828,-5.656854152679443
-5.830951690673828,-5.656854152679443
-5.830951690673828,-5.656854152679443
-5.830951690673828,-5.656854152679443
-5.830951690673828,-5.656854152679443
-5.830951690673828,-5.656854152679443
-5.830951690673828,-5.656854152679443
-5.830951690673828,-5.656854152679443
-5.830951690673828,-5.656854152679443
-5.830951690673828,-5.656854152679443
-5.830951690673828,-5.656854152679443
-5.830951690673828,-5.656854152679443
-5.830951690673828,-5.656854152679443
-5.830951690673828,-5.656854152679443
-5.830951690673828,-5.656854152679443
-5.830951690673828,-5.656854152679443
-5.830951690673828,-5.656854152679443
-5.830951690673828,-5.656854152679443
-5.830951690673828,-5.656854152679443
-5.830951690673828,-5.656854152679443
-5.830951690673828,-5.656854152679443
-5.830951690673828,-5.656854152679443
-5.830951690673828,-5.656854152679443
-5.830951690673828,-5.656854152679443
-5.830951690673828,-5.656854152679443
-5.830951690673828,-5.656854152679443
-5.830951690673828,-5.656854152679443
-5.830951690673828,-5.656854152679443
-5.830951690673828,-5.656854152679443
-5.830951690673828,-5.656854152679443
-5.830951690673828,-5.656854152679443
-5.830951690673828,-5.656854152679443
-5.830951690673828,-5.656854152679443
-5.830951690673828,-5.656854152679443
-5.830951690673828,-5.656854152679443
-5.830951690673828,-5.656854152679443
-5.830951690673828,-5.656854152679443
-5.830951690673828,-5.656854152679443
-5.830951690673828,-5.656854152679443
-5.830951690673828,-5.656854152679443
-5.830951690673828,-5.656854152679443
-5.830951690673828,-5.656854152679443
-5.830951690673828,-5.656854152679443
-5.830951690673828,-5.656854152679443
-5.830951690673828,-5.656854152679443
-5.830951690673828,-5.656854152679443
-5.830951690673828,-5.656854152679443
-5.830951690673828,-5.656854152679443
-5.830951690673828,-5.656854152679443
-5.830951690673828,-5.656854152679443
-5.830951690673828,-5.656854152679443
-5.830951690673828,-5.656854152679443
-5.830951690673828,-5.656854152679443
-5.830951690673828,-5.656854152679443
-5.830951690673828,-5.656854152679443
-5.830951690673828,-5.656854152679443
-5.830951690673828,-5.656854152679443
-5.830951690673828,-5.656854152679443
-5.830951690673828,-5.656854152679443
-5.830951690673828,-5.656854152679443
-5.830951690673828,-5.656854152679443
-5.830951690673828,-5.656854152679443
-5.830951690673828,-5.656854152679443
-5.830951690673828,-5.656854152679443
-5.830951690673828,-5.656854152679443
-5.830951690673828,-5.656854152679443
-5.830951690673828,-5.656854152679443
-5.830951690673828,-5.656854152679443
-5.830951690673828,-5.656854152679443
-5.830951690673828,-5.656854152679443
-5.830951690673828,-5.656854152679443
-5.830951690673828,-5.656854152679443
-5.830951690673828,-5.656854152679443
-5.830951690673828,-5.656854152679443
-5.830951690673828,-5.656854152679443
-5.830951690673828,-5.656854152679443
-5.830951690673828,-5.656854152679443
-5.830951690673828,-5.656854152679443
-5.830951690673828,-5.656854152679443
-5.830951690673828,-5.656854152679443
-5.830951690673828,-5.656854152679443
-5.830951690673828,-5.656854152679443
-5.830951690673828,-5.656854152679443
-5.830951690673828,-5.656854152679443
-5.830951690673828,-5.656854152679443
-5.830951690673828,-5.656854152679443
-5.830951690673828,-5.656854152679443
-5.830951690673828,-5.656854152679443
-5.830951690673828,-5.656854152679443
-5.830951690673828,-5.656854152679443
-5.830951690673828,-5.656854152679443
-5.830951690673828,-5.656854152679443
-5.830951690673828,-5.656854152679443
-5.830951690673828,-5.656854152679443
-5.830951690673828,-5.656854152679443
-5.830951690673828,-5.656854152679443
-5.830951690673828,-5.656854152679443
-5.830951690673828,-5.656854152679443
-5.830951690673828,-5.656854152679443
-5.830951690673828,-5.656854152679443
-5.830951690673828,-5.656854152679443
-5.830951690673828,-5.656854152679443
-5.830951690673828,-5.656854152679443
-5.830951690673828,-5.656854152679443
-5.830951690673828,-5.656854152679443
-5.830951690673828,-5.656854152679443
-5.830951690673828,-5.656854152679443
-5.830951690673828,-5.656854152679443
-5.830951690673828,-5.656854152679443
-5.830951690673828,-5.656854152679443
-5.830951690673828,-5.656854152679443
-5.830951690673828,-5.656854152679443
-5.830951690673828,-5.656854152679443
-5.830951690673828,-5.656854152679443
-5.830951690673828,-5.656854152679443
-5.830951690673828,-5.656854152679443
-5.830951690673828,-5.656854152679443
-5.830951690673828,-5.656854152679443
-5.830951690673828,-5.656854152679443
-5.830951690673828,-5.656854152679443
-5.830951690673828,-5.656854152679443
-5.830951690673828,-5.656854152679443
-5.830951690673828,-5.656854152679443
-5.830951690673828,-5.656854152679443
-5.830951690673828,-5.656854152679443
-5.830951690673828,-5.656854152679443
-5.830951690673828,-5.656854152679443
-5.830951690673828,-5.656854152679443
-5.830951690673828,-5.656854152679443
-5.830951690673828,-5.656854152679443
-5.830951690673828,-5.656854152679443
-5.830951690673828,-5.656854152679443
-5.830951690673828,-5.656854152679443
-5.830951690673828,-5.656854152679443
-5.830951690673828,-5.656854152679443
-5.830951690673828,-5.656854152679443
-5.830951690673828,-5.656854152679443
-5.830951690673828,-5.656854152679443
-5.830951690673828,-5.656854152679443
-5.830951690673828,-5.656854152679443
-5.830951690673828,-5.656854152679443
-5.830951690673828,-5.656854152679443
-5.830951690673828,-5.656854152679443
-5.830951690673828,-5.656854152679443
-5.830951690673828,-5.656854152679443
-5.830951690673828,-5.656854152679443
-5.830951690673828,-5.656854152679443
-5.830951690673828,-5.656854152679443
-5.830951690673828,-5.656854152679443
-5.830951690673828,-5.656854152679443
-5.830951690673828,-5.656854152679443
-5.830951690673828,-5.656854152679443
-5.830951690673828,-5.656854152679443
-5.830951690673828,-5.656854152679443
-5.830951690673828,-5.656854152679443
-5.830951690673828,-5.656854152679443
-5.830951690673828,-5.656854152679443
-5.830951690673828,-5.656854152679443
-5.830951690673828,-5.656854152679443
-5.830951690673828,-5.656854152679443
-5.830951690673828,-5.656854152679443
-5.830951690673828,-5.656854152679443
-5.830951690673828,-5.656854152679443
-5.830951690673828,-5.656854152679443
-5.830951690673828,-5.656854152679443
-5.830951690673828,-5.656854152679443
-5.830951690673828,-5.656854152679443
-5.830951690673828,-5.656854152679443
-5.830951690673828,-5.656854152679443
-5.830951690673828,-5.656854152679443
-5.830951690673828,-5.656854152679443
-5.830951690673828,-5.656854152679443
-5.830951690673828,-5.656854152679443
-5.830951690673828,-5.656854152679443
-5.830951690673828,-5.656854152679443
-5.830951690673828,-5.656854152679443
-5.830951690673828,-5.656854152679443
-5.830951690673828,-5.656854152679443
-5.830951690673828,-5.656854152679443
-5.830951690673828,-5.656854152679443
-5.830951690673828,-5.656854152679443
-5.830951690673828,-5.656854152679443
-5.830951690673828,-5.656854152679443
-5.830951690673828,-5.656854152679443
-5.830951690673828,-5.656854152679443
-5.830951690673828,-5.656854152679443
-5.830951690673828,-5.656854152679443
-5.830951690673828,-5.656854152679443
-5.830951690673828,-5.656854152679443
-5.830951690673828,-5.656854152679443
-5.830951690673828,-5.656854152679443
-5.830951690673828,-5.656854152679443
-5.830951690673828,-5.656854152679443
-5.830951690673828,-5.656854152679443
-5.830951690673828,-5.656854152679443
-5.830951690673828,-5.656854152679443
-5.830951690673828,-5.656854152679443
-5.830951690673828,-5.656854152679443
-5.830951690673828,-5.656854152679443
-5.830951690673828,-5.656854152679443
-5.830951690673828,-5.656854152679443
-5.830951690673828,-5.656854152679443
-5.830951690673828,-5.656854152679443
-5.830951690673828,-5.656854152679443
-5.830951690673828,-5.656854152679443
-5.830951690673828,-5.656854152679443
-5.830951690673828,-5.656854152679443
-5.830951690673828,-5.656854152679443
-5.830951690673828,-5.656854152679443
-5.830951690673828,-5.656854152679443
-5.830951690673828,-5.656854152679443
-5.830951690673828,-5.656854152679443
-5.830951690673828,-5.656854152679443
-5.830951690673828,-5.656854152679443
-5.830951690673828,-5.656854152679443
-5.830951690673828,-5.656854152679443
-5.830951690673828,-5.656854152679443
-5.830951690673828,-5.656854152679443
-5.830951690673828,-5.656854152679443
-5.830951690673828,-5.656854152679443
-5.830951690673828,-5.656854152679443
-5.830951690673828,-5.656854152679443
-5.830951690673828,-5.656854152679443
-5.830951690673828,-5.656854152679443
-5.830951690673828,-5.656854152679443
-5.830951690673828,-5.656854152679443
-5.830951690673828,-5.656854152679443
-5.830951690673828,-5.656854152679443
-5.830951690673828,-5.656854152679443
-5.830951690673828,-5.656854152679443
-5.830951690673828,-5.656854152679443
-5.830951690673828,-5.656854152679443
-5.830951690673828,-5.656854152679443
-5.830951690673828,-5.656854152679443
-5.830951690673828,-5.656854152679443
-5.830951690673828,-5.656854152679443
-5.830951690673828,-5.656854152679443
-5.830951690673828,-5.656854152679443
-5.830951690673828,-5.656854152679443
-5.830951690673828,-5.656854152679443
-5.830951690673828,-5.656854152679443
-5.830951690673828,-5.656854152679443
-5.830951690673828,-5.656854152679443
-5.830951690673828,-5.656854152679443
-5.830951690673828,-5.656854152679443
-5.830951690673828,-5.656854152679443
-5.830951690673828,-5.656854152679443
-5.830951690673828,-5.656854152679443
-5.830951690673828,-5.656854152679443
-5.830951690673828,-5.656854152679443
-5.830951690673828,-5.656854152679443
-5.830951690673828,-5.656854152679443
-5.830951690673828,-5.656854152679443
-5.830951690673828,-5.656854152679443
-5.830951690673828,-5.656854152679443
-5.830951690673828,-5.656854152679443
-5.830951690673828,-5.656854152679443
-5.830951690673828,-5.656854152679443
-5.830951690673828,-5.656854152679443
-5.830951690673828,-5.656854152679443
-5.830951690673828,-5.656854152679443
-5.830951690673828,-5.656854152679443
-5.830951690673828,-5.656854152679443
-5.830951690673828,-5.656854152679443
-5.830951690673828,-5.656854152679443
-5.830951690673828,-5.656854152679443
-5.830951690673828,-5.656854152679443
-5.830951690673828,-5.656854152679443
-5.830951690673828,-5.656854152679443
-5.830951690673828,-5.656854152679443
-5.830951690673828,-5.656854152679443
-5.830951690673828,-5.656854152679443
-5.830951690673828,-5.656854152679443
-5.830951690673828,-5.656854152679443
-5.830951690673828,-5.656854152679443
-5.830951690673828,-5.656854152679443
-5.830951690673828,-5.656854152679443
-5.830951690673828,-5.656854152679443
-5.830951690673828,-5.656854152679443
-5.830951690673828,-5.656854152679443
-5.830951690673828,-5.656854152679443
-5.830951690673828,-5.656854152679443
-5.830951690673828,-5.656854152679443
-5.830951690673828,-5.656854152679443
-5.830951690673828,-5.656854152679443
-5.830951690673828,-5.656854152679443
-5.830951690673828,-5.656854152679443
-5.830951690673828,-5.656854152679443
-5.830951690673828,-5.656854152679443
-5.830951690673828,-5.656854152679443
-5.830951690673828,-5.656854152679443
-5.830951690673828,-5.656854152679443
-5.830951690673828,-5.656854152679443
-5.830951690673828,-5.656854152679443
-5.830951690673828,-5.656854152679443
-5.830951690673828,-5.656854152679443
-5.830951690673828,-5.656854152679443
-5.830951690673828,-5.656854152679443
-5.830951690673828,-5.656854152679443
-5.830951690673828,-5.656854152679443
-5.830951690673828,-5.656854152679443
-5.830951690673828,-5.656854152679443
-5.830951690673828,-5.656854152679443
-5.830951690673828,-5.656854152679443
-5.830951690673828,-5.656854152679443
-5.830951690673828,-5.656854152679443
-5.830951690673828,-5.656854152679443
-5.830951690673828,-5.656854152679443
-5.830951690673828,-5.656854152679443
-5.830951690673828,-5.656854152679443
-5.830951690673828,-5.656854152679443
-5.830951690673828,-5.656854152679443
-5.830951690673828,-5.656854152679443
-5.830951690673828,-5.656854152679443
-5.830951690673828,-5.656854152679443
-5.830951690673828,-5.656854152679443
-5.830951690673828,-5.656854152679443
-5.830951690673828,-5.656854152679443
-5.830951690673828,-5.656854152679443
-5.830951690673828,-5.656854152679443
-5.830951690673828,-5.656854152679443
-5.830951690673828,-5.656854152679443
-5.830951690673828,-5.656854152679443
-5.830951690673828,-5.656854152679443
-5.830951690673828,-5.656854152679443
-5.830951690673828,-5.656854152679443
-5.830951690673828,-5.656854152679443
-5.830951690673828,-5.656854152679443
-5.830951690673828,-5.656854152679443
-5.830951690673828,-5.656854152679443
-5.830951690673828,-5.656854152679443
-5.830951690673828,-5.656854152679443
-5.830951690673828,-5.656854152679443
-5.830951690673828,-5.656854152679443
-5.830951690673828,-5.656854152679443
-5.830951690673828,-5.656854152679443
-5.830951690673828,-5.656854152679443
-5.830951690673828,-5.656854152679443
-5.830951690673828,-5.656854152679443
-5.830951690673828,-5.656854152679443
-5.830951690673828,-5.656854152679443
-5.830951690673828,-5.656854152679443
-5.830951690673828,-5.656854152679443
-5.830951690673828,-5.656854152679443
-5.830951690673828,-5.656854152679443
-5.830951690673828,-5.656854152679443
-5.830951690673828,-5.656854152679443
-5.830951690673828,-5.656854152679443
-5.830951690673828,-5.656854152679443
-5.830951690673828,-5.656854152679443
-5.830951690673828,-5.656854152679443
-5.830951690673828,-5.656854152679443
-5.830951690673828,-5.656854152679443
-5.830951690673828,-5.656854152679443
-5.830951690673828,-5.656854152679443
-5.830951690673828,-5.656854152679443
-5.830951690673828,-5.656854152679443
-5.830951690673828,-5.656854152679443
-5.830951690673828,-5.656854152679443
-5.830951690673828,-5.656854152679443
-5.830951690673828,-5.656854152679443
-5.830951690673828,-5.656854152679443
-5.830951690673828,-5.656854152679443
-5.830951690673828,-5.656854152679443
-5.830951690673828,-5.656854152679443
-5.830951690673828,-5.656854152679443
-5.830951690673828,-5.656854152679443
-5.830951690673828,-5.656854152679443
-5.830951690673828,-5.656854152679443
-5.830951690673828,-5.656854152679443
-5.830951690673828,-5.656854152679443
-5.830951690673828,-5.656854152679443
-5.830951690673828,-5.656854152679443
-5.830951690673828,-5.656854152679443
-5.830951690673828,-5.656854152679443
-5.830951690673828,-5.656854152679443
-5.830951690673828,-5.656854152679443
-5.830951690673828,-5.656854152679443
-5.830951690673828,-5.656854152679443
-5.830951690673828,-5.656854152679443
-5.830951690673828,-5.656854152679443
-5.830951690673828,-5.656854152679443
-5.830951690673828,-5.656854152679443
-5.830951690673828,-5.656854152679443
-5.830951690673828,-5.656854152679443
-5.830951690673828,-5.656854152679443
-5.830951690673828,-5.656854152679443
-5.830951690673828,-5.656854152679443
-5.830951690673828,-5.656854152679443
-5.830951690673828,-5.656854152679443
-5.830951690673828,-5.656854152679443
-5.830951690673828,-5.656854152679443
-5.830951690673828,-5.656854152679443
-5.830951690673828,-5.656854152679443
-5.830951690673828,-5.656854152679443
-5.830951690673828,-5.656854152679443
-5.830951690673828,-5.656854152679443
-5.830951690673828,-5.656854152679443
-5.830951690673828,-5.656854152679443
-5.830951690673828,-5.656854152679443
-5.830951690673828,-5.656854152679443
-5.830951690673828,-5.656854152679443
-5.830951690673828,-5.656854152679443
-5.830951690673828,-5.656854152679443
-5.830951690673828,-5.656854152679443
-5.830951690673828,-5.656854152679443
-5.830951690673828,-5.656854152679443
-5.830951690673828,-5.656854152679443
-5.830951690673828,-5.656854152679443
-5.830951690673828,-5.656854152679443
-5.830951690673828,-5.656854152679443
-5.830951690673828,-5.656854152679443
-5.830951690673828,-5.656854152679443
-5.830951690673828,-5.656854152679443
-5.830951690673828,-5.656854152679443
-5.830951690673828,-5.656854152679443
-5.830951690673828,-5.656854152679443
-5.830951690673828,-5.656854152679443
-5.830951690673828,-5.656854152679443
-5.830951690673828,-5.656854152679443
-5.830951690673828,-5.656854152679443
-5.830951690673828,-5.656854152679443
-5.830951690673828,-5.656854152679443
-5.830951690673828,-5.656854152679443
-5.830951690673828,-5.656854152679443
-5.830951690673828,-5.656854152679443
-5.830951690673828,-5.656854152679443
-5.830951690673828,-5.656854152679443
-5.830951690673828,-5.656854152679443
-5.830951690673828,-5.656854152679443
-5.830951690673828,-5.656854152679443
-5.830951690673828,-5.656854152679443
-5.830951690673828,-5.656854152679443
-5.830951690673828,-5.656854152679443
-5.830951690673828,-5.656854152679443
-5.830951690673828,-5.656854152679443
-5.830951690673828,-5.656854152679443
-5.830951690673828,-5.656854152679443
-5.830951690673828,-5.656854152679443
-5.830951690673828,-5.656854152679443
-5.830951690673828,-5.656854152679443
-5.830951690673828,-5.656854152679443
-5.830951690673828,-5.656854152679443
-5.830951690673828,-5.656854152679443
-5.830951690673828,-5.656854152679443
-5.830951690673828,-5.656854152679443
-5.830951690673828,-5.656854152679443
-5.830951690673828,-5.656854152679443
-5.830951690673828,-5.656854152679443
-5.830951690673828,-5.656854152679443
-5.830951690673828,-5.656854152679443
-5.830951690673828,-5.656854152679443
-5.830951690673828,-5.656854152679443
-5.830951690673828,-5.656854152679443
-5.830951690673828,-5.656854152679443
-5.830951690673828,-5.656854152679443
-5.830951690673828,-5.656854152679443
-5.830951690673828,-5.656854152679443
-5.830951690673828,-5.656854152679443
-5.830951690673828,-5.656854152679443
-5.830951690673828,-5.656854152679443
-5.830951690673828,-5.656854152679443
-5.830951690673828,-5.656854152679443
-5.830951690673828,-5.656854152679443
-5.830951690673828,-5.656854152679443
-5.830951690673828,-5.656854152679443
-5.830951690673828,-5.656854152679443
-5.830951690673828,-5.656854152679443
-5.830951690673828,-5.656854152679443
-5.830951690673828,-5.656854152679443
-5.830951690673828,-5.656854152679443
-5.830951690673828,-5.656854152679443
-5.830951690673828,-5.656854152679443
-5.830951690673828,-5.656854152679443
-5.830951690673828,-5.656854152679443
-5.830951690673828,-5.656854152679443
-5.830951690673828,-5.656854152679443
-5.830951690673828,-5.656854152679443
-5.830951690673828,-5.656854152679443
-5.830951690673828,-5.656854152679443
-5.830951690673828,-5.656854152679443
-5.830951690673828,-5.656854152679443
-5.830951690673828,-5.656854152679443
-5.830951690673828,-5.656854152679443
-5.830951690673828,-5.656854152679443
-5.830951690673828,-5.656854152679443
-5.830951690673828,-5.656854152679443
-5.830951690673828,-5.656854152679443
-5.830951690673828,-5.656854152679443
-5.830951690673828,-5.656854152679443
-5.830951690673828,-5.656854152679443
-5.830951690673828,-5.656854152679443
-5.830951690673828,-5.4772257804870605
-5.830951690673828,-5.4772257804870605
-5.830951690673828,-5.4772257804870605
-5.830951690673828,-5.4772257804870605
-5.830951690673828,-5.4772257804870605
-5.830951690673828,-5.4772257804870605
-5.830951690673828,-5.4772257804870605
-5.830951690673828,-5.4772257804870605
-5.830951690673828,-5.4772257804870605
-5.830951690673828,-5.4772257804870605
-5.830951690673828,-5.4772257804870605
-5.830951690673828,-5.4772257804870605
-5.830951690673828,-5.4772257804870605
-5.830951690673828,-5.4772257804870605
-5.830951690673828,-5.4772257804870605
-5.830951690673828,-5.4772257804870605
-5.830951690673828,-5.4772257804870605
-5.830951690673828,-5.4772257804870605
-5.830951690673828,-5.4772257804870605
-5.830951690673828,-5.4772257804870605
-5.830951690673828,-5.4772257804870605
-5.830951690673828,-5.4772257804870605
-5.830951690673828,-5.4772257804870605
-5.830951690673828,-5.4772257804870605
-5.830951690673828,-5.4772257804870605
-5.830951690673828,-5.4772257804870605
-5.830951690673828,-5.4772257804870605
-5.830951690673828,-5.4772257804870605
-5.830951690673828,-5.4772257804870605
-5.830951690673828,-5.4772257804870605
-5.830951690673828,-5.4772257804870605
-5.830951690673828,-5.4772257804870605
-5.830951690673828,-5.4772257804870605
-5.830951690673828,-5.4772257804870605
-5.830951690673828,-5.4772257804870605
-5.830951690673828,-5.4772257804870605
-5.830951690673828,-5.4772257804870605
-5.830951690673828,-5.4772257804870605
-5.830951690673828,-5.4772257804870605
-5.830951690673828,-5.4772257804870605
-5.830951690673828,-5.4772257804870605
-5.830951690673828,-5.4772257804870605
-5.830951690673828,-5.4772257804870605
-5.830951690673828,-5.4772257804870605
-5.830951690673828,-5.4772257804870605
-5.830951690673828,-5.4772257804870605
-5.830951690673828,-5.4772257804870605
-5.830951690673828,-5.4772257804870605
-5.830951690673828,-5.4772257804870605
-5.830951690673828,-5.4772257804870605
-5.830951690673828,-5.4772257804870605
-5.830951690673828,-5.4772257804870605
-5.830951690673828,-5.4772257804870605
-5.830951690673828,-5.4772257804870605
-5.830951690673828,-5.4772257804870605
-5.830951690673828,-5.4772257804870605
-5.830951690673828,-5.4772257804870605
-5.830951690673828,-5.4772257804870605
-5.830951690673828,-5.4772257804870605
-5.830951690673828,-5.4772257804870605
-5.830951690673828,-5.4772257804870605
-5.830951690673828,-5.4772257804870605
-5.830951690673828,-5.4772257804870605
-5.830951690673828,-5.4772257804870605
-5.830951690673828,-5.4772257804870605
-5.830951690673828,-5.4772257804870605
-5.830951690673828,-5.4772257804870605
-5.830951690673828,-5.4772257804870605
-5.830951690673828,-5.4772257804870605
-5.830951690673828,-5.4772257804870605
-5.830951690673828,-5.4772257804870605
-5.830951690673828,-5.4772257804870605
-5.830951690673828,-5.4772257804870605
-5.830951690673828,-5.4772257804870605
-5.830951690673828,-5.4772257804870605
-5.830951690673828,-5.4772257804870605
-5.830951690673828,-5.4772257804870605
-5.830951690673828,-5.4772257804870605
-5.830951690673828,-5.4772257804870605
-5.830951690673828,-5.4772257804870605
-5.830951690673828,-5.4772257804870605
-5.830951690673828,-5.4772257804870605
-5.830951690673828,-5.4772257804870605
-5.830951690673828,-5.4772257804870605
-5.830951690673828,-5.4772257804870605
-5.830951690673828,-5.4772257804870605
-5.830951690673828,-5.4772257804870605
-5.830951690673828,-5.4772257804870605
-5.830951690673828,-5.4772257804870605
-5.830951690673828,-5.4772257804870605
-5.830951690673828,-5.4772257804870605
-5.830951690673828,-5.4772257804870605
-5.830951690673828,-5.4772257804870605
-5.830951690673828,-5.4772257804870605
-5.830951690673828,-5.4772257804870605
-5.830951690673828,-5.4772257804870605
-5.830951690673828,-5.4772257804870605
-5.830951690673828,-5.4772257804870605
-5.830951690673828,-5.4772257804870605
-5.830951690673828,-5.4772257804870605
-5.830951690673828,-5.4772257804870605
-5.830951690673828,-5.4772257804870605
-5.830951690673828,-5.4772257804870605
-5.830951690673828,-5.4772257804870605
-5.830951690673828,-5.4772257804870605
-5.830951690673828,-5.4772257804870605
-5.830951690673828,-5.4772257804870605
-5.830951690673828,-5.4772257804870605
-5.830951690673828,-5.4772257804870605
-5.830951690673828,-5.4772257804870605
-5.830951690673828,-5.4772257804870605
-5.830951690673828,-5.4772257804870605
-5.830951690673828,-5.4772257804870605
-5.830951690673828,-5.4772257804870605
-5.830951690673828,-5.4772257804870605
-5.830951690673828,-5.4772257804870605
-5.830951690673828,-5.4772257804870605
-5.830951690673828,-5.4772257804870605
-5.830951690673828,-5.4772257804870605
-5.830951690673828,-5.4772257804870605
-5.830951690673828,-5.4772257804870605
-5.830951690673828,-5.4772257804870605
-5.830951690673828,-5.4772257804870605
-5.830951690673828,-5.4772257804870605
-5.830951690673828,-5.4772257804870605
-5.830951690673828,-5.4772257804870605
-5.830951690673828,-5.4772257804870605
-5.830951690673828,-5.4772257804870605
-5.830951690673828,-5.4772257804870605
-5.830951690673828,-5.4772257804870605
-5.830951690673828,-5.4772257804870605
-5.830951690673828,-5.4772257804870605
-5.830951690673828,-5.4772257804870605
-5.830951690673828,-5.4772257804870605
-5.830951690673828,-5.4772257804870605
-5.830951690673828,-5.4772257804870605
-5.830951690673828,-5.4772257804870605
-5.830951690673828,-5.4772257804870605
-5.830951690673828,-5.4772257804870605
-5.830951690673828,-5.4772257804870605
-5.830951690673828,-5.4772257804870605
-5.830951690673828,-5.4772257804870605
-5.830951690673828,-5.4772257804870605
-5.830951690673828,-5.4772257804870605
-5.830951690673828,-5.4772257804870605
-5.830951690673828,-5.4772257804870605
-5.830951690673828,-5.4772257804870605
-5.830951690673828,-5.4772257804870605
-5.830951690673828,-5.4772257804870605
-5.830951690673828,-5.4772257804870605
-5.830951690673828,-5.4772257804870605
-5.830951690673828,-5.4772257804870605
-5.830951690673828,-5.4772257804870605
-5.830951690673828,-5.4772257804870605
-5.830951690673828,-5.4772257804870605
-5.830951690673828,-5.4772257804870605
-5.830951690673828,-5.4772257804870605
-5.830951690673828,-5.4772257804870605
-5.830951690673828,-5.4772257804870605
-5.830951690673828,-5.4772257804870605
-5.830951690673828,-5.4772257804870605
-5.830951690673828,-5.4772257804870605
-5.830951690673828,-5.4772257804870605
-5.830951690673828,-5.4772257804870605
-5.830951690673828,-5.4772257804870605
-5.830951690673828,-5.4772257804870605
-5.830951690673828,-5.4772257804870605
-5.830951690673828,-5.4772257804870605
-5.830951690673828,-5.4772257804870605
-5.830951690673828,-5.4772257804870605
-5.830951690673828,-5.4772257804870605
-5.830951690673828,-5.4772257804870605
-5.830951690673828,-5.4772257804870605
-5.830951690673828,-5.4772257804870605
-5.830951690673828,-5.4772257804870605
-5.830951690673828,-5.4772257804870605
-5.830951690673828,-5.4772257804870605
-5.830951690673828,-5.4772257804870605
-5.830951690673828,-5.4772257804870605
-5.830951690673828,-5.4772257804870605
-5.830951690673828,-5.4772257804870605
-5.830951690673828,-5.4772257804870605
-5.830951690673828,-5.4772257804870605
-5.830951690673828,-5.4772257804870605
-5.830951690673828,-5.4772257804870605
-5.830951690673828,-5.4772257804870605
-5.830951690673828,-5.4772257804870605
-5.830951690673828,-5.4772257804870605
-5.830951690673828,-5.4772257804870605
-5.830951690673828,-5.4772257804870605
-5.830951690673828,-5.4772257804870605
-5.830951690673828,-5.4772257804870605
-5.830951690673828,-5.4772257804870605
-5.830951690673828,-5.4772257804870605
-5.830951690673828,-5.4772257804870605
-5.830951690673828,-5.4772257804870605
-5.830951690673828,-5.4772257804870605
-5.830951690673828,-5.4772257804870605
-5.830951690673828,-5.4772257804870605
-5.830951690673828,-5.4772257804870605
-5.830951690673828,-5.4772257804870605
-5.830951690673828,-5.4772257804870605
-5.830951690673828,-5.4772257804870605
-5.830951690673828,-5.4772257804870605
-5.830951690673828,-5.4772257804870605
-5.830951690673828,-5.4772257804870605
-5.830951690673828,-5.4772257804870605
-5.830951690673828,-5.4772257804870605
-5.830951690673828,-5.4772257804870605
-5.830951690673828,-5.4772257804870605
-5.830951690673828,-5.4772257804870605
-5.830951690673828,-5.4772257804870605
-5.830951690673828,-5.4772257804870605
-5.830951690673828,-5.4772257804870605
-5.830951690673828,-5.4772257804870605
-5.830951690673828,-5.4772257804870605
-5.830951690673828,-5.4772257804870605
-5.830951690673828,-5.4772257804870605
-5.830951690673828,-5.4772257804870605
-5.830951690673828,-5.4772257804870605
-5.830951690673828,-5.4772257804870605
-5.830951690673828,-5.4772257804870605
-5.830951690673828,-5.4772257804870605
-5.830951690673828,-5.4772257804870605
-5.830951690673828,-5.4772257804870605
-5.830951690673828,-5.4772257804870605
-5.830951690673828,-5.4772257804870605
-5.830951690673828,-5.4772257804870605
-5.830951690673828,-5.4772257804870605
-5.830951690673828,-5.4772257804870605
-5.830951690673828,-5.4772257804870605
-5.830951690673828,-5.4772257804870605
-5.830951690673828,-5.4772257804870605
-5.830951690673828,-5.4772257804870605
-5.830951690673828,-5.4772257804870605
-5.830951690673828,-5.4772257804870605
-5.830951690673828,-5.4772257804870605
-5.830951690673828,-5.4772257804870605
-5.830951690673828,-5.4772257804870605
-5.830951690673828,-5.4772257804870605
-5.830951690673828,-5.4772257804870605
-5.830951690673828,-5.4772257804870605
-5.830951690673828,-5.4772257804870605
-5.830951690673828,-5.4772257804870605
-5.830951690673828,-5.4772257804870605
-5.830951690673828,-5.4772257804870605
-5.830951690673828,-5.4772257804870605
-5.830951690673828,-5.4772257804870605
-5.830951690673828,-5.4772257804870605
-5.830951690673828,-5.4772257804870605
-5.830951690673828,-5.4772257804870605
-5.830951690673828,-5.4772257804870605
-5.830951690673828,-5.4772257804870605
-5.830951690673828,-5.4772257804870605
-5.830951690673828,-5.4772257804870605
-5.830951690673828,-5.4772257804870605
-5.830951690673828,-5.4772257804870605
-5.830951690673828,-5.4772257804870605
-5.830951690673828,-5.4772257804870605
-5.830951690673828,-5.4772257804870605
-5.830951690673828,-5.4772257804870605
-5.830951690673828,-5.4772257804870605
-5.830951690673828,-5.4772257804870605
-5.830951690673828,-5.4772257804870605
-5.830951690673828,-5.4772257804870605
-5.830951690673828,-5.4772257804870605
-5.830951690673828,-5.4772257804870605
-5.830951690673828,-5.4772257804870605
-5.830951690673828,-5.4772257804870605
-5.830951690673828,-5.4772257804870605
-5.830951690673828,-5.4772257804870605
-5.830951690673828,-5.4772257804870605
-5.830951690673828,-5.4772257804870605
-5.830951690673828,-5.4772257804870605
-5.830951690673828,-5.4772257804870605
-5.830951690673828,-5.4772257804870605
-5.830951690673828,-5.4772257804870605
-5.830951690673828,-5.4772257804870605
-5.830951690673828,-5.4772257804870605
-5.830951690673828,-5.4772257804870605
-5.830951690673828,-5.4772257804870605
-5.830951690673828,-5.4772257804870605
-5.830951690673828,-5.4772257804870605
-5.830951690673828,-5.4772257804870605
-5.830951690673828,-5.4772257804870605
-5.830951690673828,-5.4772257804870605
-5.830951690673828,-5.4772257804870605
-5.830951690673828,-5.4772257804870605
-5.830951690673828,-5.4772257804870605
-5.830951690673828,-5.4772257804870605
-5.830951690673828,-5.4772257804870605
-5.830951690673828,-5.4772257804870605
-5.830951690673828,-5.4772257804870605
-5.830951690673828,-5.4772257804870605
-5.830951690673828,-5.4772257804870605
-5.830951690673828,-5.4772257804870605
-5.830951690673828,-5.4772257804870605
-5.830951690673828,-5.4772257804870605
-5.830951690673828,-5.4772257804870605
-5.830951690673828,-5.4772257804870605
-5.830951690673828,-5.4772257804870605
-5.830951690673828,-5.4772257804870605
-5.830951690673828,-5.4772257804870605
-5.830951690673828,-5.4772257804870605
-5.830951690673828,-5.4772257804870605
-5.830951690673828,-5.4772257804870605
-5.830951690673828,-5.4772257804870605
-5.830951690673828,-5.4772257804870605
-5.830951690673828,-5.4772257804870605
-5.830951690673828,-5.4772257804870605
-5.830951690673828,-5.4772257804870605
-5.830951690673828,-5.4772257804870605
-5.830951690673828,-5.4772257804870605
-5.830951690673828,-5.4772257804870605
-5.830951690673828,-5.4772257804870605
-5.830951690673828,-5.4772257804870605
-5.830951690673828,-5.4772257804870605
-5.830951690673828,-5.4772257804870605
-5.830951690673828,-5.4772257804870605
-5.830951690673828,-5.4772257804870605
-5.830951690673828,-5.4772257804870605
-5.830951690673828,-5.4772257804870605
-5.830951690673828,-5.4772257804870605
-5.830951690673828,-5.4772257804870605
-5.830951690673828,-5.4772257804870605
-5.830951690673828,-5.4772257804870605
-5.830951690673828,-5.4772257804870605
-5.830951690673828,-5.4772257804870605
-5.830951690673828,-5.4772257804870605
-5.830951690673828,-5.4772257804870605
-5.830951690673828,-5.4772257804870605
-5.830951690673828,-5.4772257804870605
-5.830951690673828,-5.4772257804870605
-5.830951690673828,-5.4772257804870605
-5.830951690673828,-5.4772257804870605
-5.830951690673828,-5.4772257804870605
-5.830951690673828,-5.4772257804870605
-5.830951690673828,-5.4772257804870605
-5.830951690673828,-5.4772257804870605
-5.830951690673828,-5.4772257804870605
-5.830951690673828,-5.4772257804870605
-5.830951690673828,-5.4772257804870605
-5.830951690673828,-5.4772257804870605
-5.830951690673828,-5.4772257804870605
-5.830951690673828,-5.4772257804870605
-5.830951690673828,-5.4772257804870605
-5.830951690673828,-5.4772257804870605
-5.830951690673828,-5.4772257804870605
-5.830951690673828,-5.4772257804870605
-5.830951690673828,-5.4772257804870605
-5.830951690673828,-5.4772257804870605
-5.830951690673828,-5.4772257804870605
-5.830951690673828,-5.4772257804870605
-5.830951690673828,-5.4772257804870605
-5.830951690673828,-5.4772257804870605
-5.830951690673828,-5.4772257804870605
-5.830951690673828,-5.4772257804870605
-5.830951690673828,-5.4772257804870605
-5.830951690673828,-5.4772257804870605
-5.830951690673828,-5.4772257804870605
-5.830951690673828,-5.4772257804870605
-5.830951690673828,-5.4772257804870605
-5.830951690673828,-5.4772257804870605
-5.830951690673828,-5.4772257804870605
-5.830951690673828,-5.4772257804870605
-5.830951690673828,-5.4772257804870605
-5.830951690673828,-5.4772257804870605
-5.830951690673828,-5.4772257804870605
-5.830951690673828,-5.4772257804870605
-5.830951690673828,-5.4772257804870605
-5.830951690673828,-5.4772257804870605
-5.830951690673828,-5.4772257804870605
-5.830951690673828,-5.4772257804870605
-5.830951690673828,-5.4772257804870605
-5.830951690673828,-5.4772257804870605
-5.830951690673828,-5.4772257804870605
-5.830951690673828,-5.4772257804870605
-5.830951690673828,-5.4772257804870605
-5.830951690673828,-5.4772257804870605
-5.830951690673828,-5.4772257804870605
-5.830951690673828,-5.4772257804870605
-5.830951690673828,-5.4772257804870605
-5.830951690673828,-5.4772257804870605
-5.830951690673828,-5.4772257804870605
-5.830951690673828,-5.4772257804870605
-5.830951690673828,-5.4772257804870605
-5.830951690673828,-5.4772257804870605
-5.830951690673828,-5.4772257804870605
-5.830951690673828,-5.4772257804870605
-5.830951690673828,-5.4772257804870605
-5.830951690673828,-5.4772257804870605
-5.830951690673828,-5.4772257804870605
-5.830951690673828,-5.4772257804870605
-5.830951690673828,-5.4772257804870605
-5.830951690673828,-5.4772257804870605
-5.830951690673828,-5.4772257804870605
-5.830951690673828,-5.4772257804870605
-5.830951690673828,-5.4772257804870605
-5.830951690673828,-5.4772257804870605
-5.830951690673828,-5.4772257804870605
-5.830951690673828,-5.4772257804870605
-5.830951690673828,-5.4772257804870605
-5.830951690673828,-5.4772257804870605
-5.830951690673828,-5.4772257804870605
-5.830951690673828,-5.4772257804870605
-5.830951690673828,-5.4772257804870605
-5.830951690673828,-5.4772257804870605
-5.830951690673828,-5.4772257804870605
-5.830951690673828,-5.4772257804870605
-5.830951690673828,-5.4772257804870605
-5.830951690673828,-5.4772257804870605
-5.830951690673828,-5.4772257804870605
-5.830951690673828,-5.4772257804870605
-5.830951690673828,-5.4772257804870605
-5.830951690673828,-5.4772257804870605
-5.830951690673828,-5.4772257804870605
-5.830951690673828,-5.4772257804870605
-5.830951690673828,-5.4772257804870605
-5.830951690673828,-5.4772257804870605
-5.830951690673828,-5.4772257804870605
-5.830951690673828,-5.4772257804870605
-5.830951690673828,-5.4772257804870605
-5.830951690673828,-5.4772257804870605
-5.830951690673828,-5.4772257804870605
-5.830951690673828,-5.4772257804870605
-5.830951690673828,-5.4772257804870605
-5.830951690673828,-5.4772257804870605
-5.830951690673828,-5.4772257804870605
-5.830951690673828,-5.4772257804870605
-5.830951690673828,-5.4772257804870605
-5.830951690673828,-5.4772257804870605
-5.830951690673828,-5.4772257804870605
-5.830951690673828,-5.4772257804870605
-5.830951690673828,-5.4772257804870605
-5.830951690673828,-5.4772257804870605
-5.830951690673828,-5.4772257804870605
-5.830951690673828,-5.4772257804870605
-5.830951690673828,-5.4772257804870605
-5.830951690673828,-5.4772257804870605
-5.830951690673828,-5.4772257804870605
-5.830951690673828,-5.4772257804870605
-5.830951690673828,-5.4772257804870605
-5.830951690673828,-5.4772257804870605
-5.830951690673828,-5.4772257804870605
-5.830951690673828,-5.4772257804870605
-5.830951690673828,-5.4772257804870605
-5.830951690673828,-5.4772257804870605
-5.830951690673828,-5.4772257804870605
-5.830951690673828,-5.4772257804870605
-5.830951690673828,-5.4772257804870605
-5.830951690673828,-5.4772257804870605
-5.830951690673828,-5.4772257804870605
-5.830951690673828,-5.4772257804870605
-5.830951690673828,-5.4772257804870605
-5.830951690673828,-5.4772257804870605
-5.830951690673828,-5.4772257804870605
-5.830951690673828,-5.4772257804870605
-5.830951690673828,-5.4772257804870605
-5.830951690673828,-5.4772257804870605
-5.830951690673828,-5.4772257804870605
-5.830951690673828,-5.4772257804870605
-5.830951690673828,-5.4772257804870605
-5.830951690673828,-5.4772257804870605
-5.830951690673828,-5.4772257804870605
-5.830951690673828,-5.4772257804870605
-5.830951690673828,-5.4772257804870605
-5.830951690673828,-5.4772257804870605
-5.830951690673828,-5.4772257804870605
-5.830951690673828,-5.4772257804870605
-5.830951690673828,-5.4772257804870605
-5.830951690673828,-5.4772257804870605
-5.830951690673828,-5.4772257804870605
-5.830951690673828,-5.4772257804870605
-5.830951690673828,-5.4772257804870605
-5.830951690673828,-5.4772257804870605
-5.830951690673828,-5.4772257804870605
-5.830951690673828,-5.4772257804870605
-5.830951690673828,-5.4772257804870605
-5.830951690673828,-5.4772257804870605
-5.830951690673828,-5.4772257804870605
-5.830951690673828,-5.4772257804870605
-5.830951690673828,-5.4772257804870605
-5.830951690673828,-5.4772257804870605
-5.830951690673828,-5.4772257804870605
-5.830951690673828,-5.4772257804870605
-5.830951690673828,-5.4772257804870605
-5.830951690673828,-5.4772257804870605
-5.830951690673828,-5.4772257804870605
-5.830951690673828,-5.4772257804870605
-5.830951690673828,-5.4772257804870605
-5.830951690673828,-5.4772257804870605
-5.830951690673828,-5.4772257804870605
-5.830951690673828,-5.4772257804870605
-5.830951690673828,-5.4772257804870605
-5.830951690673828,-5.4772257804870605
-5.830951690673828,-5.4772257804870605
-5.830951690673828,-5.4772257804870605
-5.830951690673828,-5.4772257804870605
-5.830951690673828,-5.4772257804870605
-5.830951690673828,-5.4772257804870605
-5.830951690673828,-5.4772257804870605
-5.830951690673828,-5.4772257804870605
-5.830951690673828,-5.4772257804870605
-5.830951690673828,-5.4772257804870605
-5.830951690673828,-5.4772257804870605
-5.830951690673828,-5.4772257804870605
-5.830951690673828,-5.4772257804870605
-5.830951690673828,-5.4772257804870605
-5.830951690673828,-5.4772257804870605
-5.830951690673828,-5.4772257804870605
-5.830951690673828,-5.4772257804870605
-5.830951690673828,-5.4772257804870605
-5.830951690673828,-5.4772257804870605
-5.830951690673828,-5.4772257804870605
-5.830951690673828,-5.4772257804870605
-5.830951690673828,-5.4772257804870605
-5.830951690673828,-5.4772257804870605
-5.830951690673828,-5.4772257804870605
-5.830951690673828,-5.4772257804870605
-5.830951690673828,-5.4772257804870605
-5.830951690673828,-5.4772257804870605
-5.830951690673828,-5.4772257804870605
-5.830951690673828,-5.4772257804870605
-5.830951690673828,-5.4772257804870605
-5.830951690673828,-5.4772257804870605
-5.830951690673828,-5.4772257804870605
-5.830951690673828,-5.4772257804870605
-5.830951690673828,-5.4772257804870605
-5.830951690673828,-5.4772257804870605
-5.830951690673828,-5.4772257804870605
-5.830951690673828,-5.4772257804870605
-5.830951690673828,-5.4772257804870605
-5.830951690673828,-5.4772257804870605
-5.830951690673828,-5.4772257804870605
-5.830951690673828,-5.4772257804870605
-5.830951690673828,-5.4772257804870605
-5.830951690673828,-5.4772257804870605
-5.830951690673828,-5.4772257804870605
-5.830951690673828,-5.4772257804870605
-5.830951690673828,-5.4772257804870605
-5.830951690673828,-5.4772257804870605
-5.830951690673828,-5.4772257804870605
-5.830951690673828,-5.4772257804870605
-5.830951690673828,-5.4772257804870605
-5.830951690673828,-5.4772257804870605
-5.830951690673828,-5.4772257804870605
-5.830951690673828,-5.4772257804870605
-5.830951690673828,-5.4772257804870605
-5.830951690673828,-5.4772257804870605
-5.830951690673828,-5.4772257804870605
-5.830951690673828,-5.4772257804870605
-5.830951690673828,-5.4772257804870605
-5.830951690673828,-5.4772257804870605
-5.830951690673828,-5.4772257804870605
-5.830951690673828,-5.4772257804870605
-5.830951690673828,-5.4772257804870605
-5.830951690673828,-5.4772257804870605
-5.830951690673828,-5.4772257804870605
-5.830951690673828,-5.4772257804870605
-5.830951690673828,-5.4772257804870605
-5.830951690673828,-5.4772257804870605
-5.830951690673828,-5.4772257804870605
-5.830951690673828,-5.4772257804870605
-5.830951690673828,-5.4772257804870605
-5.830951690673828,-5.4772257804870605
-5.830951690673828,-5.4772257804870605
-5.830951690673828,-5.4772257804870605
-5.830951690673828,-5.4772257804870605
-5.830951690673828,-5.4772257804870605
-5.830951690673828,-5.4772257804870605
-5.830951690673828,-5.4772257804870605
-5.830951690673828,-5.4772257804870605
-5.830951690673828,-5.4772257804870605
-5.830951690673828,-5.4772257804870605
-5.830951690673828,-5.4772257804870605
-5.830951690673828,-5.4772257804870605
-5.830951690673828,-5.4772257804870605
-5.830951690673828,-5.4772257804870605
-5.830951690673828,-5.4772257804870605
-5.830951690673828,-5.4772257804870605
-5.830951690673828,-5.4772257804870605
-5.830951690673828,-5.4772257804870605
-5.830951690673828,-5.4772257804870605
-5.830951690673828,-5.4772257804870605
-5.830951690673828,-5.4772257804870605
-5.830951690673828,-5.4772257804870605
-5.830951690673828,-5.4772257804870605
-5.830951690673828,-5.4772257804870605
-5.830951690673828,-5.4772257804870605
-5.830951690673828,-5.4772257804870605
-5.830951690673828,-5.4772257804870605
-5.830951690673828,-5.4772257804870605
-5.830951690673828,-5.4772257804870605
-5.830951690673828,-5.4772257804870605
-5.830951690673828,-5.4772257804870605
-5.830951690673828,-5.4772257804870605
-5.830951690673828,-5.4772257804870605
-5.830951690673828,-5.4772257804870605
-5.830951690673828,-5.4772257804870605
-5.830951690673828,-5.4772257804870605
-5.830951690673828,-5.4772257804870605
-5.830951690673828,-5.4772257804870605
-5.830951690673828,-5.4772257804870605
-5.830951690673828,-5.4772257804870605
-5.830951690673828,-5.4772257804870605
-5.830951690673828,-5.4772257804870605
-5.830951690673828,-5.4772257804870605
-5.830951690673828,-5.4772257804870605
-5.830951690673828,-5.4772257804870605
-5.830951690673828,-5.4772257804870605
-5.830951690673828,-5.4772257804870605
-5.830951690673828,-5.4772257804870605
-5.830951690673828,-5.4772257804870605
-5.830951690673828,-5.4772257804870605
-5.830951690673828,-5.4772257804870605
-5.830951690673828,-5.4772257804870605
-5.830951690673828,-5.4772257804870605
-5.830951690673828,-5.4772257804870605
-5.830951690673828,-5.4772257804870605
-5.830951690673828,-5.4772257804870605
-5.830951690673828,-5.4772257804870605
-5.830951690673828,-5.4772257804870605
-5.830951690673828,-5.4772257804870605
-5.830951690673828,-5.4772257804870605
-5.830951690673828,-5.4772257804870605
-5.830951690673828,-5.4772257804870605
-5.830951690673828,-5.4772257804870605
-5.830951690673828,-5.4772257804870605
-5.830951690673828,-5.4772257804870605
-5.830951690673828,-5.4772257804870605
-5.830951690673828,-5.4772257804870605
-5.830951690673828,-5.4772257804870605
-5.830951690673828,-5.4772257804870605
-5.830951690673828,-5.4772257804870605
-5.830951690673828,-5.4772257804870605
-5.830951690673828,-5.4772257804870605
-5.830951690673828,-5.4772257804870605
-5.830951690673828,-5.4772257804870605
-5.830951690673828,-5.4772257804870605
-5.830951690673828,-5.4772257804870605
-5.830951690673828,-5.4772257804870605
-5.830951690673828,-5.4772257804870605
-5.830951690673828,-5.4772257804870605
-5.830951690673828,-5.4772257804870605
-5.830951690673828,-5.4772257804870605
-5.830951690673828,-5.4772257804870605
-5.830951690673828,-5.4772257804870605
-5.830951690673828,-5.4772257804870605
-5.830951690673828,-5.4772257804870605
-5.830951690673828,-5.4772257804870605
-5.830951690673828,-5.4772257804870605
-5.830951690673828,-5.4772257804870605
-5.830951690673828,-5.4772257804870605
-5.830951690673828,-5.4772257804870605
-5.830951690673828,-5.4772257804870605
-5.830951690673828,-5.4772257804870605
-5.830951690673828,-5.4772257804870605
-5.830951690673828,-5.4772257804870605
-5.830951690673828,-5.4772257804870605
-5.830951690673828,-5.4772257804870605
-5.830951690673828,-5.4772257804870605
-5.830951690673828,-5.4772257804870605
-5.830951690673828,-5.4772257804870605
-5.830951690673828,-5.4772257804870605
-5.830951690673828,-5.4772257804870605
-5.830951690673828,-5.4772257804870605
-5.830951690673828,-5.4772257804870605
-5.830951690673828,-5.4772257804870605
-5.830951690673828,-5.4772257804870605
-5.830951690673828,-5.4772257804870605
-5.830951690673828,-5.4772257804870605
-5.830951690673828,-5.4772257804870605
-5.830951690673828,-5.4772257804870605
-5.830951690673828,-5.4772257804870605
-5.830951690673828,-5.4772257804870605
-5.830951690673828,-5.4772257804870605
-5.830951690673828,-5.4772257804870605
-5.830951690673828,-5.4772257804870605
-5.830951690673828,-5.4772257804870605
-5.830951690673828,-5.4772257804870605
-5.830951690673828,-5.4772257804870605
-5.830951690673828,-5.4772257804870605
-5.830951690673828,-5.4772257804870605
-5.830951690673828,-5.4772257804870605
-5.830951690673828,-5.4772257804870605
-5.830951690673828,-5.4772257804870605
-5.830951690673828,-5.4772257804870605
-5.830951690673828,-5.4772257804870605
-5.830951690673828,-5.4772257804870605
-5.830951690673828,-5.4772257804870605
-5.830951690673828,-5.4772257804870605
-5.830951690673828,-5.4772257804870605
-5.830951690673828,-5.4772257804870605
-5.830951690673828,-5.4772257804870605
-5.830951690673828,-5.4772257804870605
-5.830951690673828,-5.4772257804870605
-5.830951690673828,-5.4772257804870605
-5.830951690673828,-5.4772257804870605
-5.830951690673828,-5.4772257804870605
-5.830951690673828,-5.4772257804870605
-5.830951690673828,-5.4772257804870605
-5.830951690673828,-5.4772257804870605
-5.830951690673828,-5.4772257804870605
-5.830951690673828,-5.4772257804870605
-5.830951690673828,-5.4772257804870605
-5.830951690673828,-5.4772257804870605
-5.830951690673828,-5.4772257804870605
-5.830951690673828,-5.4772257804870605
-5.830951690673828,-5.4772257804870605
-5.830951690673828,-5.4772257804870605
-5.830951690673828,-5.4772257804870605
-5.830951690673828,-5.4772257804870605
-5.830951690673828,-5.4772257804870605
-5.830951690673828,-5.4772257804870605
-5.830951690673828,-5.4772257804870605
-5.830951690673828,-5.4772257804870605
-5.830951690673828,-5.4772257804870605
-5.830951690673828,-5.4772257804870605
-5.830951690673828,-5.4772257804870605
-5.830951690673828,-5.4772257804870605
-5.830951690673828,-5.4772257804870605
-5.830951690673828,-5.4772257804870605
-5.830951690673828,-5.4772257804870605
-5.830951690673828,-5.4772257804870605
-5.830951690673828,-5.4772257804870605
-5.830951690673828,-5.4772257804870605
-5.830951690673828,-5.4772257804870605
-5.830951690673828,-5.4772257804870605
-5.830951690673828,-5.4772257804870605
-5.830951690673828,-5.4772257804870605
-5.830951690673828,-5.4772257804870605
-5.830951690673828,-5.4772257804870605
-5.830951690673828,-5.4772257804870605
-5.830951690673828,-5.4772257804870605
-5.830951690673828,-5.4772257804870605
-5.830951690673828,-5.4772257804870605
-5.830951690673828,-5.4772257804870605
-5.830951690673828,-5.4772257804870605
-5.830951690673828,-5.4772257804870605
-5.830951690673828,-5.4772257804870605
-5.830951690673828,-5.4772257804870605
-5.830951690673828,-5.4772257804870605
-5.830951690673828,-5.4772257804870605
-5.830951690673828,-5.4772257804870605
-5.830951690673828,-5.4772257804870605
-5.830951690673828,-5.4772257804870605
-5.830951690673828,-5.4772257804870605
-5.830951690673828,-5.4772257804870605
-5.830951690673828,-5.4772257804870605
-5.830951690673828,-5.4772257804870605
-5.830951690673828,-5.4772257804870605
-5.830951690673828,-5.4772257804870605
-5.830951690673828,-5.4772257804870605
-5.830951690673828,-5.4772257804870605
-5.830951690673828,-5.4772257804870605
-5.830951690673828,-5.4772257804870605
-5.830951690673828,-5.4772257804870605
-5.830951690673828,-5.4772257804870605
-5.830951690673828,-5.4772257804870605
-5.830951690673828,-5.4772257804870605
-5.830951690673828,-5.4772257804870605
-5.830951690673828,-5.4772257804870605
-5.830951690673828,-5.4772257804870605
-5.830951690673828,-5.4772257804870605
-5.830951690673828,-5.4772257804870605
-5.830951690673828,-5.4772257804870605
-5.830951690673828,-5.4772257804870605
-5.830951690673828,-5.4772257804870605
-5.830951690673828,-5.4772257804870605
-5.830951690673828,-5.4772257804870605
-5.830951690673828,-5.4772257804870605
-5.830951690673828,-5.4772257804870605
-5.830951690673828,-5.4772257804870605
-5.830951690673828,-5.4772257804870605
-5.830951690673828,-5.4772257804870605
-5.830951690673828,-5.4772257804870605
-5.830951690673828,-5.4772257804870605
-5.830951690673828,-5.4772257804870605
-5.830951690673828,-5.4772257804870605
-5.830951690673828,-5.4772257804870605
-5.830951690673828,-5.4772257804870605
-5.830951690673828,-5.4772257804870605
-5.830951690673828,-5.4772257804870605
-5.830951690673828,-5.4772257804870605
-5.830951690673828,-5.4772257804870605
-5.830951690673828,-5.4772257804870605
-5.830951690673828,-5.4772257804870605
-5.830951690673828,-5.4772257804870605
-5.830951690673828,-5.4772257804870605
-5.830951690673828,-5.4772257804870605
-5.830951690673828,-5.4772257804870605
-5.830951690673828,-5.4772257804870605
-5.830951690673828,-5.4772257804870605
-5.830951690673828,-5.4772257804870605
-5.830951690673828,-5.4772257804870605
-5.830951690673828,-5.4772257804870605
-5.830951690673828,-5.4772257804870605
-5.830951690673828,-5.4772257804870605
-5.830951690673828,-5.4772257804870605
-5.830951690673828,-5.4772257804870605
-5.830951690673828,-5.4772257804870605
-5.830951690673828,-5.4772257804870605
-5.830951690673828,-5.4772257804870605
-5.830951690673828,-5.4772257804870605
-5.830951690673828,-5.4772257804870605
-5.830951690673828,-5.4772257804870605
-5.830951690673828,-5.4772257804870605
-5.830951690673828,-5.4772257804870605
-5.830951690673828,-5.4772257804870605
-5.830951690673828,-5.4772257804870605
-5.830951690673828,-5.4772257804870605
-5.830951690673828,-5.4772257804870605
-5.830951690673828,-5.4772257804870605
-5.830951690673828,-5.4772257804870605
-5.830951690673828,-5.4772257804870605
-5.830951690673828,-5.4772257804870605
-5.830951690673828,-5.4772257804870605
-5.830951690673828,-5.385164737701416
-5.830951690673828,-5.385164737701416
-5.830951690673828,-5.385164737701416
-5.830951690673828,-5.385164737701416
-5.830951690673828,-5.385164737701416
-5.830951690673828,-5.385164737701416
-5.830951690673828,-5.385164737701416
-5.830951690673828,-5.385164737701416
-5.830951690673828,-5.385164737701416
-5.830951690673828,-5.385164737701416
-5.830951690673828,-5.385164737701416
-5.830951690673828,-5.385164737701416
-5.830951690673828,-5.385164737701416
-5.830951690673828,-5.385164737701416
-5.830951690673828,-5.385164737701416
-5.830951690673828,-5.385164737701416
-5.830951690673828,-5.385164737701416
-5.830951690673828,-5.385164737701416
-5.830951690673828,-5.385164737701416
-5.830951690673828,-5.385164737701416
-5.830951690673828,-5.385164737701416
-5.830951690673828,-5.385164737701416
-5.830951690673828,-5.385164737701416
-5.830951690673828,-5.385164737701416
-5.830951690673828,-5.385164737701416
-5.830951690673828,-5.385164737701416
-5.830951690673828,-5.385164737701416
-5.830951690673828,-5.385164737701416
-5.830951690673828,-5.385164737701416
-5.830951690673828,-5.385164737701416
-5.830951690673828,-5.385164737701416
-5.830951690673828,-5.196152210235596
-5.830951690673828,-5.196152210235596
-5.830951690673828,-5.196152210235596
-5.830951690673828,-5.196152210235596
-5.830951690673828,-5.196152210235596
-5.830951690673828,-5.196152210235596
-5.830951690673828,-5.196152210235596
-5.830951690673828,-5.196152210235596
-5.830951690673828,-5.196152210235596
-5.830951690673828,-5.099019527435303
-5.830951690673828,-5.099019527435303
-5.830951690673828,-5.099019527435303
-5.830951690673828,-5.099019527435303
-5.830951690673828,-5.099019527435303
-5.830951690673828,-5.099019527435303
-5.830951690673828,-5.099019527435303
-5.830951690673828,-5.099019527435303
-5.830951690673828,-5.099019527435303
-5.830951690673828,-5.099019527435303
-5.830951690673828,-5.099019527435303
-5.830951690673828,-5
-5.830951690673828,-5
-5.830951690673828,-5
-5.830951690673828,-5
-5.830951690673828,-5
-5.830951690673828,-5
-5.830951690673828,-5
-5.830951690673828,-5
-5.830951690673828,-5
-5.830951690673828,-5
-5.830951690673828,-5
-5.830951690673828,-5
-5.830951690673828,-5
-5.830951690673828,-4.898979663848877
-5.830951690673828,-4.898979663848877
-5.830951690673828,-4.898979663848877
-5.830951690673828,-4.898979663848877
-5.830951690673828,-4.898979663848877
-5.830951690673828,-4.898979663848877
-5.830951690673828,-4.898979663848877
-5.830951690673828,-4.898979663848877
-5.830951690673828,-4.898979663848877
-5.830951690673828,-4.898979663848877
-5.830951690673828,-4.898979663848877
-5.830951690673828,-4.898979663848877
-5.830951690673828,-4.898979663848877
-5.830951690673828,-4.690415859222412
-5.830951690673828,-4.690415859222412
-5.830951690673828,-4.690415859222412
-5.830951690673828,-4.690415859222412
-5.830951690673828,-4.690415859222412
-5.830951690673828,-4.690415859222412
-5.830951690673828,-4.690415859222412
-5.830951690673828,-4.582575798034668
-5.830951690673828,-4.582575798034668
-5.830951690673828,-4.582575798034668
-5.830951690673828,-4.582575798034668
-5.830951690673828,-4.582575798034668
-5.830951690673828,-4.582575798034668
-5.830951690673828,-4.582575798034668
-5.830951690673828,-4.582575798034668
-5.830951690673828,-4.582575798034668
-5.830951690673828,-4.4721360206604
-5.830951690673828,-4.4721360206604
-5.830951690673828,-4.4721360206604
-5.830951690673828,-4.4721360206604
-5.830951690673828,-4.4721360206604
-5.830951690673828,-4.4721360206604
-5.830951690673828,-4.4721360206604
-5.830951690673828,-4.358899116516113
-5.830951690673828,-4.358899116516113
-5.830951690673828,-4.358899116516113
-5.830951690673828,-4.358899116516113
-5.830951690673828,-4.358899116516113
-5.830951690673828,-4.358899116516113
-5.830951690673828,-4.358899116516113
-5.830951690673828,-4.358899116516113
-5.830951690673828,-4.358899116516113
-5.830951690673828,-4.358899116516113
-5.830951690673828,-4.242640495300293
-5.830951690673828,-4.242640495300293
-5.830951690673828,-4.242640495300293
-5.830951690673828,-4.242640495300293
-5.830951690673828,-4.242640495300293
-5.830951690673828,-4.242640495300293
-5.830951690673828,-4.242640495300293
-5.830951690673828,-4.242640495300293
-5.830951690673828,-4.242640495300293
-5.830951690673828,-4.123105525970459
-5.830951690673828,-4.123105525970459
-5.830951690673828,-4.123105525970459
-5.830951690673828,-4.123105525970459
-5.830951690673828,-4.123105525970459
-5.830951690673828,-4.123105525970459
-5.830951690673828,-4.123105525970459
-5.830951690673828,-4.123105525970459
-5.830951690673828,-4.123105525970459
-5.830951690673828,-4.123105525970459
-5.830951690673828,-4.123105525970459
-5.830951690673828,-4.123105525970459
-5.830951690673828,-4.123105525970459
-5.830951690673828,-4.123105525970459
-5.830951690673828,-4.123105525970459
-5.830951690673828,-4.123105525970459
-5.830951690673828,-4.123105525970459
-5.830951690673828,-4.123105525970459
-5.830951690673828,-4.123105525970459
-5.830951690673828,-4.123105525970459
-5.830951690673828,-4.123105525970459
-5.830951690673828,-4.123105525970459
-5.830951690673828,-4.123105525970459
-5.830951690673828,-4
-5.830951690673828,-4
-5.830951690673828,-4
-5.830951690673828,-4
-5.830951690673828,-3.7416574954986572
-5.830951690673828,-3.7416574954986572
-5.830951690673828,-3.7416574954986572
-5.830951690673828,-3.7416574954986572
-5.830951690673828,-3.7416574954986572
-5.830951690673828,-3.605551242828369
-5.830951690673828,-3.605551242828369
-5.830951690673828,-3.605551242828369
-5.830951690673828,-3.605551242828369
-5.830951690673828,-3.605551242828369
-5.830951690673828,-3.605551242828369
-5.830951690673828,-3.605551242828369
-5.830951690673828,-3.605551242828369
-5.830951690673828,-3.605551242828369
-5.830951690673828,-3.605551242828369
-5.830951690673828,-3.605551242828369
-5.830951690673828,-3.605551242828369
-5.830951690673828,-3.605551242828369
-5.830951690673828,-3.464101552963257
-5.830951690673828,-3.464101552963257
-5.830951690673828,-3.464101552963257
-5.830951690673828,-3.464101552963257
-5.830951690673828,-3.464101552963257
-5.830951690673828,-3.316624879837036
-5.830951690673828,-3.316624879837036
-5.830951690673828,-3.316624879837036
-5.830951690673828,-3.316624879837036
-5.830951690673828,-3.316624879837036
-5.830951690673828,-3.316624879837036
-5.830951690673828,-3.1622776985168457
-5.830951690673828,-3.1622776985168457
-5.830951690673828,-3.1622776985168457
-5.830951690673828,-3.1622776985168457
-5.830951690673828,-3
-5.830951690673828,-3
-5.830951690673828,-3
-5.830951690673828,-3
-5.830951690673828,-3
-5.830951690673828,-3
-5.830951690673828,-3
-5.830951690673828,-3
-5.830951690673828,-3
-5.830951690673828,-3
-5.830951690673828,-3
-5.830951690673828,-3
-5.830951690673828,-3
-5.830951690673828,-3
-5.830951690673828,-3
-5.830951690673828,-3
-5.830951690673828,-3
-5.830951690673828,-3
-5.830951690673828,-3
-5.830951690673828,-3
-5.830951690673828,-3
-5.830951690673828,-3
-5.830951690673828,-2.8284270763397217
-5.830951690673828,-2.8284270763397217
-5.830951690673828,-2.8284270763397217
-5.830951690673828,-2.8284270763397217
-5.830951690673828,-2.8284270763397217
-5.830951690673828,-2.8284270763397217
-5.830951690673828,-2.8284270763397217
-5.830951690673828,-2.8284270763397217
-5.830951690673828,-2.8284270763397217
-5.830951690673828,-2.8284270763397217
-5.830951690673828,-2.8284270763397217
-5.830951690673828,-2.4494898319244385
-5.830951690673828,-2.4494898319244385
-5.830951690673828,-2.4494898319244385
-5.830951690673828,-2.4494898319244385
-5.830951690673828,-2.4494898319244385
-5.830951690673828,-2.4494898319244385
-5.830951690673828,-2.4494898319244385
-5.830951690673828,-2.4494898319244385
-5.830951690673828,-2.2360680103302
-5.830951690673828,-2.2360680103302
-5.830951690673828,-2.2360680103302
-5.830951690673828,-2.2360680103302
-5.830951690673828,-2.2360680103302
-5.830951690673828,-2.2360680103302
-5.830951690673828,-2.2360680103302
-5.830951690673828,-2.2360680103302
-5.830951690673828,-2.2360680103302
-5.830951690673828,-2.2360680103302
-5.830951690673828,-2.2360680103302
-5.830951690673828,-2.2360680103302
-5.830951690673828,-2.2360680103302
-5.830951690673828,-2.2360680103302
-5.830951690673828,-2.2360680103302
-5.830951690673828,-2.2360680103302
-5.830951690673828,-2.2360680103302
-5.830951690673828,-2.2360680103302
-5.830951690673828,-2.2360680103302
-5.830951690673828,-2.2360680103302
-5.830951690673828,-2.2360680103302
-5.830951690673828,-2.2360680103302
-5.830951690673828,-2.2360680103302
-5.830951690673828,-2.2360680103302
-5.830951690673828,-2.2360680103302
-5.830951690673828,-2.2360680103302
-5.830951690673828,-2.2360680103302
-5.830951690673828,-2
-5.830951690673828,-2
-5.830951690673828,-2
-5.830951690673828,-2
-5.830951690673828,-2
-5.830951690673828,-2
-5.830951690673828,-2
-5.830951690673828,-2
-5.830951690673828,-2
-5.830951690673828,-2
-5.830951690673828,-2
-5.830951690673828,-1.7320507764816284
-5.830951690673828,-1.7320507764816284
-5.830951690673828,-1.7320507764816284
-5.830951690673828,-1.7320507764816284
-5.830951690673828,-1.7320507764816284
-5.830951690673828,-1.7320507764816284
-5.830951690673828,-1.7320507764816284
-5.830951690673828,-1.7320507764816284
-5.830951690673828,-1.7320507764816284
-5.830951690673828,-1.7320507764816284
-5.830951690673828,-1.7320507764816284
-5.830951690673828,-1.4142135381698608
-5.830951690673828,-1.4142135381698608
-5.830951690673828,-1.4142135381698608
-5.830951690673828,-1.4142135381698608
-5.830951690673828,-1.4142135381698608
-5.830951690673828,-1.4142135381698608
-5.830951690673828,-1.4142135381698608
-5.830951690673828,-1.4142135381698608
-5.830951690673828,-1.4142135381698608
-5.830951690673828,-1.4142135381698608
-5.830951690673828,-1.4142135381698608
-5.830951690673828,-1.4142135381698608
-5.830951690673828,-1.4142135381698608
-5.830951690673828,-1.4142135381698608
-5.830951690673828,-1.4142135381698608
-5.830951690673828,-1.4142135381698608
-5.830951690673828,-1.4142135381698608
-5.830951690673828,-1.4142135381698608
-5.830951690673828,-1.4142135381698608
-5.830951690673828,-1.4142135381698608
-5.830951690673828,-1.4142135381698608
-5.830951690673828,-1.4142135381698608
-5.830951690673828,-1.4142135381698608
-5.830951690673828,-1.4142135381698608
-5.830951690673828,-1.4142135381698608
-5.830951690673828,-1.4142135381698608
-5.830951690673828,-1.4142135381698608
-5.830951690673828,-1.4142135381698608
-5.830951690673828,-1.4142135381698608
-5.830951690673828,-1.4142135381698608
-5.830951690673828,-1.4142135381698608
-5.830951690673828,-1
-5.830951690673828,-1
-5.830951690673828,-1
-5.830951690673828,-1
-5.830951690673828,-1
-5.830951690673828,-1
-5.830951690673828,-1
-5.830951690673828,-1
-5.830951690673828,-1
-5.830951690673828,-1
-5.830951690673828,-1
-5.830951690673828,-1
-5.830951690673828,-1
-5.830951690673828,-1
-5.830951690673828,-1
-5.830951690673828,-1
-5.830951690673828,-1
-5.830951690673828,-1
-5.830951690673828,-1
-5.830951690673828,-1
-5.830951690673828,-1
-5.830951690673828,-1
-5.830951690673828,-1
-5.830951690673828,-1
-5.830951690673828,-1
-5.830951690673828,-1
-5.830951690673828,-1
-5.830951690673828,-1
-5.830951690673828,-1
-5.830951690673828,-1
-5.830951690673828,-1
-5.830951690673828,-1
-5.830951690673828,-1
-5.830951690673828,-1
-5.830951690673828,-1
-5.830951690673828,-1
-5.830951690673828,-1
-5.830951690673828,-1
-5.830951690673828,-1
-5.830951690673828,-1
-5.830951690673828,-1
-5.830951690673828,-1
-5.830951690673828,-1
-5.830951690673828,-1
-5.830951690673828,-1
-5.830951690673828,-1
-5.830951690673828,-1
-5.830951690673828,-1
-5.830951690673828,-1
-5.830951690673828,-1
-5.830951690673828,-1
-5.830951690673828,-1
-5.830951690673828,-1
-5.830951690673828,-1
-5.830951690673828,-1
-5.830951690673828,-1
-5.830951690673828,1
-5.830951690673828,1
-5.830951690673828,1
-5.830951690673828,1
-5.830951690673828,1
-5.830951690673828,1
-5.830951690673828,1
-5.830951690673828,1
-5.830951690673828,1
-5.830951690673828,1
-5.830951690673828,1
-5.830951690673828,1
-5.830951690673828,1
-5.830951690673828,1
-5.830951690673828,1
-5.830951690673828,1
-5.830951690673828,1
-5.830951690673828,1
-5.830951690673828,1
-5.830951690673828,1
-5.830951690673828,1
-5.830951690673828,1
-5.830951690673828,1
-5.830951690673828,1
-5.830951690673828,1
-5.830951690673828,1
-5.830951690673828,1
-5.830951690673828,1
-5.830951690673828,1
-5.830951690673828,1
-5.830951690673828,1
-5.830951690673828,1
-5.830951690673828,1
-5.830951690673828,1
-5.830951690673828,1
-5.830951690673828,1
-5.830951690673828,1
-5.830951690673828,1
-5.830951690673828,1
-5.830951690673828,1
-5.830951690673828,1
-5.830951690673828,1
-5.830951690673828,1
-5.830951690673828,1
-5.830951690673828,1
-5.830951690673828,1
-5.830951690673828,1
-5.830951690673828,1
-5.830951690673828,1
-5.830951690673828,1
-5.830951690673828,1.4142135381698608
-5.830951690673828,1.4142135381698608
-5.830951690673828,1.4142135381698608
-5.830951690673828,1.4142135381698608
-5.830951690673828,1.4142135381698608
-5.830951690673828,1.4142135381698608
-5.830951690673828,1.4142135381698608
-5.830951690673828,1.4142135381698608
-5.830951690673828,1.4142135381698608
-5.830951690673828,1.4142135381698608
-5.830951690673828,1.4142135381698608
-5.830951690673828,1.4142135381698608
-5.830951690673828,1.4142135381698608
-5.830951690673828,1.4142135381698608
-5.830951690673828,1.4142135381698608
-5.830951690673828,1.4142135381698608
-5.830951690673828,1.4142135381698608
-5.830951690673828,1.4142135381698608
-5.830951690673828,1.4142135381698608
-5.830951690673828,1.4142135381698608
-5.830951690673828,1.4142135381698608
-5.830951690673828,1.4142135381698608
-5.830951690673828,1.7320507764816284
-5.830951690673828,1.7320507764816284
-5.830951690673828,1.7320507764816284
-5.830951690673828,1.7320507764816284
-5.830951690673828,1.7320507764816284
-5.830951690673828,1.7320507764816284
-5.830951690673828,1.7320507764816284
-5.830951690673828,1.7320507764816284
-5.830951690673828,1.7320507764816284
-5.830951690673828,1.7320507764816284
-5.830951690673828,2
-5.830951690673828,2
-5.830951690673828,2
-5.830951690673828,2
-5.830951690673828,2
-5.830951690673828,2
-5.830951690673828,2
-5.830951690673828,2
-5.830951690673828,2
-5.830951690673828,2
-5.830951690673828,2
-5.830951690673828,2
-5.830951690673828,2
-5.830951690673828,2
-5.830951690673828,2
-5.830951690673828,2.2360680103302
-5.830951690673828,2.2360680103302
-5.830951690673828,2.2360680103302
-5.830951690673828,2.2360680103302
-5.830951690673828,2.2360680103302
-5.830951690673828,2.2360680103302
-5.830951690673828,2.2360680103302
-5.830951690673828,2.2360680103302
-5.830951690673828,2.2360680103302
-5.830951690673828,2.2360680103302
-5.830951690673828,2.2360680103302
-5.830951690673828,2.2360680103302
-5.830951690673828,2.2360680103302
-5.830951690673828,2.2360680103302
-5.830951690673828,2.2360680103302
-5.830951690673828,2.2360680103302
-5.830951690673828,2.2360680103302
-5.830951690673828,2.2360680103302
-5.830951690673828,2.4494898319244385
-5.830951690673828,2.4494898319244385
-5.830951690673828,2.4494898319244385
-5.830951690673828,2.4494898319244385
-5.830951690673828,2.4494898319244385
-5.830951690673828,2.4494898319244385
-5.830951690673828,2.4494898319244385
-5.830951690673828,2.8284270763397217
-5.830951690673828,2.8284270763397217
-5.830951690673828,2.8284270763397217
-5.830951690673828,2.8284270763397217
-5.830951690673828,2.8284270763397217
-5.830951690673828,2.8284270763397217
-5.830951690673828,2.8284270763397217
-5.830951690673828,2.8284270763397217
-5.830951690673828,2.8284270763397217
-5.830951690673828,2.8284270763397217
-5.830951690673828,2.8284270763397217
-5.830951690673828,2.8284270763397217
-5.830951690673828,3
-5.830951690673828,3
-5.830951690673828,3
-5.830951690673828,3
-5.830951690673828,3
-5.830951690673828,3
-5.830951690673828,3
-5.830951690673828,3
-5.830951690673828,3
-5.830951690673828,3
-5.830951690673828,3
-5.830951690673828,3
-5.830951690673828,3
-5.830951690673828,3
-5.830951690673828,3.1622776985168457
-5.830951690673828,3.1622776985168457
-5.830951690673828,3.1622776985168457
-5.830951690673828,3.1622776985168457
-5.830951690673828,3.1622776985168457
-5.830951690673828,3.1622776985168457
-5.830951690673828,3.1622776985168457
-5.830951690673828,3.1622776985168457
-5.830951690673828,3.1622776985168457
-5.830951690673828,3.1622776985168457
-5.830951690673828,3.1622776985168457
-5.830951690673828,3.1622776985168457
-5.830951690673828,3.1622776985168457
-5.830951690673828,3.1622776985168457
-5.830951690673828,3.316624879837036
-5.830951690673828,3.316624879837036
-5.830951690673828,3.316624879837036
-5.830951690673828,3.316624879837036
-5.830951690673828,3.316624879837036
-5.830951690673828,3.316624879837036
-5.830951690673828,3.464101552963257
-5.830951690673828,3.464101552963257
-5.830951690673828,3.464101552963257
-5.830951690673828,3.464101552963257
-5.830951690673828,3.464101552963257
-5.830951690673828,3.464101552963257
-5.830951690673828,3.605551242828369
-5.830951690673828,3.605551242828369
-5.830951690673828,3.605551242828369
-5.830951690673828,3.605551242828369
-5.830951690673828,3.605551242828369
-5.830951690673828,3.605551242828369
-5.830951690673828,3.605551242828369
-5.830951690673828,3.605551242828369
-5.830951690673828,3.605551242828369
-5.830951690673828,3.605551242828369
-5.830951690673828,3.605551242828369
-5.830951690673828,3.605551242828369
-5.830951690673828,3.7416574954986572
-5.830951690673828,3.7416574954986572
-5.830951690673828,3.7416574954986572
-5.830951690673828,3.7416574954986572
-5.830951690673828,3.7416574954986572
-5.830951690673828,3.7416574954986572
-5.830951690673828,4
-5.830951690673828,4
-5.830951690673828,4
-5.830951690673828,4
-5.830951690673828,4.123105525970459
-5.830951690673828,4.123105525970459
-5.830951690673828,4.123105525970459
-5.830951690673828,4.123105525970459
-5.830951690673828,4.123105525970459
-5.830951690673828,4.123105525970459
-5.830951690673828,4.123105525970459
-5.830951690673828,4.123105525970459
-5.830951690673828,4.123105525970459
-5.830951690673828,4.123105525970459
-5.830951690673828,4.123105525970459
-5.830951690673828,4.123105525970459
-5.830951690673828,4.123105525970459
-5.830951690673828,4.123105525970459
-5.830951690673828,4.123105525970459
-5.830951690673828,4.123105525970459
-5.830951690673828,4.242640495300293
-5.830951690673828,4.242640495300293
-5.830951690673828,4.242640495300293
-5.830951690673828,4.242640495300293
-5.830951690673828,4.242640495300293
-5.830951690673828,4.242640495300293
-5.830951690673828,4.242640495300293
-5.830951690673828,4.242640495300293
-5.830951690673828,4.242640495300293
-5.830951690673828,4.358899116516113
-5.830951690673828,4.358899116516113
-5.830951690673828,4.358899116516113
-5.830951690673828,4.358899116516113
-5.830951690673828,4.358899116516113
-5.830951690673828,4.358899116516113
-5.830951690673828,4.358899116516113
-5.830951690673828,4.358899116516113
-5.830951690673828,4.4721360206604
-5.830951690673828,4.4721360206604
-5.830951690673828,4.4721360206604
-5.830951690673828,4.4721360206604
-5.830951690673828,4.4721360206604
-5.830951690673828,4.4721360206604
-5.830951690673828,4.4721360206604
-5.830951690673828,4.4721360206604
-5.830951690673828,4.582575798034668
-5.830951690673828,4.582575798034668
-5.830951690673828,4.582575798034668
-5.830951690673828,4.582575798034668
-5.830951690673828,4.582575798034668
-5.830951690673828,4.582575798034668
-5.830951690673828,4.582575798034668
-5.830951690673828,4.690415859222412
-5.830951690673828,4.690415859222412
-5.830951690673828,4.690415859222412
-5.830951690673828,4.690415859222412
-5.830951690673828,4.690415859222412
-5.830951690673828,4.690415859222412
-5.830951690673828,4.690415859222412
-5.830951690673828,4.690415859222412
-5.830951690673828,4.690415859222412
-5.830951690673828,4.690415859222412
-5.830951690673828,4.690415859222412
-5.830951690673828,4.898979663848877
-5.830951690673828,4.898979663848877
-5.830951690673828,4.898979663848877
-5.830951690673828,4.898979663848877
-5.830951690673828,4.898979663848877
-5.830951690673828,4.898979663848877
-5.830951690673828,4.898979663848877
-5.830951690673828,5
-5.830951690673828,5
-5.830951690673828,5
-5.830951690673828,5
-5.830951690673828,5
-5.830951690673828,5
-5.830951690673828,5
-5.830951690673828,5
-5.830951690673828,5
-5.830951690673828,5
-5.830951690673828,5
-5.830951690673828,5
-5.830951690673828,5
-5.830951690673828,5
-5.830951690673828,5
-5.830951690673828,5.099019527435303
-5.830951690673828,5.099019527435303
-5.830951690673828,5.099019527435303
-5.830951690673828,5.099019527435303
-5.830951690673828,5.099019527435303
-5.830951690673828,5.099019527435303
-5.830951690673828,5.099019527435303
-5.830951690673828,5.099019527435303
-5.830951690673828,5.099019527435303
-5.830951690673828,5.099019527435303
-5.830951690673828,5.099019527435303
-5.830951690673828,5.099019527435303
-5.830951690673828,5.099019527435303
-5.830951690673828,5.099019527435303
-5.830951690673828,5.099019527435303
-5.830951690673828,5.196152210235596
-5.830951690673828,5.196152210235596
-5.830951690673828,5.196152210235596
-5.830951690673828,5.196152210235596
-5.830951690673828,5.196152210235596
-5.830951690673828,5.196152210235596
-5.830951690673828,5.196152210235596
-5.830951690673828,5.385164737701416
-5.830951690673828,5.385164737701416
-5.830951690673828,5.385164737701416
-5.830951690673828,5.385164737701416
-5.830951690673828,5.385164737701416
-5.830951690673828,5.385164737701416
-5.830951690673828,5.385164737701416
-5.830951690673828,5.385164737701416
-5.830951690673828,5.385164737701416
-5.830951690673828,5.385164737701416
-5.830951690673828,5.385164737701416
-5.830951690673828,5.385164737701416
-5.830951690673828,5.385164737701416
-5.830951690673828,5.385164737701416
-5.830951690673828,5.385164737701416
-5.830951690673828,5.385164737701416
-5.830951690673828,5.4772257804870605
-5.830951690673828,5.4772257804870605
-5.830951690673828,5.4772257804870605
-5.830951690673828,5.4772257804870605
-5.830951690673828,5.4772257804870605
-5.830951690673828,5.4772257804870605
-5.830951690673828,5.4772257804870605
-5.830951690673828,5.4772257804870605
-5.830951690673828,5.4772257804870605
-5.830951690673828,5.656854152679443
-5.830951690673828,5.656854152679443
-5.830951690673828,5.656854152679443
-5.830951690673828,5.656854152679443
-5.830951690673828,5.74456262588501
-5.830951690673828,5.74456262588501
-5.830951690673828,5.74456262588501
-5.830951690673828,5.74456262588501
-5.830951690673828,5.74456262588501
-5.830951690673828,5.74456262588501
-5.830951690673828,5.74456262588501
-5.830951690673828,5.74456262588501
-5.830951690673828,5.74456262588501
-5.830951690673828,5.830951690673828
-5.830951690673828,5.830951690673828
-5.830951690673828,5.830951690673828
-5.830951690673828,5.830951690673828
-5.830951690673828,5.830951690673828
-5.830951690673828,5.830951690673828
-5.830951690673828,5.830951690673828
-5.830951690673828,5.830951690673828
-5.830951690673828,5.830951690673828
-5.830951690673828,5.830951690673828
-5.830951690673828,5.916079998016357
-5.830951690673828,5.916079998016357
-5.830951690673828,5.916079998016357
-5.830951690673828,5.916079998016357
-5.830951690673828,5.916079998016357
-5.830951690673828,5.916079998016357
-5.830951690673828,5.916079998016357
-5.830951690673828,6
-5.830951690673828,6
-5.830951690673828,6
-5.830951690673828,6
-5.830951690673828,6
-5.830951690673828,6
-5.830951690673828,6
-5.830951690673828,6
-5.830951690673828,6.082762718200684
-5.830951690673828,6.164413928985596
-5.830951690673828,6.164413928985596
-5.830951690673828,6.164413928985596
-5.830951690673828,6.164413928985596
-5.830951690673828,6.164413928985596
-5.830951690673828,6.164413928985596
-5.830951690673828,6.164413928985596
-5.830951690673828,6.164413928985596
-5.830951690673828,6.164413928985596
-5.830951690673828,6.324555397033691
-5.830951690673828,6.324555397033691
-5.830951690673828,6.324555397033691
-5.830951690673828,6.324555397033691
-5.830951690673828,6.324555397033691
-5.830951690673828,6.4031243324279785
-5.830951690673828,6.4031243324279785
-5.830951690673828,6.4031243324279785
-5.830951690673828,6.4031243324279785
-5.830951690673828,6.4031243324279785
-5.830951690673828,6.4031243324279785
-5.830951690673828,6.4031243324279785
-5.830951690673828,6.4031243324279785
-5.830951690673828,6.4031243324279785
-5.830951690673828,6.4031243324279785
-5.830951690673828,6.4031243324279785
-5.830951690673828,6.480740547180176
-5.830951690673828,6.480740547180176
-5.830951690673828,6.480740547180176
-5.830951690673828,6.480740547180176
-5.830951690673828,6.557438373565674
-5.830951690673828,6.557438373565674
-5.830951690673828,6.557438373565674
-5.830951690673828,6.557438373565674
-5.830951690673828,6.557438373565674
-5.830951690673828,6.557438373565674
-5.830951690673828,6.557438373565674
-5.830951690673828,6.633249759674072
-5.830951690673828,6.633249759674072
-5.830951690673828,6.633249759674072
-5.830951690673828,6.7082037925720215
-5.830951690673828,6.7082037925720215
-5.830951690673828,6.7082037925720215
-5.830951690673828,6.7082037925720215
-5.830951690673828,6.7082037925720215
-5.830951690673828,6.7082037925720215
-5.830951690673828,6.7082037925720215
-5.830951690673828,6.7082037925720215
-5.830951690673828,6.78233003616333
-5.830951690673828,6.78233003616333
-5.830951690673828,6.78233003616333
-5.830951690673828,6.78233003616333
-5.830951690673828,6.78233003616333
-5.830951690673828,6.928203105926514
-5.830951690673828,6.928203105926514
-5.830951690673828,6.928203105926514
-5.830951690673828,6.928203105926514
-5.830951690673828,6.928203105926514
-5.830951690673828,7
-5.830951690673828,7
-5.830951690673828,7
-5.830951690673828,7
-5.830951690673828,7
-5.830951690673828,7
-5.830951690673828,7
-5.830951690673828,7
-5.830951690673828,7.071067810058594
-5.830951690673828,7.071067810058594
-5.830951690673828,7.071067810058594
-5.830951690673828,7.071067810058594
-5.830951690673828,7.071067810058594
-5.830951690673828,7.071067810058594
-5.830951690673828,7.141428470611572
-5.830951690673828,7.141428470611572
-5.830951690673828,7.141428470611572
-5.830951690673828,7.211102485656738
-5.830951690673828,7.211102485656738
-5.830951690673828,7.211102485656738
-5.830951690673828,7.211102485656738
-5.830951690673828,7.211102485656738
-5.830951690673828,7.211102485656738
-5.830951690673828,7.211102485656738
-5.830951690673828,7.211102485656738
-5.830951690673828,7.211102485656738
-5.830951690673828,7.280109882354736
-5.830951690673828,7.280109882354736
-5.830951690673828,7.280109882354736
-5.830951690673828,7.280109882354736
-5.830951690673828,7.348469257354736
-5.830951690673828,7.348469257354736
-5.830951690673828,7.348469257354736
-5.830951690673828,7.348469257354736
-5.830951690673828,7.348469257354736
-5.830951690673828,7.348469257354736
-5.830951690673828,7.348469257354736
-5.830951690673828,7.348469257354736
-5.830951690673828,7.4833149909973145
-5.830951690673828,7.4833149909973145
-5.830951690673828,7.4833149909973145
-5.830951690673828,7.4833149909973145
-5.830951690673828,7.4833149909973145
-5.830951690673828,7.4833149909973145
-5.830951690673828,7.4833149909973145
-5.830951690673828,7.4833149909973145
-5.830951690673828,7.549834251403809
-5.830951690673828,7.549834251403809
-5.830951690673828,7.549834251403809
-5.830951690673828,7.549834251403809
-5.830951690673828,7.549834251403809
-5.830951690673828,7.6157732009887695
-5.830951690673828,7.6157732009887695
-5.830951690673828,7.681145668029785
-5.830951690673828,7.681145668029785
-5.830951690673828,7.681145668029785
-5.830951690673828,7.681145668029785
-5.830951690673828,7.681145668029785
-5.830951690673828,7.681145668029785
-5.830951690673828,7.681145668029785
-5.830951690673828,7.681145668029785
-5.830951690673828,7.681145668029785
-5.830951690673828,7.681145668029785
-5.830951690673828,7.8102498054504395
-5.830951690673828,7.8102498054504395
-5.830951690673828,7.8102498054504395
-5.830951690673828,7.8102498054504395
-5.830951690673828,7.8102498054504395
-5.830951690673828,7.8102498054504395
-5.830951690673828,7.8102498054504395
-5.830951690673828,7.8102498054504395
-5.830951690673828,7.8102498054504395
-5.830951690673828,7.8102498054504395
-5.830951690673828,7.8102498054504395
-5.830951690673828,7.874007701873779
-5.830951690673828,7.874007701873779
-5.830951690673828,7.874007701873779
-5.830951690673828,7.874007701873779
-5.830951690673828,7.874007701873779
-5.830951690673828,7.874007701873779
-5.830951690673828,7.874007701873779
-5.830951690673828,7.874007701873779
-5.830951690673828,8
-5.830951690673828,8.062257766723633
-5.830951690673828,8.062257766723633
-5.830951690673828,8.062257766723633
-5.830951690673828,8.062257766723633
-5.830951690673828,8.062257766723633
-5.830951690673828,8.062257766723633
-5.830951690673828,8.062257766723633
-5.830951690673828,8.062257766723633
-5.830951690673828,8.124038696289063
-5.830951690673828,8.124038696289063
-5.830951690673828,8.124038696289063
-5.830951690673828,8.124038696289063
-5.830951690673828,8.124038696289063
-5.830951690673828,8.124038696289063
-5.830951690673828,8.124038696289063
-5.830951690673828,8.124038696289063
-5.830951690673828,8.124038696289063
-5.830951690673828,8.124038696289063
-5.830951690673828,8.185352325439453
-5.830951690673828,8.185352325439453
-5.830951690673828,8.185352325439453
-5.830951690673828,8.246211051940918
-5.830951690673828,8.246211051940918
-5.830951690673828,8.306623458862305
-5.830951690673828,8.306623458862305
-5.830951690673828,8.306623458862305
-5.830951690673828,8.306623458862305
-5.830951690673828,8.366600036621094
-5.830951690673828,8.366600036621094
-5.830951690673828,8.366600036621094
-5.830951690673828,8.366600036621094
-5.830951690673828,8.485280990600586
-5.830951690673828,8.5440034866333
-5.830951690673828,8.5440034866333
-5.830951690673828,8.5440034866333
-5.830951690673828,8.602325439453125
-5.830951690673828,8.602325439453125
-5.830951690673828,8.602325439453125
-5.830951690673828,8.602325439453125
-5.830951690673828,8.66025447845459
-5.830951690673828,8.66025447845459
-5.830951690673828,8.66025447845459
-5.830951690673828,8.66025447845459
-5.830951690673828,8.717798233032227
-5.830951690673828,8.774964332580566
-5.830951690673828,8.774964332580566
-5.830951690673828,8.774964332580566
-5.830951690673828,8.774964332580566
-5.830951690673828,8.774964332580566
-5.830951690673828,9
-5.830951690673828,9
-5.830951690673828,9.05538558959961
-5.830951690673828,9.05538558959961
-5.830951690673828,9.05538558959961
-5.830951690673828,9.110433578491211
-5.830951690673828,9.165151596069336
-5.830951690673828,9.219544410705566
-5.830951690673828,9.219544410705566
-5.830951690673828,9.219544410705566
-5.830951690673828,9.219544410705566
-5.830951690673828,9.219544410705566
-5.830951690673828,9.219544410705566
-5.830951690673828,9.219544410705566
-5.830951690673828,9.273618698120117
-5.830951690673828,9.433980941772461
-5.830951690673828,9.433980941772461
-5.830951690673828,9.486832618713379
-5.830951690673828,9.486832618713379
-5.830951690673828,9.486832618713379
-5.830951690673828,9.539392471313477
-5.830951690673828,9.539392471313477
-5.830951690673828,9.539392471313477
-5.830951690673828,9.643651008605957
-5.830951690673828,9.643651008605957
-5.830951690673828,9.69536018371582
-5.830951690673828,9.69536018371582
-5.830951690673828,9.848857879638672
-5.830951690673828,9.899495124816895
-5.830951690673828,9.899495124816895
-5.830951690673828,9.949873924255371
-5.830951690673828,9.949873924255371
-5.830951690673828,10
-5.830951690673828,10
-5.830951690673828,10
-5.830951690673828,10
-5.830951690673828,10
-5.830951690673828,10.198039054870605
-5.830951690673828,10.24695110321045
-5.830951690673828,10.29563045501709
-5.830951690673828,10.392304420471191
-5.830951690673828,10.488088607788086
-5.830951690673828,10.488088607788086
-5.830951690673828,10.488088607788086
-5.830951690673828,10.630146026611328
-5.830951690673828,10.630146026611328
-5.830951690673828,10.677078247070313
-5.830951690673828,10.677078247070313
-5.830951690673828,10.770329475402832
-5.830951690673828,10.816654205322266
-5.830951690673828,10.816654205322266
-5.830951690673828,10.816654205322266
-5.830951690673828,10.862780570983887
-5.830951690673828,10.862780570983887
-5.830951690673828,10.954451560974121
-5.830951690673828,11.090536117553711
-5.830951690673828,11.180339813232422
-5.830951690673828,11.180339813232422
-5.830951690673828,11.224971771240234
-5.830951690673828,11.401754379272461
-5.830951690673828,11.445523262023926
-5.830951690673828,11.445523262023926
-5.830951690673828,11.575837135314941
-5.830951690673828,11.575837135314941
-5.830951690673828,11.661903381347656
-5.830951690673828,11.704699516296387
-5.830951690673828,11.747340202331543
-5.830951690673828,11.87434196472168
-5.830951690673828,11.916375160217285
-5.830951690673828,12.083045959472656
-5.830951690673828,12.083045959472656
-5.830951690673828,12.083045959472656
-5.830951690673828,12.206555366516113
-5.830951690673828,12.206555366516113
-5.830951690673828,12.247448921203613
-5.830951690673828,12.369317054748535
-5.830951690673828,12.529964447021484
-5.830951690673828,12.688577651977539
-5.830951690673828,12.727922439575195
-5.830951690673828,12.845232963562012
-5.830951690673828,13.03840446472168
-5.830951690673828,13.076696395874023
-5.830951690673828,13.076696395874023
-5.830951690673828,13.152946472167969
-5.830951690673828,13.190905570983887
-5.830951690673828,13.304134368896484
-5.830951690673828,13.45362377166748
-5.830951690673828,13.45362377166748
-5.830951690673828,13.45362377166748
-5.830951690673828,13.601470947265625
-5.830951690673828,13.601470947265625
-5.830951690673828,13.892443656921387
-5.830951690673828,14.21267032623291
-5.830951690673828,14.282856941223145
-5.830951690673828,14.317821502685547
-5.830951690673828,14.352700233459473
-5.830951690673828,14.456831932067871
-5.830951690673828,14.696938514709473
-5.830951690673828,14.696938514709473
-5.830951690673828,14.764822959899902
-5.830951690673828,14.764822959899902
-5.830951690673828,14.866068840026855
-5.830951690673828,14.966629981994629
-5.830951690673828,15.29705810546875
-5.830951690673828,15.68438720703125
-5.830951690673828,15.842979431152344
-5.830951690673828,16.492422103881836
-5.830951690673828,16.61324691772461
-5.830951690673828,16.792856216430664
-5.830951690673828,17.72004508972168
-5.830951690673828,17.72004508972168
-5.830951690673828,18.138357162475586
-5.830951690673828,18.330303192138672
-5.830951690673828,19.416488647460938
-5.74456262588501,inf
-5.74456262588501,inf
-5.74456262588501,inf
-5.74456262588501,inf
-5.74456262588501,inf
-5.74456262588501,inf
-5.74456262588501,inf
-5.74456262588501,inf
-5.74456262588501,inf
-5.74456262588501,inf
-5.74456262588501,inf
-5.74456262588501,inf
-5.74456262588501,inf
-5.74456262588501,inf
-5.74456262588501,inf
-5.74456262588501,inf
-5.74456262588501,inf
-5.74456262588501,inf
-5.74456262588501,inf
-5.74456262588501,inf
-5.74456262588501,inf
-5.74456262588501,inf
-5.74456262588501,inf
-5.74456262588501,inf
-5.74456262588501,inf
-5.74456262588501,inf
-5.74456262588501,inf
-5.74456262588501,inf
-5.74456262588501,inf
-5.74456262588501,inf
-5.74456262588501,inf
-5.74456262588501,inf
-5.74456262588501,inf
-5.74456262588501,inf
-5.74456262588501,inf
-5.74456262588501,inf
-5.74456262588501,inf
-5.74456262588501,inf
-5.74456262588501,inf
-5.74456262588501,inf
-5.74456262588501,inf
-5.74456262588501,inf
-5.74456262588501,inf
-5.74456262588501,inf
-5.74456262588501,inf
-5.74456262588501,inf
-5.74456262588501,inf
-5.74456262588501,inf
-5.74456262588501,inf
-5.74456262588501,inf
-5.74456262588501,inf
-5.74456262588501,inf
-5.74456262588501,inf
-5.74456262588501,inf
-5.74456262588501,inf
-5.74456262588501,inf
-5.74456262588501,inf
-5.74456262588501,inf
-5.74456262588501,inf
-5.74456262588501,inf
-5.74456262588501,inf
-5.74456262588501,inf
-5.74456262588501,inf
-5.74456262588501,inf
-5.74456262588501,inf
-5.74456262588501,inf
-5.74456262588501,inf
-5.74456262588501,inf
-5.74456262588501,inf
-5.74456262588501,inf
-5.74456262588501,inf
-5.74456262588501,inf
-5.74456262588501,inf
-5.74456262588501,inf
-5.74456262588501,inf
-5.74456262588501,inf
-5.74456262588501,inf
-5.74456262588501,inf
-5.74456262588501,-5.656854152679443
-5.74456262588501,-5.656854152679443
-5.74456262588501,-5.656854152679443
-5.74456262588501,-5.656854152679443
-5.74456262588501,-5.656854152679443
-5.74456262588501,-5.656854152679443
-5.74456262588501,-5.656854152679443
-5.74456262588501,-5.656854152679443
-5.74456262588501,-5.656854152679443
-5.74456262588501,-5.656854152679443
-5.74456262588501,-5.656854152679443
-5.74456262588501,-5.656854152679443
-5.74456262588501,-5.656854152679443
-5.74456262588501,-5.656854152679443
-5.74456262588501,-5.656854152679443
-5.74456262588501,-5.656854152679443
-5.74456262588501,-5.656854152679443
-5.74456262588501,-5.656854152679443
-5.74456262588501,-5.656854152679443
-5.74456262588501,-5.656854152679443
-5.74456262588501,-5.656854152679443
-5.74456262588501,-5.656854152679443
-5.74456262588501,-5.656854152679443
-5.74456262588501,-5.656854152679443
-5.74456262588501,-5.656854152679443
-5.74456262588501,-5.656854152679443
-5.74456262588501,-5.656854152679443
-5.74456262588501,-5.656854152679443
-5.74456262588501,-5.656854152679443
-5.74456262588501,-5.656854152679443
-5.74456262588501,-5.656854152679443
-5.74456262588501,-5.656854152679443
-5.74456262588501,-5.656854152679443
-5.74456262588501,-5.656854152679443
-5.74456262588501,-5.656854152679443
-5.74456262588501,-5.656854152679443
-5.74456262588501,-5.656854152679443
-5.74456262588501,-5.656854152679443
-5.74456262588501,-5.656854152679443
-5.74456262588501,-5.656854152679443
-5.74456262588501,-5.656854152679443
-5.74456262588501,-5.656854152679443
-5.74456262588501,-5.656854152679443
-5.74456262588501,-5.656854152679443
-5.74456262588501,-5.656854152679443
-5.74456262588501,-5.656854152679443
-5.74456262588501,-5.656854152679443
-5.74456262588501,-5.656854152679443
-5.74456262588501,-5.656854152679443
-5.74456262588501,-5.656854152679443
-5.74456262588501,-5.656854152679443
-5.74456262588501,-5.656854152679443
-5.74456262588501,-5.656854152679443
-5.74456262588501,-5.656854152679443
-5.74456262588501,-5.656854152679443
-5.74456262588501,-5.656854152679443
-5.74456262588501,-5.656854152679443
-5.74456262588501,-5.656854152679443
-5.74456262588501,-5.656854152679443
-5.74456262588501,-5.656854152679443
-5.74456262588501,-5.656854152679443
-5.74456262588501,-5.656854152679443
-5.74456262588501,-5.656854152679443
-5.74456262588501,-5.656854152679443
-5.74456262588501,-5.656854152679443
-5.74456262588501,-5.656854152679443
-5.74456262588501,-5.656854152679443
-5.74456262588501,-5.656854152679443
-5.74456262588501,-5.656854152679443
-5.74456262588501,-5.656854152679443
-5.74456262588501,-5.656854152679443
-5.74456262588501,-5.656854152679443
-5.74456262588501,-5.656854152679443
-5.74456262588501,-5.656854152679443
-5.74456262588501,-5.656854152679443
-5.74456262588501,-5.656854152679443
-5.74456262588501,-5.656854152679443
-5.74456262588501,-5.656854152679443
-5.74456262588501,-5.656854152679443
-5.74456262588501,-5.656854152679443
-5.74456262588501,-5.656854152679443
-5.74456262588501,-5.656854152679443
-5.74456262588501,-5.656854152679443
-5.74456262588501,-5.656854152679443
-5.74456262588501,-5.656854152679443
-5.74456262588501,-5.656854152679443
-5.74456262588501,-5.656854152679443
-5.74456262588501,-5.656854152679443
-5.74456262588501,-5.656854152679443
-5.74456262588501,-5.656854152679443
-5.74456262588501,-5.656854152679443
-5.74456262588501,-5.656854152679443
-5.74456262588501,-5.656854152679443
-5.74456262588501,-5.656854152679443
-5.74456262588501,-5.656854152679443
-5.74456262588501,-5.656854152679443
-5.74456262588501,-5.656854152679443
-5.74456262588501,-5.656854152679443
-5.74456262588501,-5.656854152679443
-5.74456262588501,-5.656854152679443
-5.74456262588501,-5.656854152679443
-5.74456262588501,-5.656854152679443
-5.74456262588501,-5.656854152679443
-5.74456262588501,-5.656854152679443
-5.74456262588501,-5.656854152679443
-5.74456262588501,-5.656854152679443
-5.74456262588501,-5.656854152679443
-5.74456262588501,-5.656854152679443
-5.74456262588501,-5.656854152679443
-5.74456262588501,-5.656854152679443
-5.74456262588501,-5.656854152679443
-5.74456262588501,-5.656854152679443
-5.74456262588501,-5.656854152679443
-5.74456262588501,-5.656854152679443
-5.74456262588501,-5.656854152679443
-5.74456262588501,-5.656854152679443
-5.74456262588501,-5.656854152679443
-5.74456262588501,-5.656854152679443
-5.74456262588501,-5.656854152679443
-5.74456262588501,-5.656854152679443
-5.74456262588501,-5.656854152679443
-5.74456262588501,-5.656854152679443
-5.74456262588501,-5.656854152679443
-5.74456262588501,-5.656854152679443
-5.74456262588501,-5.656854152679443
-5.74456262588501,-5.656854152679443
-5.74456262588501,-5.656854152679443
-5.74456262588501,-5.656854152679443
-5.74456262588501,-5.656854152679443
-5.74456262588501,-5.656854152679443
-5.74456262588501,-5.656854152679443
-5.74456262588501,-5.656854152679443
-5.74456262588501,-5.656854152679443
-5.74456262588501,-5.656854152679443
-5.74456262588501,-5.656854152679443
-5.74456262588501,-5.656854152679443
-5.74456262588501,-5.656854152679443
-5.74456262588501,-5.656854152679443
-5.74456262588501,-5.656854152679443
-5.74456262588501,-5.656854152679443
-5.74456262588501,-5.656854152679443
-5.74456262588501,-5.656854152679443
-5.74456262588501,-5.656854152679443
-5.74456262588501,-5.656854152679443
-5.74456262588501,-5.656854152679443
-5.74456262588501,-5.656854152679443
-5.74456262588501,-5.656854152679443
-5.74456262588501,-5.656854152679443
-5.74456262588501,-5.656854152679443
-5.74456262588501,-5.656854152679443
-5.74456262588501,-5.656854152679443
-5.74456262588501,-5.656854152679443
-5.74456262588501,-5.656854152679443
-5.74456262588501,-5.656854152679443
-5.74456262588501,-5.656854152679443
-5.74456262588501,-5.656854152679443
-5.74456262588501,-5.656854152679443
-5.74456262588501,-5.656854152679443
-5.74456262588501,-5.656854152679443
-5.74456262588501,-5.656854152679443
-5.74456262588501,-5.656854152679443
-5.74456262588501,-5.656854152679443
-5.74456262588501,-5.656854152679443
-5.74456262588501,-5.656854152679443
-5.74456262588501,-5.656854152679443
-5.74456262588501,-5.656854152679443
-5.74456262588501,-5.656854152679443
-5.74456262588501,-5.656854152679443
-5.74456262588501,-5.656854152679443
-5.74456262588501,-5.656854152679443
-5.74456262588501,-5.656854152679443
-5.74456262588501,-5.656854152679443
-5.74456262588501,-5.656854152679443
-5.74456262588501,-5.656854152679443
-5.74456262588501,-5.656854152679443
-5.74456262588501,-5.656854152679443
-5.74456262588501,-5.656854152679443
-5.74456262588501,-5.656854152679443
-5.74456262588501,-5.656854152679443
-5.74456262588501,-5.656854152679443
-5.74456262588501,-5.656854152679443
-5.74456262588501,-5.656854152679443
-5.74456262588501,-5.656854152679443
-5.74456262588501,-5.656854152679443
-5.74456262588501,-5.656854152679443
-5.74456262588501,-5.656854152679443
-5.74456262588501,-5.656854152679443
-5.74456262588501,-5.656854152679443
-5.74456262588501,-5.656854152679443
-5.74456262588501,-5.656854152679443
-5.74456262588501,-5.656854152679443
-5.74456262588501,-5.656854152679443
-5.74456262588501,-5.656854152679443
-5.74456262588501,-5.656854152679443
-5.74456262588501,-5.656854152679443
-5.74456262588501,-5.656854152679443
-5.74456262588501,-5.656854152679443
-5.74456262588501,-5.656854152679443
-5.74456262588501,-5.656854152679443
-5.74456262588501,-5.656854152679443
-5.74456262588501,-5.656854152679443
-5.74456262588501,-5.656854152679443
-5.74456262588501,-5.656854152679443
-5.74456262588501,-5.656854152679443
-5.74456262588501,-5.656854152679443
-5.74456262588501,-5.656854152679443
-5.74456262588501,-5.656854152679443
-5.74456262588501,-5.656854152679443
-5.74456262588501,-5.656854152679443
-5.74456262588501,-5.656854152679443
-5.74456262588501,-5.656854152679443
-5.74456262588501,-5.656854152679443
-5.74456262588501,-5.656854152679443
-5.74456262588501,-5.656854152679443
-5.74456262588501,-5.656854152679443
-5.74456262588501,-5.656854152679443
-5.74456262588501,-5.656854152679443
-5.74456262588501,-5.656854152679443
-5.74456262588501,-5.656854152679443
-5.74456262588501,-5.656854152679443
-5.74456262588501,-5.656854152679443
-5.74456262588501,-5.656854152679443
-5.74456262588501,-5.656854152679443
-5.74456262588501,-5.656854152679443
-5.74456262588501,-5.656854152679443
-5.74456262588501,-5.656854152679443
-5.74456262588501,-5.656854152679443
-5.74456262588501,-5.656854152679443
-5.74456262588501,-5.656854152679443
-5.74456262588501,-5.656854152679443
-5.74456262588501,-5.656854152679443
-5.74456262588501,-5.656854152679443
-5.74456262588501,-5.656854152679443
-5.74456262588501,-5.656854152679443
-5.74456262588501,-5.656854152679443
-5.74456262588501,-5.656854152679443
-5.74456262588501,-5.656854152679443
-5.74456262588501,-5.656854152679443
-5.74456262588501,-5.656854152679443
-5.74456262588501,-5.656854152679443
-5.74456262588501,-5.656854152679443
-5.74456262588501,-5.656854152679443
-5.74456262588501,-5.656854152679443
-5.74456262588501,-5.656854152679443
-5.74456262588501,-5.656854152679443
-5.74456262588501,-5.656854152679443
-5.74456262588501,-5.656854152679443
-5.74456262588501,-5.656854152679443
-5.74456262588501,-5.656854152679443
-5.74456262588501,-5.656854152679443
-5.74456262588501,-5.656854152679443
-5.74456262588501,-5.656854152679443
-5.74456262588501,-5.656854152679443
-5.74456262588501,-5.656854152679443
-5.74456262588501,-5.656854152679443
-5.74456262588501,-5.656854152679443
-5.74456262588501,-5.656854152679443
-5.74456262588501,-5.656854152679443
-5.74456262588501,-5.656854152679443
-5.74456262588501,-5.656854152679443
-5.74456262588501,-5.656854152679443
-5.74456262588501,-5.656854152679443
-5.74456262588501,-5.656854152679443
-5.74456262588501,-5.656854152679443
-5.74456262588501,-5.656854152679443
-5.74456262588501,-5.656854152679443
-5.74456262588501,-5.656854152679443
-5.74456262588501,-5.656854152679443
-5.74456262588501,-5.656854152679443
-5.74456262588501,-5.656854152679443
-5.74456262588501,-5.656854152679443
-5.74456262588501,-5.656854152679443
-5.74456262588501,-5.656854152679443
-5.74456262588501,-5.656854152679443
-5.74456262588501,-5.656854152679443
-5.74456262588501,-5.656854152679443
-5.74456262588501,-5.656854152679443
-5.74456262588501,-5.656854152679443
-5.74456262588501,-5.656854152679443
-5.74456262588501,-5.656854152679443
-5.74456262588501,-5.656854152679443
-5.74456262588501,-5.656854152679443
-5.74456262588501,-5.656854152679443
-5.74456262588501,-5.656854152679443
-5.74456262588501,-5.656854152679443
-5.74456262588501,-5.656854152679443
-5.74456262588501,-5.656854152679443
-5.74456262588501,-5.656854152679443
-5.74456262588501,-5.656854152679443
-5.74456262588501,-5.656854152679443
-5.74456262588501,-5.656854152679443
-5.74456262588501,-5.656854152679443
-5.74456262588501,-5.656854152679443
-5.74456262588501,-5.656854152679443
-5.74456262588501,-5.656854152679443
-5.74456262588501,-5.656854152679443
-5.74456262588501,-5.656854152679443
-5.74456262588501,-5.656854152679443
-5.74456262588501,-5.656854152679443
-5.74456262588501,-5.656854152679443
-5.74456262588501,-5.656854152679443
-5.74456262588501,-5.656854152679443
-5.74456262588501,-5.656854152679443
-5.74456262588501,-5.656854152679443
-5.74456262588501,-5.656854152679443
-5.74456262588501,-5.656854152679443
-5.74456262588501,-5.656854152679443
-5.74456262588501,-5.656854152679443
-5.74456262588501,-5.656854152679443
-5.74456262588501,-5.656854152679443
-5.74456262588501,-5.656854152679443
-5.74456262588501,-5.656854152679443
-5.74456262588501,-5.656854152679443
-5.74456262588501,-5.656854152679443
-5.74456262588501,-5.656854152679443
-5.74456262588501,-5.656854152679443
-5.74456262588501,-5.656854152679443
-5.74456262588501,-5.656854152679443
-5.74456262588501,-5.656854152679443
-5.74456262588501,-5.656854152679443
-5.74456262588501,-5.656854152679443
-5.74456262588501,-5.656854152679443
-5.74456262588501,-5.656854152679443
-5.74456262588501,-5.656854152679443
-5.74456262588501,-5.656854152679443
-5.74456262588501,-5.656854152679443
-5.74456262588501,-5.656854152679443
-5.74456262588501,-5.656854152679443
-5.74456262588501,-5.656854152679443
-5.74456262588501,-5.656854152679443
-5.74456262588501,-5.656854152679443
-5.74456262588501,-5.656854152679443
-5.74456262588501,-5.656854152679443
-5.74456262588501,-5.656854152679443
-5.74456262588501,-5.656854152679443
-5.74456262588501,-5.656854152679443
-5.74456262588501,-5.656854152679443
-5.74456262588501,-5.656854152679443
-5.74456262588501,-5.656854152679443
-5.74456262588501,-5.656854152679443
-5.74456262588501,-5.656854152679443
-5.74456262588501,-5.656854152679443
-5.74456262588501,-5.656854152679443
-5.74456262588501,-5.656854152679443
-5.74456262588501,-5.656854152679443
-5.74456262588501,-5.656854152679443
-5.74456262588501,-5.656854152679443
-5.74456262588501,-5.656854152679443
-5.74456262588501,-5.656854152679443
-5.74456262588501,-5.656854152679443
-5.74456262588501,-5.656854152679443
-5.74456262588501,-5.656854152679443
-5.74456262588501,-5.656854152679443
-5.74456262588501,-5.656854152679443
-5.74456262588501,-5.656854152679443
-5.74456262588501,-5.656854152679443
-5.74456262588501,-5.656854152679443
-5.74456262588501,-5.656854152679443
-5.74456262588501,-5.656854152679443
-5.74456262588501,-5.656854152679443
-5.74456262588501,-5.656854152679443
-5.74456262588501,-5.656854152679443
-5.74456262588501,-5.656854152679443
-5.74456262588501,-5.656854152679443
-5.74456262588501,-5.656854152679443
-5.74456262588501,-5.656854152679443
-5.74456262588501,-5.656854152679443
-5.74456262588501,-5.656854152679443
-5.74456262588501,-5.656854152679443
-5.74456262588501,-5.656854152679443
-5.74456262588501,-5.656854152679443
-5.74456262588501,-5.656854152679443
-5.74456262588501,-5.656854152679443
-5.74456262588501,-5.656854152679443
-5.74456262588501,-5.656854152679443
-5.74456262588501,-5.656854152679443
-5.74456262588501,-5.656854152679443
-5.74456262588501,-5.656854152679443
-5.74456262588501,-5.656854152679443
-5.74456262588501,-5.656854152679443
-5.74456262588501,-5.656854152679443
-5.74456262588501,-5.656854152679443
-5.74456262588501,-5.656854152679443
-5.74456262588501,-5.656854152679443
-5.74456262588501,-5.656854152679443
-5.74456262588501,-5.656854152679443
-5.74456262588501,-5.656854152679443
-5.74456262588501,-5.656854152679443
-5.74456262588501,-5.656854152679443
-5.74456262588501,-5.656854152679443
-5.74456262588501,-5.656854152679443
-5.74456262588501,-5.656854152679443
-5.74456262588501,-5.656854152679443
-5.74456262588501,-5.656854152679443
-5.74456262588501,-5.656854152679443
-5.74456262588501,-5.656854152679443
-5.74456262588501,-5.656854152679443
-5.74456262588501,-5.656854152679443
-5.74456262588501,-5.656854152679443
-5.74456262588501,-5.656854152679443
-5.74456262588501,-5.656854152679443
-5.74456262588501,-5.656854152679443
-5.74456262588501,-5.656854152679443
-5.74456262588501,-5.656854152679443
-5.74456262588501,-5.656854152679443
-5.74456262588501,-5.656854152679443
-5.74456262588501,-5.656854152679443
-5.74456262588501,-5.656854152679443
-5.74456262588501,-5.656854152679443
-5.74456262588501,-5.656854152679443
-5.74456262588501,-5.656854152679443
-5.74456262588501,-5.656854152679443
-5.74456262588501,-5.656854152679443
-5.74456262588501,-5.656854152679443
-5.74456262588501,-5.656854152679443
-5.74456262588501,-5.656854152679443
-5.74456262588501,-5.656854152679443
-5.74456262588501,-5.656854152679443
-5.74456262588501,-5.656854152679443
-5.74456262588501,-5.656854152679443
-5.74456262588501,-5.656854152679443
-5.74456262588501,-5.656854152679443
-5.74456262588501,-5.656854152679443
-5.74456262588501,-5.656854152679443
-5.74456262588501,-5.656854152679443
-5.74456262588501,-5.656854152679443
-5.74456262588501,-5.656854152679443
-5.74456262588501,-5.656854152679443
-5.74456262588501,-5.656854152679443
-5.74456262588501,-5.656854152679443
-5.74456262588501,-5.656854152679443
-5.74456262588501,-5.656854152679443
-5.74456262588501,-5.656854152679443
-5.74456262588501,-5.656854152679443
-5.74456262588501,-5.656854152679443
-5.74456262588501,-5.656854152679443
-5.74456262588501,-5.656854152679443
-5.74456262588501,-5.656854152679443
-5.74456262588501,-5.656854152679443
-5.74456262588501,-5.656854152679443
-5.74456262588501,-5.656854152679443
-5.74456262588501,-5.656854152679443
-5.74456262588501,-5.656854152679443
-5.74456262588501,-5.656854152679443
-5.74456262588501,-5.656854152679443
-5.74456262588501,-5.656854152679443
-5.74456262588501,-5.656854152679443
-5.74456262588501,-5.656854152679443
-5.74456262588501,-5.656854152679443
-5.74456262588501,-5.656854152679443
-5.74456262588501,-5.656854152679443
-5.74456262588501,-5.656854152679443
-5.74456262588501,-5.656854152679443
-5.74456262588501,-5.656854152679443
-5.74456262588501,-5.656854152679443
-5.74456262588501,-5.656854152679443
-5.74456262588501,-5.656854152679443
-5.74456262588501,-5.656854152679443
-5.74456262588501,-5.656854152679443
-5.74456262588501,-5.656854152679443
-5.74456262588501,-5.656854152679443
-5.74456262588501,-5.656854152679443
-5.74456262588501,-5.656854152679443
-5.74456262588501,-5.656854152679443
-5.74456262588501,-5.656854152679443
-5.74456262588501,-5.656854152679443
-5.74456262588501,-5.656854152679443
-5.74456262588501,-5.656854152679443
-5.74456262588501,-5.656854152679443
-5.74456262588501,-5.656854152679443
-5.74456262588501,-5.656854152679443
-5.74456262588501,-5.656854152679443
-5.74456262588501,-5.656854152679443
-5.74456262588501,-5.656854152679443
-5.74456262588501,-5.656854152679443
-5.74456262588501,-5.656854152679443
-5.74456262588501,-5.656854152679443
-5.74456262588501,-5.656854152679443
-5.74456262588501,-5.656854152679443
-5.74456262588501,-5.656854152679443
-5.74456262588501,-5.656854152679443
-5.74456262588501,-5.656854152679443
-5.74456262588501,-5.656854152679443
-5.74456262588501,-5.656854152679443
-5.74456262588501,-5.656854152679443
-5.74456262588501,-5.656854152679443
-5.74456262588501,-5.656854152679443
-5.74456262588501,-5.656854152679443
-5.74456262588501,-5.656854152679443
-5.74456262588501,-5.656854152679443
-5.74456262588501,-5.656854152679443
-5.74456262588501,-5.656854152679443
-5.74456262588501,-5.656854152679443
-5.74456262588501,-5.656854152679443
-5.74456262588501,-5.656854152679443
-5.74456262588501,-5.656854152679443
-5.74456262588501,-5.656854152679443
-5.74456262588501,-5.656854152679443
-5.74456262588501,-5.656854152679443
-5.74456262588501,-5.656854152679443
-5.74456262588501,-5.656854152679443
-5.74456262588501,-5.656854152679443
-5.74456262588501,-5.656854152679443
-5.74456262588501,-5.656854152679443
-5.74456262588501,-5.656854152679443
-5.74456262588501,-5.656854152679443
-5.74456262588501,-5.656854152679443
-5.74456262588501,-5.656854152679443
-5.74456262588501,-5.656854152679443
-5.74456262588501,-5.656854152679443
-5.74456262588501,-5.656854152679443
-5.74456262588501,-5.656854152679443
-5.74456262588501,-5.656854152679443
-5.74456262588501,-5.656854152679443
-5.74456262588501,-5.656854152679443
-5.74456262588501,-5.656854152679443
-5.74456262588501,-5.656854152679443
-5.74456262588501,-5.656854152679443
-5.74456262588501,-5.656854152679443
-5.74456262588501,-5.656854152679443
-5.74456262588501,-5.656854152679443
-5.74456262588501,-5.656854152679443
-5.74456262588501,-5.656854152679443
-5.74456262588501,-5.656854152679443
-5.74456262588501,-5.656854152679443
-5.74456262588501,-5.656854152679443
-5.74456262588501,-5.656854152679443
-5.74456262588501,-5.656854152679443
-5.74456262588501,-5.656854152679443
-5.74456262588501,-5.656854152679443
-5.74456262588501,-5.656854152679443
-5.74456262588501,-5.656854152679443
-5.74456262588501,-5.656854152679443
-5.74456262588501,-5.656854152679443
-5.74456262588501,-5.656854152679443
-5.74456262588501,-5.656854152679443
-5.74456262588501,-5.656854152679443
-5.74456262588501,-5.656854152679443
-5.74456262588501,-5.656854152679443
-5.74456262588501,-5.656854152679443
-5.74456262588501,-5.656854152679443
-5.74456262588501,-5.656854152679443
-5.74456262588501,-5.656854152679443
-5.74456262588501,-5.656854152679443
-5.74456262588501,-5.656854152679443
-5.74456262588501,-5.656854152679443
-5.74456262588501,-5.656854152679443
-5.74456262588501,-5.656854152679443
-5.74456262588501,-5.656854152679443
-5.74456262588501,-5.656854152679443
-5.74456262588501,-5.656854152679443
-5.74456262588501,-5.656854152679443
-5.74456262588501,-5.656854152679443
-5.74456262588501,-5.656854152679443
-5.74456262588501,-5.656854152679443
-5.74456262588501,-5.656854152679443
-5.74456262588501,-5.656854152679443
-5.74456262588501,-5.656854152679443
-5.74456262588501,-5.656854152679443
-5.74456262588501,-5.656854152679443
-5.74456262588501,-5.656854152679443
-5.74456262588501,-5.656854152679443
-5.74456262588501,-5.656854152679443
-5.74456262588501,-5.656854152679443
-5.74456262588501,-5.656854152679443
-5.74456262588501,-5.656854152679443
-5.74456262588501,-5.656854152679443
-5.74456262588501,-5.656854152679443
-5.74456262588501,-5.656854152679443
-5.74456262588501,-5.656854152679443
-5.74456262588501,-5.656854152679443
-5.74456262588501,-5.656854152679443
-5.74456262588501,-5.656854152679443
-5.74456262588501,-5.656854152679443
-5.74456262588501,-5.656854152679443
-5.74456262588501,-5.656854152679443
-5.74456262588501,-5.656854152679443
-5.74456262588501,-5.656854152679443
-5.74456262588501,-5.656854152679443
-5.74456262588501,-5.656854152679443
-5.74456262588501,-5.656854152679443
-5.74456262588501,-5.656854152679443
-5.74456262588501,-5.656854152679443
-5.74456262588501,-5.656854152679443
-5.74456262588501,-5.656854152679443
-5.74456262588501,-5.656854152679443
-5.74456262588501,-5.656854152679443
-5.74456262588501,-5.656854152679443
-5.74456262588501,-5.656854152679443
-5.74456262588501,-5.656854152679443
-5.74456262588501,-5.656854152679443
-5.74456262588501,-5.656854152679443
-5.74456262588501,-5.656854152679443
-5.74456262588501,-5.656854152679443
-5.74456262588501,-5.656854152679443
-5.74456262588501,-5.656854152679443
-5.74456262588501,-5.656854152679443
-5.74456262588501,-5.656854152679443
-5.74456262588501,-5.656854152679443
-5.74456262588501,-5.656854152679443
-5.74456262588501,-5.656854152679443
-5.74456262588501,-5.656854152679443
-5.74456262588501,-5.656854152679443
-5.74456262588501,-5.656854152679443
-5.74456262588501,-5.656854152679443
-5.74456262588501,-5.656854152679443
-5.74456262588501,-5.656854152679443
-5.74456262588501,-5.656854152679443
-5.74456262588501,-5.656854152679443
-5.74456262588501,-5.656854152679443
-5.74456262588501,-5.656854152679443
-5.74456262588501,-5.656854152679443
-5.74456262588501,-5.656854152679443
-5.74456262588501,-5.656854152679443
-5.74456262588501,-5.656854152679443
-5.74456262588501,-5.656854152679443
-5.74456262588501,-5.656854152679443
-5.74456262588501,-5.656854152679443
-5.74456262588501,-5.656854152679443
-5.74456262588501,-5.656854152679443
-5.74456262588501,-5.656854152679443
-5.74456262588501,-5.656854152679443
-5.74456262588501,-5.656854152679443
-5.74456262588501,-5.656854152679443
-5.74456262588501,-5.656854152679443
-5.74456262588501,-5.656854152679443
-5.74456262588501,-5.656854152679443
-5.74456262588501,-5.656854152679443
-5.74456262588501,-5.656854152679443
-5.74456262588501,-5.656854152679443
-5.74456262588501,-5.656854152679443
-5.74456262588501,-5.656854152679443
-5.74456262588501,-5.656854152679443
-5.74456262588501,-5.656854152679443
-5.74456262588501,-5.656854152679443
-5.74456262588501,-5.656854152679443
-5.74456262588501,-5.656854152679443
-5.74456262588501,-5.656854152679443
-5.74456262588501,-5.656854152679443
-5.74456262588501,-5.656854152679443
-5.74456262588501,-5.656854152679443
-5.74456262588501,-5.656854152679443
-5.74456262588501,-5.656854152679443
-5.74456262588501,-5.656854152679443
-5.74456262588501,-5.656854152679443
-5.74456262588501,-5.656854152679443
-5.74456262588501,-5.656854152679443
-5.74456262588501,-5.656854152679443
-5.74456262588501,-5.656854152679443
-5.74456262588501,-5.656854152679443
-5.74456262588501,-5.656854152679443
-5.74456262588501,-5.656854152679443
-5.74456262588501,-5.656854152679443
-5.74456262588501,-5.656854152679443
-5.74456262588501,-5.656854152679443
-5.74456262588501,-5.656854152679443
-5.74456262588501,-5.656854152679443
-5.74456262588501,-5.656854152679443
-5.74456262588501,-5.656854152679443
-5.74456262588501,-5.656854152679443
-5.74456262588501,-5.656854152679443
-5.74456262588501,-5.656854152679443
-5.74456262588501,-5.656854152679443
-5.74456262588501,-5.656854152679443
-5.74456262588501,-5.656854152679443
-5.74456262588501,-5.656854152679443
-5.74456262588501,-5.656854152679443
-5.74456262588501,-5.656854152679443
-5.74456262588501,-5.656854152679443
-5.74456262588501,-5.656854152679443
-5.74456262588501,-5.656854152679443
-5.74456262588501,-5.656854152679443
-5.74456262588501,-5.656854152679443
-5.74456262588501,-5.656854152679443
-5.74456262588501,-5.656854152679443
-5.74456262588501,-5.656854152679443
-5.74456262588501,-5.656854152679443
-5.74456262588501,-5.656854152679443
-5.74456262588501,-5.656854152679443
-5.74456262588501,-5.656854152679443
-5.74456262588501,-5.656854152679443
-5.74456262588501,-5.656854152679443
-5.74456262588501,-5.656854152679443
-5.74456262588501,-5.656854152679443
-5.74456262588501,-5.656854152679443
-5.74456262588501,-5.656854152679443
-5.74456262588501,-5.656854152679443
-5.74456262588501,-5.656854152679443
-5.74456262588501,-5.656854152679443
-5.74456262588501,-5.656854152679443
-5.74456262588501,-5.656854152679443
-5.74456262588501,-5.656854152679443
-5.74456262588501,-5.656854152679443
-5.74456262588501,-5.656854152679443
-5.74456262588501,-5.656854152679443
-5.74456262588501,-5.656854152679443
-5.74456262588501,-5.656854152679443
-5.74456262588501,-5.656854152679443
-5.74456262588501,-5.656854152679443
-5.74456262588501,-5.656854152679443
-5.74456262588501,-5.656854152679443
-5.74456262588501,-5.656854152679443
-5.74456262588501,-5.656854152679443
-5.74456262588501,-5.656854152679443
-5.74456262588501,-5.656854152679443
-5.74456262588501,-5.656854152679443
-5.74456262588501,-5.656854152679443
-5.74456262588501,-5.656854152679443
-5.74456262588501,-5.656854152679443
-5.74456262588501,-5.656854152679443
-5.74456262588501,-5.656854152679443
-5.74456262588501,-5.656854152679443
-5.74456262588501,-5.656854152679443
-5.74456262588501,-5.656854152679443
-5.74456262588501,-5.656854152679443
-5.74456262588501,-5.656854152679443
-5.74456262588501,-5.656854152679443
-5.74456262588501,-5.656854152679443
-5.74456262588501,-5.656854152679443
-5.74456262588501,-5.656854152679443
-5.74456262588501,-5.656854152679443
-5.74456262588501,-5.656854152679443
-5.74456262588501,-5.656854152679443
-5.74456262588501,-5.656854152679443
-5.74456262588501,-5.656854152679443
-5.74456262588501,-5.656854152679443
-5.74456262588501,-5.656854152679443
-5.74456262588501,-5.656854152679443
-5.74456262588501,-5.656854152679443
-5.74456262588501,-5.656854152679443
-5.74456262588501,-5.656854152679443
-5.74456262588501,-5.656854152679443
-5.74456262588501,-5.656854152679443
-5.74456262588501,-5.656854152679443
-5.74456262588501,-5.656854152679443
-5.74456262588501,-5.656854152679443
-5.74456262588501,-5.656854152679443
-5.74456262588501,-5.656854152679443
-5.74456262588501,-5.656854152679443
-5.74456262588501,-5.656854152679443
-5.74456262588501,-5.656854152679443
-5.74456262588501,-5.656854152679443
-5.74456262588501,-5.656854152679443
-5.74456262588501,-5.656854152679443
-5.74456262588501,-5.656854152679443
-5.74456262588501,-5.656854152679443
-5.74456262588501,-5.656854152679443
-5.74456262588501,-5.656854152679443
-5.74456262588501,-5.656854152679443
-5.74456262588501,-5.656854152679443
-5.74456262588501,-5.656854152679443
-5.74456262588501,-5.656854152679443
-5.74456262588501,-5.656854152679443
-5.74456262588501,-5.656854152679443
-5.74456262588501,-5.656854152679443
-5.74456262588501,-5.656854152679443
-5.74456262588501,-5.656854152679443
-5.74456262588501,-5.656854152679443
-5.74456262588501,-5.656854152679443
-5.74456262588501,-5.656854152679443
-5.74456262588501,-5.656854152679443
-5.74456262588501,-5.656854152679443
-5.74456262588501,-5.656854152679443
-5.74456262588501,-5.656854152679443
-5.74456262588501,-5.656854152679443
-5.74456262588501,-5.656854152679443
-5.74456262588501,-5.656854152679443
-5.74456262588501,-5.656854152679443
-5.74456262588501,-5.656854152679443
-5.74456262588501,-5.656854152679443
-5.74456262588501,-5.656854152679443
-5.74456262588501,-5.656854152679443
-5.74456262588501,-5.656854152679443
-5.74456262588501,-5.656854152679443
-5.74456262588501,-5.656854152679443
-5.74456262588501,-5.656854152679443
-5.74456262588501,-5.656854152679443
-5.74456262588501,-5.656854152679443
-5.74456262588501,-5.656854152679443
-5.74456262588501,-5.656854152679443
-5.74456262588501,-5.656854152679443
-5.74456262588501,-5.656854152679443
-5.74456262588501,-5.656854152679443
-5.74456262588501,-5.656854152679443
-5.74456262588501,-5.656854152679443
-5.74456262588501,-5.656854152679443
-5.74456262588501,-5.656854152679443
-5.74456262588501,-5.656854152679443
-5.74456262588501,-5.656854152679443
-5.74456262588501,-5.656854152679443
-5.74456262588501,-5.656854152679443
-5.74456262588501,-5.656854152679443
-5.74456262588501,-5.656854152679443
-5.74456262588501,-5.656854152679443
-5.74456262588501,-5.656854152679443
-5.74456262588501,-5.656854152679443
-5.74456262588501,-5.656854152679443
-5.74456262588501,-5.656854152679443
-5.74456262588501,-5.656854152679443
-5.74456262588501,-5.656854152679443
-5.74456262588501,-5.656854152679443
-5.74456262588501,-5.656854152679443
-5.74456262588501,-5.656854152679443
-5.74456262588501,-5.656854152679443
-5.74456262588501,-5.656854152679443
-5.74456262588501,-5.656854152679443
-5.74456262588501,-5.656854152679443
-5.74456262588501,-5.656854152679443
-5.74456262588501,-5.656854152679443
-5.74456262588501,-5.656854152679443
-5.74456262588501,-5.656854152679443
-5.74456262588501,-5.656854152679443
-5.74456262588501,-5.656854152679443
-5.74456262588501,-5.656854152679443
-5.74456262588501,-5.656854152679443
-5.74456262588501,-5.656854152679443
-5.74456262588501,-5.656854152679443
-5.74456262588501,-5.656854152679443
-5.74456262588501,-5.656854152679443
-5.74456262588501,-5.656854152679443
-5.74456262588501,-5.656854152679443
-5.74456262588501,-5.656854152679443
-5.74456262588501,-5.656854152679443
-5.74456262588501,-5.656854152679443
-5.74456262588501,-5.656854152679443
-5.74456262588501,-5.656854152679443
-5.74456262588501,-5.656854152679443
-5.74456262588501,-5.656854152679443
-5.74456262588501,-5.656854152679443
-5.74456262588501,-5.656854152679443
-5.74456262588501,-5.656854152679443
-5.74456262588501,-5.656854152679443
-5.74456262588501,-5.656854152679443
-5.74456262588501,-5.656854152679443
-5.74456262588501,-5.656854152679443
-5.74456262588501,-5.656854152679443
-5.74456262588501,-5.656854152679443
-5.74456262588501,-5.656854152679443
-5.74456262588501,-5.656854152679443
-5.74456262588501,-5.656854152679443
-5.74456262588501,-5.656854152679443
-5.74456262588501,-5.656854152679443
-5.74456262588501,-5.656854152679443
-5.74456262588501,-5.656854152679443
-5.74456262588501,-5.656854152679443
-5.74456262588501,-5.656854152679443
-5.74456262588501,-5.656854152679443
-5.74456262588501,-5.656854152679443
-5.74456262588501,-5.656854152679443
-5.74456262588501,-5.656854152679443
-5.74456262588501,-5.656854152679443
-5.74456262588501,-5.656854152679443
-5.74456262588501,-5.656854152679443
-5.74456262588501,-5.656854152679443
-5.74456262588501,-5.656854152679443
-5.74456262588501,-5.656854152679443
-5.74456262588501,-5.656854152679443
-5.74456262588501,-5.656854152679443
-5.74456262588501,-5.656854152679443
-5.74456262588501,-5.656854152679443
-5.74456262588501,-5.656854152679443
-5.74456262588501,-5.656854152679443
-5.74456262588501,-5.656854152679443
-5.74456262588501,-5.656854152679443
-5.74456262588501,-5.656854152679443
-5.74456262588501,-5.656854152679443
-5.74456262588501,-5.656854152679443
-5.74456262588501,-5.656854152679443
-5.74456262588501,-5.656854152679443
-5.74456262588501,-5.656854152679443
-5.74456262588501,-5.656854152679443
-5.74456262588501,-5.656854152679443
-5.74456262588501,-5.656854152679443
-5.74456262588501,-5.656854152679443
-5.74456262588501,-5.656854152679443
-5.74456262588501,-5.656854152679443
-5.74456262588501,-5.656854152679443
-5.74456262588501,-5.656854152679443
-5.74456262588501,-5.656854152679443
-5.74456262588501,-5.656854152679443
-5.74456262588501,-5.656854152679443
-5.74456262588501,-5.656854152679443
-5.74456262588501,-5.656854152679443
-5.74456262588501,-5.656854152679443
-5.74456262588501,-5.656854152679443
-5.74456262588501,-5.656854152679443
-5.74456262588501,-5.656854152679443
-5.74456262588501,-5.656854152679443
-5.74456262588501,-5.656854152679443
-5.74456262588501,-5.656854152679443
-5.74456262588501,-5.656854152679443
-5.74456262588501,-5.656854152679443
-5.74456262588501,-5.656854152679443
-5.74456262588501,-5.656854152679443
-5.74456262588501,-5.656854152679443
-5.74456262588501,-5.656854152679443
-5.74456262588501,-5.656854152679443
-5.74456262588501,-5.656854152679443
-5.74456262588501,-5.656854152679443
-5.74456262588501,-5.656854152679443
-5.74456262588501,-5.656854152679443
-5.74456262588501,-5.656854152679443
-5.74456262588501,-5.656854152679443
-5.74456262588501,-5.656854152679443
-5.74456262588501,-5.656854152679443
-5.74456262588501,-5.656854152679443
-5.74456262588501,-5.656854152679443
-5.74456262588501,-5.656854152679443
-5.74456262588501,-5.656854152679443
-5.74456262588501,-5.656854152679443
-5.74456262588501,-5.656854152679443
-5.74456262588501,-5.656854152679443
-5.74456262588501,-5.656854152679443
-5.74456262588501,-5.656854152679443
-5.74456262588501,-5.656854152679443
-5.74456262588501,-5.656854152679443
-5.74456262588501,-5.656854152679443
-5.74456262588501,-5.656854152679443
-5.74456262588501,-5.656854152679443
-5.74456262588501,-5.656854152679443
-5.74456262588501,-5.656854152679443
-5.74456262588501,-5.656854152679443
-5.74456262588501,-5.656854152679443
-5.74456262588501,-5.656854152679443
-5.74456262588501,-5.656854152679443
-5.74456262588501,-5.656854152679443
-5.74456262588501,-5.656854152679443
-5.74456262588501,-5.656854152679443
-5.74456262588501,-5.656854152679443
-5.74456262588501,-5.656854152679443
-5.74456262588501,-5.656854152679443
-5.74456262588501,-5.656854152679443
-5.74456262588501,-5.656854152679443
-5.74456262588501,-5.656854152679443
-5.74456262588501,-5.656854152679443
-5.74456262588501,-5.656854152679443
-5.74456262588501,-5.656854152679443
-5.74456262588501,-5.656854152679443
-5.74456262588501,-5.656854152679443
-5.74456262588501,-5.656854152679443
-5.74456262588501,-5.656854152679443
-5.74456262588501,-5.656854152679443
-5.74456262588501,-5.656854152679443
-5.74456262588501,-5.656854152679443
-5.74456262588501,-5.656854152679443
-5.74456262588501,-5.656854152679443
-5.74456262588501,-5.656854152679443
-5.74456262588501,-5.656854152679443
-5.74456262588501,-5.656854152679443
-5.74456262588501,-5.656854152679443
-5.74456262588501,-5.656854152679443
-5.74456262588501,-5.656854152679443
-5.74456262588501,-5.656854152679443
-5.74456262588501,-5.656854152679443
-5.74456262588501,-5.656854152679443
-5.74456262588501,-5.656854152679443
-5.74456262588501,-5.656854152679443
-5.74456262588501,-5.656854152679443
-5.74456262588501,-5.656854152679443
-5.74456262588501,-5.656854152679443
-5.74456262588501,-5.656854152679443
-5.74456262588501,-5.656854152679443
-5.74456262588501,-5.656854152679443
-5.74456262588501,-5.656854152679443
-5.74456262588501,-5.656854152679443
-5.74456262588501,-5.656854152679443
-5.74456262588501,-5.656854152679443
-5.74456262588501,-5.656854152679443
-5.74456262588501,-5.656854152679443
-5.74456262588501,-5.656854152679443
-5.74456262588501,-5.656854152679443
-5.74456262588501,-5.656854152679443
-5.74456262588501,-5.656854152679443
-5.74456262588501,-5.656854152679443
-5.74456262588501,-5.656854152679443
-5.74456262588501,-5.656854152679443
-5.74456262588501,-5.656854152679443
-5.74456262588501,-5.656854152679443
-5.74456262588501,-5.656854152679443
-5.74456262588501,-5.656854152679443
-5.74456262588501,-5.656854152679443
-5.74456262588501,-5.656854152679443
-5.74456262588501,-5.656854152679443
-5.74456262588501,-5.656854152679443
-5.74456262588501,-5.656854152679443
-5.74456262588501,-5.656854152679443
-5.74456262588501,-5.656854152679443
-5.74456262588501,-5.656854152679443
-5.74456262588501,-5.656854152679443
-5.74456262588501,-5.656854152679443
-5.74456262588501,-5.656854152679443
-5.74456262588501,-5.656854152679443
-5.74456262588501,-5.656854152679443
-5.74456262588501,-5.656854152679443
-5.74456262588501,-5.656854152679443
-5.74456262588501,-5.656854152679443
-5.74456262588501,-5.656854152679443
-5.74456262588501,-5.656854152679443
-5.74456262588501,-5.656854152679443
-5.74456262588501,-5.656854152679443
-5.74456262588501,-5.656854152679443
-5.74456262588501,-5.656854152679443
-5.74456262588501,-5.656854152679443
-5.74456262588501,-5.656854152679443
-5.74456262588501,-5.656854152679443
-5.74456262588501,-5.656854152679443
-5.74456262588501,-5.656854152679443
-5.74456262588501,-5.656854152679443
-5.74456262588501,-5.656854152679443
-5.74456262588501,-5.656854152679443
-5.74456262588501,-5.656854152679443
-5.74456262588501,-5.656854152679443
-5.74456262588501,-5.656854152679443
-5.74456262588501,-5.656854152679443
-5.74456262588501,-5.656854152679443
-5.74456262588501,-5.656854152679443
-5.74456262588501,-5.656854152679443
-5.74456262588501,-5.656854152679443
-5.74456262588501,-5.656854152679443
-5.74456262588501,-5.656854152679443
-5.74456262588501,-5.656854152679443
-5.74456262588501,-5.656854152679443
-5.74456262588501,-5.656854152679443
-5.74456262588501,-5.656854152679443
-5.74456262588501,-5.656854152679443
-5.74456262588501,-5.656854152679443
-5.74456262588501,-5.656854152679443
-5.74456262588501,-5.656854152679443
-5.74456262588501,-5.656854152679443
-5.74456262588501,-5.656854152679443
-5.74456262588501,-5.656854152679443
-5.74456262588501,-5.656854152679443
-5.74456262588501,-5.656854152679443
-5.74456262588501,-5.656854152679443
-5.74456262588501,-5.656854152679443
-5.74456262588501,-5.656854152679443
-5.74456262588501,-5.656854152679443
-5.74456262588501,-5.656854152679443
-5.74456262588501,-5.656854152679443
-5.74456262588501,-5.656854152679443
-5.74456262588501,-5.656854152679443
-5.74456262588501,-5.656854152679443
-5.74456262588501,-5.656854152679443
-5.74456262588501,-5.656854152679443
-5.74456262588501,-5.656854152679443
-5.74456262588501,-5.656854152679443
-5.74456262588501,-5.656854152679443
-5.74456262588501,-5.656854152679443
-5.74456262588501,-5.656854152679443
-5.74456262588501,-5.656854152679443
-5.74456262588501,-5.656854152679443
-5.74456262588501,-5.656854152679443
-5.74456262588501,-5.656854152679443
-5.74456262588501,-5.656854152679443
-5.74456262588501,-5.656854152679443
-5.74456262588501,-5.656854152679443
-5.74456262588501,-5.656854152679443
-5.74456262588501,-5.656854152679443
-5.74456262588501,-5.656854152679443
-5.74456262588501,-5.656854152679443
-5.74456262588501,-5.656854152679443
-5.74456262588501,-5.656854152679443
-5.74456262588501,-5.656854152679443
-5.74456262588501,-5.656854152679443
-5.74456262588501,-5.656854152679443
-5.74456262588501,-5.656854152679443
-5.74456262588501,-5.656854152679443
-5.74456262588501,-5.656854152679443
-5.74456262588501,-5.656854152679443
-5.74456262588501,-5.656854152679443
-5.74456262588501,-5.656854152679443
-5.74456262588501,-5.656854152679443
-5.74456262588501,-5.656854152679443
-5.74456262588501,-5.656854152679443
-5.74456262588501,-5.656854152679443
-5.74456262588501,-5.656854152679443
-5.74456262588501,-5.656854152679443
-5.74456262588501,-5.656854152679443
-5.74456262588501,-5.656854152679443
-5.74456262588501,-5.656854152679443
-5.74456262588501,-5.656854152679443
-5.74456262588501,-5.656854152679443
-5.74456262588501,-5.656854152679443
-5.74456262588501,-5.656854152679443
-5.74456262588501,-5.656854152679443
-5.74456262588501,-5.656854152679443
-5.74456262588501,-5.656854152679443
-5.74456262588501,-5.656854152679443
-5.74456262588501,-5.656854152679443
-5.74456262588501,-5.656854152679443
-5.74456262588501,-5.656854152679443
-5.74456262588501,-5.656854152679443
-5.74456262588501,-5.656854152679443
-5.74456262588501,-5.656854152679443
-5.74456262588501,-5.656854152679443
-5.74456262588501,-5.656854152679443
-5.74456262588501,-5.656854152679443
-5.74456262588501,-5.656854152679443
-5.74456262588501,-5.656854152679443
-5.74456262588501,-5.656854152679443
-5.74456262588501,-5.656854152679443
-5.74456262588501,-5.656854152679443
-5.74456262588501,-5.656854152679443
-5.74456262588501,-5.656854152679443
-5.74456262588501,-5.656854152679443
-5.74456262588501,-5.656854152679443
-5.74456262588501,-5.656854152679443
-5.74456262588501,-5.656854152679443
-5.74456262588501,-5.656854152679443
-5.74456262588501,-5.656854152679443
-5.74456262588501,-5.656854152679443
-5.74456262588501,-5.656854152679443
-5.74456262588501,-5.656854152679443
-5.74456262588501,-5.656854152679443
-5.74456262588501,-5.656854152679443
-5.74456262588501,-5.656854152679443
-5.74456262588501,-5.656854152679443
-5.74456262588501,-5.656854152679443
-5.74456262588501,-5.656854152679443
-5.74456262588501,-5.656854152679443
-5.74456262588501,-5.656854152679443
-5.74456262588501,-5.656854152679443
-5.74456262588501,-5.656854152679443
-5.74456262588501,-5.656854152679443
-5.74456262588501,-5.656854152679443
-5.74456262588501,-5.656854152679443
-5.74456262588501,-5.656854152679443
-5.74456262588501,-5.656854152679443
-5.74456262588501,-5.656854152679443
-5.74456262588501,-5.656854152679443
-5.74456262588501,-5.656854152679443
-5.74456262588501,-5.656854152679443
-5.74456262588501,-5.656854152679443
-5.74456262588501,-5.656854152679443
-5.74456262588501,-5.656854152679443
-5.74456262588501,-5.656854152679443
-5.74456262588501,-5.656854152679443
-5.74456262588501,-5.656854152679443
-5.74456262588501,-5.656854152679443
-5.74456262588501,-5.656854152679443
-5.74456262588501,-5.656854152679443
-5.74456262588501,-5.656854152679443
-5.74456262588501,-5.656854152679443
-5.74456262588501,-5.656854152679443
-5.74456262588501,-5.656854152679443
-5.74456262588501,-5.656854152679443
-5.74456262588501,-5.656854152679443
-5.74456262588501,-5.656854152679443
-5.74456262588501,-5.656854152679443
-5.74456262588501,-5.656854152679443
-5.74456262588501,-5.656854152679443
-5.74456262588501,-5.656854152679443
-5.74456262588501,-5.656854152679443
-5.74456262588501,-5.656854152679443
-5.74456262588501,-5.656854152679443
-5.74456262588501,-5.656854152679443
-5.74456262588501,-5.656854152679443
-5.74456262588501,-5.656854152679443
-5.74456262588501,-5.656854152679443
-5.74456262588501,-5.656854152679443
-5.74456262588501,-5.656854152679443
-5.74456262588501,-5.656854152679443
-5.74456262588501,-5.656854152679443
-5.74456262588501,-5.656854152679443
-5.74456262588501,-5.656854152679443
-5.74456262588501,-5.656854152679443
-5.74456262588501,-5.656854152679443
-5.74456262588501,-5.656854152679443
-5.74456262588501,-5.656854152679443
-5.74456262588501,-5.656854152679443
-5.74456262588501,-5.656854152679443
-5.74456262588501,-5.656854152679443
-5.74456262588501,-5.656854152679443
-5.74456262588501,-5.656854152679443
-5.74456262588501,-5.656854152679443
-5.74456262588501,-5.656854152679443
-5.74456262588501,-5.656854152679443
-5.74456262588501,-5.656854152679443
-5.74456262588501,-5.656854152679443
-5.74456262588501,-5.656854152679443
-5.74456262588501,-5.656854152679443
-5.74456262588501,-5.656854152679443
-5.74456262588501,-5.656854152679443
-5.74456262588501,-5.656854152679443
-5.74456262588501,-5.656854152679443
-5.74456262588501,-5.656854152679443
-5.74456262588501,-5.656854152679443
-5.74456262588501,-5.656854152679443
-5.74456262588501,-5.656854152679443
-5.74456262588501,-5.656854152679443
-5.74456262588501,-5.656854152679443
-5.74456262588501,-5.656854152679443
-5.74456262588501,-5.656854152679443
-5.74456262588501,-5.656854152679443
-5.74456262588501,-5.656854152679443
-5.74456262588501,-5.656854152679443
-5.74456262588501,-5.656854152679443
-5.74456262588501,-5.656854152679443
-5.74456262588501,-5.656854152679443
-5.74456262588501,-5.656854152679443
-5.74456262588501,-5.656854152679443
-5.74456262588501,-5.656854152679443
-5.74456262588501,-5.656854152679443
-5.74456262588501,-5.656854152679443
-5.74456262588501,-5.656854152679443
-5.74456262588501,-5.656854152679443
-5.74456262588501,-5.656854152679443
-5.74456262588501,-5.656854152679443
-5.74456262588501,-5.656854152679443
-5.74456262588501,-5.656854152679443
-5.74456262588501,-5.656854152679443
-5.74456262588501,-5.656854152679443
-5.74456262588501,-5.656854152679443
-5.74456262588501,-5.656854152679443
-5.74456262588501,-5.656854152679443
-5.74456262588501,-5.656854152679443
-5.74456262588501,-5.656854152679443
-5.74456262588501,-5.656854152679443
-5.74456262588501,-5.656854152679443
-5.74456262588501,-5.656854152679443
-5.74456262588501,-5.656854152679443
-5.74456262588501,-5.656854152679443
-5.74456262588501,-5.656854152679443
-5.74456262588501,-5.656854152679443
-5.74456262588501,-5.656854152679443
-5.74456262588501,-5.656854152679443
-5.74456262588501,-5.656854152679443
-5.74456262588501,-5.656854152679443
-5.74456262588501,-5.656854152679443
-5.74456262588501,-5.656854152679443
-5.74456262588501,-5.656854152679443
-5.74456262588501,-5.656854152679443
-5.74456262588501,-5.656854152679443
-5.74456262588501,-5.656854152679443
-5.74456262588501,-5.656854152679443
-5.74456262588501,-5.656854152679443
-5.74456262588501,-5.656854152679443
-5.74456262588501,-5.656854152679443
-5.74456262588501,-5.656854152679443
-5.74456262588501,-5.656854152679443
-5.74456262588501,-5.656854152679443
-5.74456262588501,-5.656854152679443
-5.74456262588501,-5.656854152679443
-5.74456262588501,-5.656854152679443
-5.74456262588501,-5.656854152679443
-5.74456262588501,-5.656854152679443
-5.74456262588501,-5.656854152679443
-5.74456262588501,-5.656854152679443
-5.74456262588501,-5.656854152679443
-5.74456262588501,-5.656854152679443
-5.74456262588501,-5.656854152679443
-5.74456262588501,-5.656854152679443
-5.74456262588501,-5.656854152679443
-5.74456262588501,-5.656854152679443
-5.74456262588501,-5.656854152679443
-5.74456262588501,-5.656854152679443
-5.74456262588501,-5.656854152679443
-5.74456262588501,-5.656854152679443
-5.74456262588501,-5.656854152679443
-5.74456262588501,-5.656854152679443
-5.74456262588501,-5.656854152679443
-5.74456262588501,-5.656854152679443
-5.74456262588501,-5.656854152679443
-5.74456262588501,-5.656854152679443
-5.74456262588501,-5.656854152679443
-5.74456262588501,-5.656854152679443
-5.74456262588501,-5.656854152679443
-5.74456262588501,-5.656854152679443
-5.74456262588501,-5.656854152679443
-5.74456262588501,-5.656854152679443
-5.74456262588501,-5.656854152679443
-5.74456262588501,-5.656854152679443
-5.74456262588501,-5.656854152679443
-5.74456262588501,-5.656854152679443
-5.74456262588501,-5.656854152679443
-5.74456262588501,-5.656854152679443
-5.74456262588501,-5.656854152679443
-5.74456262588501,-5.656854152679443
-5.74456262588501,-5.656854152679443
-5.74456262588501,-5.656854152679443
-5.74456262588501,-5.656854152679443
-5.74456262588501,-5.656854152679443
-5.74456262588501,-5.656854152679443
-5.74456262588501,-5.656854152679443
-5.74456262588501,-5.656854152679443
-5.74456262588501,-5.656854152679443
-5.74456262588501,-5.656854152679443
-5.74456262588501,-5.656854152679443
-5.74456262588501,-5.656854152679443
-5.74456262588501,-5.656854152679443
-5.74456262588501,-5.656854152679443
-5.74456262588501,-5.656854152679443
-5.74456262588501,-5.656854152679443
-5.74456262588501,-5.656854152679443
-5.74456262588501,-5.656854152679443
-5.74456262588501,-5.656854152679443
-5.74456262588501,-5.656854152679443
-5.74456262588501,-5.656854152679443
-5.74456262588501,-5.656854152679443
-5.74456262588501,-5.656854152679443
-5.74456262588501,-5.656854152679443
-5.74456262588501,-5.656854152679443
-5.74456262588501,-5.656854152679443
-5.74456262588501,-5.656854152679443
-5.74456262588501,-5.656854152679443
-5.74456262588501,-5.656854152679443
-5.74456262588501,-5.656854152679443
-5.74456262588501,-5.656854152679443
-5.74456262588501,-5.656854152679443
-5.74456262588501,-5.656854152679443
-5.74456262588501,-5.656854152679443
-5.74456262588501,-5.656854152679443
-5.74456262588501,-5.656854152679443
-5.74456262588501,-5.656854152679443
-5.74456262588501,-5.656854152679443
-5.74456262588501,-5.656854152679443
-5.74456262588501,-5.656854152679443
-5.74456262588501,-5.656854152679443
-5.74456262588501,-5.656854152679443
-5.74456262588501,-5.656854152679443
-5.74456262588501,-5.656854152679443
-5.74456262588501,-5.656854152679443
-5.74456262588501,-5.656854152679443
-5.74456262588501,-5.656854152679443
-5.74456262588501,-5.656854152679443
-5.74456262588501,-5.656854152679443
-5.74456262588501,-5.656854152679443
-5.74456262588501,-5.656854152679443
-5.74456262588501,-5.656854152679443
-5.74456262588501,-5.656854152679443
-5.74456262588501,-5.656854152679443
-5.74456262588501,-5.656854152679443
-5.74456262588501,-5.656854152679443
-5.74456262588501,-5.656854152679443
-5.74456262588501,-5.656854152679443
-5.74456262588501,-5.656854152679443
-5.74456262588501,-5.656854152679443
-5.74456262588501,-5.656854152679443
-5.74456262588501,-5.656854152679443
-5.74456262588501,-5.656854152679443
-5.74456262588501,-5.656854152679443
-5.74456262588501,-5.656854152679443
-5.74456262588501,-5.656854152679443
-5.74456262588501,-5.656854152679443
-5.74456262588501,-5.656854152679443
-5.74456262588501,-5.656854152679443
-5.74456262588501,-5.656854152679443
-5.74456262588501,-5.656854152679443
-5.74456262588501,-5.656854152679443
-5.74456262588501,-5.656854152679443
-5.74456262588501,-5.656854152679443
-5.74456262588501,-5.656854152679443
-5.74456262588501,-5.656854152679443
-5.74456262588501,-5.656854152679443
-5.74456262588501,-5.656854152679443
-5.74456262588501,-5.656854152679443
-5.74456262588501,-5.656854152679443
-5.74456262588501,-5.656854152679443
-5.74456262588501,-5.656854152679443
-5.74456262588501,-5.656854152679443
-5.74456262588501,-5.656854152679443
-5.74456262588501,-5.656854152679443
-5.74456262588501,-5.656854152679443
-5.74456262588501,-5.656854152679443
-5.74456262588501,-5.656854152679443
-5.74456262588501,-5.656854152679443
-5.74456262588501,-5.656854152679443
-5.74456262588501,-5.656854152679443
-5.74456262588501,-5.656854152679443
-5.74456262588501,-5.656854152679443
-5.74456262588501,-5.656854152679443
-5.74456262588501,-5.656854152679443
-5.74456262588501,-5.656854152679443
-5.74456262588501,-5.656854152679443
-5.74456262588501,-5.656854152679443
-5.74456262588501,-5.4772257804870605
-5.74456262588501,-5.4772257804870605
-5.74456262588501,-5.4772257804870605
-5.74456262588501,-5.4772257804870605
-5.74456262588501,-5.4772257804870605
-5.74456262588501,-5.4772257804870605
-5.74456262588501,-5.4772257804870605
-5.74456262588501,-5.4772257804870605
-5.74456262588501,-5.4772257804870605
-5.74456262588501,-5.4772257804870605
-5.74456262588501,-5.4772257804870605
-5.74456262588501,-5.4772257804870605
-5.74456262588501,-5.4772257804870605
-5.74456262588501,-5.4772257804870605
-5.74456262588501,-5.4772257804870605
-5.74456262588501,-5.4772257804870605
-5.74456262588501,-5.4772257804870605
-5.74456262588501,-5.4772257804870605
-5.74456262588501,-5.4772257804870605
-5.74456262588501,-5.4772257804870605
-5.74456262588501,-5.4772257804870605
-5.74456262588501,-5.4772257804870605
-5.74456262588501,-5.4772257804870605
-5.74456262588501,-5.4772257804870605
-5.74456262588501,-5.4772257804870605
-5.74456262588501,-5.4772257804870605
-5.74456262588501,-5.4772257804870605
-5.74456262588501,-5.4772257804870605
-5.74456262588501,-5.4772257804870605
-5.74456262588501,-5.4772257804870605
-5.74456262588501,-5.4772257804870605
-5.74456262588501,-5.4772257804870605
-5.74456262588501,-5.4772257804870605
-5.74456262588501,-5.4772257804870605
-5.74456262588501,-5.4772257804870605
-5.74456262588501,-5.4772257804870605
-5.74456262588501,-5.4772257804870605
-5.74456262588501,-5.4772257804870605
-5.74456262588501,-5.4772257804870605
-5.74456262588501,-5.4772257804870605
-5.74456262588501,-5.4772257804870605
-5.74456262588501,-5.4772257804870605
-5.74456262588501,-5.4772257804870605
-5.74456262588501,-5.4772257804870605
-5.74456262588501,-5.4772257804870605
-5.74456262588501,-5.4772257804870605
-5.74456262588501,-5.4772257804870605
-5.74456262588501,-5.4772257804870605
-5.74456262588501,-5.4772257804870605
-5.74456262588501,-5.4772257804870605
-5.74456262588501,-5.4772257804870605
-5.74456262588501,-5.4772257804870605
-5.74456262588501,-5.4772257804870605
-5.74456262588501,-5.4772257804870605
-5.74456262588501,-5.4772257804870605
-5.74456262588501,-5.4772257804870605
-5.74456262588501,-5.4772257804870605
-5.74456262588501,-5.4772257804870605
-5.74456262588501,-5.4772257804870605
-5.74456262588501,-5.4772257804870605
-5.74456262588501,-5.4772257804870605
-5.74456262588501,-5.4772257804870605
-5.74456262588501,-5.4772257804870605
-5.74456262588501,-5.4772257804870605
-5.74456262588501,-5.4772257804870605
-5.74456262588501,-5.4772257804870605
-5.74456262588501,-5.4772257804870605
-5.74456262588501,-5.4772257804870605
-5.74456262588501,-5.4772257804870605
-5.74456262588501,-5.4772257804870605
-5.74456262588501,-5.4772257804870605
-5.74456262588501,-5.4772257804870605
-5.74456262588501,-5.4772257804870605
-5.74456262588501,-5.4772257804870605
-5.74456262588501,-5.4772257804870605
-5.74456262588501,-5.4772257804870605
-5.74456262588501,-5.4772257804870605
-5.74456262588501,-5.4772257804870605
-5.74456262588501,-5.4772257804870605
-5.74456262588501,-5.4772257804870605
-5.74456262588501,-5.4772257804870605
-5.74456262588501,-5.4772257804870605
-5.74456262588501,-5.4772257804870605
-5.74456262588501,-5.4772257804870605
-5.74456262588501,-5.4772257804870605
-5.74456262588501,-5.4772257804870605
-5.74456262588501,-5.4772257804870605
-5.74456262588501,-5.4772257804870605
-5.74456262588501,-5.4772257804870605
-5.74456262588501,-5.4772257804870605
-5.74456262588501,-5.4772257804870605
-5.74456262588501,-5.4772257804870605
-5.74456262588501,-5.4772257804870605
-5.74456262588501,-5.4772257804870605
-5.74456262588501,-5.4772257804870605
-5.74456262588501,-5.4772257804870605
-5.74456262588501,-5.4772257804870605
-5.74456262588501,-5.4772257804870605
-5.74456262588501,-5.4772257804870605
-5.74456262588501,-5.4772257804870605
-5.74456262588501,-5.4772257804870605
-5.74456262588501,-5.4772257804870605
-5.74456262588501,-5.4772257804870605
-5.74456262588501,-5.4772257804870605
-5.74456262588501,-5.4772257804870605
-5.74456262588501,-5.4772257804870605
-5.74456262588501,-5.4772257804870605
-5.74456262588501,-5.4772257804870605
-5.74456262588501,-5.4772257804870605
-5.74456262588501,-5.4772257804870605
-5.74456262588501,-5.4772257804870605
-5.74456262588501,-5.4772257804870605
-5.74456262588501,-5.4772257804870605
-5.74456262588501,-5.4772257804870605
-5.74456262588501,-5.4772257804870605
-5.74456262588501,-5.4772257804870605
-5.74456262588501,-5.4772257804870605
-5.74456262588501,-5.4772257804870605
-5.74456262588501,-5.4772257804870605
-5.74456262588501,-5.4772257804870605
-5.74456262588501,-5.4772257804870605
-5.74456262588501,-5.4772257804870605
-5.74456262588501,-5.4772257804870605
-5.74456262588501,-5.4772257804870605
-5.74456262588501,-5.4772257804870605
-5.74456262588501,-5.4772257804870605
-5.74456262588501,-5.4772257804870605
-5.74456262588501,-5.4772257804870605
-5.74456262588501,-5.4772257804870605
-5.74456262588501,-5.4772257804870605
-5.74456262588501,-5.4772257804870605
-5.74456262588501,-5.4772257804870605
-5.74456262588501,-5.4772257804870605
-5.74456262588501,-5.4772257804870605
-5.74456262588501,-5.4772257804870605
-5.74456262588501,-5.4772257804870605
-5.74456262588501,-5.4772257804870605
-5.74456262588501,-5.4772257804870605
-5.74456262588501,-5.4772257804870605
-5.74456262588501,-5.4772257804870605
-5.74456262588501,-5.4772257804870605
-5.74456262588501,-5.4772257804870605
-5.74456262588501,-5.4772257804870605
-5.74456262588501,-5.4772257804870605
-5.74456262588501,-5.4772257804870605
-5.74456262588501,-5.4772257804870605
-5.74456262588501,-5.4772257804870605
-5.74456262588501,-5.4772257804870605
-5.74456262588501,-5.4772257804870605
-5.74456262588501,-5.4772257804870605
-5.74456262588501,-5.4772257804870605
-5.74456262588501,-5.4772257804870605
-5.74456262588501,-5.4772257804870605
-5.74456262588501,-5.4772257804870605
-5.74456262588501,-5.4772257804870605
-5.74456262588501,-5.4772257804870605
-5.74456262588501,-5.4772257804870605
-5.74456262588501,-5.4772257804870605
-5.74456262588501,-5.4772257804870605
-5.74456262588501,-5.4772257804870605
-5.74456262588501,-5.4772257804870605
-5.74456262588501,-5.4772257804870605
-5.74456262588501,-5.4772257804870605
-5.74456262588501,-5.4772257804870605
-5.74456262588501,-5.4772257804870605
-5.74456262588501,-5.4772257804870605
-5.74456262588501,-5.4772257804870605
-5.74456262588501,-5.4772257804870605
-5.74456262588501,-5.4772257804870605
-5.74456262588501,-5.4772257804870605
-5.74456262588501,-5.4772257804870605
-5.74456262588501,-5.4772257804870605
-5.74456262588501,-5.4772257804870605
-5.74456262588501,-5.4772257804870605
-5.74456262588501,-5.4772257804870605
-5.74456262588501,-5.4772257804870605
-5.74456262588501,-5.4772257804870605
-5.74456262588501,-5.4772257804870605
-5.74456262588501,-5.4772257804870605
-5.74456262588501,-5.4772257804870605
-5.74456262588501,-5.4772257804870605
-5.74456262588501,-5.4772257804870605
-5.74456262588501,-5.4772257804870605
-5.74456262588501,-5.4772257804870605
-5.74456262588501,-5.4772257804870605
-5.74456262588501,-5.4772257804870605
-5.74456262588501,-5.4772257804870605
-5.74456262588501,-5.4772257804870605
-5.74456262588501,-5.4772257804870605
-5.74456262588501,-5.4772257804870605
-5.74456262588501,-5.4772257804870605
-5.74456262588501,-5.4772257804870605
-5.74456262588501,-5.4772257804870605
-5.74456262588501,-5.4772257804870605
-5.74456262588501,-5.4772257804870605
-5.74456262588501,-5.4772257804870605
-5.74456262588501,-5.4772257804870605
-5.74456262588501,-5.4772257804870605
-5.74456262588501,-5.4772257804870605
-5.74456262588501,-5.4772257804870605
-5.74456262588501,-5.4772257804870605
-5.74456262588501,-5.4772257804870605
-5.74456262588501,-5.4772257804870605
-5.74456262588501,-5.4772257804870605
-5.74456262588501,-5.4772257804870605
-5.74456262588501,-5.4772257804870605
-5.74456262588501,-5.4772257804870605
-5.74456262588501,-5.4772257804870605
-5.74456262588501,-5.4772257804870605
-5.74456262588501,-5.4772257804870605
-5.74456262588501,-5.4772257804870605
-5.74456262588501,-5.4772257804870605
-5.74456262588501,-5.4772257804870605
-5.74456262588501,-5.4772257804870605
-5.74456262588501,-5.4772257804870605
-5.74456262588501,-5.4772257804870605
-5.74456262588501,-5.4772257804870605
-5.74456262588501,-5.4772257804870605
-5.74456262588501,-5.4772257804870605
-5.74456262588501,-5.4772257804870605
-5.74456262588501,-5.4772257804870605
-5.74456262588501,-5.4772257804870605
-5.74456262588501,-5.4772257804870605
-5.74456262588501,-5.4772257804870605
-5.74456262588501,-5.4772257804870605
-5.74456262588501,-5.4772257804870605
-5.74456262588501,-5.4772257804870605
-5.74456262588501,-5.4772257804870605
-5.74456262588501,-5.4772257804870605
-5.74456262588501,-5.4772257804870605
-5.74456262588501,-5.4772257804870605
-5.74456262588501,-5.4772257804870605
-5.74456262588501,-5.4772257804870605
-5.74456262588501,-5.4772257804870605
-5.74456262588501,-5.4772257804870605
-5.74456262588501,-5.4772257804870605
-5.74456262588501,-5.4772257804870605
-5.74456262588501,-5.4772257804870605
-5.74456262588501,-5.4772257804870605
-5.74456262588501,-5.4772257804870605
-5.74456262588501,-5.4772257804870605
-5.74456262588501,-5.4772257804870605
-5.74456262588501,-5.4772257804870605
-5.74456262588501,-5.4772257804870605
-5.74456262588501,-5.4772257804870605
-5.74456262588501,-5.4772257804870605
-5.74456262588501,-5.4772257804870605
-5.74456262588501,-5.4772257804870605
-5.74456262588501,-5.4772257804870605
-5.74456262588501,-5.4772257804870605
-5.74456262588501,-5.4772257804870605
-5.74456262588501,-5.4772257804870605
-5.74456262588501,-5.4772257804870605
-5.74456262588501,-5.4772257804870605
-5.74456262588501,-5.4772257804870605
-5.74456262588501,-5.4772257804870605
-5.74456262588501,-5.4772257804870605
-5.74456262588501,-5.4772257804870605
-5.74456262588501,-5.4772257804870605
-5.74456262588501,-5.4772257804870605
-5.74456262588501,-5.4772257804870605
-5.74456262588501,-5.4772257804870605
-5.74456262588501,-5.4772257804870605
-5.74456262588501,-5.4772257804870605
-5.74456262588501,-5.4772257804870605
-5.74456262588501,-5.4772257804870605
-5.74456262588501,-5.4772257804870605
-5.74456262588501,-5.4772257804870605
-5.74456262588501,-5.4772257804870605
-5.74456262588501,-5.4772257804870605
-5.74456262588501,-5.4772257804870605
-5.74456262588501,-5.4772257804870605
-5.74456262588501,-5.4772257804870605
-5.74456262588501,-5.4772257804870605
-5.74456262588501,-5.4772257804870605
-5.74456262588501,-5.4772257804870605
-5.74456262588501,-5.4772257804870605
-5.74456262588501,-5.4772257804870605
-5.74456262588501,-5.4772257804870605
-5.74456262588501,-5.4772257804870605
-5.74456262588501,-5.4772257804870605
-5.74456262588501,-5.4772257804870605
-5.74456262588501,-5.4772257804870605
-5.74456262588501,-5.4772257804870605
-5.74456262588501,-5.4772257804870605
-5.74456262588501,-5.4772257804870605
-5.74456262588501,-5.4772257804870605
-5.74456262588501,-5.4772257804870605
-5.74456262588501,-5.4772257804870605
-5.74456262588501,-5.4772257804870605
-5.74456262588501,-5.4772257804870605
-5.74456262588501,-5.4772257804870605
-5.74456262588501,-5.4772257804870605
-5.74456262588501,-5.4772257804870605
-5.74456262588501,-5.4772257804870605
-5.74456262588501,-5.4772257804870605
-5.74456262588501,-5.4772257804870605
-5.74456262588501,-5.4772257804870605
-5.74456262588501,-5.4772257804870605
-5.74456262588501,-5.4772257804870605
-5.74456262588501,-5.4772257804870605
-5.74456262588501,-5.4772257804870605
-5.74456262588501,-5.4772257804870605
-5.74456262588501,-5.4772257804870605
-5.74456262588501,-5.4772257804870605
-5.74456262588501,-5.4772257804870605
-5.74456262588501,-5.4772257804870605
-5.74456262588501,-5.4772257804870605
-5.74456262588501,-5.4772257804870605
-5.74456262588501,-5.4772257804870605
-5.74456262588501,-5.4772257804870605
-5.74456262588501,-5.4772257804870605
-5.74456262588501,-5.4772257804870605
-5.74456262588501,-5.4772257804870605
-5.74456262588501,-5.4772257804870605
-5.74456262588501,-5.4772257804870605
-5.74456262588501,-5.4772257804870605
-5.74456262588501,-5.4772257804870605
-5.74456262588501,-5.4772257804870605
-5.74456262588501,-5.4772257804870605
-5.74456262588501,-5.4772257804870605
-5.74456262588501,-5.4772257804870605
-5.74456262588501,-5.4772257804870605
-5.74456262588501,-5.4772257804870605
-5.74456262588501,-5.4772257804870605
-5.74456262588501,-5.4772257804870605
-5.74456262588501,-5.4772257804870605
-5.74456262588501,-5.4772257804870605
-5.74456262588501,-5.4772257804870605
-5.74456262588501,-5.4772257804870605
-5.74456262588501,-5.4772257804870605
-5.74456262588501,-5.4772257804870605
-5.74456262588501,-5.4772257804870605
-5.74456262588501,-5.4772257804870605
-5.74456262588501,-5.4772257804870605
-5.74456262588501,-5.4772257804870605
-5.74456262588501,-5.4772257804870605
-5.74456262588501,-5.4772257804870605
-5.74456262588501,-5.4772257804870605
-5.74456262588501,-5.4772257804870605
-5.74456262588501,-5.4772257804870605
-5.74456262588501,-5.4772257804870605
-5.74456262588501,-5.4772257804870605
-5.74456262588501,-5.4772257804870605
-5.74456262588501,-5.4772257804870605
-5.74456262588501,-5.4772257804870605
-5.74456262588501,-5.4772257804870605
-5.74456262588501,-5.4772257804870605
-5.74456262588501,-5.4772257804870605
-5.74456262588501,-5.4772257804870605
-5.74456262588501,-5.4772257804870605
-5.74456262588501,-5.4772257804870605
-5.74456262588501,-5.4772257804870605
-5.74456262588501,-5.4772257804870605
-5.74456262588501,-5.4772257804870605
-5.74456262588501,-5.4772257804870605
-5.74456262588501,-5.4772257804870605
-5.74456262588501,-5.4772257804870605
-5.74456262588501,-5.4772257804870605
-5.74456262588501,-5.4772257804870605
-5.74456262588501,-5.4772257804870605
-5.74456262588501,-5.4772257804870605
-5.74456262588501,-5.4772257804870605
-5.74456262588501,-5.4772257804870605
-5.74456262588501,-5.4772257804870605
-5.74456262588501,-5.4772257804870605
-5.74456262588501,-5.4772257804870605
-5.74456262588501,-5.4772257804870605
-5.74456262588501,-5.4772257804870605
-5.74456262588501,-5.4772257804870605
-5.74456262588501,-5.4772257804870605
-5.74456262588501,-5.4772257804870605
-5.74456262588501,-5.4772257804870605
-5.74456262588501,-5.4772257804870605
-5.74456262588501,-5.4772257804870605
-5.74456262588501,-5.4772257804870605
-5.74456262588501,-5.4772257804870605
-5.74456262588501,-5.4772257804870605
-5.74456262588501,-5.4772257804870605
-5.74456262588501,-5.4772257804870605
-5.74456262588501,-5.4772257804870605
-5.74456262588501,-5.4772257804870605
-5.74456262588501,-5.4772257804870605
-5.74456262588501,-5.4772257804870605
-5.74456262588501,-5.4772257804870605
-5.74456262588501,-5.4772257804870605
-5.74456262588501,-5.4772257804870605
-5.74456262588501,-5.4772257804870605
-5.74456262588501,-5.4772257804870605
-5.74456262588501,-5.4772257804870605
-5.74456262588501,-5.4772257804870605
-5.74456262588501,-5.4772257804870605
-5.74456262588501,-5.4772257804870605
-5.74456262588501,-5.4772257804870605
-5.74456262588501,-5.4772257804870605
-5.74456262588501,-5.4772257804870605
-5.74456262588501,-5.4772257804870605
-5.74456262588501,-5.4772257804870605
-5.74456262588501,-5.4772257804870605
-5.74456262588501,-5.4772257804870605
-5.74456262588501,-5.4772257804870605
-5.74456262588501,-5.4772257804870605
-5.74456262588501,-5.4772257804870605
-5.74456262588501,-5.4772257804870605
-5.74456262588501,-5.4772257804870605
-5.74456262588501,-5.4772257804870605
-5.74456262588501,-5.4772257804870605
-5.74456262588501,-5.4772257804870605
-5.74456262588501,-5.4772257804870605
-5.74456262588501,-5.4772257804870605
-5.74456262588501,-5.4772257804870605
-5.74456262588501,-5.4772257804870605
-5.74456262588501,-5.4772257804870605
-5.74456262588501,-5.4772257804870605
-5.74456262588501,-5.4772257804870605
-5.74456262588501,-5.4772257804870605
-5.74456262588501,-5.4772257804870605
-5.74456262588501,-5.4772257804870605
-5.74456262588501,-5.4772257804870605
-5.74456262588501,-5.4772257804870605
-5.74456262588501,-5.4772257804870605
-5.74456262588501,-5.4772257804870605
-5.74456262588501,-5.4772257804870605
-5.74456262588501,-5.4772257804870605
-5.74456262588501,-5.4772257804870605
-5.74456262588501,-5.4772257804870605
-5.74456262588501,-5.4772257804870605
-5.74456262588501,-5.4772257804870605
-5.74456262588501,-5.4772257804870605
-5.74456262588501,-5.4772257804870605
-5.74456262588501,-5.4772257804870605
-5.74456262588501,-5.4772257804870605
-5.74456262588501,-5.4772257804870605
-5.74456262588501,-5.4772257804870605
-5.74456262588501,-5.4772257804870605
-5.74456262588501,-5.4772257804870605
-5.74456262588501,-5.4772257804870605
-5.74456262588501,-5.4772257804870605
-5.74456262588501,-5.4772257804870605
-5.74456262588501,-5.4772257804870605
-5.74456262588501,-5.4772257804870605
-5.74456262588501,-5.4772257804870605
-5.74456262588501,-5.4772257804870605
-5.74456262588501,-5.4772257804870605
-5.74456262588501,-5.4772257804870605
-5.74456262588501,-5.4772257804870605
-5.74456262588501,-5.4772257804870605
-5.74456262588501,-5.4772257804870605
-5.74456262588501,-5.4772257804870605
-5.74456262588501,-5.4772257804870605
-5.74456262588501,-5.4772257804870605
-5.74456262588501,-5.4772257804870605
-5.74456262588501,-5.4772257804870605
-5.74456262588501,-5.4772257804870605
-5.74456262588501,-5.4772257804870605
-5.74456262588501,-5.4772257804870605
-5.74456262588501,-5.4772257804870605
-5.74456262588501,-5.4772257804870605
-5.74456262588501,-5.4772257804870605
-5.74456262588501,-5.4772257804870605
-5.74456262588501,-5.4772257804870605
-5.74456262588501,-5.4772257804870605
-5.74456262588501,-5.4772257804870605
-5.74456262588501,-5.4772257804870605
-5.74456262588501,-5.4772257804870605
-5.74456262588501,-5.4772257804870605
-5.74456262588501,-5.4772257804870605
-5.74456262588501,-5.4772257804870605
-5.74456262588501,-5.4772257804870605
-5.74456262588501,-5.4772257804870605
-5.74456262588501,-5.4772257804870605
-5.74456262588501,-5.4772257804870605
-5.74456262588501,-5.4772257804870605
-5.74456262588501,-5.4772257804870605
-5.74456262588501,-5.4772257804870605
-5.74456262588501,-5.4772257804870605
-5.74456262588501,-5.4772257804870605
-5.74456262588501,-5.4772257804870605
-5.74456262588501,-5.4772257804870605
-5.74456262588501,-5.4772257804870605
-5.74456262588501,-5.4772257804870605
-5.74456262588501,-5.4772257804870605
-5.74456262588501,-5.4772257804870605
-5.74456262588501,-5.4772257804870605
-5.74456262588501,-5.4772257804870605
-5.74456262588501,-5.4772257804870605
-5.74456262588501,-5.4772257804870605
-5.74456262588501,-5.4772257804870605
-5.74456262588501,-5.4772257804870605
-5.74456262588501,-5.4772257804870605
-5.74456262588501,-5.4772257804870605
-5.74456262588501,-5.4772257804870605
-5.74456262588501,-5.4772257804870605
-5.74456262588501,-5.4772257804870605
-5.74456262588501,-5.4772257804870605
-5.74456262588501,-5.4772257804870605
-5.74456262588501,-5.4772257804870605
-5.74456262588501,-5.4772257804870605
-5.74456262588501,-5.4772257804870605
-5.74456262588501,-5.4772257804870605
-5.74456262588501,-5.4772257804870605
-5.74456262588501,-5.4772257804870605
-5.74456262588501,-5.4772257804870605
-5.74456262588501,-5.4772257804870605
-5.74456262588501,-5.4772257804870605
-5.74456262588501,-5.4772257804870605
-5.74456262588501,-5.4772257804870605
-5.74456262588501,-5.4772257804870605
-5.74456262588501,-5.4772257804870605
-5.74456262588501,-5.4772257804870605
-5.74456262588501,-5.4772257804870605
-5.74456262588501,-5.4772257804870605
-5.74456262588501,-5.4772257804870605
-5.74456262588501,-5.4772257804870605
-5.74456262588501,-5.4772257804870605
-5.74456262588501,-5.4772257804870605
-5.74456262588501,-5.4772257804870605
-5.74456262588501,-5.4772257804870605
-5.74456262588501,-5.4772257804870605
-5.74456262588501,-5.4772257804870605
-5.74456262588501,-5.4772257804870605
-5.74456262588501,-5.4772257804870605
-5.74456262588501,-5.4772257804870605
-5.74456262588501,-5.4772257804870605
-5.74456262588501,-5.4772257804870605
-5.74456262588501,-5.4772257804870605
-5.74456262588501,-5.4772257804870605
-5.74456262588501,-5.4772257804870605
-5.74456262588501,-5.4772257804870605
-5.74456262588501,-5.4772257804870605
-5.74456262588501,-5.4772257804870605
-5.74456262588501,-5.4772257804870605
-5.74456262588501,-5.4772257804870605
-5.74456262588501,-5.4772257804870605
-5.74456262588501,-5.4772257804870605
-5.74456262588501,-5.4772257804870605
-5.74456262588501,-5.4772257804870605
-5.74456262588501,-5.4772257804870605
-5.74456262588501,-5.4772257804870605
-5.74456262588501,-5.4772257804870605
-5.74456262588501,-5.4772257804870605
-5.74456262588501,-5.4772257804870605
-5.74456262588501,-5.4772257804870605
-5.74456262588501,-5.4772257804870605
-5.74456262588501,-5.4772257804870605
-5.74456262588501,-5.4772257804870605
-5.74456262588501,-5.4772257804870605
-5.74456262588501,-5.4772257804870605
-5.74456262588501,-5.4772257804870605
-5.74456262588501,-5.4772257804870605
-5.74456262588501,-5.4772257804870605
-5.74456262588501,-5.4772257804870605
-5.74456262588501,-5.4772257804870605
-5.74456262588501,-5.4772257804870605
-5.74456262588501,-5.4772257804870605
-5.74456262588501,-5.4772257804870605
-5.74456262588501,-5.4772257804870605
-5.74456262588501,-5.4772257804870605
-5.74456262588501,-5.4772257804870605
-5.74456262588501,-5.4772257804870605
-5.74456262588501,-5.4772257804870605
-5.74456262588501,-5.4772257804870605
-5.74456262588501,-5.4772257804870605
-5.74456262588501,-5.4772257804870605
-5.74456262588501,-5.4772257804870605
-5.74456262588501,-5.4772257804870605
-5.74456262588501,-5.4772257804870605
-5.74456262588501,-5.4772257804870605
-5.74456262588501,-5.4772257804870605
-5.74456262588501,-5.4772257804870605
-5.74456262588501,-5.4772257804870605
-5.74456262588501,-5.4772257804870605
-5.74456262588501,-5.4772257804870605
-5.74456262588501,-5.4772257804870605
-5.74456262588501,-5.4772257804870605
-5.74456262588501,-5.4772257804870605
-5.74456262588501,-5.4772257804870605
-5.74456262588501,-5.4772257804870605
-5.74456262588501,-5.4772257804870605
-5.74456262588501,-5.4772257804870605
-5.74456262588501,-5.4772257804870605
-5.74456262588501,-5.4772257804870605
-5.74456262588501,-5.4772257804870605
-5.74456262588501,-5.4772257804870605
-5.74456262588501,-5.4772257804870605
-5.74456262588501,-5.4772257804870605
-5.74456262588501,-5.4772257804870605
-5.74456262588501,-5.4772257804870605
-5.74456262588501,-5.4772257804870605
-5.74456262588501,-5.4772257804870605
-5.74456262588501,-5.4772257804870605
-5.74456262588501,-5.4772257804870605
-5.74456262588501,-5.4772257804870605
-5.74456262588501,-5.4772257804870605
-5.74456262588501,-5.4772257804870605
-5.74456262588501,-5.4772257804870605
-5.74456262588501,-5.4772257804870605
-5.74456262588501,-5.4772257804870605
-5.74456262588501,-5.4772257804870605
-5.74456262588501,-5.4772257804870605
-5.74456262588501,-5.4772257804870605
-5.74456262588501,-5.4772257804870605
-5.74456262588501,-5.4772257804870605
-5.74456262588501,-5.4772257804870605
-5.74456262588501,-5.4772257804870605
-5.74456262588501,-5.4772257804870605
-5.74456262588501,-5.4772257804870605
-5.74456262588501,-5.4772257804870605
-5.74456262588501,-5.4772257804870605
-5.74456262588501,-5.4772257804870605
-5.74456262588501,-5.4772257804870605
-5.74456262588501,-5.4772257804870605
-5.74456262588501,-5.4772257804870605
-5.74456262588501,-5.4772257804870605
-5.74456262588501,-5.4772257804870605
-5.74456262588501,-5.4772257804870605
-5.74456262588501,-5.4772257804870605
-5.74456262588501,-5.4772257804870605
-5.74456262588501,-5.4772257804870605
-5.74456262588501,-5.4772257804870605
-5.74456262588501,-5.4772257804870605
-5.74456262588501,-5.4772257804870605
-5.74456262588501,-5.4772257804870605
-5.74456262588501,-5.4772257804870605
-5.74456262588501,-5.4772257804870605
-5.74456262588501,-5.4772257804870605
-5.74456262588501,-5.4772257804870605
-5.74456262588501,-5.4772257804870605
-5.74456262588501,-5.4772257804870605
-5.74456262588501,-5.4772257804870605
-5.74456262588501,-5.4772257804870605
-5.74456262588501,-5.4772257804870605
-5.74456262588501,-5.4772257804870605
-5.74456262588501,-5.4772257804870605
-5.74456262588501,-5.4772257804870605
-5.74456262588501,-5.4772257804870605
-5.74456262588501,-5.4772257804870605
-5.74456262588501,-5.4772257804870605
-5.74456262588501,-5.4772257804870605
-5.74456262588501,-5.4772257804870605
-5.74456262588501,-5.4772257804870605
-5.74456262588501,-5.4772257804870605
-5.74456262588501,-5.4772257804870605
-5.74456262588501,-5.4772257804870605
-5.74456262588501,-5.4772257804870605
-5.74456262588501,-5.4772257804870605
-5.74456262588501,-5.4772257804870605
-5.74456262588501,-5.4772257804870605
-5.74456262588501,-5.4772257804870605
-5.74456262588501,-5.4772257804870605
-5.74456262588501,-5.4772257804870605
-5.74456262588501,-5.4772257804870605
-5.74456262588501,-5.4772257804870605
-5.74456262588501,-5.4772257804870605
-5.74456262588501,-5.4772257804870605
-5.74456262588501,-5.4772257804870605
-5.74456262588501,-5.4772257804870605
-5.74456262588501,-5.4772257804870605
-5.74456262588501,-5.4772257804870605
-5.74456262588501,-5.4772257804870605
-5.74456262588501,-5.4772257804870605
-5.74456262588501,-5.4772257804870605
-5.74456262588501,-5.4772257804870605
-5.74456262588501,-5.4772257804870605
-5.74456262588501,-5.4772257804870605
-5.74456262588501,-5.4772257804870605
-5.74456262588501,-5.4772257804870605
-5.74456262588501,-5.4772257804870605
-5.74456262588501,-5.4772257804870605
-5.74456262588501,-5.4772257804870605
-5.74456262588501,-5.4772257804870605
-5.74456262588501,-5.4772257804870605
-5.74456262588501,-5.4772257804870605
-5.74456262588501,-5.4772257804870605
-5.74456262588501,-5.4772257804870605
-5.74456262588501,-5.4772257804870605
-5.74456262588501,-5.4772257804870605
-5.74456262588501,-5.4772257804870605
-5.74456262588501,-5.4772257804870605
-5.74456262588501,-5.4772257804870605
-5.74456262588501,-5.4772257804870605
-5.74456262588501,-5.4772257804870605
-5.74456262588501,-5.4772257804870605
-5.74456262588501,-5.4772257804870605
-5.74456262588501,-5.4772257804870605
-5.74456262588501,-5.4772257804870605
-5.74456262588501,-5.4772257804870605
-5.74456262588501,-5.4772257804870605
-5.74456262588501,-5.4772257804870605
-5.74456262588501,-5.4772257804870605
-5.74456262588501,-5.4772257804870605
-5.74456262588501,-5.4772257804870605
-5.74456262588501,-5.4772257804870605
-5.74456262588501,-5.4772257804870605
-5.74456262588501,-5.4772257804870605
-5.74456262588501,-5.4772257804870605
-5.74456262588501,-5.4772257804870605
-5.74456262588501,-5.4772257804870605
-5.74456262588501,-5.4772257804870605
-5.74456262588501,-5.4772257804870605
-5.74456262588501,-5.4772257804870605
-5.74456262588501,-5.4772257804870605
-5.74456262588501,-5.4772257804870605
-5.74456262588501,-5.4772257804870605
-5.74456262588501,-5.4772257804870605
-5.74456262588501,-5.4772257804870605
-5.74456262588501,-5.4772257804870605
-5.74456262588501,-5.4772257804870605
-5.74456262588501,-5.4772257804870605
-5.74456262588501,-5.4772257804870605
-5.74456262588501,-5.4772257804870605
-5.74456262588501,-5.4772257804870605
-5.74456262588501,-5.4772257804870605
-5.74456262588501,-5.4772257804870605
-5.74456262588501,-5.4772257804870605
-5.74456262588501,-5.4772257804870605
-5.74456262588501,-5.4772257804870605
-5.74456262588501,-5.4772257804870605
-5.74456262588501,-5.4772257804870605
-5.74456262588501,-5.4772257804870605
-5.74456262588501,-5.4772257804870605
-5.74456262588501,-5.4772257804870605
-5.74456262588501,-5.4772257804870605
-5.74456262588501,-5.4772257804870605
-5.74456262588501,-5.4772257804870605
-5.74456262588501,-5.4772257804870605
-5.74456262588501,-5.4772257804870605
-5.74456262588501,-5.4772257804870605
-5.74456262588501,-5.4772257804870605
-5.74456262588501,-5.4772257804870605
-5.74456262588501,-5.4772257804870605
-5.74456262588501,-5.4772257804870605
-5.74456262588501,-5.4772257804870605
-5.74456262588501,-5.4772257804870605
-5.74456262588501,-5.4772257804870605
-5.74456262588501,-5.4772257804870605
-5.74456262588501,-5.4772257804870605
-5.74456262588501,-5.4772257804870605
-5.74456262588501,-5.4772257804870605
-5.74456262588501,-5.4772257804870605
-5.74456262588501,-5.4772257804870605
-5.74456262588501,-5.4772257804870605
-5.74456262588501,-5.4772257804870605
-5.74456262588501,-5.4772257804870605
-5.74456262588501,-5.4772257804870605
-5.74456262588501,-5.4772257804870605
-5.74456262588501,-5.4772257804870605
-5.74456262588501,-5.4772257804870605
-5.74456262588501,-5.4772257804870605
-5.74456262588501,-5.4772257804870605
-5.74456262588501,-5.4772257804870605
-5.74456262588501,-5.4772257804870605
-5.74456262588501,-5.4772257804870605
-5.74456262588501,-5.4772257804870605
-5.74456262588501,-5.4772257804870605
-5.74456262588501,-5.4772257804870605
-5.74456262588501,-5.4772257804870605
-5.74456262588501,-5.4772257804870605
-5.74456262588501,-5.4772257804870605
-5.74456262588501,-5.4772257804870605
-5.74456262588501,-5.4772257804870605
-5.74456262588501,-5.4772257804870605
-5.74456262588501,-5.4772257804870605
-5.74456262588501,-5.4772257804870605
-5.74456262588501,-5.4772257804870605
-5.74456262588501,-5.4772257804870605
-5.74456262588501,-5.4772257804870605
-5.74456262588501,-5.4772257804870605
-5.74456262588501,-5.4772257804870605
-5.74456262588501,-5.4772257804870605
-5.74456262588501,-5.4772257804870605
-5.74456262588501,-5.4772257804870605
-5.74456262588501,-5.4772257804870605
-5.74456262588501,-5.4772257804870605
-5.74456262588501,-5.4772257804870605
-5.74456262588501,-5.4772257804870605
-5.74456262588501,-5.4772257804870605
-5.74456262588501,-5.4772257804870605
-5.74456262588501,-5.4772257804870605
-5.74456262588501,-5.4772257804870605
-5.74456262588501,-5.4772257804870605
-5.74456262588501,-5.4772257804870605
-5.74456262588501,-5.4772257804870605
-5.74456262588501,-5.4772257804870605
-5.74456262588501,-5.4772257804870605
-5.74456262588501,-5.4772257804870605
-5.74456262588501,-5.4772257804870605
-5.74456262588501,-5.4772257804870605
-5.74456262588501,-5.4772257804870605
-5.74456262588501,-5.4772257804870605
-5.74456262588501,-5.4772257804870605
-5.74456262588501,-5.4772257804870605
-5.74456262588501,-5.4772257804870605
-5.74456262588501,-5.4772257804870605
-5.74456262588501,-5.4772257804870605
-5.74456262588501,-5.4772257804870605
-5.74456262588501,-5.4772257804870605
-5.74456262588501,-5.4772257804870605
-5.74456262588501,-5.4772257804870605
-5.74456262588501,-5.4772257804870605
-5.74456262588501,-5.4772257804870605
-5.74456262588501,-5.4772257804870605
-5.74456262588501,-5.4772257804870605
-5.74456262588501,-5.4772257804870605
-5.74456262588501,-5.4772257804870605
-5.74456262588501,-5.4772257804870605
-5.74456262588501,-5.4772257804870605
-5.74456262588501,-5.4772257804870605
-5.74456262588501,-5.4772257804870605
-5.74456262588501,-5.4772257804870605
-5.74456262588501,-5.4772257804870605
-5.74456262588501,-5.4772257804870605
-5.74456262588501,-5.4772257804870605
-5.74456262588501,-5.4772257804870605
-5.74456262588501,-5.4772257804870605
-5.74456262588501,-5.4772257804870605
-5.74456262588501,-5.4772257804870605
-5.74456262588501,-5.4772257804870605
-5.74456262588501,-5.4772257804870605
-5.74456262588501,-5.4772257804870605
-5.74456262588501,-5.4772257804870605
-5.74456262588501,-5.4772257804870605
-5.74456262588501,-5.4772257804870605
-5.74456262588501,-5.4772257804870605
-5.74456262588501,-5.4772257804870605
-5.74456262588501,-5.4772257804870605
-5.74456262588501,-5.4772257804870605
-5.74456262588501,-5.4772257804870605
-5.74456262588501,-5.4772257804870605
-5.74456262588501,-5.4772257804870605
-5.74456262588501,-5.4772257804870605
-5.74456262588501,-5.4772257804870605
-5.74456262588501,-5.4772257804870605
-5.74456262588501,-5.4772257804870605
-5.74456262588501,-5.4772257804870605
-5.74456262588501,-5.4772257804870605
-5.74456262588501,-5.4772257804870605
-5.74456262588501,-5.4772257804870605
-5.74456262588501,-5.4772257804870605
-5.74456262588501,-5.4772257804870605
-5.74456262588501,-5.4772257804870605
-5.74456262588501,-5.4772257804870605
-5.74456262588501,-5.4772257804870605
-5.74456262588501,-5.4772257804870605
-5.74456262588501,-5.4772257804870605
-5.74456262588501,-5.4772257804870605
-5.74456262588501,-5.4772257804870605
-5.74456262588501,-5.4772257804870605
-5.74456262588501,-5.4772257804870605
-5.74456262588501,-5.4772257804870605
-5.74456262588501,-5.4772257804870605
-5.74456262588501,-5.4772257804870605
-5.74456262588501,-5.4772257804870605
-5.74456262588501,-5.4772257804870605
-5.74456262588501,-5.4772257804870605
-5.74456262588501,-5.4772257804870605
-5.74456262588501,-5.4772257804870605
-5.74456262588501,-5.4772257804870605
-5.74456262588501,-5.4772257804870605
-5.74456262588501,-5.4772257804870605
-5.74456262588501,-5.4772257804870605
-5.74456262588501,-5.4772257804870605
-5.74456262588501,-5.4772257804870605
-5.74456262588501,-5.4772257804870605
-5.74456262588501,-5.4772257804870605
-5.74456262588501,-5.4772257804870605
-5.74456262588501,-5.4772257804870605
-5.74456262588501,-5.4772257804870605
-5.74456262588501,-5.4772257804870605
-5.74456262588501,-5.4772257804870605
-5.74456262588501,-5.4772257804870605
-5.74456262588501,-5.4772257804870605
-5.74456262588501,-5.4772257804870605
-5.74456262588501,-5.4772257804870605
-5.74456262588501,-5.4772257804870605
-5.74456262588501,-5.4772257804870605
-5.74456262588501,-5.4772257804870605
-5.74456262588501,-5.4772257804870605
-5.74456262588501,-5.4772257804870605
-5.74456262588501,-5.4772257804870605
-5.74456262588501,-5.4772257804870605
-5.74456262588501,-5.4772257804870605
-5.74456262588501,-5.4772257804870605
-5.74456262588501,-5.4772257804870605
-5.74456262588501,-5.4772257804870605
-5.74456262588501,-5.4772257804870605
-5.74456262588501,-5.4772257804870605
-5.74456262588501,-5.4772257804870605
-5.74456262588501,-5.4772257804870605
-5.74456262588501,-5.4772257804870605
-5.74456262588501,-5.4772257804870605
-5.74456262588501,-5.4772257804870605
-5.74456262588501,-5.4772257804870605
-5.74456262588501,-5.4772257804870605
-5.74456262588501,-5.4772257804870605
-5.74456262588501,-5.4772257804870605
-5.74456262588501,-5.4772257804870605
-5.74456262588501,-5.4772257804870605
-5.74456262588501,-5.4772257804870605
-5.74456262588501,-5.4772257804870605
-5.74456262588501,-5.4772257804870605
-5.74456262588501,-5.4772257804870605
-5.74456262588501,-5.4772257804870605
-5.74456262588501,-5.4772257804870605
-5.74456262588501,-5.4772257804870605
-5.74456262588501,-5.4772257804870605
-5.74456262588501,-5.4772257804870605
-5.74456262588501,-5.4772257804870605
-5.74456262588501,-5.4772257804870605
-5.74456262588501,-5.4772257804870605
-5.74456262588501,-5.4772257804870605
-5.74456262588501,-5.4772257804870605
-5.74456262588501,-5.4772257804870605
-5.74456262588501,-5.4772257804870605
-5.74456262588501,-5.4772257804870605
-5.74456262588501,-5.4772257804870605
-5.74456262588501,-5.4772257804870605
-5.74456262588501,-5.4772257804870605
-5.74456262588501,-5.4772257804870605
-5.74456262588501,-5.4772257804870605
-5.74456262588501,-5.4772257804870605
-5.74456262588501,-5.4772257804870605
-5.74456262588501,-5.4772257804870605
-5.74456262588501,-5.4772257804870605
-5.74456262588501,-5.4772257804870605
-5.74456262588501,-5.4772257804870605
-5.74456262588501,-5.4772257804870605
-5.74456262588501,-5.4772257804870605
-5.74456262588501,-5.4772257804870605
-5.74456262588501,-5.4772257804870605
-5.74456262588501,-5.4772257804870605
-5.74456262588501,-5.4772257804870605
-5.74456262588501,-5.4772257804870605
-5.74456262588501,-5.4772257804870605
-5.74456262588501,-5.4772257804870605
-5.74456262588501,-5.4772257804870605
-5.74456262588501,-5.4772257804870605
-5.74456262588501,-5.4772257804870605
-5.74456262588501,-5.4772257804870605
-5.74456262588501,-5.4772257804870605
-5.74456262588501,-5.4772257804870605
-5.74456262588501,-5.4772257804870605
-5.74456262588501,-5.4772257804870605
-5.74456262588501,-5.4772257804870605
-5.74456262588501,-5.4772257804870605
-5.74456262588501,-5.4772257804870605
-5.74456262588501,-5.4772257804870605
-5.74456262588501,-5.4772257804870605
-5.74456262588501,-5.4772257804870605
-5.74456262588501,-5.4772257804870605
-5.74456262588501,-5.4772257804870605
-5.74456262588501,-5.4772257804870605
-5.74456262588501,-5.4772257804870605
-5.74456262588501,-5.4772257804870605
-5.74456262588501,-5.4772257804870605
-5.74456262588501,-5.4772257804870605
-5.74456262588501,-5.4772257804870605
-5.74456262588501,-5.4772257804870605
-5.74456262588501,-5.4772257804870605
-5.74456262588501,-5.4772257804870605
-5.74456262588501,-5.4772257804870605
-5.74456262588501,-5.4772257804870605
-5.74456262588501,-5.4772257804870605
-5.74456262588501,-5.4772257804870605
-5.74456262588501,-5.4772257804870605
-5.74456262588501,-5.4772257804870605
-5.74456262588501,-5.4772257804870605
-5.74456262588501,-5.4772257804870605
-5.74456262588501,-5.4772257804870605
-5.74456262588501,-5.4772257804870605
-5.74456262588501,-5.4772257804870605
-5.74456262588501,-5.4772257804870605
-5.74456262588501,-5.4772257804870605
-5.74456262588501,-5.4772257804870605
-5.74456262588501,-5.4772257804870605
-5.74456262588501,-5.4772257804870605
-5.74456262588501,-5.4772257804870605
-5.74456262588501,-5.4772257804870605
-5.74456262588501,-5.4772257804870605
-5.74456262588501,-5.4772257804870605
-5.74456262588501,-5.4772257804870605
-5.74456262588501,-5.4772257804870605
-5.74456262588501,-5.4772257804870605
-5.74456262588501,-5.4772257804870605
-5.74456262588501,-5.4772257804870605
-5.74456262588501,-5.4772257804870605
-5.74456262588501,-5.4772257804870605
-5.74456262588501,-5.4772257804870605
-5.74456262588501,-5.4772257804870605
-5.74456262588501,-5.4772257804870605
-5.74456262588501,-5.4772257804870605
-5.74456262588501,-5.4772257804870605
-5.74456262588501,-5.4772257804870605
-5.74456262588501,-5.4772257804870605
-5.74456262588501,-5.4772257804870605
-5.74456262588501,-5.4772257804870605
-5.74456262588501,-5.4772257804870605
-5.74456262588501,-5.4772257804870605
-5.74456262588501,-5.4772257804870605
-5.74456262588501,-5.4772257804870605
-5.74456262588501,-5.4772257804870605
-5.74456262588501,-5.4772257804870605
-5.74456262588501,-5.4772257804870605
-5.74456262588501,-5.4772257804870605
-5.74456262588501,-5.4772257804870605
-5.74456262588501,-5.4772257804870605
-5.74456262588501,-5.4772257804870605
-5.74456262588501,-5.4772257804870605
-5.74456262588501,-5.4772257804870605
-5.74456262588501,-5.4772257804870605
-5.74456262588501,-5.4772257804870605
-5.74456262588501,-5.4772257804870605
-5.74456262588501,-5.4772257804870605
-5.74456262588501,-5.4772257804870605
-5.74456262588501,-5.4772257804870605
-5.74456262588501,-5.4772257804870605
-5.74456262588501,-5.4772257804870605
-5.74456262588501,-5.4772257804870605
-5.74456262588501,-5.4772257804870605
-5.74456262588501,-5.4772257804870605
-5.74456262588501,-5.4772257804870605
-5.74456262588501,-5.4772257804870605
-5.74456262588501,-5.4772257804870605
-5.74456262588501,-5.4772257804870605
-5.74456262588501,-5.4772257804870605
-5.74456262588501,-5.4772257804870605
-5.74456262588501,-5.4772257804870605
-5.74456262588501,-5.4772257804870605
-5.74456262588501,-5.4772257804870605
-5.74456262588501,-5.4772257804870605
-5.74456262588501,-5.4772257804870605
-5.74456262588501,-5.4772257804870605
-5.74456262588501,-5.4772257804870605
-5.74456262588501,-5.4772257804870605
-5.74456262588501,-5.4772257804870605
-5.74456262588501,-5.4772257804870605
-5.74456262588501,-5.4772257804870605
-5.74456262588501,-5.4772257804870605
-5.74456262588501,-5.4772257804870605
-5.74456262588501,-5.4772257804870605
-5.74456262588501,-5.4772257804870605
-5.74456262588501,-5.4772257804870605
-5.74456262588501,-5.4772257804870605
-5.74456262588501,-5.4772257804870605
-5.74456262588501,-5.4772257804870605
-5.74456262588501,-5.4772257804870605
-5.74456262588501,-5.4772257804870605
-5.74456262588501,-5.4772257804870605
-5.74456262588501,-5.4772257804870605
-5.74456262588501,-5.4772257804870605
-5.74456262588501,-5.4772257804870605
-5.74456262588501,-5.4772257804870605
-5.74456262588501,-5.4772257804870605
-5.74456262588501,-5.4772257804870605
-5.74456262588501,-5.4772257804870605
-5.74456262588501,-5.4772257804870605
-5.74456262588501,-5.4772257804870605
-5.74456262588501,-5.4772257804870605
-5.74456262588501,-5.4772257804870605
-5.74456262588501,-5.4772257804870605
-5.74456262588501,-5.4772257804870605
-5.74456262588501,-5.4772257804870605
-5.74456262588501,-5.4772257804870605
-5.74456262588501,-5.4772257804870605
-5.74456262588501,-5.4772257804870605
-5.74456262588501,-5.4772257804870605
-5.74456262588501,-5.4772257804870605
-5.74456262588501,-5.4772257804870605
-5.74456262588501,-5.4772257804870605
-5.74456262588501,-5.4772257804870605
-5.74456262588501,-5.4772257804870605
-5.74456262588501,-5.4772257804870605
-5.74456262588501,-5.4772257804870605
-5.74456262588501,-5.4772257804870605
-5.74456262588501,-5.4772257804870605
-5.74456262588501,-5.4772257804870605
-5.74456262588501,-5.4772257804870605
-5.74456262588501,-5.4772257804870605
-5.74456262588501,-5.4772257804870605
-5.74456262588501,-5.4772257804870605
-5.74456262588501,-5.4772257804870605
-5.74456262588501,-5.4772257804870605
-5.74456262588501,-5.4772257804870605
-5.74456262588501,-5.4772257804870605
-5.74456262588501,-5.4772257804870605
-5.74456262588501,-5.4772257804870605
-5.74456262588501,-5.4772257804870605
-5.74456262588501,-5.4772257804870605
-5.74456262588501,-5.4772257804870605
-5.74456262588501,-5.4772257804870605
-5.74456262588501,-5.4772257804870605
-5.74456262588501,-5.4772257804870605
-5.74456262588501,-5.4772257804870605
-5.74456262588501,-5.4772257804870605
-5.74456262588501,-5.4772257804870605
-5.74456262588501,-5.4772257804870605
-5.74456262588501,-5.4772257804870605
-5.74456262588501,-5.4772257804870605
-5.74456262588501,-5.4772257804870605
-5.74456262588501,-5.4772257804870605
-5.74456262588501,-5.4772257804870605
-5.74456262588501,-5.4772257804870605
-5.74456262588501,-5.4772257804870605
-5.74456262588501,-5.4772257804870605
-5.74456262588501,-5.4772257804870605
-5.74456262588501,-5.4772257804870605
-5.74456262588501,-5.4772257804870605
-5.74456262588501,-5.4772257804870605
-5.74456262588501,-5.4772257804870605
-5.74456262588501,-5.4772257804870605
-5.74456262588501,-5.4772257804870605
-5.74456262588501,-5.4772257804870605
-5.74456262588501,-5.4772257804870605
-5.74456262588501,-5.4772257804870605
-5.74456262588501,-5.4772257804870605
-5.74456262588501,-5.4772257804870605
-5.74456262588501,-5.4772257804870605
-5.74456262588501,-5.4772257804870605
-5.74456262588501,-5.4772257804870605
-5.74456262588501,-5.4772257804870605
-5.74456262588501,-5.4772257804870605
-5.74456262588501,-5.4772257804870605
-5.74456262588501,-5.4772257804870605
-5.74456262588501,-5.4772257804870605
-5.74456262588501,-5.4772257804870605
-5.74456262588501,-5.4772257804870605
-5.74456262588501,-5.4772257804870605
-5.74456262588501,-5.4772257804870605
-5.74456262588501,-5.4772257804870605
-5.74456262588501,-5.4772257804870605
-5.74456262588501,-5.4772257804870605
-5.74456262588501,-5.4772257804870605
-5.74456262588501,-5.4772257804870605
-5.74456262588501,-5.4772257804870605
-5.74456262588501,-5.4772257804870605
-5.74456262588501,-5.4772257804870605
-5.74456262588501,-5.4772257804870605
-5.74456262588501,-5.4772257804870605
-5.74456262588501,-5.4772257804870605
-5.74456262588501,-5.4772257804870605
-5.74456262588501,-5.4772257804870605
-5.74456262588501,-5.4772257804870605
-5.74456262588501,-5.4772257804870605
-5.74456262588501,-5.4772257804870605
-5.74456262588501,-5.4772257804870605
-5.74456262588501,-5.4772257804870605
-5.74456262588501,-5.4772257804870605
-5.74456262588501,-5.4772257804870605
-5.74456262588501,-5.4772257804870605
-5.74456262588501,-5.4772257804870605
-5.74456262588501,-5.4772257804870605
-5.74456262588501,-5.4772257804870605
-5.74456262588501,-5.4772257804870605
-5.74456262588501,-5.4772257804870605
-5.74456262588501,-5.4772257804870605
-5.74456262588501,-5.4772257804870605
-5.74456262588501,-5.4772257804870605
-5.74456262588501,-5.4772257804870605
-5.74456262588501,-5.4772257804870605
-5.74456262588501,-5.4772257804870605
-5.74456262588501,-5.4772257804870605
-5.74456262588501,-5.4772257804870605
-5.74456262588501,-5.4772257804870605
-5.74456262588501,-5.4772257804870605
-5.74456262588501,-5.4772257804870605
-5.74456262588501,-5.4772257804870605
-5.74456262588501,-5.4772257804870605
-5.74456262588501,-5.4772257804870605
-5.74456262588501,-5.4772257804870605
-5.74456262588501,-5.4772257804870605
-5.74456262588501,-5.4772257804870605
-5.74456262588501,-5.4772257804870605
-5.74456262588501,-5.4772257804870605
-5.74456262588501,-5.4772257804870605
-5.74456262588501,-5.4772257804870605
-5.74456262588501,-5.4772257804870605
-5.74456262588501,-5.4772257804870605
-5.74456262588501,-5.4772257804870605
-5.74456262588501,-5.4772257804870605
-5.74456262588501,-5.4772257804870605
-5.74456262588501,-5.4772257804870605
-5.74456262588501,-5.4772257804870605
-5.74456262588501,-5.4772257804870605
-5.74456262588501,-5.4772257804870605
-5.74456262588501,-5.4772257804870605
-5.74456262588501,-5.4772257804870605
-5.74456262588501,-5.4772257804870605
-5.74456262588501,-5.4772257804870605
-5.74456262588501,-5.4772257804870605
-5.74456262588501,-5.4772257804870605
-5.74456262588501,-5.4772257804870605
-5.74456262588501,-5.4772257804870605
-5.74456262588501,-5.4772257804870605
-5.74456262588501,-5.4772257804870605
-5.74456262588501,-5.4772257804870605
-5.74456262588501,-5.4772257804870605
-5.74456262588501,-5.4772257804870605
-5.74456262588501,-5.4772257804870605
-5.74456262588501,-5.4772257804870605
-5.74456262588501,-5.4772257804870605
-5.74456262588501,-5.4772257804870605
-5.74456262588501,-5.4772257804870605
-5.74456262588501,-5.4772257804870605
-5.74456262588501,-5.4772257804870605
-5.74456262588501,-5.4772257804870605
-5.74456262588501,-5.4772257804870605
-5.74456262588501,-5.4772257804870605
-5.74456262588501,-5.4772257804870605
-5.74456262588501,-5.4772257804870605
-5.74456262588501,-5.4772257804870605
-5.74456262588501,-5.4772257804870605
-5.74456262588501,-5.4772257804870605
-5.74456262588501,-5.4772257804870605
-5.74456262588501,-5.4772257804870605
-5.74456262588501,-5.4772257804870605
-5.74456262588501,-5.4772257804870605
-5.74456262588501,-5.385164737701416
-5.74456262588501,-5.385164737701416
-5.74456262588501,-5.385164737701416
-5.74456262588501,-5.385164737701416
-5.74456262588501,-5.385164737701416
-5.74456262588501,-5.385164737701416
-5.74456262588501,-5.385164737701416
-5.74456262588501,-5.385164737701416
-5.74456262588501,-5.385164737701416
-5.74456262588501,-5.385164737701416
-5.74456262588501,-5.385164737701416
-5.74456262588501,-5.385164737701416
-5.74456262588501,-5.385164737701416
-5.74456262588501,-5.385164737701416
-5.74456262588501,-5.385164737701416
-5.74456262588501,-5.385164737701416
-5.74456262588501,-5.385164737701416
-5.74456262588501,-5.385164737701416
-5.74456262588501,-5.385164737701416
-5.74456262588501,-5.385164737701416
-5.74456262588501,-5.385164737701416
-5.74456262588501,-5.385164737701416
-5.74456262588501,-5.385164737701416
-5.74456262588501,-5.385164737701416
-5.74456262588501,-5.196152210235596
-5.74456262588501,-5.196152210235596
-5.74456262588501,-5.196152210235596
-5.74456262588501,-5.196152210235596
-5.74456262588501,-5.196152210235596
-5.74456262588501,-5.196152210235596
-5.74456262588501,-5.196152210235596
-5.74456262588501,-5.196152210235596
-5.74456262588501,-5.196152210235596
-5.74456262588501,-5.196152210235596
-5.74456262588501,-5.196152210235596
-5.74456262588501,-5.196152210235596
-5.74456262588501,-5.196152210235596
-5.74456262588501,-5.196152210235596
-5.74456262588501,-5.196152210235596
-5.74456262588501,-5.099019527435303
-5.74456262588501,-5.099019527435303
-5.74456262588501,-5.099019527435303
-5.74456262588501,-5.099019527435303
-5.74456262588501,-5.099019527435303
-5.74456262588501,-5.099019527435303
-5.74456262588501,-5.099019527435303
-5.74456262588501,-5.099019527435303
-5.74456262588501,-5.099019527435303
-5.74456262588501,-5.099019527435303
-5.74456262588501,-5.099019527435303
-5.74456262588501,-5
-5.74456262588501,-5
-5.74456262588501,-5
-5.74456262588501,-5
-5.74456262588501,-5
-5.74456262588501,-5
-5.74456262588501,-5
-5.74456262588501,-5
-5.74456262588501,-5
-5.74456262588501,-5
-5.74456262588501,-5
-5.74456262588501,-4.898979663848877
-5.74456262588501,-4.898979663848877
-5.74456262588501,-4.898979663848877
-5.74456262588501,-4.898979663848877
-5.74456262588501,-4.898979663848877
-5.74456262588501,-4.898979663848877
-5.74456262588501,-4.898979663848877
-5.74456262588501,-4.898979663848877
-5.74456262588501,-4.898979663848877
-5.74456262588501,-4.898979663848877
-5.74456262588501,-4.898979663848877
-5.74456262588501,-4.898979663848877
-5.74456262588501,-4.690415859222412
-5.74456262588501,-4.690415859222412
-5.74456262588501,-4.582575798034668
-5.74456262588501,-4.582575798034668
-5.74456262588501,-4.582575798034668
-5.74456262588501,-4.582575798034668
-5.74456262588501,-4.582575798034668
-5.74456262588501,-4.582575798034668
-5.74456262588501,-4.582575798034668
-5.74456262588501,-4.582575798034668
-5.74456262588501,-4.582575798034668
-5.74456262588501,-4.582575798034668
-5.74456262588501,-4.582575798034668
-5.74456262588501,-4.582575798034668
-5.74456262588501,-4.582575798034668
-5.74456262588501,-4.582575798034668
-5.74456262588501,-4.582575798034668
-5.74456262588501,-4.4721360206604
-5.74456262588501,-4.358899116516113
-5.74456262588501,-4.358899116516113
-5.74456262588501,-4.358899116516113
-5.74456262588501,-4.358899116516113
-5.74456262588501,-4.358899116516113
-5.74456262588501,-4.242640495300293
-5.74456262588501,-4.242640495300293
-5.74456262588501,-4.242640495300293
-5.74456262588501,-4.242640495300293
-5.74456262588501,-4.242640495300293
-5.74456262588501,-4.123105525970459
-5.74456262588501,-4.123105525970459
-5.74456262588501,-4.123105525970459
-5.74456262588501,-4.123105525970459
-5.74456262588501,-4.123105525970459
-5.74456262588501,-4.123105525970459
-5.74456262588501,-4.123105525970459
-5.74456262588501,-4.123105525970459
-5.74456262588501,-4.123105525970459
-5.74456262588501,-4.123105525970459
-5.74456262588501,-4.123105525970459
-5.74456262588501,-4.123105525970459
-5.74456262588501,-4.123105525970459
-5.74456262588501,-4.123105525970459
-5.74456262588501,-4.123105525970459
-5.74456262588501,-4.123105525970459
-5.74456262588501,-4.123105525970459
-5.74456262588501,-4
-5.74456262588501,-4
-5.74456262588501,-4
-5.74456262588501,-4
-5.74456262588501,-4
-5.74456262588501,-4
-5.74456262588501,-4
-5.74456262588501,-3.7416574954986572
-5.74456262588501,-3.7416574954986572
-5.74456262588501,-3.7416574954986572
-5.74456262588501,-3.7416574954986572
-5.74456262588501,-3.605551242828369
-5.74456262588501,-3.605551242828369
-5.74456262588501,-3.605551242828369
-5.74456262588501,-3.605551242828369
-5.74456262588501,-3.605551242828369
-5.74456262588501,-3.605551242828369
-5.74456262588501,-3.605551242828369
-5.74456262588501,-3.605551242828369
-5.74456262588501,-3.605551242828369
-5.74456262588501,-3.605551242828369
-5.74456262588501,-3.605551242828369
-5.74456262588501,-3.605551242828369
-5.74456262588501,-3.605551242828369
-5.74456262588501,-3.464101552963257
-5.74456262588501,-3.316624879837036
-5.74456262588501,-3.316624879837036
-5.74456262588501,-3.316624879837036
-5.74456262588501,-3.1622776985168457
-5.74456262588501,-3.1622776985168457
-5.74456262588501,-3
-5.74456262588501,-3
-5.74456262588501,-3
-5.74456262588501,-3
-5.74456262588501,-3
-5.74456262588501,-3
-5.74456262588501,-3
-5.74456262588501,-3
-5.74456262588501,-3
-5.74456262588501,-3
-5.74456262588501,-3
-5.74456262588501,-3
-5.74456262588501,-2.8284270763397217
-5.74456262588501,-2.8284270763397217
-5.74456262588501,-2.8284270763397217
-5.74456262588501,-2.8284270763397217
-5.74456262588501,-2.8284270763397217
-5.74456262588501,-2.8284270763397217
-5.74456262588501,-2.8284270763397217
-5.74456262588501,-2.8284270763397217
-5.74456262588501,-2.8284270763397217
-5.74456262588501,-2.8284270763397217
-5.74456262588501,-2.4494898319244385
-5.74456262588501,-2.4494898319244385
-5.74456262588501,-2.4494898319244385
-5.74456262588501,-2.2360680103302
-5.74456262588501,-2.2360680103302
-5.74456262588501,-2.2360680103302
-5.74456262588501,-2.2360680103302
-5.74456262588501,-2.2360680103302
-5.74456262588501,-2.2360680103302
-5.74456262588501,-2.2360680103302
-5.74456262588501,-2.2360680103302
-5.74456262588501,-2.2360680103302
-5.74456262588501,-2.2360680103302
-5.74456262588501,-2
-5.74456262588501,-2
-5.74456262588501,-2
-5.74456262588501,-2
-5.74456262588501,-2
-5.74456262588501,-1.7320507764816284
-5.74456262588501,-1.7320507764816284
-5.74456262588501,-1.4142135381698608
-5.74456262588501,-1.4142135381698608
-5.74456262588501,-1.4142135381698608
-5.74456262588501,-1.4142135381698608
-5.74456262588501,-1.4142135381698608
-5.74456262588501,-1.4142135381698608
-5.74456262588501,-1.4142135381698608
-5.74456262588501,-1.4142135381698608
-5.74456262588501,-1.4142135381698608
-5.74456262588501,-1.4142135381698608
-5.74456262588501,-1.4142135381698608
-5.74456262588501,-1.4142135381698608
-5.74456262588501,-1.4142135381698608
-5.74456262588501,-1.4142135381698608
-5.74456262588501,-1.4142135381698608
-5.74456262588501,-1.4142135381698608
-5.74456262588501,-1.4142135381698608
-5.74456262588501,-1.4142135381698608
-5.74456262588501,-1.4142135381698608
-5.74456262588501,-1.4142135381698608
-5.74456262588501,-1.4142135381698608
-5.74456262588501,-1
-5.74456262588501,-1
-5.74456262588501,-1
-5.74456262588501,-1
-5.74456262588501,-1
-5.74456262588501,-1
-5.74456262588501,-1
-5.74456262588501,-1
-5.74456262588501,-1
-5.74456262588501,-1
-5.74456262588501,-1
-5.74456262588501,-1
-5.74456262588501,-1
-5.74456262588501,-1
-5.74456262588501,-1
-5.74456262588501,-1
-5.74456262588501,-1
-5.74456262588501,-1
-5.74456262588501,-1
-5.74456262588501,-1
-5.74456262588501,-1
-5.74456262588501,-1
-5.74456262588501,-1
-5.74456262588501,-1
-5.74456262588501,-1
-5.74456262588501,-1
-5.74456262588501,-1
-5.74456262588501,-1
-5.74456262588501,1
-5.74456262588501,1
-5.74456262588501,1
-5.74456262588501,1
-5.74456262588501,1
-5.74456262588501,1
-5.74456262588501,1
-5.74456262588501,1
-5.74456262588501,1
-5.74456262588501,1
-5.74456262588501,1
-5.74456262588501,1
-5.74456262588501,1
-5.74456262588501,1
-5.74456262588501,1
-5.74456262588501,1
-5.74456262588501,1
-5.74456262588501,1
-5.74456262588501,1
-5.74456262588501,1
-5.74456262588501,1
-5.74456262588501,1
-5.74456262588501,1
-5.74456262588501,1
-5.74456262588501,1
-5.74456262588501,1
-5.74456262588501,1
-5.74456262588501,1
-5.74456262588501,1
-5.74456262588501,1
-5.74456262588501,1
-5.74456262588501,1
-5.74456262588501,1
-5.74456262588501,1
-5.74456262588501,1
-5.74456262588501,1
-5.74456262588501,1
-5.74456262588501,1
-5.74456262588501,1
-5.74456262588501,1
-5.74456262588501,1
-5.74456262588501,1
-5.74456262588501,1
-5.74456262588501,1
-5.74456262588501,1.4142135381698608
-5.74456262588501,1.4142135381698608
-5.74456262588501,1.4142135381698608
-5.74456262588501,1.4142135381698608
-5.74456262588501,1.4142135381698608
-5.74456262588501,1.4142135381698608
-5.74456262588501,1.4142135381698608
-5.74456262588501,1.4142135381698608
-5.74456262588501,1.4142135381698608
-5.74456262588501,1.4142135381698608
-5.74456262588501,1.4142135381698608
-5.74456262588501,1.4142135381698608
-5.74456262588501,1.4142135381698608
-5.74456262588501,1.4142135381698608
-5.74456262588501,1.4142135381698608
-5.74456262588501,1.4142135381698608
-5.74456262588501,1.4142135381698608
-5.74456262588501,1.4142135381698608
-5.74456262588501,1.4142135381698608
-5.74456262588501,1.4142135381698608
-5.74456262588501,1.7320507764816284
-5.74456262588501,1.7320507764816284
-5.74456262588501,1.7320507764816284
-5.74456262588501,1.7320507764816284
-5.74456262588501,1.7320507764816284
-5.74456262588501,2
-5.74456262588501,2
-5.74456262588501,2
-5.74456262588501,2
-5.74456262588501,2
-5.74456262588501,2
-5.74456262588501,2
-5.74456262588501,2
-5.74456262588501,2
-5.74456262588501,2.2360680103302
-5.74456262588501,2.2360680103302
-5.74456262588501,2.2360680103302
-5.74456262588501,2.2360680103302
-5.74456262588501,2.2360680103302
-5.74456262588501,2.2360680103302
-5.74456262588501,2.2360680103302
-5.74456262588501,2.2360680103302
-5.74456262588501,2.2360680103302
-5.74456262588501,2.2360680103302
-5.74456262588501,2.2360680103302
-5.74456262588501,2.2360680103302
-5.74456262588501,2.2360680103302
-5.74456262588501,2.2360680103302
-5.74456262588501,2.2360680103302
-5.74456262588501,2.2360680103302
-5.74456262588501,2.2360680103302
-5.74456262588501,2.2360680103302
-5.74456262588501,2.2360680103302
-5.74456262588501,2.2360680103302
-5.74456262588501,2.4494898319244385
-5.74456262588501,2.4494898319244385
-5.74456262588501,2.4494898319244385
-5.74456262588501,2.4494898319244385
-5.74456262588501,2.4494898319244385
-5.74456262588501,2.4494898319244385
-5.74456262588501,2.4494898319244385
-5.74456262588501,2.4494898319244385
-5.74456262588501,2.4494898319244385
-5.74456262588501,2.4494898319244385
-5.74456262588501,2.8284270763397217
-5.74456262588501,2.8284270763397217
-5.74456262588501,2.8284270763397217
-5.74456262588501,2.8284270763397217
-5.74456262588501,2.8284270763397217
-5.74456262588501,2.8284270763397217
-5.74456262588501,2.8284270763397217
-5.74456262588501,2.8284270763397217
-5.74456262588501,2.8284270763397217
-5.74456262588501,2.8284270763397217
-5.74456262588501,3
-5.74456262588501,3
-5.74456262588501,3
-5.74456262588501,3
-5.74456262588501,3
-5.74456262588501,3
-5.74456262588501,3
-5.74456262588501,3
-5.74456262588501,3
-5.74456262588501,3
-5.74456262588501,3
-5.74456262588501,3
-5.74456262588501,3
-5.74456262588501,3
-5.74456262588501,3
-5.74456262588501,3
-5.74456262588501,3
-5.74456262588501,3
-5.74456262588501,3
-5.74456262588501,3
-5.74456262588501,3
-5.74456262588501,3
-5.74456262588501,3.1622776985168457
-5.74456262588501,3.1622776985168457
-5.74456262588501,3.1622776985168457
-5.74456262588501,3.1622776985168457
-5.74456262588501,3.1622776985168457
-5.74456262588501,3.1622776985168457
-5.74456262588501,3.1622776985168457
-5.74456262588501,3.1622776985168457
-5.74456262588501,3.1622776985168457
-5.74456262588501,3.1622776985168457
-5.74456262588501,3.1622776985168457
-5.74456262588501,3.1622776985168457
-5.74456262588501,3.316624879837036
-5.74456262588501,3.316624879837036
-5.74456262588501,3.316624879837036
-5.74456262588501,3.316624879837036
-5.74456262588501,3.464101552963257
-5.74456262588501,3.464101552963257
-5.74456262588501,3.464101552963257
-5.74456262588501,3.464101552963257
-5.74456262588501,3.605551242828369
-5.74456262588501,3.605551242828369
-5.74456262588501,3.605551242828369
-5.74456262588501,3.605551242828369
-5.74456262588501,3.605551242828369
-5.74456262588501,3.605551242828369
-5.74456262588501,3.605551242828369
-5.74456262588501,3.605551242828369
-5.74456262588501,3.605551242828369
-5.74456262588501,3.605551242828369
-5.74456262588501,3.605551242828369
-5.74456262588501,3.605551242828369
-5.74456262588501,3.605551242828369
-5.74456262588501,3.605551242828369
-5.74456262588501,3.7416574954986572
-5.74456262588501,3.7416574954986572
-5.74456262588501,3.7416574954986572
-5.74456262588501,3.7416574954986572
-5.74456262588501,3.7416574954986572
-5.74456262588501,3.7416574954986572
-5.74456262588501,3.7416574954986572
-5.74456262588501,3.7416574954986572
-5.74456262588501,3.7416574954986572
-5.74456262588501,4
-5.74456262588501,4
-5.74456262588501,4
-5.74456262588501,4
-5.74456262588501,4
-5.74456262588501,4
-5.74456262588501,4
-5.74456262588501,4
-5.74456262588501,4
-5.74456262588501,4
-5.74456262588501,4.123105525970459
-5.74456262588501,4.123105525970459
-5.74456262588501,4.123105525970459
-5.74456262588501,4.123105525970459
-5.74456262588501,4.123105525970459
-5.74456262588501,4.123105525970459
-5.74456262588501,4.123105525970459
-5.74456262588501,4.123105525970459
-5.74456262588501,4.123105525970459
-5.74456262588501,4.123105525970459
-5.74456262588501,4.123105525970459
-5.74456262588501,4.123105525970459
-5.74456262588501,4.123105525970459
-5.74456262588501,4.123105525970459
-5.74456262588501,4.123105525970459
-5.74456262588501,4.123105525970459
-5.74456262588501,4.123105525970459
-5.74456262588501,4.242640495300293
-5.74456262588501,4.242640495300293
-5.74456262588501,4.242640495300293
-5.74456262588501,4.242640495300293
-5.74456262588501,4.242640495300293
-5.74456262588501,4.242640495300293
-5.74456262588501,4.242640495300293
-5.74456262588501,4.242640495300293
-5.74456262588501,4.242640495300293
-5.74456262588501,4.242640495300293
-5.74456262588501,4.358899116516113
-5.74456262588501,4.358899116516113
-5.74456262588501,4.358899116516113
-5.74456262588501,4.4721360206604
-5.74456262588501,4.4721360206604
-5.74456262588501,4.4721360206604
-5.74456262588501,4.4721360206604
-5.74456262588501,4.4721360206604
-5.74456262588501,4.582575798034668
-5.74456262588501,4.582575798034668
-5.74456262588501,4.582575798034668
-5.74456262588501,4.582575798034668
-5.74456262588501,4.582575798034668
-5.74456262588501,4.690415859222412
-5.74456262588501,4.690415859222412
-5.74456262588501,4.690415859222412
-5.74456262588501,4.690415859222412
-5.74456262588501,4.690415859222412
-5.74456262588501,4.690415859222412
-5.74456262588501,4.690415859222412
-5.74456262588501,4.690415859222412
-5.74456262588501,4.898979663848877
-5.74456262588501,4.898979663848877
-5.74456262588501,4.898979663848877
-5.74456262588501,4.898979663848877
-5.74456262588501,4.898979663848877
-5.74456262588501,5
-5.74456262588501,5
-5.74456262588501,5
-5.74456262588501,5
-5.74456262588501,5
-5.74456262588501,5
-5.74456262588501,5
-5.74456262588501,5
-5.74456262588501,5
-5.74456262588501,5
-5.74456262588501,5
-5.74456262588501,5
-5.74456262588501,5.099019527435303
-5.74456262588501,5.099019527435303
-5.74456262588501,5.099019527435303
-5.74456262588501,5.099019527435303
-5.74456262588501,5.099019527435303
-5.74456262588501,5.099019527435303
-5.74456262588501,5.099019527435303
-5.74456262588501,5.099019527435303
-5.74456262588501,5.099019527435303
-5.74456262588501,5.099019527435303
-5.74456262588501,5.099019527435303
-5.74456262588501,5.099019527435303
-5.74456262588501,5.099019527435303
-5.74456262588501,5.099019527435303
-5.74456262588501,5.196152210235596
-5.74456262588501,5.196152210235596
-5.74456262588501,5.196152210235596
-5.74456262588501,5.196152210235596
-5.74456262588501,5.196152210235596
-5.74456262588501,5.385164737701416
-5.74456262588501,5.385164737701416
-5.74456262588501,5.385164737701416
-5.74456262588501,5.385164737701416
-5.74456262588501,5.385164737701416
-5.74456262588501,5.385164737701416
-5.74456262588501,5.385164737701416
-5.74456262588501,5.385164737701416
-5.74456262588501,5.385164737701416
-5.74456262588501,5.385164737701416
-5.74456262588501,5.385164737701416
-5.74456262588501,5.385164737701416
-5.74456262588501,5.385164737701416
-5.74456262588501,5.385164737701416
-5.74456262588501,5.385164737701416
-5.74456262588501,5.4772257804870605
-5.74456262588501,5.4772257804870605
-5.74456262588501,5.4772257804870605
-5.74456262588501,5.4772257804870605
-5.74456262588501,5.4772257804870605
-5.74456262588501,5.4772257804870605
-5.74456262588501,5.656854152679443
-5.74456262588501,5.656854152679443
-5.74456262588501,5.656854152679443
-5.74456262588501,5.656854152679443
-5.74456262588501,5.656854152679443
-5.74456262588501,5.74456262588501
-5.74456262588501,5.74456262588501
-5.74456262588501,5.74456262588501
-5.74456262588501,5.74456262588501
-5.74456262588501,5.74456262588501
-5.74456262588501,5.830951690673828
-5.74456262588501,5.830951690673828
-5.74456262588501,5.830951690673828
-5.74456262588501,5.830951690673828
-5.74456262588501,5.830951690673828
-5.74456262588501,5.830951690673828
-5.74456262588501,5.830951690673828
-5.74456262588501,5.830951690673828
-5.74456262588501,5.830951690673828
-5.74456262588501,5.830951690673828
-5.74456262588501,5.830951690673828
-5.74456262588501,5.830951690673828
-5.74456262588501,5.830951690673828
-5.74456262588501,5.830951690673828
-5.74456262588501,5.916079998016357
-5.74456262588501,5.916079998016357
-5.74456262588501,5.916079998016357
-5.74456262588501,5.916079998016357
-5.74456262588501,6
-5.74456262588501,6
-5.74456262588501,6
-5.74456262588501,6
-5.74456262588501,6
-5.74456262588501,6.082762718200684
-5.74456262588501,6.082762718200684
-5.74456262588501,6.164413928985596
-5.74456262588501,6.164413928985596
-5.74456262588501,6.164413928985596
-5.74456262588501,6.324555397033691
-5.74456262588501,6.4031243324279785
-5.74456262588501,6.4031243324279785
-5.74456262588501,6.4031243324279785
-5.74456262588501,6.4031243324279785
-5.74456262588501,6.4031243324279785
-5.74456262588501,6.4031243324279785
-5.74456262588501,6.4031243324279785
-5.74456262588501,6.4031243324279785
-5.74456262588501,6.4031243324279785
-5.74456262588501,6.4031243324279785
-5.74456262588501,6.4031243324279785
-5.74456262588501,6.480740547180176
-5.74456262588501,6.480740547180176
-5.74456262588501,6.480740547180176
-5.74456262588501,6.557438373565674
-5.74456262588501,6.557438373565674
-5.74456262588501,6.633249759674072
-5.74456262588501,6.633249759674072
-5.74456262588501,6.7082037925720215
-5.74456262588501,6.7082037925720215
-5.74456262588501,6.7082037925720215
-5.74456262588501,6.7082037925720215
-5.74456262588501,6.7082037925720215
-5.74456262588501,6.7082037925720215
-5.74456262588501,6.7082037925720215
-5.74456262588501,6.7082037925720215
-5.74456262588501,6.7082037925720215
-5.74456262588501,6.7082037925720215
-5.74456262588501,6.78233003616333
-5.74456262588501,6.78233003616333
-5.74456262588501,6.78233003616333
-5.74456262588501,6.78233003616333
-5.74456262588501,6.78233003616333
-5.74456262588501,6.928203105926514
-5.74456262588501,6.928203105926514
-5.74456262588501,6.928203105926514
-5.74456262588501,6.928203105926514
-5.74456262588501,6.928203105926514
-5.74456262588501,6.928203105926514
-5.74456262588501,7
-5.74456262588501,7
-5.74456262588501,7
-5.74456262588501,7
-5.74456262588501,7
-5.74456262588501,7
-5.74456262588501,7.071067810058594
-5.74456262588501,7.071067810058594
-5.74456262588501,7.071067810058594
-5.74456262588501,7.071067810058594
-5.74456262588501,7.071067810058594
-5.74456262588501,7.071067810058594
-5.74456262588501,7.071067810058594
-5.74456262588501,7.071067810058594
-5.74456262588501,7.071067810058594
-5.74456262588501,7.071067810058594
-5.74456262588501,7.071067810058594
-5.74456262588501,7.071067810058594
-5.74456262588501,7.071067810058594
-5.74456262588501,7.141428470611572
-5.74456262588501,7.141428470611572
-5.74456262588501,7.141428470611572
-5.74456262588501,7.211102485656738
-5.74456262588501,7.211102485656738
-5.74456262588501,7.211102485656738
-5.74456262588501,7.211102485656738
-5.74456262588501,7.211102485656738
-5.74456262588501,7.211102485656738
-5.74456262588501,7.211102485656738
-5.74456262588501,7.280109882354736
-5.74456262588501,7.280109882354736
-5.74456262588501,7.280109882354736
-5.74456262588501,7.280109882354736
-5.74456262588501,7.348469257354736
-5.74456262588501,7.348469257354736
-5.74456262588501,7.348469257354736
-5.74456262588501,7.348469257354736
-5.74456262588501,7.348469257354736
-5.74456262588501,7.348469257354736
-5.74456262588501,7.4833149909973145
-5.74456262588501,7.4833149909973145
-5.74456262588501,7.4833149909973145
-5.74456262588501,7.549834251403809
-5.74456262588501,7.6157732009887695
-5.74456262588501,7.6157732009887695
-5.74456262588501,7.6157732009887695
-5.74456262588501,7.6157732009887695
-5.74456262588501,7.681145668029785
-5.74456262588501,7.681145668029785
-5.74456262588501,7.681145668029785
-5.74456262588501,7.8102498054504395
-5.74456262588501,7.8102498054504395
-5.74456262588501,7.8102498054504395
-5.74456262588501,7.8102498054504395
-5.74456262588501,7.8102498054504395
-5.74456262588501,7.8102498054504395
-5.74456262588501,7.8102498054504395
-5.74456262588501,7.8102498054504395
-5.74456262588501,7.8102498054504395
-5.74456262588501,7.8102498054504395
-5.74456262588501,7.8102498054504395
-5.74456262588501,7.874007701873779
-5.74456262588501,7.874007701873779
-5.74456262588501,7.874007701873779
-5.74456262588501,8
-5.74456262588501,8
-5.74456262588501,8.062257766723633
-5.74456262588501,8.062257766723633
-5.74456262588501,8.062257766723633
-5.74456262588501,8.062257766723633
-5.74456262588501,8.062257766723633
-5.74456262588501,8.062257766723633
-5.74456262588501,8.062257766723633
-5.74456262588501,8.062257766723633
-5.74456262588501,8.124038696289063
-5.74456262588501,8.124038696289063
-5.74456262588501,8.124038696289063
-5.74456262588501,8.124038696289063
-5.74456262588501,8.124038696289063
-5.74456262588501,8.185352325439453
-5.74456262588501,8.246211051940918
-5.74456262588501,8.306623458862305
-5.74456262588501,8.306623458862305
-5.74456262588501,8.306623458862305
-5.74456262588501,8.306623458862305
-5.74456262588501,8.366600036621094
-5.74456262588501,8.366600036621094
-5.74456262588501,8.485280990600586
-5.74456262588501,8.485280990600586
-5.74456262588501,8.485280990600586
-5.74456262588501,8.485280990600586
-5.74456262588501,8.5440034866333
-5.74456262588501,8.5440034866333
-5.74456262588501,8.5440034866333
-5.74456262588501,8.5440034866333
-5.74456262588501,8.5440034866333
-5.74456262588501,8.602325439453125
-5.74456262588501,8.602325439453125
-5.74456262588501,8.602325439453125
-5.74456262588501,8.602325439453125
-5.74456262588501,8.66025447845459
-5.74456262588501,8.66025447845459
-5.74456262588501,8.66025447845459
-5.74456262588501,8.774964332580566
-5.74456262588501,8.774964332580566
-5.74456262588501,8.774964332580566
-5.74456262588501,8.774964332580566
-5.74456262588501,8.774964332580566
-5.74456262588501,8.774964332580566
-5.74456262588501,8.774964332580566
-5.74456262588501,8.83176040649414
-5.74456262588501,8.83176040649414
-5.74456262588501,8.9442720413208
-5.74456262588501,8.9442720413208
-5.74456262588501,9
-5.74456262588501,9
-5.74456262588501,9
-5.74456262588501,9
-5.74456262588501,9.05538558959961
-5.74456262588501,9.05538558959961
-5.74456262588501,9.110433578491211
-5.74456262588501,9.110433578491211
-5.74456262588501,9.165151596069336
-5.74456262588501,9.165151596069336
-5.74456262588501,9.219544410705566
-5.74456262588501,9.219544410705566
-5.74456262588501,9.219544410705566
-5.74456262588501,9.273618698120117
-5.74456262588501,9.273618698120117
-5.74456262588501,9.433980941772461
-5.74456262588501,9.433980941772461
-5.74456262588501,9.433980941772461
-5.74456262588501,9.486832618713379
-5.74456262588501,9.539392471313477
-5.74456262588501,9.643651008605957
-5.74456262588501,9.69536018371582
-5.74456262588501,9.69536018371582
-5.74456262588501,9.899495124816895
-5.74456262588501,9.899495124816895
-5.74456262588501,9.899495124816895
-5.74456262588501,9.899495124816895
-5.74456262588501,9.949873924255371
-5.74456262588501,9.949873924255371
-5.74456262588501,10.049875259399414
-5.74456262588501,10.049875259399414
-5.74456262588501,10.049875259399414
-5.74456262588501,10.198039054870605
-5.74456262588501,10.24695110321045
-5.74456262588501,10.344079971313477
-5.74456262588501,10.392304420471191
-5.74456262588501,10.392304420471191
-5.74456262588501,10.488088607788086
-5.74456262588501,10.488088607788086
-5.74456262588501,10.816654205322266
-5.74456262588501,10.816654205322266
-5.74456262588501,11
-5.74456262588501,11.180339813232422
-5.74456262588501,11.224971771240234
-5.74456262588501,11.357816696166992
-5.74456262588501,11.445523262023926
-5.74456262588501,11.445523262023926
-5.74456262588501,11.445523262023926
-5.74456262588501,11.445523262023926
-5.74456262588501,11.575837135314941
-5.74456262588501,12.041594505310059
-5.74456262588501,12.247448921203613
-5.74456262588501,12.247448921203613
-5.74456262588501,12.688577651977539
-5.74456262588501,12.884099006652832
-5.74456262588501,13.03840446472168
-5.74456262588501,13.03840446472168
-5.74456262588501,13.076696395874023
-5.74456262588501,13.34166431427002
-5.74456262588501,13.416407585144043
-5.74456262588501,13.45362377166748
-5.74456262588501,13.601470947265625
-5.74456262588501,13.601470947265625
-5.74456262588501,13.601470947265625
-5.74456262588501,13.601470947265625
-5.74456262588501,13.638181686401367
-5.74456262588501,13.928388595581055
-5.74456262588501,13.928388595581055
-5.74456262588501,14.317821502685547
-5.74456262588501,14.456831932067871
-5.74456262588501,14.525838851928711
-5.74456262588501,14.560219764709473
-5.74456262588501,14.73091983795166
-5.74456262588501,14.866068840026855
-5.74456262588501,15.033296585083008
-5.74456262588501,15.099668502807617
-5.74456262588501,15.165750503540039
-5.74456262588501,15.264337539672852
-5.74456262588501,15.55634880065918
-5.74456262588501,15.620499610900879
-5.74456262588501,15.937376976013184
-5.74456262588501,16.031219482421875
-5.74456262588501,16.155494689941406
-5.74456262588501,16.18641471862793
-5.74456262588501,16.401220321655273
-5.74456262588501,16.6433162689209
-5.74456262588501,17
-5.74456262588501,17.029386520385742
-5.74456262588501,17.14642906188965
-5.74456262588501,17.291616439819336
-5.74456262588501,17.37814712524414
-5.74456262588501,17.6068172454834
-5.74456262588501,18
-5.74456262588501,18.41195297241211
-5.74456262588501,19.67231559753418
-5.656854152679443,inf
-5.656854152679443,inf
-5.656854152679443,inf
-5.656854152679443,inf
-5.656854152679443,inf
-5.656854152679443,inf
-5.656854152679443,inf
-5.656854152679443,inf
-5.656854152679443,inf
-5.656854152679443,inf
-5.656854152679443,inf
-5.656854152679443,inf
-5.656854152679443,inf
-5.656854152679443,inf
-5.656854152679443,inf
-5.656854152679443,inf
-5.656854152679443,-5.4772257804870605
-5.656854152679443,-5.4772257804870605
-5.656854152679443,-5.4772257804870605
-5.656854152679443,-5.4772257804870605
-5.656854152679443,-5.4772257804870605
-5.656854152679443,-5.4772257804870605
-5.656854152679443,-5.4772257804870605
-5.656854152679443,-5.4772257804870605
-5.656854152679443,-5.4772257804870605
-5.656854152679443,-5.4772257804870605
-5.656854152679443,-5.4772257804870605
-5.656854152679443,-5.4772257804870605
-5.656854152679443,-5.4772257804870605
-5.656854152679443,-5.4772257804870605
-5.656854152679443,-5.4772257804870605
-5.656854152679443,-5.4772257804870605
-5.656854152679443,-5.4772257804870605
-5.656854152679443,-5.4772257804870605
-5.656854152679443,-5.4772257804870605
-5.656854152679443,-5.4772257804870605
-5.656854152679443,-5.4772257804870605
-5.656854152679443,-5.4772257804870605
-5.656854152679443,-5.4772257804870605
-5.656854152679443,-5.4772257804870605
-5.656854152679443,-5.4772257804870605
-5.656854152679443,-5.4772257804870605
-5.656854152679443,-5.4772257804870605
-5.656854152679443,-5.4772257804870605
-5.656854152679443,-5.4772257804870605
-5.656854152679443,-5.4772257804870605
-5.656854152679443,-5.4772257804870605
-5.656854152679443,-5.4772257804870605
-5.656854152679443,-5.4772257804870605
-5.656854152679443,-5.4772257804870605
-5.656854152679443,-5.4772257804870605
-5.656854152679443,-5.4772257804870605
-5.656854152679443,-5.4772257804870605
-5.656854152679443,-5.4772257804870605
-5.656854152679443,-5.4772257804870605
-5.656854152679443,-5.4772257804870605
-5.656854152679443,-5.4772257804870605
-5.656854152679443,-5.4772257804870605
-5.656854152679443,-5.4772257804870605
-5.656854152679443,-5.4772257804870605
-5.656854152679443,-5.4772257804870605
-5.656854152679443,-5.4772257804870605
-5.656854152679443,-5.4772257804870605
-5.656854152679443,-5.4772257804870605
-5.656854152679443,-5.4772257804870605
-5.656854152679443,-5.4772257804870605
-5.656854152679443,-5.4772257804870605
-5.656854152679443,-5.4772257804870605
-5.656854152679443,-5.4772257804870605
-5.656854152679443,-5.4772257804870605
-5.656854152679443,-5.4772257804870605
-5.656854152679443,-5.4772257804870605
-5.656854152679443,-5.4772257804870605
-5.656854152679443,-5.4772257804870605
-5.656854152679443,-5.4772257804870605
-5.656854152679443,-5.4772257804870605
-5.656854152679443,-5.4772257804870605
-5.656854152679443,-5.4772257804870605
-5.656854152679443,-5.4772257804870605
-5.656854152679443,-5.4772257804870605
-5.656854152679443,-5.4772257804870605
-5.656854152679443,-5.4772257804870605
-5.656854152679443,-5.4772257804870605
-5.656854152679443,-5.4772257804870605
-5.656854152679443,-5.4772257804870605
-5.656854152679443,-5.4772257804870605
-5.656854152679443,-5.4772257804870605
-5.656854152679443,-5.4772257804870605
-5.656854152679443,-5.4772257804870605
-5.656854152679443,-5.4772257804870605
-5.656854152679443,-5.4772257804870605
-5.656854152679443,-5.4772257804870605
-5.656854152679443,-5.4772257804870605
-5.656854152679443,-5.4772257804870605
-5.656854152679443,-5.4772257804870605
-5.656854152679443,-5.4772257804870605
-5.656854152679443,-5.4772257804870605
-5.656854152679443,-5.4772257804870605
-5.656854152679443,-5.4772257804870605
-5.656854152679443,-5.4772257804870605
-5.656854152679443,-5.4772257804870605
-5.656854152679443,-5.4772257804870605
-5.656854152679443,-5.4772257804870605
-5.656854152679443,-5.4772257804870605
-5.656854152679443,-5.4772257804870605
-5.656854152679443,-5.4772257804870605
-5.656854152679443,-5.4772257804870605
-5.656854152679443,-5.4772257804870605
-5.656854152679443,-5.4772257804870605
-5.656854152679443,-5.4772257804870605
-5.656854152679443,-5.4772257804870605
-5.656854152679443,-5.4772257804870605
-5.656854152679443,-5.4772257804870605
-5.656854152679443,-5.4772257804870605
-5.656854152679443,-5.4772257804870605
-5.656854152679443,-5.4772257804870605
-5.656854152679443,-5.4772257804870605
-5.656854152679443,-5.4772257804870605
-5.656854152679443,-5.4772257804870605
-5.656854152679443,-5.4772257804870605
-5.656854152679443,-5.4772257804870605
-5.656854152679443,-5.4772257804870605
-5.656854152679443,-5.4772257804870605
-5.656854152679443,-5.4772257804870605
-5.656854152679443,-5.4772257804870605
-5.656854152679443,-5.4772257804870605
-5.656854152679443,-5.4772257804870605
-5.656854152679443,-5.4772257804870605
-5.656854152679443,-5.4772257804870605
-5.656854152679443,-5.4772257804870605
-5.656854152679443,-5.4772257804870605
-5.656854152679443,-5.4772257804870605
-5.656854152679443,-5.4772257804870605
-5.656854152679443,-5.4772257804870605
-5.656854152679443,-5.4772257804870605
-5.656854152679443,-5.4772257804870605
-5.656854152679443,-5.4772257804870605
-5.656854152679443,-5.4772257804870605
-5.656854152679443,-5.4772257804870605
-5.656854152679443,-5.4772257804870605
-5.656854152679443,-5.4772257804870605
-5.656854152679443,-5.4772257804870605
-5.656854152679443,-5.4772257804870605
-5.656854152679443,-5.4772257804870605
-5.656854152679443,-5.4772257804870605
-5.656854152679443,-5.4772257804870605
-5.656854152679443,-5.4772257804870605
-5.656854152679443,-5.4772257804870605
-5.656854152679443,-5.4772257804870605
-5.656854152679443,-5.4772257804870605
-5.656854152679443,-5.4772257804870605
-5.656854152679443,-5.4772257804870605
-5.656854152679443,-5.4772257804870605
-5.656854152679443,-5.4772257804870605
-5.656854152679443,-5.4772257804870605
-5.656854152679443,-5.4772257804870605
-5.656854152679443,-5.4772257804870605
-5.656854152679443,-5.4772257804870605
-5.656854152679443,-5.4772257804870605
-5.656854152679443,-5.4772257804870605
-5.656854152679443,-5.4772257804870605
-5.656854152679443,-5.4772257804870605
-5.656854152679443,-5.4772257804870605
-5.656854152679443,-5.4772257804870605
-5.656854152679443,-5.4772257804870605
-5.656854152679443,-5.4772257804870605
-5.656854152679443,-5.4772257804870605
-5.656854152679443,-5.4772257804870605
-5.656854152679443,-5.4772257804870605
-5.656854152679443,-5.4772257804870605
-5.656854152679443,-5.4772257804870605
-5.656854152679443,-5.4772257804870605
-5.656854152679443,-5.4772257804870605
-5.656854152679443,-5.4772257804870605
-5.656854152679443,-5.4772257804870605
-5.656854152679443,-5.4772257804870605
-5.656854152679443,-5.4772257804870605
-5.656854152679443,-5.4772257804870605
-5.656854152679443,-5.4772257804870605
-5.656854152679443,-5.4772257804870605
-5.656854152679443,-5.4772257804870605
-5.656854152679443,-5.4772257804870605
-5.656854152679443,-5.4772257804870605
-5.656854152679443,-5.4772257804870605
-5.656854152679443,-5.4772257804870605
-5.656854152679443,-5.4772257804870605
-5.656854152679443,-5.4772257804870605
-5.656854152679443,-5.4772257804870605
-5.656854152679443,-5.4772257804870605
-5.656854152679443,-5.4772257804870605
-5.656854152679443,-5.4772257804870605
-5.656854152679443,-5.4772257804870605
-5.656854152679443,-5.4772257804870605
-5.656854152679443,-5.4772257804870605
-5.656854152679443,-5.4772257804870605
-5.656854152679443,-5.4772257804870605
-5.656854152679443,-5.4772257804870605
-5.656854152679443,-5.4772257804870605
-5.656854152679443,-5.4772257804870605
-5.656854152679443,-5.4772257804870605
-5.656854152679443,-5.4772257804870605
-5.656854152679443,-5.4772257804870605
-5.656854152679443,-5.4772257804870605
-5.656854152679443,-5.4772257804870605
-5.656854152679443,-5.4772257804870605
-5.656854152679443,-5.4772257804870605
-5.656854152679443,-5.4772257804870605
-5.656854152679443,-5.4772257804870605
-5.656854152679443,-5.4772257804870605
-5.656854152679443,-5.4772257804870605
-5.656854152679443,-5.4772257804870605
-5.656854152679443,-5.4772257804870605
-5.656854152679443,-5.4772257804870605
-5.656854152679443,-5.4772257804870605
-5.656854152679443,-5.4772257804870605
-5.656854152679443,-5.4772257804870605
-5.656854152679443,-5.4772257804870605
-5.656854152679443,-5.4772257804870605
-5.656854152679443,-5.4772257804870605
-5.656854152679443,-5.4772257804870605
-5.656854152679443,-5.4772257804870605
-5.656854152679443,-5.4772257804870605
-5.656854152679443,-5.4772257804870605
-5.656854152679443,-5.4772257804870605
-5.656854152679443,-5.4772257804870605
-5.656854152679443,-5.4772257804870605
-5.656854152679443,-5.4772257804870605
-5.656854152679443,-5.4772257804870605
-5.656854152679443,-5.4772257804870605
-5.656854152679443,-5.4772257804870605
-5.656854152679443,-5.4772257804870605
-5.656854152679443,-5.4772257804870605
-5.656854152679443,-5.4772257804870605
-5.656854152679443,-5.4772257804870605
-5.656854152679443,-5.4772257804870605
-5.656854152679443,-5.4772257804870605
-5.656854152679443,-5.4772257804870605
-5.656854152679443,-5.4772257804870605
-5.656854152679443,-5.4772257804870605
-5.656854152679443,-5.4772257804870605
-5.656854152679443,-5.4772257804870605
-5.656854152679443,-5.4772257804870605
-5.656854152679443,-5.4772257804870605
-5.656854152679443,-5.4772257804870605
-5.656854152679443,-5.4772257804870605
-5.656854152679443,-5.4772257804870605
-5.656854152679443,-5.4772257804870605
-5.656854152679443,-5.4772257804870605
-5.656854152679443,-5.4772257804870605
-5.656854152679443,-5.4772257804870605
-5.656854152679443,-5.4772257804870605
-5.656854152679443,-5.4772257804870605
-5.656854152679443,-5.4772257804870605
-5.656854152679443,-5.4772257804870605
-5.656854152679443,-5.4772257804870605
-5.656854152679443,-5.4772257804870605
-5.656854152679443,-5.4772257804870605
-5.656854152679443,-5.4772257804870605
-5.656854152679443,-5.4772257804870605
-5.656854152679443,-5.4772257804870605
-5.656854152679443,-5.4772257804870605
-5.656854152679443,-5.4772257804870605
-5.656854152679443,-5.4772257804870605
-5.656854152679443,-5.4772257804870605
-5.656854152679443,-5.4772257804870605
-5.656854152679443,-5.4772257804870605
-5.656854152679443,-5.4772257804870605
-5.656854152679443,-5.4772257804870605
-5.656854152679443,-5.4772257804870605
-5.656854152679443,-5.4772257804870605
-5.656854152679443,-5.4772257804870605
-5.656854152679443,-5.4772257804870605
-5.656854152679443,-5.4772257804870605
-5.656854152679443,-5.4772257804870605
-5.656854152679443,-5.4772257804870605
-5.656854152679443,-5.4772257804870605
-5.656854152679443,-5.4772257804870605
-5.656854152679443,-5.4772257804870605
-5.656854152679443,-5.4772257804870605
-5.656854152679443,-5.4772257804870605
-5.656854152679443,-5.4772257804870605
-5.656854152679443,-5.4772257804870605
-5.656854152679443,-5.4772257804870605
-5.656854152679443,-5.4772257804870605
-5.656854152679443,-5.4772257804870605
-5.656854152679443,-5.4772257804870605
-5.656854152679443,-5.4772257804870605
-5.656854152679443,-5.4772257804870605
-5.656854152679443,-5.4772257804870605
-5.656854152679443,-5.4772257804870605
-5.656854152679443,-5.4772257804870605
-5.656854152679443,-5.4772257804870605
-5.656854152679443,-5.4772257804870605
-5.656854152679443,-5.4772257804870605
-5.656854152679443,-5.4772257804870605
-5.656854152679443,-5.4772257804870605
-5.656854152679443,-5.4772257804870605
-5.656854152679443,-5.4772257804870605
-5.656854152679443,-5.4772257804870605
-5.656854152679443,-5.4772257804870605
-5.656854152679443,-5.4772257804870605
-5.656854152679443,-5.4772257804870605
-5.656854152679443,-5.4772257804870605
-5.656854152679443,-5.4772257804870605
-5.656854152679443,-5.4772257804870605
-5.656854152679443,-5.4772257804870605
-5.656854152679443,-5.4772257804870605
-5.656854152679443,-5.4772257804870605
-5.656854152679443,-5.4772257804870605
-5.656854152679443,-5.4772257804870605
-5.656854152679443,-5.4772257804870605
-5.656854152679443,-5.4772257804870605
-5.656854152679443,-5.4772257804870605
-5.656854152679443,-5.4772257804870605
-5.656854152679443,-5.4772257804870605
-5.656854152679443,-5.4772257804870605
-5.656854152679443,-5.4772257804870605
-5.656854152679443,-5.4772257804870605
-5.656854152679443,-5.4772257804870605
-5.656854152679443,-5.4772257804870605
-5.656854152679443,-5.4772257804870605
-5.656854152679443,-5.4772257804870605
-5.656854152679443,-5.4772257804870605
-5.656854152679443,-5.4772257804870605
-5.656854152679443,-5.4772257804870605
-5.656854152679443,-5.4772257804870605
-5.656854152679443,-5.4772257804870605
-5.656854152679443,-5.4772257804870605
-5.656854152679443,-5.4772257804870605
-5.656854152679443,-5.4772257804870605
-5.656854152679443,-5.4772257804870605
-5.656854152679443,-5.4772257804870605
-5.656854152679443,-5.4772257804870605
-5.656854152679443,-5.4772257804870605
-5.656854152679443,-5.4772257804870605
-5.656854152679443,-5.4772257804870605
-5.656854152679443,-5.4772257804870605
-5.656854152679443,-5.4772257804870605
-5.656854152679443,-5.4772257804870605
-5.656854152679443,-5.4772257804870605
-5.656854152679443,-5.4772257804870605
-5.656854152679443,-5.4772257804870605
-5.656854152679443,-5.4772257804870605
-5.656854152679443,-5.4772257804870605
-5.656854152679443,-5.4772257804870605
-5.656854152679443,-5.4772257804870605
-5.656854152679443,-5.4772257804870605
-5.656854152679443,-5.4772257804870605
-5.656854152679443,-5.4772257804870605
-5.656854152679443,-5.4772257804870605
-5.656854152679443,-5.4772257804870605
-5.656854152679443,-5.4772257804870605
-5.656854152679443,-5.4772257804870605
-5.656854152679443,-5.4772257804870605
-5.656854152679443,-5.4772257804870605
-5.656854152679443,-5.4772257804870605
-5.656854152679443,-5.4772257804870605
-5.656854152679443,-5.4772257804870605
-5.656854152679443,-5.4772257804870605
-5.656854152679443,-5.4772257804870605
-5.656854152679443,-5.4772257804870605
-5.656854152679443,-5.4772257804870605
-5.656854152679443,-5.4772257804870605
-5.656854152679443,-5.4772257804870605
-5.656854152679443,-5.4772257804870605
-5.656854152679443,-5.4772257804870605
-5.656854152679443,-5.4772257804870605
-5.656854152679443,-5.4772257804870605
-5.656854152679443,-5.4772257804870605
-5.656854152679443,-5.4772257804870605
-5.656854152679443,-5.4772257804870605
-5.656854152679443,-5.4772257804870605
-5.656854152679443,-5.4772257804870605
-5.656854152679443,-5.4772257804870605
-5.656854152679443,-5.4772257804870605
-5.656854152679443,-5.4772257804870605
-5.656854152679443,-5.4772257804870605
-5.656854152679443,-5.4772257804870605
-5.656854152679443,-5.4772257804870605
-5.656854152679443,-5.4772257804870605
-5.656854152679443,-5.4772257804870605
-5.656854152679443,-5.4772257804870605
-5.656854152679443,-5.4772257804870605
-5.656854152679443,-5.4772257804870605
-5.656854152679443,-5.4772257804870605
-5.656854152679443,-5.4772257804870605
-5.656854152679443,-5.4772257804870605
-5.656854152679443,-5.4772257804870605
-5.656854152679443,-5.4772257804870605
-5.656854152679443,-5.4772257804870605
-5.656854152679443,-5.4772257804870605
-5.656854152679443,-5.4772257804870605
-5.656854152679443,-5.4772257804870605
-5.656854152679443,-5.4772257804870605
-5.656854152679443,-5.4772257804870605
-5.656854152679443,-5.4772257804870605
-5.656854152679443,-5.4772257804870605
-5.656854152679443,-5.4772257804870605
-5.656854152679443,-5.4772257804870605
-5.656854152679443,-5.4772257804870605
-5.656854152679443,-5.4772257804870605
-5.656854152679443,-5.4772257804870605
-5.656854152679443,-5.4772257804870605
-5.656854152679443,-5.4772257804870605
-5.656854152679443,-5.4772257804870605
-5.656854152679443,-5.4772257804870605
-5.656854152679443,-5.4772257804870605
-5.656854152679443,-5.4772257804870605
-5.656854152679443,-5.4772257804870605
-5.656854152679443,-5.4772257804870605
-5.656854152679443,-5.4772257804870605
-5.656854152679443,-5.4772257804870605
-5.656854152679443,-5.4772257804870605
-5.656854152679443,-5.4772257804870605
-5.656854152679443,-5.4772257804870605
-5.656854152679443,-5.4772257804870605
-5.656854152679443,-5.4772257804870605
-5.656854152679443,-5.4772257804870605
-5.656854152679443,-5.4772257804870605
-5.656854152679443,-5.4772257804870605
-5.656854152679443,-5.4772257804870605
-5.656854152679443,-5.4772257804870605
-5.656854152679443,-5.4772257804870605
-5.656854152679443,-5.4772257804870605
-5.656854152679443,-5.4772257804870605
-5.656854152679443,-5.4772257804870605
-5.656854152679443,-5.4772257804870605
-5.656854152679443,-5.4772257804870605
-5.656854152679443,-5.4772257804870605
-5.656854152679443,-5.4772257804870605
-5.656854152679443,-5.4772257804870605
-5.656854152679443,-5.4772257804870605
-5.656854152679443,-5.4772257804870605
-5.656854152679443,-5.4772257804870605
-5.656854152679443,-5.4772257804870605
-5.656854152679443,-5.4772257804870605
-5.656854152679443,-5.4772257804870605
-5.656854152679443,-5.4772257804870605
-5.656854152679443,-5.4772257804870605
-5.656854152679443,-5.4772257804870605
-5.656854152679443,-5.4772257804870605
-5.656854152679443,-5.4772257804870605
-5.656854152679443,-5.4772257804870605
-5.656854152679443,-5.4772257804870605
-5.656854152679443,-5.4772257804870605
-5.656854152679443,-5.4772257804870605
-5.656854152679443,-5.4772257804870605
-5.656854152679443,-5.4772257804870605
-5.656854152679443,-5.4772257804870605
-5.656854152679443,-5.4772257804870605
-5.656854152679443,-5.4772257804870605
-5.656854152679443,-5.4772257804870605
-5.656854152679443,-5.4772257804870605
-5.656854152679443,-5.4772257804870605
-5.656854152679443,-5.4772257804870605
-5.656854152679443,-5.4772257804870605
-5.656854152679443,-5.4772257804870605
-5.656854152679443,-5.4772257804870605
-5.656854152679443,-5.4772257804870605
-5.656854152679443,-5.4772257804870605
-5.656854152679443,-5.4772257804870605
-5.656854152679443,-5.4772257804870605
-5.656854152679443,-5.4772257804870605
-5.656854152679443,-5.4772257804870605
-5.656854152679443,-5.4772257804870605
-5.656854152679443,-5.4772257804870605
-5.656854152679443,-5.4772257804870605
-5.656854152679443,-5.4772257804870605
-5.656854152679443,-5.4772257804870605
-5.656854152679443,-5.4772257804870605
-5.656854152679443,-5.4772257804870605
-5.656854152679443,-5.4772257804870605
-5.656854152679443,-5.4772257804870605
-5.656854152679443,-5.4772257804870605
-5.656854152679443,-5.4772257804870605
-5.656854152679443,-5.4772257804870605
-5.656854152679443,-5.4772257804870605
-5.656854152679443,-5.4772257804870605
-5.656854152679443,-5.4772257804870605
-5.656854152679443,-5.4772257804870605
-5.656854152679443,-5.4772257804870605
-5.656854152679443,-5.4772257804870605
-5.656854152679443,-5.4772257804870605
-5.656854152679443,-5.4772257804870605
-5.656854152679443,-5.4772257804870605
-5.656854152679443,-5.4772257804870605
-5.656854152679443,-5.4772257804870605
-5.656854152679443,-5.4772257804870605
-5.656854152679443,-5.4772257804870605
-5.656854152679443,-5.4772257804870605
-5.656854152679443,-5.4772257804870605
-5.656854152679443,-5.385164737701416
-5.656854152679443,-5.385164737701416
-5.656854152679443,-5.385164737701416
-5.656854152679443,-5.385164737701416
-5.656854152679443,-5.385164737701416
-5.656854152679443,-5.385164737701416
-5.656854152679443,-5.385164737701416
-5.656854152679443,-5.385164737701416
-5.656854152679443,-5.196152210235596
-5.656854152679443,-5.099019527435303
-5.656854152679443,-5.099019527435303
-5.656854152679443,-5.099019527435303
-5.656854152679443,-5.099019527435303
-5.656854152679443,-5.099019527435303
-5.656854152679443,-5.099019527435303
-5.656854152679443,-5
-5.656854152679443,-5
-5.656854152679443,-4.898979663848877
-5.656854152679443,-4.898979663848877
-5.656854152679443,-4.690415859222412
-5.656854152679443,-4.582575798034668
-5.656854152679443,-4.582575798034668
-5.656854152679443,-4.4721360206604
-5.656854152679443,-4.358899116516113
-5.656854152679443,-4.242640495300293
-5.656854152679443,-4.242640495300293
-5.656854152679443,-4.242640495300293
-5.656854152679443,-4.123105525970459
-5.656854152679443,-4.123105525970459
-5.656854152679443,-4.123105525970459
-5.656854152679443,-4.123105525970459
-5.656854152679443,-3.7416574954986572
-5.656854152679443,-3.7416574954986572
-5.656854152679443,-3.605551242828369
-5.656854152679443,-3.605551242828369
-5.656854152679443,-3.605551242828369
-5.656854152679443,-3.605551242828369
-5.656854152679443,-3.605551242828369
-5.656854152679443,-3.605551242828369
-5.656854152679443,-3.605551242828369
-5.656854152679443,-3.605551242828369
-5.656854152679443,-3
-5.656854152679443,-2.8284270763397217
-5.656854152679443,-2.4494898319244385
-5.656854152679443,-2.2360680103302
-5.656854152679443,-2
-5.656854152679443,-2
-5.656854152679443,-2
-5.656854152679443,-2
-5.656854152679443,-2
-5.656854152679443,-1.7320507764816284
-5.656854152679443,-1.4142135381698608
-5.656854152679443,-1.4142135381698608
-5.656854152679443,-1.4142135381698608
-5.656854152679443,-1.4142135381698608
-5.656854152679443,-1.4142135381698608
-5.656854152679443,-1
-5.656854152679443,-1
-5.656854152679443,-1
-5.656854152679443,-1
-5.656854152679443,-1
-5.656854152679443,-1
-5.656854152679443,-1
-5.656854152679443,-1
-5.656854152679443,-1
-5.656854152679443,-1
-5.656854152679443,-1
-5.656854152679443,-1
-5.656854152679443,-1
-5.656854152679443,-1
-5.656854152679443,1
-5.656854152679443,1
-5.656854152679443,1
-5.656854152679443,1
-5.656854152679443,1
-5.656854152679443,1
-5.656854152679443,1
-5.656854152679443,1
-5.656854152679443,1.4142135381698608
-5.656854152679443,1.7320507764816284
-5.656854152679443,1.7320507764816284
-5.656854152679443,2
-5.656854152679443,2.2360680103302
-5.656854152679443,2.2360680103302
-5.656854152679443,2.2360680103302
-5.656854152679443,2.2360680103302
-5.656854152679443,2.2360680103302
-5.656854152679443,2.2360680103302
-5.656854152679443,2.4494898319244385
-5.656854152679443,2.8284270763397217
-5.656854152679443,2.8284270763397217
-5.656854152679443,2.8284270763397217
-5.656854152679443,2.8284270763397217
-5.656854152679443,2.8284270763397217
-5.656854152679443,3
-5.656854152679443,3
-5.656854152679443,3
-5.656854152679443,3
-5.656854152679443,3
-5.656854152679443,3
-5.656854152679443,3.1622776985168457
-5.656854152679443,3.1622776985168457
-5.656854152679443,3.1622776985168457
-5.656854152679443,3.316624879837036
-5.656854152679443,3.316624879837036
-5.656854152679443,3.605551242828369
-5.656854152679443,3.605551242828369
-5.656854152679443,3.605551242828369
-5.656854152679443,3.7416574954986572
-5.656854152679443,3.7416574954986572
-5.656854152679443,3.7416574954986572
-5.656854152679443,3.7416574954986572
-5.656854152679443,4
-5.656854152679443,4.123105525970459
-5.656854152679443,4.123105525970459
-5.656854152679443,4.123105525970459
-5.656854152679443,4.123105525970459
-5.656854152679443,4.242640495300293
-5.656854152679443,4.242640495300293
-5.656854152679443,4.242640495300293
-5.656854152679443,4.242640495300293
-5.656854152679443,4.242640495300293
-5.656854152679443,4.242640495300293
-5.656854152679443,4.242640495300293
-5.656854152679443,4.358899116516113
-5.656854152679443,4.358899116516113
-5.656854152679443,4.358899116516113
-5.656854152679443,4.4721360206604
-5.656854152679443,4.4721360206604
-5.656854152679443,4.582575798034668
-5.656854152679443,4.582575798034668
-5.656854152679443,4.690415859222412
-5.656854152679443,4.690415859222412
-5.656854152679443,4.690415859222412
-5.656854152679443,4.898979663848877
-5.656854152679443,4.898979663848877
-5.656854152679443,4.898979663848877
-5.656854152679443,5
-5.656854152679443,5
-5.656854152679443,5
-5.656854152679443,5
-5.656854152679443,5
-5.656854152679443,5
-5.656854152679443,5
-5.656854152679443,5.099019527435303
-5.656854152679443,5.099019527435303
-5.656854152679443,5.099019527435303
-5.656854152679443,5.196152210235596
-5.656854152679443,5.196152210235596
-5.656854152679443,5.196152210235596
-5.656854152679443,5.196152210235596
-5.656854152679443,5.385164737701416
-5.656854152679443,5.385164737701416
-5.656854152679443,5.385164737701416
-5.656854152679443,5.4772257804870605
-5.656854152679443,5.74456262588501
-5.656854152679443,5.830951690673828
-5.656854152679443,6
-5.656854152679443,6
-5.656854152679443,6.164413928985596
-5.656854152679443,6.164413928985596
-5.656854152679443,6.164413928985596
-5.656854152679443,6.324555397033691
-5.656854152679443,6.324555397033691
-5.656854152679443,6.4031243324279785
-5.656854152679443,6.480740547180176
-5.656854152679443,6.633249759674072
-5.656854152679443,6.7082037925720215
-5.656854152679443,6.7082037925720215
-5.656854152679443,7
-5.656854152679443,7.071067810058594
-5.656854152679443,7.071067810058594
-5.656854152679443,7.071067810058594
-5.656854152679443,7.071067810058594
-5.656854152679443,7.071067810058594
-5.656854152679443,7.141428470611572
-5.656854152679443,7.211102485656738
-5.656854152679443,7.211102485656738
-5.656854152679443,7.211102485656738
-5.656854152679443,7.4833149909973145
-5.656854152679443,7.6157732009887695
-5.656854152679443,7.8102498054504395
-5.656854152679443,7.8102498054504395
-5.656854152679443,7.8102498054504395
-5.656854152679443,7.8102498054504395
-5.656854152679443,7.8102498054504395
-5.656854152679443,7.874007701873779
-5.656854152679443,7.874007701873779
-5.656854152679443,7.874007701873779
-5.656854152679443,8
-5.656854152679443,8.062257766723633
-5.656854152679443,8.124038696289063
-5.656854152679443,8.124038696289063
-5.656854152679443,8.124038696289063
-5.656854152679443,8.185352325439453
-5.656854152679443,8.366600036621094
-5.656854152679443,8.485280990600586
-5.656854152679443,8.5440034866333
-5.656854152679443,8.5440034866333
-5.656854152679443,9
-5.656854152679443,9.05538558959961
-5.656854152679443,9.05538558959961
-5.656854152679443,9.273618698120117
-5.656854152679443,9.433980941772461
-5.656854152679443,9.486832618713379
-5.656854152679443,9.539392471313477
-5.656854152679443,9.797959327697754
-5.656854152679443,9.899495124816895
-5.656854152679443,10.049875259399414
-5.656854152679443,10.049875259399414
-5.656854152679443,10.049875259399414
-5.656854152679443,10.488088607788086
-5.656854152679443,10.488088607788086
-5.656854152679443,10.677078247070313
-5.656854152679443,10.862780570983887
-5.656854152679443,11.045360565185547
-5.656854152679443,11.180339813232422
-5.656854152679443,11.661903381347656
-5.656854152679443,11.789826393127441
-5.656854152679443,12.083045959472656
-5.656854152679443,12.369317054748535
-5.656854152679443,13.638181686401367
-5.656854152679443,14.525838851928711
-5.656854152679443,15.748015403747559
-5.656854152679443,16.6433162689209
-5.656854152679443,16.822603225708008
-5.656854152679443,19.209373474121094
-5.656854152679443,20.976177215576172
-5.4772257804870605,inf
-5.4772257804870605,inf
-5.4772257804870605,inf
-5.4772257804870605,inf
-5.4772257804870605,inf
-5.4772257804870605,inf
-5.4772257804870605,inf
-5.4772257804870605,inf
-5.4772257804870605,inf
-5.4772257804870605,inf
-5.4772257804870605,inf
-5.4772257804870605,inf
-5.4772257804870605,inf
-5.4772257804870605,inf
-5.4772257804870605,inf
-5.4772257804870605,inf
-5.4772257804870605,inf
-5.4772257804870605,inf
-5.4772257804870605,inf
-5.4772257804870605,inf
-5.4772257804870605,inf
-5.4772257804870605,inf
-5.4772257804870605,inf
-5.4772257804870605,inf
-5.4772257804870605,inf
-5.4772257804870605,inf
-5.4772257804870605,inf
-5.4772257804870605,inf
-5.4772257804870605,inf
-5.4772257804870605,inf
-5.4772257804870605,inf
-5.4772257804870605,inf
-5.4772257804870605,inf
-5.4772257804870605,inf
-5.4772257804870605,inf
-5.4772257804870605,inf
-5.4772257804870605,inf
-5.4772257804870605,inf
-5.4772257804870605,inf
-5.4772257804870605,inf
-5.4772257804870605,inf
-5.4772257804870605,inf
-5.4772257804870605,inf
-5.4772257804870605,inf
-5.4772257804870605,inf
-5.4772257804870605,inf
-5.4772257804870605,inf
-5.4772257804870605,inf
-5.4772257804870605,-5.385164737701416
-5.4772257804870605,-5.385164737701416
-5.4772257804870605,-5.385164737701416
-5.4772257804870605,-5.385164737701416
-5.4772257804870605,-5.385164737701416
-5.4772257804870605,-5.385164737701416
-5.4772257804870605,-5.385164737701416
-5.4772257804870605,-5.385164737701416
-5.4772257804870605,-5.385164737701416
-5.4772257804870605,-5.385164737701416
-5.4772257804870605,-5.385164737701416
-5.4772257804870605,-5.099019527435303
-5.4772257804870605,-5.099019527435303
-5.4772257804870605,-5.099019527435303
-5.4772257804870605,-5
-5.4772257804870605,-5
-5.4772257804870605,-5
-5.4772257804870605,-4.898979663848877
-5.4772257804870605,-4.898979663848877
-5.4772257804870605,-4.898979663848877
-5.4772257804870605,-4.898979663848877
-5.4772257804870605,-4.898979663848877
-5.4772257804870605,-4.898979663848877
-5.4772257804870605,-4.690415859222412
-5.4772257804870605,-4.690415859222412
-5.4772257804870605,-4.582575798034668
-5.4772257804870605,-4.582575798034668
-5.4772257804870605,-4.582575798034668
-5.4772257804870605,-4.4721360206604
-5.4772257804870605,-4.4721360206604
-5.4772257804870605,-4.4721360206604
-5.4772257804870605,-4.358899116516113
-5.4772257804870605,-4.123105525970459
-5.4772257804870605,-4.123105525970459
-5.4772257804870605,-4
-5.4772257804870605,-4
-5.4772257804870605,-3.7416574954986572
-5.4772257804870605,-3.7416574954986572
-5.4772257804870605,-3.464101552963257
-5.4772257804870605,-3.316624879837036
-5.4772257804870605,-3.1622776985168457
-5.4772257804870605,-3.1622776985168457
-5.4772257804870605,-3
-5.4772257804870605,-3
-5.4772257804870605,-3
-5.4772257804870605,-2.8284270763397217
-5.4772257804870605,-2.8284270763397217
-5.4772257804870605,-2.8284270763397217
-5.4772257804870605,-2.4494898319244385
-5.4772257804870605,-2.2360680103302
-5.4772257804870605,-2.2360680103302
-5.4772257804870605,-2.2360680103302
-5.4772257804870605,-2.2360680103302
-5.4772257804870605,-2
-5.4772257804870605,-2
-5.4772257804870605,-2
-5.4772257804870605,-1.7320507764816284
-5.4772257804870605,-1.7320507764816284
-5.4772257804870605,-1.4142135381698608
-5.4772257804870605,-1.4142135381698608
-5.4772257804870605,-1.4142135381698608
-5.4772257804870605,-1.4142135381698608
-5.4772257804870605,-1.4142135381698608
-5.4772257804870605,-1
-5.4772257804870605,-1
-5.4772257804870605,-1
-5.4772257804870605,-1
-5.4772257804870605,-1
-5.4772257804870605,-1
-5.4772257804870605,-1
-5.4772257804870605,-1
-5.4772257804870605,-1
-5.4772257804870605,-1
-5.4772257804870605,1
-5.4772257804870605,1
-5.4772257804870605,1
-5.4772257804870605,1
-5.4772257804870605,1.4142135381698608
-5.4772257804870605,1.4142135381698608
-5.4772257804870605,1.4142135381698608
-5.4772257804870605,1.7320507764816284
-5.4772257804870605,2
-5.4772257804870605,2.2360680103302
-5.4772257804870605,2.2360680103302
-5.4772257804870605,2.2360680103302
-5.4772257804870605,2.4494898319244385
-5.4772257804870605,2.4494898319244385
-5.4772257804870605,2.4494898319244385
-5.4772257804870605,2.4494898319244385
-5.4772257804870605,2.8284270763397217
-5.4772257804870605,2.8284270763397217
-5.4772257804870605,3
-5.4772257804870605,3
-5.4772257804870605,3
-5.4772257804870605,3.1622776985168457
-5.4772257804870605,3.1622776985168457
-5.4772257804870605,3.1622776985168457
-5.4772257804870605,3.1622776985168457
-5.4772257804870605,3.316624879837036
-5.4772257804870605,3.316624879837036
-5.4772257804870605,3.316624879837036
-5.4772257804870605,3.316624879837036
-5.4772257804870605,3.605551242828369
-5.4772257804870605,3.605551242828369
-5.4772257804870605,3.605551242828369
-5.4772257804870605,3.605551242828369
-5.4772257804870605,3.7416574954986572
-5.4772257804870605,4
-5.4772257804870605,4.123105525970459
-5.4772257804870605,4.123105525970459
-5.4772257804870605,4.242640495300293
-5.4772257804870605,4.242640495300293
-5.4772257804870605,4.242640495300293
-5.4772257804870605,4.242640495300293
-5.4772257804870605,4.358899116516113
-5.4772257804870605,4.4721360206604
-5.4772257804870605,4.4721360206604
-5.4772257804870605,4.690415859222412
-5.4772257804870605,4.690415859222412
-5.4772257804870605,4.898979663848877
-5.4772257804870605,4.898979663848877
-5.4772257804870605,5
-5.4772257804870605,5
-5.4772257804870605,5.099019527435303
-5.4772257804870605,5.196152210235596
-5.4772257804870605,5.385164737701416
-5.4772257804870605,5.4772257804870605
-5.4772257804870605,5.656854152679443
-5.4772257804870605,5.656854152679443
-5.4772257804870605,5.656854152679443
-5.4772257804870605,5.74456262588501
-5.4772257804870605,5.74456262588501
-5.4772257804870605,5.74456262588501
-5.4772257804870605,5.916079998016357
-5.4772257804870605,6
-5.4772257804870605,6
-5.4772257804870605,6.164413928985596
-5.4772257804870605,6.164413928985596
-5.4772257804870605,6.164413928985596
-5.4772257804870605,6.324555397033691
-5.4772257804870605,6.4031243324279785
-5.4772257804870605,6.4031243324279785
-5.4772257804870605,6.4031243324279785
-5.4772257804870605,6.557438373565674
-5.4772257804870605,6.557438373565674
-5.4772257804870605,6.928203105926514
-5.4772257804870605,7
-5.4772257804870605,7
-5.4772257804870605,7.071067810058594
-5.4772257804870605,7.071067810058594
-5.4772257804870605,7.141428470611572
-5.4772257804870605,7.141428470611572
-5.4772257804870605,7.211102485656738
-5.4772257804870605,7.280109882354736
-5.4772257804870605,7.348469257354736
-5.4772257804870605,8.062257766723633
-5.4772257804870605,8.124038696289063
-5.4772257804870605,8.306623458862305
-5.4772257804870605,8.366600036621094
-5.4772257804870605,8.602325439453125
-5.4772257804870605,8.66025447845459
-5.4772257804870605,8.9442720413208
-5.4772257804870605,9.219544410705566
-5.4772257804870605,9.219544410705566
-5.4772257804870605,9.273618698120117
-5.4772257804870605,9.433980941772461
-5.4772257804870605,9.69536018371582
-5.4772257804870605,9.848857879638672
-5.4772257804870605,9.949873924255371
-5.4772257804870605,10
-5.4772257804870605,10.049875259399414
-5.4772257804870605,10.049875259399414
-5.4772257804870605,10.24695110321045
-5.4772257804870605,10.344079971313477
-5.4772257804870605,10.488088607788086
-5.4772257804870605,10.816654205322266
-5.4772257804870605,13
-5.4772257804870605,13.34166431427002
-5.4772257804870605,14.491376876831055
-5.4772257804870605,17.57839584350586
-5.4772257804870605,20.976177215576172
-5.385164737701416,inf
-5.385164737701416,inf
-5.385164737701416,inf
-5.385164737701416,inf
-5.385164737701416,inf
-5.385164737701416,inf
-5.385164737701416,inf
-5.385164737701416,inf
-5.385164737701416,inf
-5.385164737701416,inf
-5.385164737701416,inf
-5.385164737701416,inf
-5.385164737701416,inf
-5.385164737701416,inf
-5.385164737701416,inf
-5.385164737701416,inf
-5.385164737701416,inf
-5.385164737701416,inf
-5.385164737701416,inf
-5.385164737701416,inf
-5.385164737701416,inf
-5.385164737701416,inf
-5.385164737701416,inf
-5.385164737701416,inf
-5.385164737701416,inf
-5.385164737701416,inf
-5.385164737701416,inf
-5.385164737701416,inf
-5.385164737701416,inf
-5.385164737701416,inf
-5.385164737701416,inf
-5.385164737701416,inf
-5.385164737701416,inf
-5.385164737701416,inf
-5.385164737701416,inf
-5.385164737701416,inf
-5.385164737701416,inf
-5.385164737701416,inf
-5.385164737701416,inf
-5.385164737701416,inf
-5.385164737701416,inf
-5.385164737701416,inf
-5.385164737701416,inf
-5.385164737701416,inf
-5.385164737701416,inf
-5.385164737701416,inf
-5.385164737701416,inf
-5.385164737701416,inf
-5.385164737701416,inf
-5.385164737701416,inf
-5.385164737701416,inf
-5.385164737701416,inf
-5.385164737701416,inf
-5.385164737701416,inf
-5.385164737701416,inf
-5.385164737701416,inf
-5.385164737701416,inf
-5.385164737701416,inf
-5.385164737701416,inf
-5.385164737701416,inf
-5.385164737701416,inf
-5.385164737701416,inf
-5.385164737701416,inf
-5.385164737701416,inf
-5.385164737701416,inf
-5.385164737701416,inf
-5.385164737701416,inf
-5.385164737701416,inf
-5.385164737701416,inf
-5.385164737701416,inf
-5.385164737701416,inf
-5.385164737701416,inf
-5.385164737701416,inf
-5.385164737701416,inf
-5.385164737701416,inf
-5.385164737701416,inf
-5.385164737701416,inf
-5.385164737701416,inf
-5.385164737701416,inf
-5.385164737701416,inf
-5.385164737701416,inf
-5.385164737701416,-5.196152210235596
-5.385164737701416,-5.196152210235596
-5.385164737701416,-5.196152210235596
-5.385164737701416,-5.196152210235596
-5.385164737701416,-5.196152210235596
-5.385164737701416,-5.196152210235596
-5.385164737701416,-5.099019527435303
-5.385164737701416,-5.099019527435303
-5.385164737701416,-5.099019527435303
-5.385164737701416,-5.099019527435303
-5.385164737701416,-5.099019527435303
-5.385164737701416,-5.099019527435303
-5.385164737701416,-5.099019527435303
-5.385164737701416,-5.099019527435303
-5.385164737701416,-5
-5.385164737701416,-5
-5.385164737701416,-5
-5.385164737701416,-5
-5.385164737701416,-5
-5.385164737701416,-5
-5.385164737701416,-5
-5.385164737701416,-5
-5.385164737701416,-5
-5.385164737701416,-5
-5.385164737701416,-5
-5.385164737701416,-4.898979663848877
-5.385164737701416,-4.898979663848877
-5.385164737701416,-4.898979663848877
-5.385164737701416,-4.898979663848877
-5.385164737701416,-4.898979663848877
-5.385164737701416,-4.898979663848877
-5.385164737701416,-4.898979663848877
-5.385164737701416,-4.898979663848877
-5.385164737701416,-4.898979663848877
-5.385164737701416,-4.690415859222412
-5.385164737701416,-4.690415859222412
-5.385164737701416,-4.690415859222412
-5.385164737701416,-4.690415859222412
-5.385164737701416,-4.582575798034668
-5.385164737701416,-4.582575798034668
-5.385164737701416,-4.582575798034668
-5.385164737701416,-4.582575798034668
-5.385164737701416,-4.582575798034668
-5.385164737701416,-4.582575798034668
-5.385164737701416,-4.582575798034668
-5.385164737701416,-4.582575798034668
-5.385164737701416,-4.4721360206604
-5.385164737701416,-4.4721360206604
-5.385164737701416,-4.4721360206604
-5.385164737701416,-4.4721360206604
-5.385164737701416,-4.4721360206604
-5.385164737701416,-4.4721360206604
-5.385164737701416,-4.358899116516113
-5.385164737701416,-4.358899116516113
-5.385164737701416,-4.242640495300293
-5.385164737701416,-4.123105525970459
-5.385164737701416,-4.123105525970459
-5.385164737701416,-4
-5.385164737701416,-4
-5.385164737701416,-4
-5.385164737701416,-3.7416574954986572
-5.385164737701416,-3.7416574954986572
-5.385164737701416,-3.7416574954986572
-5.385164737701416,-3.7416574954986572
-5.385164737701416,-3.7416574954986572
-5.385164737701416,-3.7416574954986572
-5.385164737701416,-3.605551242828369
-5.385164737701416,-3.605551242828369
-5.385164737701416,-3.605551242828369
-5.385164737701416,-3.605551242828369
-5.385164737701416,-3.605551242828369
-5.385164737701416,-3.605551242828369
-5.385164737701416,-3.605551242828369
-5.385164737701416,-3.605551242828369
-5.385164737701416,-3.464101552963257
-5.385164737701416,-3.316624879837036
-5.385164737701416,-3.316624879837036
-5.385164737701416,-3.1622776985168457
-5.385164737701416,-3.1622776985168457
-5.385164737701416,-3.1622776985168457
-5.385164737701416,-3
-5.385164737701416,-3
-5.385164737701416,-3
-5.385164737701416,-3
-5.385164737701416,-2.8284270763397217
-5.385164737701416,-2.8284270763397217
-5.385164737701416,-2.8284270763397217
-5.385164737701416,-2.8284270763397217
-5.385164737701416,-2.8284270763397217
-5.385164737701416,-2.8284270763397217
-5.385164737701416,-2.8284270763397217
-5.385164737701416,-2.4494898319244385
-5.385164737701416,-2.4494898319244385
-5.385164737701416,-2.2360680103302
-5.385164737701416,-2.2360680103302
-5.385164737701416,-2.2360680103302
-5.385164737701416,-2.2360680103302
-5.385164737701416,-2.2360680103302
-5.385164737701416,-2.2360680103302
-5.385164737701416,-2.2360680103302
-5.385164737701416,-2.2360680103302
-5.385164737701416,-2.2360680103302
-5.385164737701416,-2.2360680103302
-5.385164737701416,-2.2360680103302
-5.385164737701416,-2.2360680103302
-5.385164737701416,-2.2360680103302
-5.385164737701416,-2.2360680103302
-5.385164737701416,-2
-5.385164737701416,-2
-5.385164737701416,-1.7320507764816284
-5.385164737701416,-1.7320507764816284
-5.385164737701416,-1.7320507764816284
-5.385164737701416,-1.7320507764816284
-5.385164737701416,-1.7320507764816284
-5.385164737701416,-1.4142135381698608
-5.385164737701416,-1.4142135381698608
-5.385164737701416,-1.4142135381698608
-5.385164737701416,-1.4142135381698608
-5.385164737701416,-1.4142135381698608
-5.385164737701416,-1.4142135381698608
-5.385164737701416,-1.4142135381698608
-5.385164737701416,-1.4142135381698608
-5.385164737701416,-1.4142135381698608
-5.385164737701416,-1.4142135381698608
-5.385164737701416,-1.4142135381698608
-5.385164737701416,-1.4142135381698608
-5.385164737701416,-1
-5.385164737701416,-1
-5.385164737701416,-1
-5.385164737701416,-1
-5.385164737701416,-1
-5.385164737701416,-1
-5.385164737701416,-1
-5.385164737701416,-1
-5.385164737701416,-1
-5.385164737701416,-1
-5.385164737701416,-1
-5.385164737701416,-1
-5.385164737701416,-1
-5.385164737701416,-1
-5.385164737701416,-1
-5.385164737701416,-1
-5.385164737701416,-1
-5.385164737701416,-1
-5.385164737701416,1
-5.385164737701416,1
-5.385164737701416,1
-5.385164737701416,1
-5.385164737701416,1
-5.385164737701416,1
-5.385164737701416,1
-5.385164737701416,1
-5.385164737701416,1
-5.385164737701416,1
-5.385164737701416,1
-5.385164737701416,1
-5.385164737701416,1
-5.385164737701416,1
-5.385164737701416,1
-5.385164737701416,1
-5.385164737701416,1
-5.385164737701416,1
-5.385164737701416,1
-5.385164737701416,1
-5.385164737701416,1
-5.385164737701416,1
-5.385164737701416,1
-5.385164737701416,1.4142135381698608
-5.385164737701416,1.4142135381698608
-5.385164737701416,1.4142135381698608
-5.385164737701416,1.4142135381698608
-5.385164737701416,1.4142135381698608
-5.385164737701416,1.4142135381698608
-5.385164737701416,1.4142135381698608
-5.385164737701416,1.4142135381698608
-5.385164737701416,1.4142135381698608
-5.385164737701416,1.4142135381698608
-5.385164737701416,1.4142135381698608
-5.385164737701416,1.4142135381698608
-5.385164737701416,1.4142135381698608
-5.385164737701416,1.4142135381698608
-5.385164737701416,1.4142135381698608
-5.385164737701416,1.7320507764816284
-5.385164737701416,1.7320507764816284
-5.385164737701416,1.7320507764816284
-5.385164737701416,2
-5.385164737701416,2
-5.385164737701416,2
-5.385164737701416,2
-5.385164737701416,2
-5.385164737701416,2
-5.385164737701416,2
-5.385164737701416,2
-5.385164737701416,2
-5.385164737701416,2
-5.385164737701416,2.2360680103302
-5.385164737701416,2.2360680103302
-5.385164737701416,2.2360680103302
-5.385164737701416,2.2360680103302
-5.385164737701416,2.2360680103302
-5.385164737701416,2.2360680103302
-5.385164737701416,2.2360680103302
-5.385164737701416,2.2360680103302
-5.385164737701416,2.2360680103302
-5.385164737701416,2.2360680103302
-5.385164737701416,2.2360680103302
-5.385164737701416,2.4494898319244385
-5.385164737701416,2.4494898319244385
-5.385164737701416,2.4494898319244385
-5.385164737701416,2.4494898319244385
-5.385164737701416,2.4494898319244385
-5.385164737701416,2.4494898319244385
-5.385164737701416,2.8284270763397217
-5.385164737701416,2.8284270763397217
-5.385164737701416,2.8284270763397217
-5.385164737701416,3
-5.385164737701416,3
-5.385164737701416,3
-5.385164737701416,3
-5.385164737701416,3
-5.385164737701416,3
-5.385164737701416,3
-5.385164737701416,3
-5.385164737701416,3
-5.385164737701416,3
-5.385164737701416,3
-5.385164737701416,3.1622776985168457
-5.385164737701416,3.1622776985168457
-5.385164737701416,3.1622776985168457
-5.385164737701416,3.1622776985168457
-5.385164737701416,3.1622776985168457
-5.385164737701416,3.1622776985168457
-5.385164737701416,3.1622776985168457
-5.385164737701416,3.316624879837036
-5.385164737701416,3.316624879837036
-5.385164737701416,3.316624879837036
-5.385164737701416,3.464101552963257
-5.385164737701416,3.464101552963257
-5.385164737701416,3.605551242828369
-5.385164737701416,3.605551242828369
-5.385164737701416,3.605551242828369
-5.385164737701416,3.605551242828369
-5.385164737701416,3.605551242828369
-5.385164737701416,3.7416574954986572
-5.385164737701416,3.7416574954986572
-5.385164737701416,3.7416574954986572
-5.385164737701416,3.7416574954986572
-5.385164737701416,4
-5.385164737701416,4
-5.385164737701416,4
-5.385164737701416,4
-5.385164737701416,4.123105525970459
-5.385164737701416,4.123105525970459
-5.385164737701416,4.123105525970459
-5.385164737701416,4.123105525970459
-5.385164737701416,4.123105525970459
-5.385164737701416,4.123105525970459
-5.385164737701416,4.123105525970459
-5.385164737701416,4.123105525970459
-5.385164737701416,4.123105525970459
-5.385164737701416,4.242640495300293
-5.385164737701416,4.242640495300293
-5.385164737701416,4.242640495300293
-5.385164737701416,4.242640495300293
-5.385164737701416,4.242640495300293
-5.385164737701416,4.242640495300293
-5.385164737701416,4.242640495300293
-5.385164737701416,4.358899116516113
-5.385164737701416,4.358899116516113
-5.385164737701416,4.358899116516113
-5.385164737701416,4.4721360206604
-5.385164737701416,4.4721360206604
-5.385164737701416,4.4721360206604
-5.385164737701416,4.4721360206604
-5.385164737701416,4.4721360206604
-5.385164737701416,4.4721360206604
-5.385164737701416,4.4721360206604
-5.385164737701416,4.4721360206604
-5.385164737701416,4.582575798034668
-5.385164737701416,4.582575798034668
-5.385164737701416,4.582575798034668
-5.385164737701416,4.582575798034668
-5.385164737701416,4.582575798034668
-5.385164737701416,4.582575798034668
-5.385164737701416,4.582575798034668
-5.385164737701416,4.898979663848877
-5.385164737701416,4.898979663848877
-5.385164737701416,4.898979663848877
-5.385164737701416,4.898979663848877
-5.385164737701416,5
-5.385164737701416,5
-5.385164737701416,5
-5.385164737701416,5
-5.385164737701416,5
-5.385164737701416,5
-5.385164737701416,5.099019527435303
-5.385164737701416,5.099019527435303
-5.385164737701416,5.099019527435303
-5.385164737701416,5.099019527435303
-5.385164737701416,5.196152210235596
-5.385164737701416,5.196152210235596
-5.385164737701416,5.196152210235596
-5.385164737701416,5.196152210235596
-5.385164737701416,5.196152210235596
-5.385164737701416,5.196152210235596
-5.385164737701416,5.196152210235596
-5.385164737701416,5.196152210235596
-5.385164737701416,5.385164737701416
-5.385164737701416,5.385164737701416
-5.385164737701416,5.385164737701416
-5.385164737701416,5.385164737701416
-5.385164737701416,5.385164737701416
-5.385164737701416,5.385164737701416
-5.385164737701416,5.4772257804870605
-5.385164737701416,5.4772257804870605
-5.385164737701416,5.4772257804870605
-5.385164737701416,5.4772257804870605
-5.385164737701416,5.4772257804870605
-5.385164737701416,5.4772257804870605
-5.385164737701416,5.656854152679443
-5.385164737701416,5.74456262588501
-5.385164737701416,5.74456262588501
-5.385164737701416,5.74456262588501
-5.385164737701416,5.74456262588501
-5.385164737701416,5.74456262588501
-5.385164737701416,5.74456262588501
-5.385164737701416,5.74456262588501
-5.385164737701416,5.74456262588501
-5.385164737701416,5.74456262588501
-5.385164737701416,5.830951690673828
-5.385164737701416,5.830951690673828
-5.385164737701416,5.830951690673828
-5.385164737701416,5.830951690673828
-5.385164737701416,5.830951690673828
-5.385164737701416,5.830951690673828
-5.385164737701416,5.830951690673828
-5.385164737701416,5.830951690673828
-5.385164737701416,5.916079998016357
-5.385164737701416,6
-5.385164737701416,6
-5.385164737701416,6
-5.385164737701416,6.082762718200684
-5.385164737701416,6.082762718200684
-5.385164737701416,6.164413928985596
-5.385164737701416,6.164413928985596
-5.385164737701416,6.164413928985596
-5.385164737701416,6.164413928985596
-5.385164737701416,6.164413928985596
-5.385164737701416,6.324555397033691
-5.385164737701416,6.4031243324279785
-5.385164737701416,6.4031243324279785
-5.385164737701416,6.4031243324279785
-5.385164737701416,6.4031243324279785
-5.385164737701416,6.4031243324279785
-5.385164737701416,6.480740547180176
-5.385164737701416,6.480740547180176
-5.385164737701416,6.480740547180176
-5.385164737701416,6.557438373565674
-5.385164737701416,6.557438373565674
-5.385164737701416,6.557438373565674
-5.385164737701416,6.633249759674072
-5.385164737701416,6.633249759674072
-5.385164737701416,6.633249759674072
-5.385164737701416,6.633249759674072
-5.385164737701416,6.633249759674072
-5.385164737701416,6.7082037925720215
-5.385164737701416,6.7082037925720215
-5.385164737701416,6.7082037925720215
-5.385164737701416,6.7082037925720215
-5.385164737701416,6.7082037925720215
-5.385164737701416,6.7082037925720215
-5.385164737701416,6.78233003616333
-5.385164737701416,6.78233003616333
-5.385164737701416,6.78233003616333
-5.385164737701416,6.78233003616333
-5.385164737701416,6.78233003616333
-5.385164737701416,7
-5.385164737701416,7
-5.385164737701416,7
-5.385164737701416,7
-5.385164737701416,7
-5.385164737701416,7.071067810058594
-5.385164737701416,7.071067810058594
-5.385164737701416,7.071067810058594
-5.385164737701416,7.071067810058594
-5.385164737701416,7.071067810058594
-5.385164737701416,7.141428470611572
-5.385164737701416,7.141428470611572
-5.385164737701416,7.141428470611572
-5.385164737701416,7.141428470611572
-5.385164737701416,7.211102485656738
-5.385164737701416,7.211102485656738
-5.385164737701416,7.280109882354736
-5.385164737701416,7.280109882354736
-5.385164737701416,7.280109882354736
-5.385164737701416,7.280109882354736
-5.385164737701416,7.348469257354736
-5.385164737701416,7.348469257354736
-5.385164737701416,7.348469257354736
-5.385164737701416,7.348469257354736
-5.385164737701416,7.348469257354736
-5.385164737701416,7.4833149909973145
-5.385164737701416,7.4833149909973145
-5.385164737701416,7.549834251403809
-5.385164737701416,7.549834251403809
-5.385164737701416,7.549834251403809
-5.385164737701416,7.6157732009887695
-5.385164737701416,7.6157732009887695
-5.385164737701416,7.681145668029785
-5.385164737701416,7.681145668029785
-5.385164737701416,7.681145668029785
-5.385164737701416,7.8102498054504395
-5.385164737701416,7.8102498054504395
-5.385164737701416,7.874007701873779
-5.385164737701416,7.874007701873779
-5.385164737701416,7.874007701873779
-5.385164737701416,7.874007701873779
-5.385164737701416,7.874007701873779
-5.385164737701416,7.874007701873779
-5.385164737701416,7.874007701873779
-5.385164737701416,7.874007701873779
-5.385164737701416,8.062257766723633
-5.385164737701416,8.124038696289063
-5.385164737701416,8.124038696289063
-5.385164737701416,8.124038696289063
-5.385164737701416,8.124038696289063
-5.385164737701416,8.185352325439453
-5.385164737701416,8.185352325439453
-5.385164737701416,8.246211051940918
-5.385164737701416,8.246211051940918
-5.385164737701416,8.366600036621094
-5.385164737701416,8.485280990600586
-5.385164737701416,8.5440034866333
-5.385164737701416,8.5440034866333
-5.385164737701416,8.5440034866333
-5.385164737701416,8.602325439453125
-5.385164737701416,8.602325439453125
-5.385164737701416,8.602325439453125
-5.385164737701416,8.66025447845459
-5.385164737701416,8.66025447845459
-5.385164737701416,8.774964332580566
-5.385164737701416,8.774964332580566
-5.385164737701416,8.774964332580566
-5.385164737701416,8.774964332580566
-5.385164737701416,8.774964332580566
-5.385164737701416,8.83176040649414
-5.385164737701416,8.83176040649414
-5.385164737701416,8.83176040649414
-5.385164737701416,8.9442720413208
-5.385164737701416,8.9442720413208
-5.385164737701416,9
-5.385164737701416,9.05538558959961
-5.385164737701416,9.05538558959961
-5.385164737701416,9.110433578491211
-5.385164737701416,9.165151596069336
-5.385164737701416,9.219544410705566
-5.385164737701416,9.433980941772461
-5.385164737701416,9.433980941772461
-5.385164737701416,9.486832618713379
-5.385164737701416,9.486832618713379
-5.385164737701416,9.486832618713379
-5.385164737701416,9.539392471313477
-5.385164737701416,9.69536018371582
-5.385164737701416,9.69536018371582
-5.385164737701416,9.69536018371582
-5.385164737701416,9.848857879638672
-5.385164737701416,9.899495124816895
-5.385164737701416,9.899495124816895
-5.385164737701416,9.899495124816895
-5.385164737701416,9.949873924255371
-5.385164737701416,10.049875259399414
-5.385164737701416,10.392304420471191
-5.385164737701416,10.488088607788086
-5.385164737701416,11.313708305358887
-5.385164737701416,11.357816696166992
-5.385164737701416,11.48912525177002
-5.385164737701416,11.661903381347656
-5.385164737701416,11.704699516296387
-5.385164737701416,12.083045959472656
-5.385164737701416,12.083045959472656
-5.385164737701416,12.083045959472656
-5.385164737701416,12.083045959472656
-5.385164737701416,12.12435531616211
-5.385164737701416,12.12435531616211
-5.385164737701416,12.165525436401367
-5.385164737701416,12.369317054748535
-5.385164737701416,12.727922439575195
-5.385164737701416,13.34166431427002
-5.385164737701416,13.638181686401367
-5.385164737701416,13.638181686401367
-5.385164737701416,13.67479419708252
-5.385164737701416,13.67479419708252
-5.385164737701416,13.67479419708252
-5.385164737701416,13.747727394104004
-5.385164737701416,13.747727394104004
-5.385164737701416,13.892443656921387
-5.385164737701416,14.317821502685547
-5.385164737701416,14.317821502685547
-5.385164737701416,14.422204971313477
-5.385164737701416,14.491376876831055
-5.385164737701416,14.798648834228516
-5.385164737701416,15.033296585083008
-5.385164737701416,15.033296585083008
-5.385164737701416,15.066518783569336
-5.385164737701416,15.264337539672852
-5.385164737701416,15.394804000854492
-5.385164737701416,15.55634880065918
-5.385164737701416,16.278820037841797
-5.385164737701416,16.492422103881836
-5.385164737701416,16.822603225708008
-5.385164737701416,19.05255889892578
-5.385164737701416,22.226110458374023
-5.196152210235596,inf
-5.196152210235596,inf
-5.196152210235596,inf
-5.196152210235596,inf
-5.196152210235596,inf
-5.196152210235596,inf
-5.196152210235596,inf
-5.196152210235596,inf
-5.196152210235596,inf
-5.196152210235596,inf
-5.196152210235596,inf
-5.196152210235596,inf
-5.196152210235596,inf
-5.196152210235596,inf
-5.196152210235596,inf
-5.196152210235596,inf
-5.196152210235596,inf
-5.196152210235596,inf
-5.196152210235596,inf
-5.196152210235596,inf
-5.196152210235596,inf
-5.196152210235596,inf
-5.196152210235596,inf
-5.196152210235596,-5.099019527435303
-5.196152210235596,-5.099019527435303
-5.196152210235596,-5.099019527435303
-5.196152210235596,-5.099019527435303
-5.196152210235596,-5.099019527435303
-5.196152210235596,-5
-5.196152210235596,-5
-5.196152210235596,-4.898979663848877
-5.196152210235596,-4.898979663848877
-5.196152210235596,-4.690415859222412
-5.196152210235596,-4.582575798034668
-5.196152210235596,-3.464101552963257
-5.196152210235596,-3.464101552963257
-5.196152210235596,-3.1622776985168457
-5.196152210235596,-2.8284270763397217
-5.196152210235596,-2.2360680103302
-5.196152210235596,-2
-5.196152210235596,-2
-5.196152210235596,-1.7320507764816284
-5.196152210235596,-1.7320507764816284
-5.196152210235596,-1.4142135381698608
-5.196152210235596,-1.4142135381698608
-5.196152210235596,-1
-5.196152210235596,-1
-5.196152210235596,-1
-5.196152210235596,1
-5.196152210235596,1
-5.196152210235596,1.4142135381698608
-5.196152210235596,1.7320507764816284
-5.196152210235596,1.7320507764816284
-5.196152210235596,2
-5.196152210235596,2
-5.196152210235596,2.8284270763397217
-5.196152210235596,3
-5.196152210235596,3.316624879837036
-5.196152210235596,3.316624879837036
-5.196152210235596,3.464101552963257
-5.196152210235596,3.464101552963257
-5.196152210235596,3.605551242828369
-5.196152210235596,3.7416574954986572
-5.196152210235596,3.7416574954986572
-5.196152210235596,4
-5.196152210235596,4.123105525970459
-5.196152210235596,4.123105525970459
-5.196152210235596,4.123105525970459
-5.196152210235596,4.242640495300293
-5.196152210235596,4.358899116516113
-5.196152210235596,4.4721360206604
-5.196152210235596,4.582575798034668
-5.196152210235596,4.898979663848877
-5.196152210235596,5
-5.196152210235596,5
-5.196152210235596,5.385164737701416
-5.196152210235596,5.385164737701416
-5.196152210235596,5.656854152679443
-5.196152210235596,5.656854152679443
-5.196152210235596,5.656854152679443
-5.196152210235596,5.74456262588501
-5.196152210235596,5.830951690673828
-5.196152210235596,5.830951690673828
-5.196152210235596,5.830951690673828
-5.196152210235596,6
-5.196152210235596,6
-5.196152210235596,6
-5.196152210235596,6.164413928985596
-5.196152210235596,6.164413928985596
-5.196152210235596,7.8102498054504395
-5.196152210235596,8.062257766723633
-5.196152210235596,8.062257766723633
-5.196152210235596,8.306623458862305
-5.196152210235596,8.83176040649414
-5.196152210235596,9
-5.196152210235596,9.433980941772461
-5.196152210235596,9.433980941772461
-5.196152210235596,9.433980941772461
-5.196152210235596,10.630146026611328
-5.196152210235596,12.727922439575195
-5.196152210235596,16.309507369995117
-5.196152210235596,18.547237396240234
-5.099019527435303,inf
-5.099019527435303,inf
-5.099019527435303,inf
-5.099019527435303,inf
-5.099019527435303,inf
-5.099019527435303,inf
-5.099019527435303,inf
-5.099019527435303,inf
-5.099019527435303,inf
-5.099019527435303,inf
-5.099019527435303,inf
-5.099019527435303,inf
-5.099019527435303,inf
-5.099019527435303,inf
-5.099019527435303,inf
-5.099019527435303,inf
-5.099019527435303,inf
-5.099019527435303,inf
-5.099019527435303,inf
-5.099019527435303,inf
-5.099019527435303,inf
-5.099019527435303,inf
-5.099019527435303,inf
-5.099019527435303,inf
-5.099019527435303,inf
-5.099019527435303,inf
-5.099019527435303,inf
-5.099019527435303,inf
-5.099019527435303,inf
-5.099019527435303,inf
-5.099019527435303,inf
-5.099019527435303,inf
-5.099019527435303,inf
-5.099019527435303,inf
-5.099019527435303,inf
-5.099019527435303,inf
-5.099019527435303,inf
-5.099019527435303,inf
-5.099019527435303,inf
-5.099019527435303,inf
-5.099019527435303,inf
-5.099019527435303,inf
-5.099019527435303,inf
-5.099019527435303,inf
-5.099019527435303,inf
-5.099019527435303,inf
-5.099019527435303,inf
-5.099019527435303,inf
-5.099019527435303,inf
-5.099019527435303,inf
-5.099019527435303,inf
-5.099019527435303,inf
-5.099019527435303,inf
-5.099019527435303,inf
-5.099019527435303,inf
-5.099019527435303,inf
-5.099019527435303,inf
-5.099019527435303,inf
-5.099019527435303,inf
-5.099019527435303,inf
-5.099019527435303,inf
-5.099019527435303,inf
-5.099019527435303,inf
-5.099019527435303,inf
-5.099019527435303,inf
-5.099019527435303,inf
-5.099019527435303,inf
-5.099019527435303,inf
-5.099019527435303,inf
-5.099019527435303,inf
-5.099019527435303,inf
-5.099019527435303,inf
-5.099019527435303,inf
-5.099019527435303,inf
-5.099019527435303,-5
-5.099019527435303,-5
-5.099019527435303,-5
-5.099019527435303,-5
-5.099019527435303,-5
-5.099019527435303,-5
-5.099019527435303,-5
-5.099019527435303,-5
-5.099019527435303,-5
-5.099019527435303,-5
-5.099019527435303,-4.898979663848877
-5.099019527435303,-4.898979663848877
-5.099019527435303,-4.898979663848877
-5.099019527435303,-4.898979663848877
-5.099019527435303,-4.898979663848877
-5.099019527435303,-4.898979663848877
-5.099019527435303,-4.898979663848877
-5.099019527435303,-4.898979663848877
-5.099019527435303,-4.898979663848877
-5.099019527435303,-4.690415859222412
-5.099019527435303,-4.690415859222412
-5.099019527435303,-4.690415859222412
-5.099019527435303,-4.690415859222412
-5.099019527435303,-4.582575798034668
-5.099019527435303,-4.582575798034668
-5.099019527435303,-4.582575798034668
-5.099019527435303,-4.582575798034668
-5.099019527435303,-4.582575798034668
-5.099019527435303,-4.582575798034668
-5.099019527435303,-4.582575798034668
-5.099019527435303,-4.582575798034668
-5.099019527435303,-4.582575798034668
-5.099019527435303,-4.582575798034668
-5.099019527435303,-4.582575798034668
-5.099019527435303,-4.582575798034668
-5.099019527435303,-4.4721360206604
-5.099019527435303,-4.4721360206604
-5.099019527435303,-4.4721360206604
-5.099019527435303,-4.4721360206604
-5.099019527435303,-4.4721360206604
-5.099019527435303,-4.358899116516113
-5.099019527435303,-4.358899116516113
-5.099019527435303,-4.358899116516113
-5.099019527435303,-4.358899116516113
-5.099019527435303,-4.242640495300293
-5.099019527435303,-4.242640495300293
-5.099019527435303,-4.123105525970459
-5.099019527435303,-4.123105525970459
-5.099019527435303,-4.123105525970459
-5.099019527435303,-4.123105525970459
-5.099019527435303,-4.123105525970459
-5.099019527435303,-4.123105525970459
-5.099019527435303,-4
-5.099019527435303,-4
-5.099019527435303,-4
-5.099019527435303,-3.7416574954986572
-5.099019527435303,-3.7416574954986572
-5.099019527435303,-3.7416574954986572
-5.099019527435303,-3.605551242828369
-5.099019527435303,-3.605551242828369
-5.099019527435303,-3.464101552963257
-5.099019527435303,-3.464101552963257
-5.099019527435303,-3.464101552963257
-5.099019527435303,-3.464101552963257
-5.099019527435303,-3.464101552963257
-5.099019527435303,-3.464101552963257
-5.099019527435303,-3.316624879837036
-5.099019527435303,-3.316624879837036
-5.099019527435303,-3.316624879837036
-5.099019527435303,-3.1622776985168457
-5.099019527435303,-3.1622776985168457
-5.099019527435303,-3.1622776985168457
-5.099019527435303,-3
-5.099019527435303,-3
-5.099019527435303,-3
-5.099019527435303,-3
-5.099019527435303,-3
-5.099019527435303,-3
-5.099019527435303,-2.8284270763397217
-5.099019527435303,-2.4494898319244385
-5.099019527435303,-2.4494898319244385
-5.099019527435303,-2.2360680103302
-5.099019527435303,-2.2360680103302
-5.099019527435303,-2.2360680103302
-5.099019527435303,-2.2360680103302
-5.099019527435303,-2.2360680103302
-5.099019527435303,-2.2360680103302
-5.099019527435303,-2
-5.099019527435303,-2
-5.099019527435303,-2
-5.099019527435303,-2
-5.099019527435303,-1.7320507764816284
-5.099019527435303,-1.7320507764816284
-5.099019527435303,-1.4142135381698608
-5.099019527435303,-1.4142135381698608
-5.099019527435303,-1.4142135381698608
-5.099019527435303,-1.4142135381698608
-5.099019527435303,-1.4142135381698608
-5.099019527435303,-1.4142135381698608
-5.099019527435303,-1.4142135381698608
-5.099019527435303,-1.4142135381698608
-5.099019527435303,-1
-5.099019527435303,-1
-5.099019527435303,-1
-5.099019527435303,-1
-5.099019527435303,-1
-5.099019527435303,-1
-5.099019527435303,-1
-5.099019527435303,-1
-5.099019527435303,-1
-5.099019527435303,-1
-5.099019527435303,-1
-5.099019527435303,-1
-5.099019527435303,-1
-5.099019527435303,-1
-5.099019527435303,1
-5.099019527435303,1
-5.099019527435303,1
-5.099019527435303,1
-5.099019527435303,1
-5.099019527435303,1
-5.099019527435303,1
-5.099019527435303,1
-5.099019527435303,1
-5.099019527435303,1
-5.099019527435303,1
-5.099019527435303,1
-5.099019527435303,1
-5.099019527435303,1
-5.099019527435303,1
-5.099019527435303,1
-5.099019527435303,1
-5.099019527435303,1.4142135381698608
-5.099019527435303,1.4142135381698608
-5.099019527435303,1.4142135381698608
-5.099019527435303,1.4142135381698608
-5.099019527435303,1.4142135381698608
-5.099019527435303,1.4142135381698608
-5.099019527435303,1.4142135381698608
-5.099019527435303,1.4142135381698608
-5.099019527435303,1.4142135381698608
-5.099019527435303,1.4142135381698608
-5.099019527435303,1.4142135381698608
-5.099019527435303,1.4142135381698608
-5.099019527435303,1.4142135381698608
-5.099019527435303,1.4142135381698608
-5.099019527435303,1.7320507764816284
-5.099019527435303,1.7320507764816284
-5.099019527435303,1.7320507764816284
-5.099019527435303,1.7320507764816284
-5.099019527435303,2
-5.099019527435303,2
-5.099019527435303,2
-5.099019527435303,2
-5.099019527435303,2
-5.099019527435303,2
-5.099019527435303,2
-5.099019527435303,2
-5.099019527435303,2.2360680103302
-5.099019527435303,2.2360680103302
-5.099019527435303,2.2360680103302
-5.099019527435303,2.2360680103302
-5.099019527435303,2.2360680103302
-5.099019527435303,2.2360680103302
-5.099019527435303,2.2360680103302
-5.099019527435303,2.2360680103302
-5.099019527435303,2.4494898319244385
-5.099019527435303,2.4494898319244385
-5.099019527435303,2.8284270763397217
-5.099019527435303,2.8284270763397217
-5.099019527435303,2.8284270763397217
-5.099019527435303,3
-5.099019527435303,3
-5.099019527435303,3
-5.099019527435303,3.1622776985168457
-5.099019527435303,3.1622776985168457
-5.099019527435303,3.316624879837036
-5.099019527435303,3.316624879837036
-5.099019527435303,3.316624879837036
-5.099019527435303,3.316624879837036
-5.099019527435303,3.464101552963257
-5.099019527435303,3.605551242828369
-5.099019527435303,3.7416574954986572
-5.099019527435303,3.7416574954986572
-5.099019527435303,3.7416574954986572
-5.099019527435303,3.7416574954986572
-5.099019527435303,4
-5.099019527435303,4
-5.099019527435303,4.123105525970459
-5.099019527435303,4.123105525970459
-5.099019527435303,4.123105525970459
-5.099019527435303,4.123105525970459
-5.099019527435303,4.123105525970459
-5.099019527435303,4.123105525970459
-5.099019527435303,4.242640495300293
-5.099019527435303,4.358899116516113
-5.099019527435303,4.358899116516113
-5.099019527435303,4.358899116516113
-5.099019527435303,4.4721360206604
-5.099019527435303,4.4721360206604
-5.099019527435303,4.4721360206604
-5.099019527435303,4.4721360206604
-5.099019527435303,4.582575798034668
-5.099019527435303,4.582575798034668
-5.099019527435303,4.582575798034668
-5.099019527435303,4.582575798034668
-5.099019527435303,4.690415859222412
-5.099019527435303,4.690415859222412
-5.099019527435303,4.690415859222412
-5.099019527435303,4.898979663848877
-5.099019527435303,4.898979663848877
-5.099019527435303,5
-5.099019527435303,5
-5.099019527435303,5
-5.099019527435303,5
-5.099019527435303,5
-5.099019527435303,5
-5.099019527435303,5.099019527435303
-5.099019527435303,5.099019527435303
-5.099019527435303,5.099019527435303
-5.099019527435303,5.196152210235596
-5.099019527435303,5.196152210235596
-5.099019527435303,5.196152210235596
-5.099019527435303,5.385164737701416
-5.099019527435303,5.385164737701416
-5.099019527435303,5.385164737701416
-5.099019527435303,5.385164737701416
-5.099019527435303,5.385164737701416
-5.099019527435303,5.4772257804870605
-5.099019527435303,5.4772257804870605
-5.099019527435303,5.4772257804870605
-5.099019527435303,5.656854152679443
-5.099019527435303,5.656854152679443
-5.099019527435303,5.656854152679443
-5.099019527435303,5.74456262588501
-5.099019527435303,5.74456262588501
-5.099019527435303,5.74456262588501
-5.099019527435303,5.830951690673828
-5.099019527435303,5.830951690673828
-5.099019527435303,5.830951690673828
-5.099019527435303,5.916079998016357
-5.099019527435303,6
-5.099019527435303,6
-5.099019527435303,6.164413928985596
-5.099019527435303,6.164413928985596
-5.099019527435303,6.164413928985596
-5.099019527435303,6.164413928985596
-5.099019527435303,6.164413928985596
-5.099019527435303,6.324555397033691
-5.099019527435303,6.4031243324279785
-5.099019527435303,6.4031243324279785
-5.099019527435303,6.4031243324279785
-5.099019527435303,6.4031243324279785
-5.099019527435303,6.4031243324279785
-5.099019527435303,6.4031243324279785
-5.099019527435303,6.480740547180176
-5.099019527435303,6.480740547180176
-5.099019527435303,6.557438373565674
-5.099019527435303,6.557438373565674
-5.099019527435303,6.7082037925720215
-5.099019527435303,6.7082037925720215
-5.099019527435303,6.7082037925720215
-5.099019527435303,6.7082037925720215
-5.099019527435303,6.7082037925720215
-5.099019527435303,6.78233003616333
-5.099019527435303,7
-5.099019527435303,7
-5.099019527435303,7
-5.099019527435303,7
-5.099019527435303,7
-5.099019527435303,7.071067810058594
-5.099019527435303,7.071067810058594
-5.099019527435303,7.071067810058594
-5.099019527435303,7.141428470611572
-5.099019527435303,7.141428470611572
-5.099019527435303,7.141428470611572
-5.099019527435303,7.141428470611572
-5.099019527435303,7.211102485656738
-5.099019527435303,7.280109882354736
-5.099019527435303,7.348469257354736
-5.099019527435303,7.4833149909973145
-5.099019527435303,7.549834251403809
-5.099019527435303,7.549834251403809
-5.099019527435303,7.681145668029785
-5.099019527435303,7.681145668029785
-5.099019527435303,7.681145668029785
-5.099019527435303,7.681145668029785
-5.099019527435303,7.8102498054504395
-5.099019527435303,7.8102498054504395
-5.099019527435303,7.8102498054504395
-5.099019527435303,7.874007701873779
-5.099019527435303,8.062257766723633
-5.099019527435303,8.062257766723633
-5.099019527435303,8.062257766723633
-5.099019527435303,8.062257766723633
-5.099019527435303,8.124038696289063
-5.099019527435303,8.124038696289063
-5.099019527435303,8.185352325439453
-5.099019527435303,8.246211051940918
-5.099019527435303,8.306623458862305
-5.099019527435303,8.306623458862305
-5.099019527435303,8.366600036621094
-5.099019527435303,8.485280990600586
-5.099019527435303,8.485280990600586
-5.099019527435303,8.5440034866333
-5.099019527435303,8.5440034866333
-5.099019527435303,8.602325439453125
-5.099019527435303,8.602325439453125
-5.099019527435303,8.602325439453125
-5.099019527435303,8.602325439453125
-5.099019527435303,8.774964332580566
-5.099019527435303,8.83176040649414
-5.099019527435303,8.83176040649414
-5.099019527435303,8.83176040649414
-5.099019527435303,8.9442720413208
-5.099019527435303,9
-5.099019527435303,9
-5.099019527435303,9.05538558959961
-5.099019527435303,9.05538558959961
-5.099019527435303,9.273618698120117
-5.099019527435303,9.380831718444824
-5.099019527435303,9.433980941772461
-5.099019527435303,9.433980941772461
-5.099019527435303,9.643651008605957
-5.099019527435303,9.643651008605957
-5.099019527435303,9.69536018371582
-5.099019527435303,9.69536018371582
-5.099019527435303,9.69536018371582
-5.099019527435303,9.69536018371582
-5.099019527435303,9.899495124816895
-5.099019527435303,9.949873924255371
-5.099019527435303,9.949873924255371
-5.099019527435303,10
-5.099019527435303,10
-5.099019527435303,10.198039054870605
-5.099019527435303,10.29563045501709
-5.099019527435303,10.344079971313477
-5.099019527435303,10.630146026611328
-5.099019527435303,10.630146026611328
-5.099019527435303,10.72380542755127
-5.099019527435303,10.770329475402832
-5.099019527435303,10.862780570983887
-5.099019527435303,11.180339813232422
-5.099019527435303,11.401754379272461
-5.099019527435303,11.48912525177002
-5.099019527435303,11.661903381347656
-5.099019527435303,12.041594505310059
-5.099019527435303,12.083045959472656
-5.099019527435303,12.845232963562012
-5.099019527435303,13
-5.099019527435303,13.304134368896484
-5.099019527435303,13.601470947265625
-5.099019527435303,13.892443656921387
-5.099019527435303,14.247806549072266
-5.099019527435303,14.73091983795166
-5.099019527435303,15.132745742797852
-5.099019527435303,15.264337539672852
-5.099019527435303,15.524174690246582
-5.099019527435303,15.65247631072998
-5.099019527435303,15.842979431152344
-5.099019527435303,16.401220321655273
-5.099019527435303,16.67333221435547
-5.099019527435303,17.32050895690918
-5.099019527435303,17.37814712524414
-5.099019527435303,17.464248657226563
-5,inf
-5,inf
-5,inf
-5,inf
-5,inf
-5,inf
-5,inf
-5,inf
-5,inf
-5,inf
-5,inf
-5,inf
-5,inf
-5,inf
-5,inf
-5,inf
-5,inf
-5,inf
-5,inf
-5,inf
-5,inf
-5,inf
-5,inf
-5,inf
-5,inf
-5,inf
-5,inf
-5,inf
-5,inf
-5,inf
-5,inf
-5,inf
-5,inf
-5,inf
-5,inf
-5,inf
-5,inf
-5,inf
-5,inf
-5,inf
-5,inf
-5,inf
-5,inf
-5,inf
-5,inf
-5,inf
-5,inf
-5,inf
-5,inf
-5,inf
-5,inf
-5,inf
-5,inf
-5,inf
-5,inf
-5,inf
-5,inf
-5,inf
-5,inf
-5,inf
-5,inf
-5,inf
-5,inf
-5,inf
-5,inf
-5,inf
-5,inf
-5,inf
-5,inf
-5,inf
-5,inf
-5,inf
-5,inf
-5,inf
-5,inf
-5,inf
-5,inf
-5,inf
-5,inf
-5,inf
-5,inf
-5,inf
-5,inf
-5,inf
-5,inf
-5,inf
-5,inf
-5,inf
-5,inf
-5,inf
-5,-4.898979663848877
-5,-4.898979663848877
-5,-4.898979663848877
-5,-4.898979663848877
-5,-4.898979663848877
-5,-4.690415859222412
-5,-4.690415859222412
-5,-4.582575798034668
-5,-4.582575798034668
-5,-4.582575798034668
-5,-4.582575798034668
-5,-4.582575798034668
-5,-4.582575798034668
-5,-4.582575798034668
-5,-4.582575798034668
-5,-4.582575798034668
-5,-4.582575798034668
-5,-4.582575798034668
-5,-4.582575798034668
-5,-4.4721360206604
-5,-4.4721360206604
-5,-4.358899116516113
-5,-4.358899116516113
-5,-4.358899116516113
-5,-4.242640495300293
-5,-4.242640495300293
-5,-4.242640495300293
-5,-4.242640495300293
-5,-4.242640495300293
-5,-4.242640495300293
-5,-4.242640495300293
-5,-4.242640495300293
-5,-4.242640495300293
-5,-4.123105525970459
-5,-4.123105525970459
-5,-4.123105525970459
-5,-4.123105525970459
-5,-4.123105525970459
-5,-4.123105525970459
-5,-4.123105525970459
-5,-4.123105525970459
-5,-3.7416574954986572
-5,-3.7416574954986572
-5,-3.7416574954986572
-5,-3.7416574954986572
-5,-3.7416574954986572
-5,-3.605551242828369
-5,-3.605551242828369
-5,-3.605551242828369
-5,-3.605551242828369
-5,-3.605551242828369
-5,-3.605551242828369
-5,-3.464101552963257
-5,-3.316624879837036
-5,-3.316624879837036
-5,-3.316624879837036
-5,-3.316624879837036
-5,-3
-5,-3
-5,-3
-5,-3
-5,-3
-5,-3
-5,-2.8284270763397217
-5,-2.8284270763397217
-5,-2.8284270763397217
-5,-2.8284270763397217
-5,-2.8284270763397217
-5,-2.4494898319244385
-5,-2.4494898319244385
-5,-2.2360680103302
-5,-2.2360680103302
-5,-2.2360680103302
-5,-2.2360680103302
-5,-2
-5,-2
-5,-2
-5,-2
-5,-2
-5,-2
-5,-1.7320507764816284
-5,-1.7320507764816284
-5,-1.7320507764816284
-5,-1.7320507764816284
-5,-1.4142135381698608
-5,-1.4142135381698608
-5,-1.4142135381698608
-5,-1.4142135381698608
-5,-1.4142135381698608
-5,-1.4142135381698608
-5,-1.4142135381698608
-5,-1.4142135381698608
-5,-1.4142135381698608
-5,-1
-5,-1
-5,-1
-5,-1
-5,-1
-5,-1
-5,-1
-5,-1
-5,-1
-5,-1
-5,-1
-5,-1
-5,-1
-5,-1
-5,-1
-5,-1
-5,-1
-5,-1
-5,1
-5,1
-5,1
-5,1
-5,1
-5,1
-5,1
-5,1
-5,1
-5,1
-5,1
-5,1.4142135381698608
-5,1.4142135381698608
-5,1.4142135381698608
-5,1.4142135381698608
-5,1.4142135381698608
-5,1.4142135381698608
-5,1.4142135381698608
-5,1.4142135381698608
-5,1.7320507764816284
-5,1.7320507764816284
-5,1.7320507764816284
-5,1.7320507764816284
-5,2
-5,2
-5,2
-5,2
-5,2
-5,2
-5,2.2360680103302
-5,2.2360680103302
-5,2.2360680103302
-5,2.2360680103302
-5,2.2360680103302
-5,2.2360680103302
-5,2.2360680103302
-5,2.4494898319244385
-5,2.4494898319244385
-5,2.4494898319244385
-5,2.8284270763397217
-5,2.8284270763397217
-5,3
-5,3
-5,3
-5,3
-5,3
-5,3
-5,3
-5,3
-5,3
-5,3.1622776985168457
-5,3.1622776985168457
-5,3.1622776985168457
-5,3.1622776985168457
-5,3.1622776985168457
-5,3.1622776985168457
-5,3.1622776985168457
-5,3.316624879837036
-5,3.316624879837036
-5,3.316624879837036
-5,3.464101552963257
-5,3.464101552963257
-5,3.605551242828369
-5,3.605551242828369
-5,3.605551242828369
-5,3.605551242828369
-5,3.605551242828369
-5,3.7416574954986572
-5,3.7416574954986572
-5,3.7416574954986572
-5,3.7416574954986572
-5,4
-5,4
-5,4
-5,4
-5,4
-5,4
-5,4
-5,4.123105525970459
-5,4.123105525970459
-5,4.123105525970459
-5,4.123105525970459
-5,4.123105525970459
-5,4.242640495300293
-5,4.242640495300293
-5,4.242640495300293
-5,4.242640495300293
-5,4.242640495300293
-5,4.358899116516113
-5,4.358899116516113
-5,4.4721360206604
-5,4.4721360206604
-5,4.4721360206604
-5,4.4721360206604
-5,4.4721360206604
-5,4.4721360206604
-5,4.4721360206604
-5,4.582575798034668
-5,4.582575798034668
-5,4.690415859222412
-5,4.690415859222412
-5,4.690415859222412
-5,4.898979663848877
-5,4.898979663848877
-5,5
-5,5
-5,5
-5,5
-5,5
-5,5
-5,5.099019527435303
-5,5.099019527435303
-5,5.099019527435303
-5,5.099019527435303
-5,5.099019527435303
-5,5.099019527435303
-5,5.099019527435303
-5,5.196152210235596
-5,5.196152210235596
-5,5.385164737701416
-5,5.385164737701416
-5,5.385164737701416
-5,5.385164737701416
-5,5.385164737701416
-5,5.385164737701416
-5,5.385164737701416
-5,5.385164737701416
-5,5.385164737701416
-5,5.4772257804870605
-5,5.4772257804870605
-5,5.656854152679443
-5,5.656854152679443
-5,5.656854152679443
-5,5.656854152679443
-5,5.74456262588501
-5,5.74456262588501
-5,5.74456262588501
-5,5.74456262588501
-5,5.830951690673828
-5,5.830951690673828
-5,5.830951690673828
-5,5.830951690673828
-5,5.916079998016357
-5,5.916079998016357
-5,5.916079998016357
-5,6
-5,6
-5,6
-5,6.082762718200684
-5,6.164413928985596
-5,6.164413928985596
-5,6.164413928985596
-5,6.164413928985596
-5,6.324555397033691
-5,6.4031243324279785
-5,6.4031243324279785
-5,6.4031243324279785
-5,6.4031243324279785
-5,6.480740547180176
-5,6.480740547180176
-5,6.557438373565674
-5,6.7082037925720215
-5,6.7082037925720215
-5,6.7082037925720215
-5,6.7082037925720215
-5,6.7082037925720215
-5,6.78233003616333
-5,6.928203105926514
-5,7
-5,7
-5,7
-5,7
-5,7
-5,7.071067810058594
-5,7.071067810058594
-5,7.071067810058594
-5,7.071067810058594
-5,7.280109882354736
-5,7.280109882354736
-5,7.348469257354736
-5,7.348469257354736
-5,7.348469257354736
-5,7.549834251403809
-5,7.6157732009887695
-5,7.6157732009887695
-5,7.681145668029785
-5,7.8102498054504395
-5,7.8102498054504395
-5,7.8102498054504395
-5,7.874007701873779
-5,8
-5,8.124038696289063
-5,8.124038696289063
-5,8.124038696289063
-5,8.185352325439453
-5,8.246211051940918
-5,8.306623458862305
-5,8.306623458862305
-5,8.306623458862305
-5,8.366600036621094
-5,8.485280990600586
-5,8.5440034866333
-5,8.5440034866333
-5,8.602325439453125
-5,8.602325439453125
-5,8.602325439453125
-5,8.66025447845459
-5,8.774964332580566
-5,8.774964332580566
-5,8.83176040649414
-5,8.83176040649414
-5,9.165151596069336
-5,9.273618698120117
-5,9.273618698120117
-5,9.433980941772461
-5,9.848857879638672
-5,9.899495124816895
-5,9.899495124816895
-5,9.899495124816895
-5,9.949873924255371
-5,10
-5,10.049875259399414
-5,10.198039054870605
-5,10.198039054870605
-5,10.488088607788086
-5,10.72380542755127
-5,10.816654205322266
-5,10.862780570983887
-5,11.045360565185547
-5,11.180339813232422
-5,11.224971771240234
-5,12.247448921203613
-5,12.727922439575195
-5,13.076696395874023
-5,13.152946472167969
-5,13.34166431427002
-5,14.352700233459473
-5,14.456831932067871
-5,14.696938514709473
-5,15.099668502807617
-5,15.937376976013184
-5,16.881942749023438
-5,18.027755737304688
-5,18.574174880981445
-4.898979663848877,inf
-4.898979663848877,inf
-4.898979663848877,inf
-4.898979663848877,inf
-4.898979663848877,inf
-4.898979663848877,inf
-4.898979663848877,inf
-4.898979663848877,inf
-4.898979663848877,inf
-4.898979663848877,inf
-4.898979663848877,inf
-4.898979663848877,inf
-4.898979663848877,inf
-4.898979663848877,inf
-4.898979663848877,inf
-4.898979663848877,inf
-4.898979663848877,inf
-4.898979663848877,inf
-4.898979663848877,inf
-4.898979663848877,inf
-4.898979663848877,inf
-4.898979663848877,inf
-4.898979663848877,inf
-4.898979663848877,inf
-4.898979663848877,inf
-4.898979663848877,inf
-4.898979663848877,inf
-4.898979663848877,inf
-4.898979663848877,inf
-4.898979663848877,inf
-4.898979663848877,inf
-4.898979663848877,inf
-4.898979663848877,inf
-4.898979663848877,inf
-4.898979663848877,inf
-4.898979663848877,inf
-4.898979663848877,inf
-4.898979663848877,inf
-4.898979663848877,-4.690415859222412
-4.898979663848877,-4.690415859222412
-4.898979663848877,-4.582575798034668
-4.898979663848877,-4.582575798034668
-4.898979663848877,-4.582575798034668
-4.898979663848877,-4.582575798034668
-4.898979663848877,-4.582575798034668
-4.898979663848877,-4.582575798034668
-4.898979663848877,-4.582575798034668
-4.898979663848877,-4.582575798034668
-4.898979663848877,-4.4721360206604
-4.898979663848877,-4.4721360206604
-4.898979663848877,-4.242640495300293
-4.898979663848877,-4.242640495300293
-4.898979663848877,-4.242640495300293
-4.898979663848877,-4.123105525970459
-4.898979663848877,-4.123105525970459
-4.898979663848877,-4.123105525970459
-4.898979663848877,-4.123105525970459
-4.898979663848877,-4.123105525970459
-4.898979663848877,-4
-4.898979663848877,-4
-4.898979663848877,-4
-4.898979663848877,-3.7416574954986572
-4.898979663848877,-3.7416574954986572
-4.898979663848877,-3.605551242828369
-4.898979663848877,-3.605551242828369
-4.898979663848877,-3.464101552963257
-4.898979663848877,-3.464101552963257
-4.898979663848877,-3.316624879837036
-4.898979663848877,-3.316624879837036
-4.898979663848877,-3.1622776985168457
-4.898979663848877,-3.1622776985168457
-4.898979663848877,-3.1622776985168457
-4.898979663848877,-3.1622776985168457
-4.898979663848877,-3
-4.898979663848877,-3
-4.898979663848877,-3
-4.898979663848877,-3
-4.898979663848877,-3
-4.898979663848877,-2.8284270763397217
-4.898979663848877,-2.8284270763397217
-4.898979663848877,-2.8284270763397217
-4.898979663848877,-2.8284270763397217
-4.898979663848877,-2.8284270763397217
-4.898979663848877,-2.8284270763397217
-4.898979663848877,-2.8284270763397217
-4.898979663848877,-2.8284270763397217
-4.898979663848877,-2.4494898319244385
-4.898979663848877,-2.4494898319244385
-4.898979663848877,-2.4494898319244385
-4.898979663848877,-2.4494898319244385
-4.898979663848877,-2.4494898319244385
-4.898979663848877,-2.2360680103302
-4.898979663848877,-2.2360680103302
-4.898979663848877,-2.2360680103302
-4.898979663848877,-2.2360680103302
-4.898979663848877,-2.2360680103302
-4.898979663848877,-2.2360680103302
-4.898979663848877,-2.2360680103302
-4.898979663848877,-2.2360680103302
-4.898979663848877,-2.2360680103302
-4.898979663848877,-2.2360680103302
-4.898979663848877,-2
-4.898979663848877,-2
-4.898979663848877,-2
-4.898979663848877,-2
-4.898979663848877,-1.7320507764816284
-4.898979663848877,-1.7320507764816284
-4.898979663848877,-1.7320507764816284
-4.898979663848877,-1.7320507764816284
-4.898979663848877,-1.7320507764816284
-4.898979663848877,-1.4142135381698608
-4.898979663848877,-1.4142135381698608
-4.898979663848877,-1.4142135381698608
-4.898979663848877,-1.4142135381698608
-4.898979663848877,-1.4142135381698608
-4.898979663848877,-1
-4.898979663848877,-1
-4.898979663848877,-1
-4.898979663848877,-1
-4.898979663848877,-1
-4.898979663848877,-1
-4.898979663848877,-1
-4.898979663848877,-1
-4.898979663848877,-1
-4.898979663848877,-1
-4.898979663848877,-1
-4.898979663848877,-1
-4.898979663848877,-1
-4.898979663848877,-1
-4.898979663848877,-1
-4.898979663848877,-1
-4.898979663848877,-1
-4.898979663848877,1
-4.898979663848877,1
-4.898979663848877,1
-4.898979663848877,1
-4.898979663848877,1
-4.898979663848877,1
-4.898979663848877,1
-4.898979663848877,1
-4.898979663848877,1
-4.898979663848877,1
-4.898979663848877,1
-4.898979663848877,1
-4.898979663848877,1
-4.898979663848877,1
-4.898979663848877,1
-4.898979663848877,1
-4.898979663848877,1
-4.898979663848877,1.4142135381698608
-4.898979663848877,1.4142135381698608
-4.898979663848877,1.4142135381698608
-4.898979663848877,2
-4.898979663848877,2
-4.898979663848877,2
-4.898979663848877,2
-4.898979663848877,2
-4.898979663848877,2.2360680103302
-4.898979663848877,2.2360680103302
-4.898979663848877,2.2360680103302
-4.898979663848877,2.2360680103302
-4.898979663848877,2.2360680103302
-4.898979663848877,2.2360680103302
-4.898979663848877,2.2360680103302
-4.898979663848877,2.2360680103302
-4.898979663848877,2.2360680103302
-4.898979663848877,2.2360680103302
-4.898979663848877,2.2360680103302
-4.898979663848877,2.4494898319244385
-4.898979663848877,2.4494898319244385
-4.898979663848877,2.4494898319244385
-4.898979663848877,2.4494898319244385
-4.898979663848877,2.4494898319244385
-4.898979663848877,2.8284270763397217
-4.898979663848877,2.8284270763397217
-4.898979663848877,2.8284270763397217
-4.898979663848877,2.8284270763397217
-4.898979663848877,2.8284270763397217
-4.898979663848877,2.8284270763397217
-4.898979663848877,2.8284270763397217
-4.898979663848877,3
-4.898979663848877,3
-4.898979663848877,3
-4.898979663848877,3.1622776985168457
-4.898979663848877,3.1622776985168457
-4.898979663848877,3.1622776985168457
-4.898979663848877,3.316624879837036
-4.898979663848877,3.316624879837036
-4.898979663848877,3.316624879837036
-4.898979663848877,3.464101552963257
-4.898979663848877,3.464101552963257
-4.898979663848877,3.605551242828369
-4.898979663848877,3.605551242828369
-4.898979663848877,3.605551242828369
-4.898979663848877,3.605551242828369
-4.898979663848877,3.605551242828369
-4.898979663848877,3.605551242828369
-4.898979663848877,3.605551242828369
-4.898979663848877,3.7416574954986572
-4.898979663848877,4
-4.898979663848877,4.123105525970459
-4.898979663848877,4.123105525970459
-4.898979663848877,4.123105525970459
-4.898979663848877,4.123105525970459
-4.898979663848877,4.123105525970459
-4.898979663848877,4.123105525970459
-4.898979663848877,4.123105525970459
-4.898979663848877,4.242640495300293
-4.898979663848877,4.242640495300293
-4.898979663848877,4.242640495300293
-4.898979663848877,4.242640495300293
-4.898979663848877,4.358899116516113
-4.898979663848877,4.358899116516113
-4.898979663848877,4.4721360206604
-4.898979663848877,4.4721360206604
-4.898979663848877,4.4721360206604
-4.898979663848877,4.4721360206604
-4.898979663848877,4.4721360206604
-4.898979663848877,4.4721360206604
-4.898979663848877,4.4721360206604
-4.898979663848877,4.582575798034668
-4.898979663848877,4.582575798034668
-4.898979663848877,4.582575798034668
-4.898979663848877,4.690415859222412
-4.898979663848877,4.690415859222412
-4.898979663848877,4.690415859222412
-4.898979663848877,4.898979663848877
-4.898979663848877,4.898979663848877
-4.898979663848877,4.898979663848877
-4.898979663848877,5
-4.898979663848877,5
-4.898979663848877,5
-4.898979663848877,5
-4.898979663848877,5
-4.898979663848877,5
-4.898979663848877,5
-4.898979663848877,5
-4.898979663848877,5
-4.898979663848877,5.099019527435303
-4.898979663848877,5.099019527435303
-4.898979663848877,5.099019527435303
-4.898979663848877,5.099019527435303
-4.898979663848877,5.196152210235596
-4.898979663848877,5.196152210235596
-4.898979663848877,5.385164737701416
-4.898979663848877,5.385164737701416
-4.898979663848877,5.385164737701416
-4.898979663848877,5.385164737701416
-4.898979663848877,5.385164737701416
-4.898979663848877,5.385164737701416
-4.898979663848877,5.385164737701416
-4.898979663848877,5.4772257804870605
-4.898979663848877,5.4772257804870605
-4.898979663848877,5.656854152679443
-4.898979663848877,5.656854152679443
-4.898979663848877,5.74456262588501
-4.898979663848877,5.74456262588501
-4.898979663848877,5.74456262588501
-4.898979663848877,5.74456262588501
-4.898979663848877,5.830951690673828
-4.898979663848877,5.830951690673828
-4.898979663848877,5.830951690673828
-4.898979663848877,5.830951690673828
-4.898979663848877,5.830951690673828
-4.898979663848877,5.830951690673828
-4.898979663848877,5.830951690673828
-4.898979663848877,5.916079998016357
-4.898979663848877,5.916079998016357
-4.898979663848877,5.916079998016357
-4.898979663848877,6
-4.898979663848877,6.082762718200684
-4.898979663848877,6.164413928985596
-4.898979663848877,6.164413928985596
-4.898979663848877,6.164413928985596
-4.898979663848877,6.324555397033691
-4.898979663848877,6.324555397033691
-4.898979663848877,6.324555397033691
-4.898979663848877,6.4031243324279785
-4.898979663848877,6.4031243324279785
-4.898979663848877,6.4031243324279785
-4.898979663848877,6.4031243324279785
-4.898979663848877,6.4031243324279785
-4.898979663848877,6.4031243324279785
-4.898979663848877,6.480740547180176
-4.898979663848877,6.480740547180176
-4.898979663848877,6.557438373565674
-4.898979663848877,6.557438373565674
-4.898979663848877,6.633249759674072
-4.898979663848877,6.7082037925720215
-4.898979663848877,6.7082037925720215
-4.898979663848877,6.7082037925720215
-4.898979663848877,6.7082037925720215
-4.898979663848877,6.78233003616333
-4.898979663848877,6.78233003616333
-4.898979663848877,6.928203105926514
-4.898979663848877,7
-4.898979663848877,7
-4.898979663848877,7
-4.898979663848877,7.071067810058594
-4.898979663848877,7.071067810058594
-4.898979663848877,7.141428470611572
-4.898979663848877,7.141428470611572
-4.898979663848877,7.141428470611572
-4.898979663848877,7.211102485656738
-4.898979663848877,7.280109882354736
-4.898979663848877,7.348469257354736
-4.898979663848877,7.348469257354736
-4.898979663848877,7.348469257354736
-4.898979663848877,7.4833149909973145
-4.898979663848877,7.549834251403809
-4.898979663848877,7.6157732009887695
-4.898979663848877,7.6157732009887695
-4.898979663848877,7.6157732009887695
-4.898979663848877,7.681145668029785
-4.898979663848877,7.681145668029785
-4.898979663848877,7.681145668029785
-4.898979663848877,7.681145668029785
-4.898979663848877,7.681145668029785
-4.898979663848877,7.8102498054504395
-4.898979663848877,7.8102498054504395
-4.898979663848877,7.8102498054504395
-4.898979663848877,7.8102498054504395
-4.898979663848877,7.8102498054504395
-4.898979663848877,8.062257766723633
-4.898979663848877,8.062257766723633
-4.898979663848877,8.062257766723633
-4.898979663848877,8.062257766723633
-4.898979663848877,8.062257766723633
-4.898979663848877,8.124038696289063
-4.898979663848877,8.185352325439453
-4.898979663848877,8.246211051940918
-4.898979663848877,8.246211051940918
-4.898979663848877,8.246211051940918
-4.898979663848877,8.306623458862305
-4.898979663848877,8.306623458862305
-4.898979663848877,8.366600036621094
-4.898979663848877,8.485280990600586
-4.898979663848877,8.5440034866333
-4.898979663848877,8.66025447845459
-4.898979663848877,8.66025447845459
-4.898979663848877,8.66025447845459
-4.898979663848877,8.66025447845459
-4.898979663848877,8.717798233032227
-4.898979663848877,8.717798233032227
-4.898979663848877,8.774964332580566
-4.898979663848877,8.774964332580566
-4.898979663848877,8.774964332580566
-4.898979663848877,8.774964332580566
-4.898979663848877,8.83176040649414
-4.898979663848877,8.83176040649414
-4.898979663848877,9
-4.898979663848877,9
-4.898979663848877,9
-4.898979663848877,9
-4.898979663848877,9
-4.898979663848877,9.05538558959961
-4.898979663848877,9.110433578491211
-4.898979663848877,9.110433578491211
-4.898979663848877,9.219544410705566
-4.898979663848877,9.433980941772461
-4.898979663848877,9.433980941772461
-4.898979663848877,9.486832618713379
-4.898979663848877,9.643651008605957
-4.898979663848877,10.29563045501709
-4.898979663848877,10.344079971313477
-4.898979663848877,10.72380542755127
-4.898979663848877,10.770329475402832
-4.898979663848877,10.816654205322266
-4.898979663848877,11
-4.898979663848877,11.045360565185547
-4.898979663848877,11.045360565185547
-4.898979663848877,11.224971771240234
-4.898979663848877,11.401754379272461
-4.898979663848877,11.575837135314941
-4.898979663848877,12.12435531616211
-4.898979663848877,12.206555366516113
-4.898979663848877,13.190905570983887
-4.898979663848877,13.190905570983887
-4.898979663848877,13.490737915039063
-4.898979663848877,13.928388595581055
-4.898979663848877,14.491376876831055
-4.898979663848877,14.560219764709473
-4.898979663848877,14.764822959899902
-4.898979663848877,15.132745742797852
-4.898979663848877,15.231546401977539
-4.898979663848877,15.264337539672852
-4.898979663848877,15.29705810546875
-4.898979663848877,15.29705810546875
-4.898979663848877,15.68438720703125
-4.898979663848877,16.0623779296875
-4.898979663848877,16.248077392578125
-4.898979663848877,16.309507369995117
-4.898979663848877,16.431676864624023
-4.898979663848877,16.552946090698242
-4.898979663848877,17.464248657226563
-4.690415859222412,inf
-4.690415859222412,inf
-4.690415859222412,-4.242640495300293
-4.690415859222412,-1.7320507764816284
-4.690415859222412,1
-4.690415859222412,1.4142135381698608
-4.690415859222412,1.7320507764816284
-4.690415859222412,3.605551242828369
-4.690415859222412,4.582575798034668
-4.690415859222412,4.582575798034668
-4.690415859222412,5
-4.690415859222412,5.385164737701416
-4.690415859222412,5.656854152679443
-4.690415859222412,5.74456262588501
-4.690415859222412,6.7082037925720215
-4.690415859222412,7.549834251403809
-4.690415859222412,7.681145668029785
-4.690415859222412,10.630146026611328
-4.690415859222412,11.401754379272461
-4.582575798034668,inf
-4.582575798034668,inf
-4.582575798034668,inf
-4.582575798034668,inf
-4.582575798034668,inf
-4.582575798034668,inf
-4.582575798034668,inf
-4.582575798034668,inf
-4.582575798034668,inf
-4.582575798034668,inf
-4.582575798034668,inf
-4.582575798034668,inf
-4.582575798034668,inf
-4.582575798034668,inf
-4.582575798034668,inf
-4.582575798034668,inf
-4.582575798034668,inf
-4.582575798034668,inf
-4.582575798034668,inf
-4.582575798034668,inf
-4.582575798034668,inf
-4.582575798034668,inf
-4.582575798034668,inf
-4.582575798034668,inf
-4.582575798034668,inf
-4.582575798034668,inf
-4.582575798034668,inf
-4.582575798034668,inf
-4.582575798034668,inf
-4.582575798034668,inf
-4.582575798034668,inf
-4.582575798034668,inf
-4.582575798034668,inf
-4.582575798034668,inf
-4.582575798034668,inf
-4.582575798034668,inf
-4.582575798034668,inf
-4.582575798034668,inf
-4.582575798034668,inf
-4.582575798034668,inf
-4.582575798034668,-4.4721360206604
-4.582575798034668,-4.4721360206604
-4.582575798034668,-4.4721360206604
-4.582575798034668,-4.358899116516113
-4.582575798034668,-4.358899116516113
-4.582575798034668,-4.358899116516113
-4.582575798034668,-4.358899116516113
-4.582575798034668,-4.358899116516113
-4.582575798034668,-4.242640495300293
-4.582575798034668,-4.242640495300293
-4.582575798034668,-4.242640495300293
-4.582575798034668,-4.242640495300293
-4.582575798034668,-4.242640495300293
-4.582575798034668,-4.123105525970459
-4.582575798034668,-4.123105525970459
-4.582575798034668,-4.123105525970459
-4.582575798034668,-4.123105525970459
-4.582575798034668,-4.123105525970459
-4.582575798034668,-4.123105525970459
-4.582575798034668,-4.123105525970459
-4.582575798034668,-4.123105525970459
-4.582575798034668,-4.123105525970459
-4.582575798034668,-4
-4.582575798034668,-4
-4.582575798034668,-4
-4.582575798034668,-4
-4.582575798034668,-4
-4.582575798034668,-4
-4.582575798034668,-4
-4.582575798034668,-3.7416574954986572
-4.582575798034668,-3.7416574954986572
-4.582575798034668,-3.7416574954986572
-4.582575798034668,-3.7416574954986572
-4.582575798034668,-3.605551242828369
-4.582575798034668,-3.605551242828369
-4.582575798034668,-3.316624879837036
-4.582575798034668,-3.1622776985168457
-4.582575798034668,-3.1622776985168457
-4.582575798034668,-3.1622776985168457
-4.582575798034668,-3.1622776985168457
-4.582575798034668,-3
-4.582575798034668,-3
-4.582575798034668,-3
-4.582575798034668,-3
-4.582575798034668,-3
-4.582575798034668,-3
-4.582575798034668,-3
-4.582575798034668,-3
-4.582575798034668,-2.8284270763397217
-4.582575798034668,-2.8284270763397217
-4.582575798034668,-2.8284270763397217
-4.582575798034668,-2.8284270763397217
-4.582575798034668,-2.8284270763397217
-4.582575798034668,-2.8284270763397217
-4.582575798034668,-2.4494898319244385
-4.582575798034668,-2.2360680103302
-4.582575798034668,-2.2360680103302
-4.582575798034668,-2.2360680103302
-4.582575798034668,-2.2360680103302
-4.582575798034668,-2.2360680103302
-4.582575798034668,-2.2360680103302
-4.582575798034668,-2.2360680103302
-4.582575798034668,-2
-4.582575798034668,-2
-4.582575798034668,-2
-4.582575798034668,-2
-4.582575798034668,-1.7320507764816284
-4.582575798034668,-1.7320507764816284
-4.582575798034668,-1.7320507764816284
-4.582575798034668,-1.4142135381698608
-4.582575798034668,-1.4142135381698608
-4.582575798034668,-1.4142135381698608
-4.582575798034668,-1.4142135381698608
-4.582575798034668,-1.4142135381698608
-4.582575798034668,-1.4142135381698608
-4.582575798034668,-1.4142135381698608
-4.582575798034668,-1.4142135381698608
-4.582575798034668,-1.4142135381698608
-4.582575798034668,-1.4142135381698608
-4.582575798034668,-1.4142135381698608
-4.582575798034668,-1.4142135381698608
-4.582575798034668,-1.4142135381698608
-4.582575798034668,-1
-4.582575798034668,-1
-4.582575798034668,-1
-4.582575798034668,-1
-4.582575798034668,-1
-4.582575798034668,-1
-4.582575798034668,-1
-4.582575798034668,-1
-4.582575798034668,-1
-4.582575798034668,-1
-4.582575798034668,1
-4.582575798034668,1
-4.582575798034668,1
-4.582575798034668,1
-4.582575798034668,1
-4.582575798034668,1
-4.582575798034668,1
-4.582575798034668,1
-4.582575798034668,1
-4.582575798034668,1
-4.582575798034668,1
-4.582575798034668,1
-4.582575798034668,1
-4.582575798034668,1
-4.582575798034668,1
-4.582575798034668,1
-4.582575798034668,1
-4.582575798034668,1.4142135381698608
-4.582575798034668,1.4142135381698608
-4.582575798034668,1.4142135381698608
-4.582575798034668,1.4142135381698608
-4.582575798034668,1.4142135381698608
-4.582575798034668,1.4142135381698608
-4.582575798034668,1.7320507764816284
-4.582575798034668,1.7320507764816284
-4.582575798034668,1.7320507764816284
-4.582575798034668,1.7320507764816284
-4.582575798034668,2
-4.582575798034668,2
-4.582575798034668,2.2360680103302
-4.582575798034668,2.2360680103302
-4.582575798034668,2.2360680103302
-4.582575798034668,2.2360680103302
-4.582575798034668,2.2360680103302
-4.582575798034668,2.2360680103302
-4.582575798034668,2.4494898319244385
-4.582575798034668,2.8284270763397217
-4.582575798034668,2.8284270763397217
-4.582575798034668,3
-4.582575798034668,3
-4.582575798034668,3
-4.582575798034668,3.1622776985168457
-4.582575798034668,3.1622776985168457
-4.582575798034668,3.316624879837036
-4.582575798034668,3.316624879837036
-4.582575798034668,3.316624879837036
-4.582575798034668,3.316624879837036
-4.582575798034668,3.464101552963257
-4.582575798034668,3.605551242828369
-4.582575798034668,3.7416574954986572
-4.582575798034668,3.7416574954986572
-4.582575798034668,4
-4.582575798034668,4
-4.582575798034668,4
-4.582575798034668,4.123105525970459
-4.582575798034668,4.123105525970459
-4.582575798034668,4.123105525970459
-4.582575798034668,4.123105525970459
-4.582575798034668,4.123105525970459
-4.582575798034668,4.123105525970459
-4.582575798034668,4.123105525970459
-4.582575798034668,4.242640495300293
-4.582575798034668,4.242640495300293
-4.582575798034668,4.242640495300293
-4.582575798034668,4.358899116516113
-4.582575798034668,4.4721360206604
-4.582575798034668,4.4721360206604
-4.582575798034668,4.4721360206604
-4.582575798034668,4.4721360206604
-4.582575798034668,4.582575798034668
-4.582575798034668,4.690415859222412
-4.582575798034668,4.690415859222412
-4.582575798034668,4.898979663848877
-4.582575798034668,4.898979663848877
-4.582575798034668,4.898979663848877
-4.582575798034668,5.099019527435303
-4.582575798034668,5.099019527435303
-4.582575798034668,5.099019527435303
-4.582575798034668,5.099019527435303
-4.582575798034668,5.099019527435303
-4.582575798034668,5.196152210235596
-4.582575798034668,5.196152210235596
-4.582575798034668,5.385164737701416
-4.582575798034668,5.385164737701416
-4.582575798034668,5.385164737701416
-4.582575798034668,5.4772257804870605
-4.582575798034668,5.4772257804870605
-4.582575798034668,5.4772257804870605
-4.582575798034668,5.4772257804870605
-4.582575798034668,5.656854152679443
-4.582575798034668,5.74456262588501
-4.582575798034668,5.74456262588501
-4.582575798034668,5.74456262588501
-4.582575798034668,5.74456262588501
-4.582575798034668,5.916079998016357
-4.582575798034668,5.916079998016357
-4.582575798034668,5.916079998016357
-4.582575798034668,5.916079998016357
-4.582575798034668,6.082762718200684
-4.582575798034668,6.082762718200684
-4.582575798034668,6.082762718200684
-4.582575798034668,6.082762718200684
-4.582575798034668,6.164413928985596
-4.582575798034668,6.164413928985596
-4.582575798034668,6.164413928985596
-4.582575798034668,6.164413928985596
-4.582575798034668,6.164413928985596
-4.582575798034668,6.324555397033691
-4.582575798034668,6.4031243324279785
-4.582575798034668,6.4031243324279785
-4.582575798034668,6.4031243324279785
-4.582575798034668,6.4031243324279785
-4.582575798034668,6.480740547180176
-4.582575798034668,6.7082037925720215
-4.582575798034668,6.928203105926514
-4.582575798034668,7
-4.582575798034668,7
-4.582575798034668,7.071067810058594
-4.582575798034668,7.071067810058594
-4.582575798034668,7.141428470611572
-4.582575798034668,7.211102485656738
-4.582575798034668,7.280109882354736
-4.582575798034668,7.280109882354736
-4.582575798034668,7.280109882354736
-4.582575798034668,7.280109882354736
-4.582575798034668,7.348469257354736
-4.582575798034668,7.4833149909973145
-4.582575798034668,7.4833149909973145
-4.582575798034668,7.4833149909973145
-4.582575798034668,7.549834251403809
-4.582575798034668,7.549834251403809
-4.582575798034668,7.6157732009887695
-4.582575798034668,7.6157732009887695
-4.582575798034668,7.681145668029785
-4.582575798034668,7.681145668029785
-4.582575798034668,7.8102498054504395
-4.582575798034668,7.8102498054504395
-4.582575798034668,7.8102498054504395
-4.582575798034668,7.8102498054504395
-4.582575798034668,7.874007701873779
-4.582575798034668,7.874007701873779
-4.582575798034668,8
-4.582575798034668,8.062257766723633
-4.582575798034668,8.062257766723633
-4.582575798034668,8.062257766723633
-4.582575798034668,8.062257766723633
-4.582575798034668,8.124038696289063
-4.582575798034668,8.185352325439453
-4.582575798034668,8.246211051940918
-4.582575798034668,8.306623458862305
-4.582575798034668,8.306623458862305
-4.582575798034668,8.485280990600586
-4.582575798034668,8.602325439453125
-4.582575798034668,8.774964332580566
-4.582575798034668,9.110433578491211
-4.582575798034668,9.110433578491211
-4.582575798034668,9.165151596069336
-4.582575798034668,9.165151596069336
-4.582575798034668,9.273618698120117
-4.582575798034668,9.433980941772461
-4.582575798034668,9.433980941772461
-4.582575798034668,9.486832618713379
-4.582575798034668,9.486832618713379
-4.582575798034668,9.486832618713379
-4.582575798034668,9.643651008605957
-4.582575798034668,9.899495124816895
-4.582575798034668,10.198039054870605
-4.582575798034668,10.770329475402832
-4.582575798034668,10.954451560974121
-4.582575798034668,11.532562255859375
-4.582575798034668,11.661903381347656
-4.582575798034668,11.704699516296387
-4.582575798034668,11.704699516296387
-4.582575798034668,12
-4.582575798034668,12.083045959472656
-4.582575798034668,12.206555366516113
-4.582575798034668,12.369317054748535
-4.582575798034668,12.688577651977539
-4.582575798034668,12.806248664855957
-4.582575798034668,12.884099006652832
-4.582575798034668,13
-4.582575798034668,13.076696395874023
-4.582575798034668,13.892443656921387
-4.582575798034668,14.03566837310791
-4.582575798034668,14.456831932067871
-4.582575798034668,14.798648834228516
-4.582575798034668,15
-4.582575798034668,15.099668502807617
-4.582575798034668,15.264337539672852
-4.582575798034668,15.55634880065918
-4.582575798034668,16.881942749023438
-4.4721360206604,inf
-4.4721360206604,inf
-4.4721360206604,inf
-4.4721360206604,inf
-4.4721360206604,inf
-4.4721360206604,inf
-4.4721360206604,inf
-4.4721360206604,inf
-4.4721360206604,inf
-4.4721360206604,inf
-4.4721360206604,inf
-4.4721360206604,inf
-4.4721360206604,inf
-4.4721360206604,inf
-4.4721360206604,inf
-4.4721360206604,inf
-4.4721360206604,inf
-4.4721360206604,inf
-4.4721360206604,inf
-4.4721360206604,inf
-4.4721360206604,inf
-4.4721360206604,inf
-4.4721360206604,inf
-4.4721360206604,inf
-4.4721360206604,inf
-4.4721360206604,inf
-4.4721360206604,inf
-4.4721360206604,inf
-4.4721360206604,inf
-4.4721360206604,inf
-4.4721360206604,inf
-4.4721360206604,inf
-4.4721360206604,inf
-4.4721360206604,inf
-4.4721360206604,inf
-4.4721360206604,inf
-4.4721360206604,inf
-4.4721360206604,inf
-4.4721360206604,inf
-4.4721360206604,inf
-4.4721360206604,-4.358899116516113
-4.4721360206604,-4.358899116516113
-4.4721360206604,-4.358899116516113
-4.4721360206604,-4.358899116516113
-4.4721360206604,-4.358899116516113
-4.4721360206604,-4.358899116516113
-4.4721360206604,-4.358899116516113
-4.4721360206604,-4.242640495300293
-4.4721360206604,-4.242640495300293
-4.4721360206604,-4.242640495300293
-4.4721360206604,-4.242640495300293
-4.4721360206604,-4.242640495300293
-4.4721360206604,-4.123105525970459
-4.4721360206604,-4.123105525970459
-4.4721360206604,-4.123105525970459
-4.4721360206604,-4.123105525970459
-4.4721360206604,-4.123105525970459
-4.4721360206604,-4.123105525970459
-4.4721360206604,-4.123105525970459
-4.4721360206604,-4.123105525970459
-4.4721360206604,-4.123105525970459
-4.4721360206604,-4.123105525970459
-4.4721360206604,-4.123105525970459
-4.4721360206604,-4.123105525970459
-4.4721360206604,-4
-4.4721360206604,-4
-4.4721360206604,-4
-4.4721360206604,-4
-4.4721360206604,-4
-4.4721360206604,-4
-4.4721360206604,-4
-4.4721360206604,-4
-4.4721360206604,-3.7416574954986572
-4.4721360206604,-3.7416574954986572
-4.4721360206604,-3.7416574954986572
-4.4721360206604,-3.7416574954986572
-4.4721360206604,-3.7416574954986572
-4.4721360206604,-3.7416574954986572
-4.4721360206604,-3.605551242828369
-4.4721360206604,-3.605551242828369
-4.4721360206604,-3.464101552963257
-4.4721360206604,-3.316624879837036
-4.4721360206604,-3.316624879837036
-4.4721360206604,-3.1622776985168457
-4.4721360206604,-3.1622776985168457
-4.4721360206604,-3.1622776985168457
-4.4721360206604,-3.1622776985168457
-4.4721360206604,-3.1622776985168457
-4.4721360206604,-3.1622776985168457
-4.4721360206604,-3.1622776985168457
-4.4721360206604,-3
-4.4721360206604,-3
-4.4721360206604,-2.8284270763397217
-4.4721360206604,-2.8284270763397217
-4.4721360206604,-2.8284270763397217
-4.4721360206604,-2.8284270763397217
-4.4721360206604,-2.8284270763397217
-4.4721360206604,-2.4494898319244385
-4.4721360206604,-2.2360680103302
-4.4721360206604,-2.2360680103302
-4.4721360206604,-2.2360680103302
-4.4721360206604,-2.2360680103302
-4.4721360206604,-2
-4.4721360206604,-2
-4.4721360206604,-2
-4.4721360206604,-2
-4.4721360206604,-1.7320507764816284
-4.4721360206604,-1.7320507764816284
-4.4721360206604,-1.7320507764816284
-4.4721360206604,-1.4142135381698608
-4.4721360206604,-1.4142135381698608
-4.4721360206604,-1.4142135381698608
-4.4721360206604,-1.4142135381698608
-4.4721360206604,-1.4142135381698608
-4.4721360206604,-1.4142135381698608
-4.4721360206604,-1.4142135381698608
-4.4721360206604,-1.4142135381698608
-4.4721360206604,-1.4142135381698608
-4.4721360206604,-1.4142135381698608
-4.4721360206604,-1
-4.4721360206604,-1
-4.4721360206604,-1
-4.4721360206604,-1
-4.4721360206604,-1
-4.4721360206604,-1
-4.4721360206604,-1
-4.4721360206604,-1
-4.4721360206604,-1
-4.4721360206604,-1
-4.4721360206604,-1
-4.4721360206604,-1
-4.4721360206604,1
-4.4721360206604,1
-4.4721360206604,1
-4.4721360206604,1
-4.4721360206604,1
-4.4721360206604,1
-4.4721360206604,1
-4.4721360206604,1
-4.4721360206604,1
-4.4721360206604,1
-4.4721360206604,1
-4.4721360206604,1
-4.4721360206604,1
-4.4721360206604,1
-4.4721360206604,1
-4.4721360206604,1.4142135381698608
-4.4721360206604,1.4142135381698608
-4.4721360206604,1.4142135381698608
-4.4721360206604,1.4142135381698608
-4.4721360206604,1.4142135381698608
-4.4721360206604,1.4142135381698608
-4.4721360206604,1.4142135381698608
-4.4721360206604,1.7320507764816284
-4.4721360206604,1.7320507764816284
-4.4721360206604,1.7320507764816284
-4.4721360206604,2
-4.4721360206604,2
-4.4721360206604,2
-4.4721360206604,2.2360680103302
-4.4721360206604,2.2360680103302
-4.4721360206604,2.2360680103302
-4.4721360206604,2.2360680103302
-4.4721360206604,2.2360680103302
-4.4721360206604,2.2360680103302
-4.4721360206604,2.4494898319244385
-4.4721360206604,2.4494898319244385
-4.4721360206604,2.4494898319244385
-4.4721360206604,2.8284270763397217
-4.4721360206604,2.8284270763397217
-4.4721360206604,2.8284270763397217
-4.4721360206604,2.8284270763397217
-4.4721360206604,2.8284270763397217
-4.4721360206604,2.8284270763397217
-4.4721360206604,2.8284270763397217
-4.4721360206604,3
-4.4721360206604,3
-4.4721360206604,3
-4.4721360206604,3
-4.4721360206604,3
-4.4721360206604,3
-4.4721360206604,3
-4.4721360206604,3.1622776985168457
-4.4721360206604,3.1622776985168457
-4.4721360206604,3.1622776985168457
-4.4721360206604,3.1622776985168457
-4.4721360206604,3.316624879837036
-4.4721360206604,3.316624879837036
-4.4721360206604,3.316624879837036
-4.4721360206604,3.464101552963257
-4.4721360206604,3.605551242828369
-4.4721360206604,3.605551242828369
-4.4721360206604,3.7416574954986572
-4.4721360206604,3.7416574954986572
-4.4721360206604,3.7416574954986572
-4.4721360206604,3.7416574954986572
-4.4721360206604,3.7416574954986572
-4.4721360206604,3.7416574954986572
-4.4721360206604,4
-4.4721360206604,4
-4.4721360206604,4
-4.4721360206604,4.123105525970459
-4.4721360206604,4.123105525970459
-4.4721360206604,4.123105525970459
-4.4721360206604,4.242640495300293
-4.4721360206604,4.358899116516113
-4.4721360206604,4.358899116516113
-4.4721360206604,4.4721360206604
-4.4721360206604,4.4721360206604
-4.4721360206604,4.4721360206604
-4.4721360206604,4.4721360206604
-4.4721360206604,4.582575798034668
-4.4721360206604,4.582575798034668
-4.4721360206604,4.582575798034668
-4.4721360206604,4.690415859222412
-4.4721360206604,4.690415859222412
-4.4721360206604,4.898979663848877
-4.4721360206604,4.898979663848877
-4.4721360206604,4.898979663848877
-4.4721360206604,5
-4.4721360206604,5
-4.4721360206604,5
-4.4721360206604,5
-4.4721360206604,5.099019527435303
-4.4721360206604,5.099019527435303
-4.4721360206604,5.099019527435303
-4.4721360206604,5.099019527435303
-4.4721360206604,5.385164737701416
-4.4721360206604,5.385164737701416
-4.4721360206604,5.385164737701416
-4.4721360206604,5.385164737701416
-4.4721360206604,5.385164737701416
-4.4721360206604,5.385164737701416
-4.4721360206604,5.385164737701416
-4.4721360206604,5.4772257804870605
-4.4721360206604,5.4772257804870605
-4.4721360206604,5.4772257804870605
-4.4721360206604,5.656854152679443
-4.4721360206604,5.656854152679443
-4.4721360206604,5.74456262588501
-4.4721360206604,5.74456262588501
-4.4721360206604,5.830951690673828
-4.4721360206604,5.830951690673828
-4.4721360206604,6
-4.4721360206604,6
-4.4721360206604,6.164413928985596
-4.4721360206604,6.324555397033691
-4.4721360206604,6.324555397033691
-4.4721360206604,6.324555397033691
-4.4721360206604,6.4031243324279785
-4.4721360206604,6.4031243324279785
-4.4721360206604,6.4031243324279785
-4.4721360206604,6.4031243324279785
-4.4721360206604,6.480740547180176
-4.4721360206604,6.633249759674072
-4.4721360206604,6.7082037925720215
-4.4721360206604,6.7082037925720215
-4.4721360206604,6.7082037925720215
-4.4721360206604,6.78233003616333
-4.4721360206604,6.78233003616333
-4.4721360206604,7
-4.4721360206604,7.071067810058594
-4.4721360206604,7.071067810058594
-4.4721360206604,7.071067810058594
-4.4721360206604,7.071067810058594
-4.4721360206604,7.071067810058594
-4.4721360206604,7.141428470611572
-4.4721360206604,7.141428470611572
-4.4721360206604,7.211102485656738
-4.4721360206604,7.280109882354736
-4.4721360206604,7.348469257354736
-4.4721360206604,7.348469257354736
-4.4721360206604,7.549834251403809
-4.4721360206604,7.549834251403809
-4.4721360206604,7.6157732009887695
-4.4721360206604,7.6157732009887695
-4.4721360206604,7.874007701873779
-4.4721360206604,7.874007701873779
-4.4721360206604,8.124038696289063
-4.4721360206604,8.124038696289063
-4.4721360206604,8.185352325439453
-4.4721360206604,8.246211051940918
-4.4721360206604,8.366600036621094
-4.4721360206604,8.366600036621094
-4.4721360206604,8.774964332580566
-4.4721360206604,8.774964332580566
-4.4721360206604,9
-4.4721360206604,9
-4.4721360206604,9.05538558959961
-4.4721360206604,9.05538558959961
-4.4721360206604,9.219544410705566
-4.4721360206604,9.273618698120117
-4.4721360206604,9.273618698120117
-4.4721360206604,9.273618698120117
-4.4721360206604,9.433980941772461
-4.4721360206604,9.486832618713379
-4.4721360206604,9.848857879638672
-4.4721360206604,9.899495124816895
-4.4721360206604,10.049875259399414
-4.4721360206604,10.099504470825195
-4.4721360206604,10.29563045501709
-4.4721360206604,10.29563045501709
-4.4721360206604,10.29563045501709
-4.4721360206604,10.29563045501709
-4.4721360206604,10.29563045501709
-4.4721360206604,10.440306663513184
-4.4721360206604,10.630146026611328
-4.4721360206604,11.224971771240234
-4.4721360206604,11.575837135314941
-4.4721360206604,11.832159996032715
-4.4721360206604,11.87434196472168
-4.4721360206604,12.727922439575195
-4.4721360206604,13.304134368896484
-4.4721360206604,13.34166431427002
-4.4721360206604,13.928388595581055
-4.4721360206604,14.456831932067871
-4.4721360206604,14.696938514709473
-4.4721360206604,14.764822959899902
-4.4721360206604,15.033296585083008
-4.4721360206604,15.524174690246582
-4.4721360206604,16.031219482421875
-4.4721360206604,16.881942749023438
-4.4721360206604,17.6068172454834
-4.358899116516113,inf
-4.358899116516113,-4.123105525970459
-4.358899116516113,-4.123105525970459
-4.358899116516113,-3
-4.358899116516113,-2.8284270763397217
-4.358899116516113,-2.8284270763397217
-4.358899116516113,-2
-4.358899116516113,-1.4142135381698608
-4.358899116516113,-1
-4.358899116516113,-1
-4.358899116516113,-1
-4.358899116516113,-1
-4.358899116516113,-1
-4.358899116516113,-1
-4.358899116516113,-1
-4.358899116516113,-1
-4.358899116516113,-1
-4.358899116516113,-1
-4.358899116516113,1
-4.358899116516113,1
-4.358899116516113,1
-4.358899116516113,1
-4.358899116516113,1
-4.358899116516113,1.7320507764816284
-4.358899116516113,2.2360680103302
-4.358899116516113,2.2360680103302
-4.358899116516113,2.4494898319244385
-4.358899116516113,2.4494898319244385
-4.358899116516113,2.8284270763397217
-4.358899116516113,3.316624879837036
-4.358899116516113,4
-4.358899116516113,4.123105525970459
-4.358899116516113,4.242640495300293
-4.358899116516113,4.358899116516113
-4.358899116516113,4.358899116516113
-4.358899116516113,4.582575798034668
-4.358899116516113,5
-4.358899116516113,5
-4.358899116516113,5.196152210235596
-4.358899116516113,5.196152210235596
-4.358899116516113,5.385164737701416
-4.358899116516113,5.385164737701416
-4.358899116516113,5.4772257804870605
-4.358899116516113,5.4772257804870605
-4.358899116516113,5.74456262588501
-4.358899116516113,5.830951690673828
-4.358899116516113,5.830951690673828
-4.358899116516113,5.830951690673828
-4.358899116516113,5.916079998016357
-4.358899116516113,5.916079998016357
-4.358899116516113,6
-4.358899116516113,6.082762718200684
-4.358899116516113,6.4031243324279785
-4.358899116516113,7
-4.358899116516113,7
-4.358899116516113,7.280109882354736
-4.358899116516113,7.280109882354736
-4.358899116516113,7.348469257354736
-4.358899116516113,7.4833149909973145
-4.358899116516113,7.549834251403809
-4.358899116516113,7.681145668029785
-4.358899116516113,7.681145668029785
-4.358899116516113,8.246211051940918
-4.358899116516113,8.246211051940918
-4.358899116516113,8.602325439453125
-4.358899116516113,8.774964332580566
-4.358899116516113,9.219544410705566
-4.358899116516113,10.049875259399414
-4.358899116516113,10.630146026611328
-4.358899116516113,11.224971771240234
-4.358899116516113,13.747727394104004
-4.358899116516113,18.493242263793945
-4.242640495300293,inf
-4.242640495300293,inf
-4.242640495300293,inf
-4.242640495300293,inf
-4.242640495300293,inf
-4.242640495300293,inf
-4.242640495300293,inf
-4.242640495300293,inf
-4.242640495300293,inf
-4.242640495300293,inf
-4.242640495300293,inf
-4.242640495300293,inf
-4.242640495300293,inf
-4.242640495300293,inf
-4.242640495300293,inf
-4.242640495300293,inf
-4.242640495300293,inf
-4.242640495300293,inf
-4.242640495300293,inf
-4.242640495300293,inf
-4.242640495300293,inf
-4.242640495300293,inf
-4.242640495300293,inf
-4.242640495300293,inf
-4.242640495300293,inf
-4.242640495300293,inf
-4.242640495300293,inf
-4.242640495300293,inf
-4.242640495300293,inf
-4.242640495300293,inf
-4.242640495300293,inf
-4.242640495300293,-4.123105525970459
-4.242640495300293,-4.123105525970459
-4.242640495300293,-4.123105525970459
-4.242640495300293,-4.123105525970459
-4.242640495300293,-4.123105525970459
-4.242640495300293,-4.123105525970459
-4.242640495300293,-4
-4.242640495300293,-4
-4.242640495300293,-3.7416574954986572
-4.242640495300293,-3.7416574954986572
-4.242640495300293,-3.7416574954986572
-4.242640495300293,-3.7416574954986572
-4.242640495300293,-3.7416574954986572
-4.242640495300293,-3.7416574954986572
-4.242640495300293,-3.7416574954986572
-4.242640495300293,-3.7416574954986572
-4.242640495300293,-3.605551242828369
-4.242640495300293,-3.605551242828369
-4.242640495300293,-3.605551242828369
-4.242640495300293,-3.605551242828369
-4.242640495300293,-3.316624879837036
-4.242640495300293,-3.316624879837036
-4.242640495300293,-3.1622776985168457
-4.242640495300293,-3.1622776985168457
-4.242640495300293,-3.1622776985168457
-4.242640495300293,-3.1622776985168457
-4.242640495300293,-3
-4.242640495300293,-3
-4.242640495300293,-3
-4.242640495300293,-3
-4.242640495300293,-3
-4.242640495300293,-3
-4.242640495300293,-3
-4.242640495300293,-2.8284270763397217
-4.242640495300293,-2.8284270763397217
-4.242640495300293,-2.4494898319244385
-4.242640495300293,-2.4494898319244385
-4.242640495300293,-2.4494898319244385
-4.242640495300293,-2.4494898319244385
-4.242640495300293,-2.4494898319244385
-4.242640495300293,-2.2360680103302
-4.242640495300293,-2.2360680103302
-4.242640495300293,-2.2360680103302
-4.242640495300293,-2.2360680103302
-4.242640495300293,-2.2360680103302
-4.242640495300293,-2.2360680103302
-4.242640495300293,-2.2360680103302
-4.242640495300293,-2.2360680103302
-4.242640495300293,-2.2360680103302
-4.242640495300293,-2.2360680103302
-4.242640495300293,-2
-4.242640495300293,-1.7320507764816284
-4.242640495300293,-1.4142135381698608
-4.242640495300293,-1.4142135381698608
-4.242640495300293,-1.4142135381698608
-4.242640495300293,-1.4142135381698608
-4.242640495300293,-1.4142135381698608
-4.242640495300293,-1.4142135381698608
-4.242640495300293,-1.4142135381698608
-4.242640495300293,-1
-4.242640495300293,-1
-4.242640495300293,-1
-4.242640495300293,-1
-4.242640495300293,-1
-4.242640495300293,-1
-4.242640495300293,-1
-4.242640495300293,-1
-4.242640495300293,-1
-4.242640495300293,-1
-4.242640495300293,-1
-4.242640495300293,1
-4.242640495300293,1
-4.242640495300293,1
-4.242640495300293,1
-4.242640495300293,1
-4.242640495300293,1
-4.242640495300293,1
-4.242640495300293,1
-4.242640495300293,1
-4.242640495300293,1
-4.242640495300293,1
-4.242640495300293,1
-4.242640495300293,1
-4.242640495300293,1
-4.242640495300293,1
-4.242640495300293,1
-4.242640495300293,1
-4.242640495300293,1.4142135381698608
-4.242640495300293,1.4142135381698608
-4.242640495300293,1.4142135381698608
-4.242640495300293,1.4142135381698608
-4.242640495300293,1.4142135381698608
-4.242640495300293,1.4142135381698608
-4.242640495300293,1.4142135381698608
-4.242640495300293,1.7320507764816284
-4.242640495300293,2
-4.242640495300293,2
-4.242640495300293,2
-4.242640495300293,2.2360680103302
-4.242640495300293,2.2360680103302
-4.242640495300293,2.2360680103302
-4.242640495300293,2.4494898319244385
-4.242640495300293,2.8284270763397217
-4.242640495300293,2.8284270763397217
-4.242640495300293,2.8284270763397217
-4.242640495300293,3
-4.242640495300293,3
-4.242640495300293,3
-4.242640495300293,3.1622776985168457
-4.242640495300293,3.316624879837036
-4.242640495300293,3.464101552963257
-4.242640495300293,3.605551242828369
-4.242640495300293,3.605551242828369
-4.242640495300293,3.605551242828369
-4.242640495300293,3.7416574954986572
-4.242640495300293,3.7416574954986572
-4.242640495300293,3.7416574954986572
-4.242640495300293,4
-4.242640495300293,4
-4.242640495300293,4
-4.242640495300293,4.123105525970459
-4.242640495300293,4.123105525970459
-4.242640495300293,4.4721360206604
-4.242640495300293,4.4721360206604
-4.242640495300293,4.4721360206604
-4.242640495300293,4.4721360206604
-4.242640495300293,4.4721360206604
-4.242640495300293,4.582575798034668
-4.242640495300293,4.582575798034668
-4.242640495300293,4.582575798034668
-4.242640495300293,4.690415859222412
-4.242640495300293,4.690415859222412
-4.242640495300293,4.690415859222412
-4.242640495300293,4.690415859222412
-4.242640495300293,4.690415859222412
-4.242640495300293,4.898979663848877
-4.242640495300293,5
-4.242640495300293,5
-4.242640495300293,5
-4.242640495300293,5.099019527435303
-4.242640495300293,5.099019527435303
-4.242640495300293,5.099019527435303
-4.242640495300293,5.099019527435303
-4.242640495300293,5.196152210235596
-4.242640495300293,5.385164737701416
-4.242640495300293,5.385164737701416
-4.242640495300293,5.385164737701416
-4.242640495300293,5.385164737701416
-4.242640495300293,5.385164737701416
-4.242640495300293,5.4772257804870605
-4.242640495300293,5.4772257804870605
-4.242640495300293,5.656854152679443
-4.242640495300293,5.656854152679443
-4.242640495300293,5.74456262588501
-4.242640495300293,5.830951690673828
-4.242640495300293,5.830951690673828
-4.242640495300293,5.830951690673828
-4.242640495300293,5.916079998016357
-4.242640495300293,6.164413928985596
-4.242640495300293,6.164413928985596
-4.242640495300293,6.164413928985596
-4.242640495300293,6.164413928985596
-4.242640495300293,6.164413928985596
-4.242640495300293,6.324555397033691
-4.242640495300293,6.4031243324279785
-4.242640495300293,6.4031243324279785
-4.242640495300293,6.4031243324279785
-4.242640495300293,6.4031243324279785
-4.242640495300293,6.4031243324279785
-4.242640495300293,6.557438373565674
-4.242640495300293,6.7082037925720215
-4.242640495300293,6.7082037925720215
-4.242640495300293,7
-4.242640495300293,7
-4.242640495300293,7.071067810058594
-4.242640495300293,7.071067810058594
-4.242640495300293,7.141428470611572
-4.242640495300293,7.280109882354736
-4.242640495300293,7.280109882354736
-4.242640495300293,7.4833149909973145
-4.242640495300293,7.549834251403809
-4.242640495300293,7.8102498054504395
-4.242640495300293,7.8102498054504395
-4.242640495300293,7.874007701873779
-4.242640495300293,8.062257766723633
-4.242640495300293,8.062257766723633
-4.242640495300293,8.124038696289063
-4.242640495300293,8.185352325439453
-4.242640495300293,8.246211051940918
-4.242640495300293,8.306623458862305
-4.242640495300293,8.306623458862305
-4.242640495300293,8.366600036621094
-4.242640495300293,8.5440034866333
-4.242640495300293,8.5440034866333
-4.242640495300293,8.602325439453125
-4.242640495300293,8.602325439453125
-4.242640495300293,8.602325439453125
-4.242640495300293,8.602325439453125
-4.242640495300293,8.66025447845459
-4.242640495300293,8.774964332580566
-4.242640495300293,8.774964332580566
-4.242640495300293,8.774964332580566
-4.242640495300293,8.774964332580566
-4.242640495300293,9
-4.242640495300293,9
-4.242640495300293,9.165151596069336
-4.242640495300293,9.219544410705566
-4.242640495300293,9.273618698120117
-4.242640495300293,9.273618698120117
-4.242640495300293,9.486832618713379
-4.242640495300293,9.69536018371582
-4.242640495300293,10
-4.242640495300293,10.049875259399414
-4.242640495300293,10.198039054870605
-4.242640495300293,10.198039054870605
-4.242640495300293,10.29563045501709
-4.242640495300293,11.445523262023926
-4.242640495300293,12.041594505310059
-4.242640495300293,12.529964447021484
-4.242640495300293,12.884099006652832
-4.242640495300293,13.03840446472168
-4.242640495300293,13.416407585144043
-4.242640495300293,13.490737915039063
-4.242640495300293,14.03566837310791
-4.242640495300293,15.524174690246582
-4.242640495300293,17.464248657226563
-4.242640495300293,18.493242263793945
-4.123105525970459,inf
-4.123105525970459,inf
-4.123105525970459,inf
-4.123105525970459,inf
-4.123105525970459,inf
-4.123105525970459,inf
-4.123105525970459,inf
-4.123105525970459,inf
-4.123105525970459,inf
-4.123105525970459,inf
-4.123105525970459,inf
-4.123105525970459,inf
-4.123105525970459,inf
-4.123105525970459,inf
-4.123105525970459,inf
-4.123105525970459,inf
-4.123105525970459,inf
-4.123105525970459,inf
-4.123105525970459,inf
-4.123105525970459,inf
-4.123105525970459,inf
-4.123105525970459,inf
-4.123105525970459,inf
-4.123105525970459,inf
-4.123105525970459,inf
-4.123105525970459,inf
-4.123105525970459,inf
-4.123105525970459,inf
-4.123105525970459,inf
-4.123105525970459,inf
-4.123105525970459,inf
-4.123105525970459,inf
-4.123105525970459,inf
-4.123105525970459,inf
-4.123105525970459,inf
-4.123105525970459,inf
-4.123105525970459,inf
-4.123105525970459,inf
-4.123105525970459,inf
-4.123105525970459,inf
-4.123105525970459,inf
-4.123105525970459,inf
-4.123105525970459,inf
-4.123105525970459,inf
-4.123105525970459,inf
-4.123105525970459,inf
-4.123105525970459,inf
-4.123105525970459,inf
-4.123105525970459,inf
-4.123105525970459,inf
-4.123105525970459,inf
-4.123105525970459,inf
-4.123105525970459,inf
-4.123105525970459,inf
-4.123105525970459,inf
-4.123105525970459,inf
-4.123105525970459,inf
-4.123105525970459,inf
-4.123105525970459,inf
-4.123105525970459,inf
-4.123105525970459,inf
-4.123105525970459,inf
-4.123105525970459,inf
-4.123105525970459,inf
-4.123105525970459,inf
-4.123105525970459,-4
-4.123105525970459,-4
-4.123105525970459,-4
-4.123105525970459,-4
-4.123105525970459,-4
-4.123105525970459,-4
-4.123105525970459,-4
-4.123105525970459,-4
-4.123105525970459,-4
-4.123105525970459,-4
-4.123105525970459,-3.7416574954986572
-4.123105525970459,-3.7416574954986572
-4.123105525970459,-3.7416574954986572
-4.123105525970459,-3.7416574954986572
-4.123105525970459,-3.7416574954986572
-4.123105525970459,-3.7416574954986572
-4.123105525970459,-3.7416574954986572
-4.123105525970459,-3.7416574954986572
-4.123105525970459,-3.7416574954986572
-4.123105525970459,-3.7416574954986572
-4.123105525970459,-3.7416574954986572
-4.123105525970459,-3.7416574954986572
-4.123105525970459,-3.7416574954986572
-4.123105525970459,-3.7416574954986572
-4.123105525970459,-3.7416574954986572
-4.123105525970459,-3.7416574954986572
-4.123105525970459,-3.7416574954986572
-4.123105525970459,-3.7416574954986572
-4.123105525970459,-3.7416574954986572
-4.123105525970459,-3.7416574954986572
-4.123105525970459,-3.7416574954986572
-4.123105525970459,-3.7416574954986572
-4.123105525970459,-3.7416574954986572
-4.123105525970459,-3.7416574954986572
-4.123105525970459,-3.7416574954986572
-4.123105525970459,-3.7416574954986572
-4.123105525970459,-3.7416574954986572
-4.123105525970459,-3.7416574954986572
-4.123105525970459,-3.605551242828369
-4.123105525970459,-3.605551242828369
-4.123105525970459,-3.605551242828369
-4.123105525970459,-3.605551242828369
-4.123105525970459,-3.605551242828369
-4.123105525970459,-3.605551242828369
-4.123105525970459,-3.605551242828369
-4.123105525970459,-3.605551242828369
-4.123105525970459,-3.605551242828369
-4.123105525970459,-3.605551242828369
-4.123105525970459,-3.605551242828369
-4.123105525970459,-3.605551242828369
-4.123105525970459,-3.605551242828369
-4.123105525970459,-3.605551242828369
-4.123105525970459,-3.605551242828369
-4.123105525970459,-3.605551242828369
-4.123105525970459,-3.605551242828369
-4.123105525970459,-3.605551242828369
-4.123105525970459,-3.605551242828369
-4.123105525970459,-3.605551242828369
-4.123105525970459,-3.605551242828369
-4.123105525970459,-3.605551242828369
-4.123105525970459,-3.464101552963257
-4.123105525970459,-3.464101552963257
-4.123105525970459,-3.464101552963257
-4.123105525970459,-3.316624879837036
-4.123105525970459,-3.316624879837036
-4.123105525970459,-3.316624879837036
-4.123105525970459,-3.316624879837036
-4.123105525970459,-3.316624879837036
-4.123105525970459,-3.316624879837036
-4.123105525970459,-3.316624879837036
-4.123105525970459,-3.316624879837036
-4.123105525970459,-3.1622776985168457
-4.123105525970459,-3.1622776985168457
-4.123105525970459,-3.1622776985168457
-4.123105525970459,-3.1622776985168457
-4.123105525970459,-3.1622776985168457
-4.123105525970459,-3.1622776985168457
-4.123105525970459,-3.1622776985168457
-4.123105525970459,-3.1622776985168457
-4.123105525970459,-3.1622776985168457
-4.123105525970459,-3
-4.123105525970459,-3
-4.123105525970459,-3
-4.123105525970459,-3
-4.123105525970459,-3
-4.123105525970459,-3
-4.123105525970459,-3
-4.123105525970459,-3
-4.123105525970459,-3
-4.123105525970459,-3
-4.123105525970459,-3
-4.123105525970459,-3
-4.123105525970459,-3
-4.123105525970459,-3
-4.123105525970459,-3
-4.123105525970459,-3
-4.123105525970459,-3
-4.123105525970459,-2.8284270763397217
-4.123105525970459,-2.8284270763397217
-4.123105525970459,-2.8284270763397217
-4.123105525970459,-2.8284270763397217
-4.123105525970459,-2.8284270763397217
-4.123105525970459,-2.8284270763397217
-4.123105525970459,-2.8284270763397217
-4.123105525970459,-2.8284270763397217
-4.123105525970459,-2.8284270763397217
-4.123105525970459,-2.8284270763397217
-4.123105525970459,-2.4494898319244385
-4.123105525970459,-2.4494898319244385
-4.123105525970459,-2.4494898319244385
-4.123105525970459,-2.4494898319244385
-4.123105525970459,-2.4494898319244385
-4.123105525970459,-2.4494898319244385
-4.123105525970459,-2.4494898319244385
-4.123105525970459,-2.2360680103302
-4.123105525970459,-2.2360680103302
-4.123105525970459,-2.2360680103302
-4.123105525970459,-2.2360680103302
-4.123105525970459,-2.2360680103302
-4.123105525970459,-2.2360680103302
-4.123105525970459,-2.2360680103302
-4.123105525970459,-2.2360680103302
-4.123105525970459,-2.2360680103302
-4.123105525970459,-2.2360680103302
-4.123105525970459,-2.2360680103302
-4.123105525970459,-2.2360680103302
-4.123105525970459,-2.2360680103302
-4.123105525970459,-2.2360680103302
-4.123105525970459,-2.2360680103302
-4.123105525970459,-2.2360680103302
-4.123105525970459,-2.2360680103302
-4.123105525970459,-2.2360680103302
-4.123105525970459,-2.2360680103302
-4.123105525970459,-2.2360680103302
-4.123105525970459,-2.2360680103302
-4.123105525970459,-2.2360680103302
-4.123105525970459,-2.2360680103302
-4.123105525970459,-2.2360680103302
-4.123105525970459,-2.2360680103302
-4.123105525970459,-2.2360680103302
-4.123105525970459,-2.2360680103302
-4.123105525970459,-2.2360680103302
-4.123105525970459,-2.2360680103302
-4.123105525970459,-2.2360680103302
-4.123105525970459,-2
-4.123105525970459,-2
-4.123105525970459,-2
-4.123105525970459,-2
-4.123105525970459,-2
-4.123105525970459,-2
-4.123105525970459,-2
-4.123105525970459,-2
-4.123105525970459,-2
-4.123105525970459,-2
-4.123105525970459,-2
-4.123105525970459,-2
-4.123105525970459,-2
-4.123105525970459,-2
-4.123105525970459,-2
-4.123105525970459,-1.7320507764816284
-4.123105525970459,-1.7320507764816284
-4.123105525970459,-1.7320507764816284
-4.123105525970459,-1.7320507764816284
-4.123105525970459,-1.7320507764816284
-4.123105525970459,-1.7320507764816284
-4.123105525970459,-1.7320507764816284
-4.123105525970459,-1.7320507764816284
-4.123105525970459,-1.7320507764816284
-4.123105525970459,-1.7320507764816284
-4.123105525970459,-1.4142135381698608
-4.123105525970459,-1.4142135381698608
-4.123105525970459,-1.4142135381698608
-4.123105525970459,-1.4142135381698608
-4.123105525970459,-1.4142135381698608
-4.123105525970459,-1.4142135381698608
-4.123105525970459,-1.4142135381698608
-4.123105525970459,-1.4142135381698608
-4.123105525970459,-1.4142135381698608
-4.123105525970459,-1.4142135381698608
-4.123105525970459,-1.4142135381698608
-4.123105525970459,-1.4142135381698608
-4.123105525970459,-1.4142135381698608
-4.123105525970459,-1.4142135381698608
-4.123105525970459,-1.4142135381698608
-4.123105525970459,-1.4142135381698608
-4.123105525970459,-1.4142135381698608
-4.123105525970459,-1.4142135381698608
-4.123105525970459,-1.4142135381698608
-4.123105525970459,-1.4142135381698608
-4.123105525970459,-1.4142135381698608
-4.123105525970459,-1.4142135381698608
-4.123105525970459,-1.4142135381698608
-4.123105525970459,-1.4142135381698608
-4.123105525970459,-1.4142135381698608
-4.123105525970459,-1.4142135381698608
-4.123105525970459,-1.4142135381698608
-4.123105525970459,-1.4142135381698608
-4.123105525970459,-1.4142135381698608
-4.123105525970459,-1.4142135381698608
-4.123105525970459,-1.4142135381698608
-4.123105525970459,-1.4142135381698608
-4.123105525970459,-1
-4.123105525970459,-1
-4.123105525970459,-1
-4.123105525970459,-1
-4.123105525970459,-1
-4.123105525970459,-1
-4.123105525970459,-1
-4.123105525970459,-1
-4.123105525970459,-1
-4.123105525970459,-1
-4.123105525970459,-1
-4.123105525970459,-1
-4.123105525970459,-1
-4.123105525970459,-1
-4.123105525970459,-1
-4.123105525970459,-1
-4.123105525970459,-1
-4.123105525970459,-1
-4.123105525970459,-1
-4.123105525970459,-1
-4.123105525970459,-1
-4.123105525970459,-1
-4.123105525970459,-1
-4.123105525970459,-1
-4.123105525970459,-1
-4.123105525970459,-1
-4.123105525970459,-1
-4.123105525970459,-1
-4.123105525970459,-1
-4.123105525970459,-1
-4.123105525970459,-1
-4.123105525970459,-1
-4.123105525970459,-1
-4.123105525970459,-1
-4.123105525970459,-1
-4.123105525970459,-1
-4.123105525970459,-1
-4.123105525970459,-1
-4.123105525970459,-1
-4.123105525970459,-1
-4.123105525970459,-1
-4.123105525970459,-1
-4.123105525970459,-1
-4.123105525970459,-1
-4.123105525970459,-1
-4.123105525970459,-1
-4.123105525970459,-1
-4.123105525970459,-1
-4.123105525970459,-1
-4.123105525970459,-1
-4.123105525970459,-1
-4.123105525970459,1
-4.123105525970459,1
-4.123105525970459,1
-4.123105525970459,1
-4.123105525970459,1
-4.123105525970459,1
-4.123105525970459,1
-4.123105525970459,1
-4.123105525970459,1
-4.123105525970459,1
-4.123105525970459,1
-4.123105525970459,1
-4.123105525970459,1
-4.123105525970459,1
-4.123105525970459,1
-4.123105525970459,1
-4.123105525970459,1
-4.123105525970459,1
-4.123105525970459,1
-4.123105525970459,1
-4.123105525970459,1
-4.123105525970459,1
-4.123105525970459,1
-4.123105525970459,1
-4.123105525970459,1
-4.123105525970459,1
-4.123105525970459,1
-4.123105525970459,1
-4.123105525970459,1
-4.123105525970459,1
-4.123105525970459,1
-4.123105525970459,1
-4.123105525970459,1
-4.123105525970459,1
-4.123105525970459,1
-4.123105525970459,1
-4.123105525970459,1
-4.123105525970459,1
-4.123105525970459,1
-4.123105525970459,1
-4.123105525970459,1
-4.123105525970459,1
-4.123105525970459,1
-4.123105525970459,1
-4.123105525970459,1
-4.123105525970459,1
-4.123105525970459,1
-4.123105525970459,1
-4.123105525970459,1
-4.123105525970459,1
-4.123105525970459,1
-4.123105525970459,1
-4.123105525970459,1
-4.123105525970459,1
-4.123105525970459,1
-4.123105525970459,1
-4.123105525970459,1
-4.123105525970459,1.4142135381698608
-4.123105525970459,1.4142135381698608
-4.123105525970459,1.4142135381698608
-4.123105525970459,1.4142135381698608
-4.123105525970459,1.4142135381698608
-4.123105525970459,1.4142135381698608
-4.123105525970459,1.4142135381698608
-4.123105525970459,1.4142135381698608
-4.123105525970459,1.4142135381698608
-4.123105525970459,1.4142135381698608
-4.123105525970459,1.4142135381698608
-4.123105525970459,1.4142135381698608
-4.123105525970459,1.4142135381698608
-4.123105525970459,1.4142135381698608
-4.123105525970459,1.4142135381698608
-4.123105525970459,1.4142135381698608
-4.123105525970459,1.4142135381698608
-4.123105525970459,1.4142135381698608
-4.123105525970459,1.4142135381698608
-4.123105525970459,1.4142135381698608
-4.123105525970459,1.4142135381698608
-4.123105525970459,1.4142135381698608
-4.123105525970459,1.4142135381698608
-4.123105525970459,1.4142135381698608
-4.123105525970459,1.4142135381698608
-4.123105525970459,1.4142135381698608
-4.123105525970459,1.4142135381698608
-4.123105525970459,1.4142135381698608
-4.123105525970459,1.4142135381698608
-4.123105525970459,1.7320507764816284
-4.123105525970459,1.7320507764816284
-4.123105525970459,1.7320507764816284
-4.123105525970459,1.7320507764816284
-4.123105525970459,2
-4.123105525970459,2
-4.123105525970459,2
-4.123105525970459,2
-4.123105525970459,2
-4.123105525970459,2
-4.123105525970459,2
-4.123105525970459,2
-4.123105525970459,2
-4.123105525970459,2
-4.123105525970459,2
-4.123105525970459,2
-4.123105525970459,2
-4.123105525970459,2
-4.123105525970459,2
-4.123105525970459,2
-4.123105525970459,2.2360680103302
-4.123105525970459,2.2360680103302
-4.123105525970459,2.2360680103302
-4.123105525970459,2.2360680103302
-4.123105525970459,2.2360680103302
-4.123105525970459,2.2360680103302
-4.123105525970459,2.2360680103302
-4.123105525970459,2.2360680103302
-4.123105525970459,2.2360680103302
-4.123105525970459,2.2360680103302
-4.123105525970459,2.2360680103302
-4.123105525970459,2.2360680103302
-4.123105525970459,2.2360680103302
-4.123105525970459,2.2360680103302
-4.123105525970459,2.2360680103302
-4.123105525970459,2.2360680103302
-4.123105525970459,2.2360680103302
-4.123105525970459,2.2360680103302
-4.123105525970459,2.2360680103302
-4.123105525970459,2.2360680103302
-4.123105525970459,2.4494898319244385
-4.123105525970459,2.4494898319244385
-4.123105525970459,2.4494898319244385
-4.123105525970459,2.4494898319244385
-4.123105525970459,2.4494898319244385
-4.123105525970459,2.4494898319244385
-4.123105525970459,2.4494898319244385
-4.123105525970459,2.4494898319244385
-4.123105525970459,2.8284270763397217
-4.123105525970459,2.8284270763397217
-4.123105525970459,2.8284270763397217
-4.123105525970459,2.8284270763397217
-4.123105525970459,2.8284270763397217
-4.123105525970459,2.8284270763397217
-4.123105525970459,2.8284270763397217
-4.123105525970459,2.8284270763397217
-4.123105525970459,2.8284270763397217
-4.123105525970459,2.8284270763397217
-4.123105525970459,3
-4.123105525970459,3
-4.123105525970459,3
-4.123105525970459,3
-4.123105525970459,3
-4.123105525970459,3
-4.123105525970459,3
-4.123105525970459,3
-4.123105525970459,3
-4.123105525970459,3
-4.123105525970459,3
-4.123105525970459,3
-4.123105525970459,3
-4.123105525970459,3
-4.123105525970459,3
-4.123105525970459,3
-4.123105525970459,3
-4.123105525970459,3
-4.123105525970459,3
-4.123105525970459,3
-4.123105525970459,3
-4.123105525970459,3
-4.123105525970459,3.1622776985168457
-4.123105525970459,3.1622776985168457
-4.123105525970459,3.1622776985168457
-4.123105525970459,3.1622776985168457
-4.123105525970459,3.1622776985168457
-4.123105525970459,3.1622776985168457
-4.123105525970459,3.1622776985168457
-4.123105525970459,3.1622776985168457
-4.123105525970459,3.1622776985168457
-4.123105525970459,3.1622776985168457
-4.123105525970459,3.1622776985168457
-4.123105525970459,3.1622776985168457
-4.123105525970459,3.1622776985168457
-4.123105525970459,3.1622776985168457
-4.123105525970459,3.1622776985168457
-4.123105525970459,3.1622776985168457
-4.123105525970459,3.1622776985168457
-4.123105525970459,3.316624879837036
-4.123105525970459,3.316624879837036
-4.123105525970459,3.316624879837036
-4.123105525970459,3.316624879837036
-4.123105525970459,3.316624879837036
-4.123105525970459,3.316624879837036
-4.123105525970459,3.316624879837036
-4.123105525970459,3.316624879837036
-4.123105525970459,3.316624879837036
-4.123105525970459,3.316624879837036
-4.123105525970459,3.464101552963257
-4.123105525970459,3.605551242828369
-4.123105525970459,3.605551242828369
-4.123105525970459,3.605551242828369
-4.123105525970459,3.605551242828369
-4.123105525970459,3.605551242828369
-4.123105525970459,3.605551242828369
-4.123105525970459,3.605551242828369
-4.123105525970459,3.605551242828369
-4.123105525970459,3.605551242828369
-4.123105525970459,3.605551242828369
-4.123105525970459,3.605551242828369
-4.123105525970459,3.605551242828369
-4.123105525970459,3.7416574954986572
-4.123105525970459,3.7416574954986572
-4.123105525970459,3.7416574954986572
-4.123105525970459,3.7416574954986572
-4.123105525970459,3.7416574954986572
-4.123105525970459,4
-4.123105525970459,4
-4.123105525970459,4
-4.123105525970459,4.123105525970459
-4.123105525970459,4.123105525970459
-4.123105525970459,4.123105525970459
-4.123105525970459,4.123105525970459
-4.123105525970459,4.123105525970459
-4.123105525970459,4.123105525970459
-4.123105525970459,4.123105525970459
-4.123105525970459,4.123105525970459
-4.123105525970459,4.123105525970459
-4.123105525970459,4.123105525970459
-4.123105525970459,4.123105525970459
-4.123105525970459,4.123105525970459
-4.123105525970459,4.123105525970459
-4.123105525970459,4.123105525970459
-4.123105525970459,4.123105525970459
-4.123105525970459,4.123105525970459
-4.123105525970459,4.123105525970459
-4.123105525970459,4.242640495300293
-4.123105525970459,4.242640495300293
-4.123105525970459,4.242640495300293
-4.123105525970459,4.242640495300293
-4.123105525970459,4.242640495300293
-4.123105525970459,4.242640495300293
-4.123105525970459,4.242640495300293
-4.123105525970459,4.242640495300293
-4.123105525970459,4.242640495300293
-4.123105525970459,4.242640495300293
-4.123105525970459,4.242640495300293
-4.123105525970459,4.242640495300293
-4.123105525970459,4.358899116516113
-4.123105525970459,4.358899116516113
-4.123105525970459,4.358899116516113
-4.123105525970459,4.358899116516113
-4.123105525970459,4.358899116516113
-4.123105525970459,4.358899116516113
-4.123105525970459,4.4721360206604
-4.123105525970459,4.4721360206604
-4.123105525970459,4.4721360206604
-4.123105525970459,4.4721360206604
-4.123105525970459,4.4721360206604
-4.123105525970459,4.4721360206604
-4.123105525970459,4.4721360206604
-4.123105525970459,4.4721360206604
-4.123105525970459,4.582575798034668
-4.123105525970459,4.582575798034668
-4.123105525970459,4.582575798034668
-4.123105525970459,4.582575798034668
-4.123105525970459,4.582575798034668
-4.123105525970459,4.582575798034668
-4.123105525970459,4.582575798034668
-4.123105525970459,4.582575798034668
-4.123105525970459,4.582575798034668
-4.123105525970459,4.582575798034668
-4.123105525970459,4.582575798034668
-4.123105525970459,4.582575798034668
-4.123105525970459,4.582575798034668
-4.123105525970459,4.582575798034668
-4.123105525970459,4.690415859222412
-4.123105525970459,4.690415859222412
-4.123105525970459,4.690415859222412
-4.123105525970459,4.690415859222412
-4.123105525970459,4.690415859222412
-4.123105525970459,4.690415859222412
-4.123105525970459,4.690415859222412
-4.123105525970459,4.690415859222412
-4.123105525970459,4.690415859222412
-4.123105525970459,4.898979663848877
-4.123105525970459,4.898979663848877
-4.123105525970459,4.898979663848877
-4.123105525970459,4.898979663848877
-4.123105525970459,4.898979663848877
-4.123105525970459,5
-4.123105525970459,5
-4.123105525970459,5
-4.123105525970459,5
-4.123105525970459,5
-4.123105525970459,5
-4.123105525970459,5
-4.123105525970459,5
-4.123105525970459,5
-4.123105525970459,5
-4.123105525970459,5.099019527435303
-4.123105525970459,5.099019527435303
-4.123105525970459,5.099019527435303
-4.123105525970459,5.099019527435303
-4.123105525970459,5.099019527435303
-4.123105525970459,5.099019527435303
-4.123105525970459,5.099019527435303
-4.123105525970459,5.099019527435303
-4.123105525970459,5.099019527435303
-4.123105525970459,5.099019527435303
-4.123105525970459,5.099019527435303
-4.123105525970459,5.196152210235596
-4.123105525970459,5.196152210235596
-4.123105525970459,5.196152210235596
-4.123105525970459,5.196152210235596
-4.123105525970459,5.196152210235596
-4.123105525970459,5.385164737701416
-4.123105525970459,5.385164737701416
-4.123105525970459,5.385164737701416
-4.123105525970459,5.385164737701416
-4.123105525970459,5.385164737701416
-4.123105525970459,5.385164737701416
-4.123105525970459,5.385164737701416
-4.123105525970459,5.385164737701416
-4.123105525970459,5.385164737701416
-4.123105525970459,5.385164737701416
-4.123105525970459,5.4772257804870605
-4.123105525970459,5.4772257804870605
-4.123105525970459,5.4772257804870605
-4.123105525970459,5.4772257804870605
-4.123105525970459,5.656854152679443
-4.123105525970459,5.656854152679443
-4.123105525970459,5.656854152679443
-4.123105525970459,5.656854152679443
-4.123105525970459,5.656854152679443
-4.123105525970459,5.656854152679443
-4.123105525970459,5.74456262588501
-4.123105525970459,5.74456262588501
-4.123105525970459,5.74456262588501
-4.123105525970459,5.74456262588501
-4.123105525970459,5.74456262588501
-4.123105525970459,5.830951690673828
-4.123105525970459,5.830951690673828
-4.123105525970459,5.830951690673828
-4.123105525970459,5.830951690673828
-4.123105525970459,5.830951690673828
-4.123105525970459,5.830951690673828
-4.123105525970459,5.830951690673828
-4.123105525970459,5.830951690673828
-4.123105525970459,5.916079998016357
-4.123105525970459,5.916079998016357
-4.123105525970459,5.916079998016357
-4.123105525970459,5.916079998016357
-4.123105525970459,5.916079998016357
-4.123105525970459,6
-4.123105525970459,6
-4.123105525970459,6
-4.123105525970459,6
-4.123105525970459,6
-4.123105525970459,6
-4.123105525970459,6.082762718200684
-4.123105525970459,6.082762718200684
-4.123105525970459,6.082762718200684
-4.123105525970459,6.082762718200684
-4.123105525970459,6.082762718200684
-4.123105525970459,6.082762718200684
-4.123105525970459,6.082762718200684
-4.123105525970459,6.164413928985596
-4.123105525970459,6.164413928985596
-4.123105525970459,6.164413928985596
-4.123105525970459,6.164413928985596
-4.123105525970459,6.164413928985596
-4.123105525970459,6.164413928985596
-4.123105525970459,6.164413928985596
-4.123105525970459,6.164413928985596
-4.123105525970459,6.164413928985596
-4.123105525970459,6.164413928985596
-4.123105525970459,6.164413928985596
-4.123105525970459,6.324555397033691
-4.123105525970459,6.324555397033691
-4.123105525970459,6.324555397033691
-4.123105525970459,6.324555397033691
-4.123105525970459,6.324555397033691
-4.123105525970459,6.324555397033691
-4.123105525970459,6.324555397033691
-4.123105525970459,6.4031243324279785
-4.123105525970459,6.4031243324279785
-4.123105525970459,6.4031243324279785
-4.123105525970459,6.4031243324279785
-4.123105525970459,6.4031243324279785
-4.123105525970459,6.4031243324279785
-4.123105525970459,6.4031243324279785
-4.123105525970459,6.480740547180176
-4.123105525970459,6.480740547180176
-4.123105525970459,6.480740547180176
-4.123105525970459,6.480740547180176
-4.123105525970459,6.480740547180176
-4.123105525970459,6.557438373565674
-4.123105525970459,6.557438373565674
-4.123105525970459,6.557438373565674
-4.123105525970459,6.557438373565674
-4.123105525970459,6.557438373565674
-4.123105525970459,6.557438373565674
-4.123105525970459,6.557438373565674
-4.123105525970459,6.557438373565674
-4.123105525970459,6.633249759674072
-4.123105525970459,6.633249759674072
-4.123105525970459,6.633249759674072
-4.123105525970459,6.633249759674072
-4.123105525970459,6.633249759674072
-4.123105525970459,6.633249759674072
-4.123105525970459,6.7082037925720215
-4.123105525970459,6.7082037925720215
-4.123105525970459,6.7082037925720215
-4.123105525970459,6.7082037925720215
-4.123105525970459,6.7082037925720215
-4.123105525970459,6.7082037925720215
-4.123105525970459,6.7082037925720215
-4.123105525970459,6.7082037925720215
-4.123105525970459,6.7082037925720215
-4.123105525970459,6.7082037925720215
-4.123105525970459,6.7082037925720215
-4.123105525970459,6.7082037925720215
-4.123105525970459,6.78233003616333
-4.123105525970459,6.928203105926514
-4.123105525970459,6.928203105926514
-4.123105525970459,6.928203105926514
-4.123105525970459,7
-4.123105525970459,7
-4.123105525970459,7
-4.123105525970459,7
-4.123105525970459,7.071067810058594
-4.123105525970459,7.071067810058594
-4.123105525970459,7.071067810058594
-4.123105525970459,7.071067810058594
-4.123105525970459,7.071067810058594
-4.123105525970459,7.071067810058594
-4.123105525970459,7.071067810058594
-4.123105525970459,7.071067810058594
-4.123105525970459,7.071067810058594
-4.123105525970459,7.071067810058594
-4.123105525970459,7.071067810058594
-4.123105525970459,7.071067810058594
-4.123105525970459,7.141428470611572
-4.123105525970459,7.141428470611572
-4.123105525970459,7.211102485656738
-4.123105525970459,7.211102485656738
-4.123105525970459,7.280109882354736
-4.123105525970459,7.280109882354736
-4.123105525970459,7.280109882354736
-4.123105525970459,7.280109882354736
-4.123105525970459,7.280109882354736
-4.123105525970459,7.280109882354736
-4.123105525970459,7.348469257354736
-4.123105525970459,7.348469257354736
-4.123105525970459,7.348469257354736
-4.123105525970459,7.348469257354736
-4.123105525970459,7.348469257354736
-4.123105525970459,7.348469257354736
-4.123105525970459,7.348469257354736
-4.123105525970459,7.348469257354736
-4.123105525970459,7.348469257354736
-4.123105525970459,7.348469257354736
-4.123105525970459,7.348469257354736
-4.123105525970459,7.4833149909973145
-4.123105525970459,7.4833149909973145
-4.123105525970459,7.4833149909973145
-4.123105525970459,7.549834251403809
-4.123105525970459,7.549834251403809
-4.123105525970459,7.549834251403809
-4.123105525970459,7.6157732009887695
-4.123105525970459,7.6157732009887695
-4.123105525970459,7.6157732009887695
-4.123105525970459,7.6157732009887695
-4.123105525970459,7.681145668029785
-4.123105525970459,7.681145668029785
-4.123105525970459,7.681145668029785
-4.123105525970459,7.681145668029785
-4.123105525970459,7.8102498054504395
-4.123105525970459,7.8102498054504395
-4.123105525970459,7.8102498054504395
-4.123105525970459,7.8102498054504395
-4.123105525970459,7.8102498054504395
-4.123105525970459,7.8102498054504395
-4.123105525970459,7.8102498054504395
-4.123105525970459,7.874007701873779
-4.123105525970459,7.874007701873779
-4.123105525970459,7.874007701873779
-4.123105525970459,7.874007701873779
-4.123105525970459,7.874007701873779
-4.123105525970459,7.874007701873779
-4.123105525970459,8
-4.123105525970459,8
-4.123105525970459,8.062257766723633
-4.123105525970459,8.062257766723633
-4.123105525970459,8.062257766723633
-4.123105525970459,8.062257766723633
-4.123105525970459,8.062257766723633
-4.123105525970459,8.062257766723633
-4.123105525970459,8.062257766723633
-4.123105525970459,8.062257766723633
-4.123105525970459,8.062257766723633
-4.123105525970459,8.062257766723633
-4.123105525970459,8.124038696289063
-4.123105525970459,8.124038696289063
-4.123105525970459,8.124038696289063
-4.123105525970459,8.124038696289063
-4.123105525970459,8.124038696289063
-4.123105525970459,8.124038696289063
-4.123105525970459,8.185352325439453
-4.123105525970459,8.246211051940918
-4.123105525970459,8.246211051940918
-4.123105525970459,8.246211051940918
-4.123105525970459,8.306623458862305
-4.123105525970459,8.306623458862305
-4.123105525970459,8.306623458862305
-4.123105525970459,8.366600036621094
-4.123105525970459,8.485280990600586
-4.123105525970459,8.485280990600586
-4.123105525970459,8.485280990600586
-4.123105525970459,8.5440034866333
-4.123105525970459,8.5440034866333
-4.123105525970459,8.5440034866333
-4.123105525970459,8.602325439453125
-4.123105525970459,8.602325439453125
-4.123105525970459,8.602325439453125
-4.123105525970459,8.602325439453125
-4.123105525970459,8.66025447845459
-4.123105525970459,8.66025447845459
-4.123105525970459,8.717798233032227
-4.123105525970459,8.717798233032227
-4.123105525970459,8.774964332580566
-4.123105525970459,8.774964332580566
-4.123105525970459,8.774964332580566
-4.123105525970459,8.774964332580566
-4.123105525970459,8.774964332580566
-4.123105525970459,8.774964332580566
-4.123105525970459,8.83176040649414
-4.123105525970459,8.9442720413208
-4.123105525970459,8.9442720413208
-4.123105525970459,8.9442720413208
-4.123105525970459,8.9442720413208
-4.123105525970459,9
-4.123105525970459,9
-4.123105525970459,9.05538558959961
-4.123105525970459,9.05538558959961
-4.123105525970459,9.110433578491211
-4.123105525970459,9.110433578491211
-4.123105525970459,9.165151596069336
-4.123105525970459,9.165151596069336
-4.123105525970459,9.165151596069336
-4.123105525970459,9.219544410705566
-4.123105525970459,9.219544410705566
-4.123105525970459,9.219544410705566
-4.123105525970459,9.273618698120117
-4.123105525970459,9.273618698120117
-4.123105525970459,9.273618698120117
-4.123105525970459,9.380831718444824
-4.123105525970459,9.433980941772461
-4.123105525970459,9.433980941772461
-4.123105525970459,9.433980941772461
-4.123105525970459,9.433980941772461
-4.123105525970459,9.486832618713379
-4.123105525970459,9.486832618713379
-4.123105525970459,9.486832618713379
-4.123105525970459,9.486832618713379
-4.123105525970459,9.643651008605957
-4.123105525970459,9.69536018371582
-4.123105525970459,9.797959327697754
-4.123105525970459,9.797959327697754
-4.123105525970459,9.848857879638672
-4.123105525970459,9.848857879638672
-4.123105525970459,9.899495124816895
-4.123105525970459,9.899495124816895
-4.123105525970459,9.899495124816895
-4.123105525970459,9.899495124816895
-4.123105525970459,10
-4.123105525970459,10.049875259399414
-4.123105525970459,10.049875259399414
-4.123105525970459,10.198039054870605
-4.123105525970459,10.24695110321045
-4.123105525970459,10.29563045501709
-4.123105525970459,10.440306663513184
-4.123105525970459,10.440306663513184
-4.123105525970459,10.440306663513184
-4.123105525970459,10.630146026611328
-4.123105525970459,10.677078247070313
-4.123105525970459,10.677078247070313
-4.123105525970459,10.816654205322266
-4.123105525970459,10.816654205322266
-4.123105525970459,11
-4.123105525970459,11.045360565185547
-4.123105525970459,11.180339813232422
-4.123105525970459,11.180339813232422
-4.123105525970459,11.224971771240234
-4.123105525970459,11.357816696166992
-4.123105525970459,11.357816696166992
-4.123105525970459,11.532562255859375
-4.123105525970459,11.575837135314941
-4.123105525970459,11.661903381347656
-4.123105525970459,11.704699516296387
-4.123105525970459,11.87434196472168
-4.123105525970459,12.083045959472656
-4.123105525970459,12.165525436401367
-4.123105525970459,12.369317054748535
-4.123105525970459,12.884099006652832
-4.123105525970459,13.03840446472168
-4.123105525970459,13.266499519348145
-4.123105525970459,13.416407585144043
-4.123105525970459,13.45362377166748
-4.123105525970459,13.490737915039063
-4.123105525970459,13.490737915039063
-4.123105525970459,13.747727394104004
-4.123105525970459,13.928388595581055
-4.123105525970459,14.142135620117188
-4.123105525970459,14.317821502685547
-4.123105525970459,14.352700233459473
-4.123105525970459,14.456831932067871
-4.123105525970459,14.456831932067871
-4.123105525970459,14.491376876831055
-4.123105525970459,14.525838851928711
-4.123105525970459,14.696938514709473
-4.123105525970459,14.764822959899902
-4.123105525970459,14.966629981994629
-4.123105525970459,15.066518783569336
-4.123105525970459,15.066518783569336
-4.123105525970459,15.099668502807617
-4.123105525970459,15.842979431152344
-4.123105525970459,16.278820037841797
-4.123105525970459,16.492422103881836
-4.123105525970459,16.76305389404297
-4.123105525970459,16.881942749023438
-4.123105525970459,16.911535263061523
-4.123105525970459,17.11724281311035
-4.123105525970459,17.57839584350586
-4.123105525970459,17.804492950439453
-4.123105525970459,17.83255386352539
-4.123105525970459,19
-4.123105525970459,23.323806762695313
-4,inf
-4,inf
-4,inf
-4,inf
-4,inf
-4,inf
-4,inf
-4,inf
-4,inf
-4,inf
-4,inf
-4,inf
-4,inf
-4,inf
-4,inf
-4,inf
-4,inf
-4,inf
-4,inf
-4,inf
-4,inf
-4,inf
-4,inf
-4,inf
-4,inf
-4,inf
-4,inf
-4,inf
-4,inf
-4,inf
-4,inf
-4,inf
-4,inf
-4,inf
-4,inf
-4,inf
-4,inf
-4,inf
-4,inf
-4,inf
-4,inf
-4,inf
-4,inf
-4,inf
-4,inf
-4,inf
-4,inf
-4,inf
-4,inf
-4,inf
-4,inf
-4,inf
-4,-3.7416574954986572
-4,-3.7416574954986572
-4,-3.7416574954986572
-4,-3.7416574954986572
-4,-3.7416574954986572
-4,-3.7416574954986572
-4,-3.7416574954986572
-4,-3.7416574954986572
-4,-3.7416574954986572
-4,-3.7416574954986572
-4,-3.7416574954986572
-4,-3.7416574954986572
-4,-3.7416574954986572
-4,-3.7416574954986572
-4,-3.7416574954986572
-4,-3.7416574954986572
-4,-3.7416574954986572
-4,-3.7416574954986572
-4,-3.7416574954986572
-4,-3.7416574954986572
-4,-3.605551242828369
-4,-3.605551242828369
-4,-3.605551242828369
-4,-3.605551242828369
-4,-3.605551242828369
-4,-3.605551242828369
-4,-3.605551242828369
-4,-3.605551242828369
-4,-3.605551242828369
-4,-3.605551242828369
-4,-3.605551242828369
-4,-3.605551242828369
-4,-3.605551242828369
-4,-3.605551242828369
-4,-3.605551242828369
-4,-3.605551242828369
-4,-3.464101552963257
-4,-3.464101552963257
-4,-3.464101552963257
-4,-3.464101552963257
-4,-3.316624879837036
-4,-3.316624879837036
-4,-3.316624879837036
-4,-3.316624879837036
-4,-3.316624879837036
-4,-3.316624879837036
-4,-3.316624879837036
-4,-3.316624879837036
-4,-3.316624879837036
-4,-3.316624879837036
-4,-3.1622776985168457
-4,-3.1622776985168457
-4,-3.1622776985168457
-4,-3.1622776985168457
-4,-3.1622776985168457
-4,-3.1622776985168457
-4,-3.1622776985168457
-4,-3.1622776985168457
-4,-3.1622776985168457
-4,-3
-4,-3
-4,-3
-4,-3
-4,-3
-4,-3
-4,-3
-4,-3
-4,-3
-4,-3
-4,-2.8284270763397217
-4,-2.8284270763397217
-4,-2.8284270763397217
-4,-2.8284270763397217
-4,-2.8284270763397217
-4,-2.8284270763397217
-4,-2.4494898319244385
-4,-2.4494898319244385
-4,-2.4494898319244385
-4,-2.2360680103302
-4,-2.2360680103302
-4,-2.2360680103302
-4,-2.2360680103302
-4,-2.2360680103302
-4,-2.2360680103302
-4,-2.2360680103302
-4,-2.2360680103302
-4,-2
-4,-2
-4,-2
-4,-2
-4,-2
-4,-2
-4,-1.7320507764816284
-4,-1.7320507764816284
-4,-1.7320507764816284
-4,-1.7320507764816284
-4,-1.7320507764816284
-4,-1.4142135381698608
-4,-1.4142135381698608
-4,-1.4142135381698608
-4,-1.4142135381698608
-4,-1.4142135381698608
-4,-1.4142135381698608
-4,-1.4142135381698608
-4,-1.4142135381698608
-4,-1.4142135381698608
-4,-1.4142135381698608
-4,-1.4142135381698608
-4,-1.4142135381698608
-4,-1.4142135381698608
-4,-1.4142135381698608
-4,-1.4142135381698608
-4,-1
-4,-1
-4,-1
-4,-1
-4,-1
-4,-1
-4,-1
-4,-1
-4,-1
-4,-1
-4,-1
-4,-1
-4,-1
-4,-1
-4,-1
-4,-1
-4,1
-4,1
-4,1
-4,1
-4,1
-4,1
-4,1
-4,1
-4,1
-4,1
-4,1
-4,1
-4,1
-4,1
-4,1.4142135381698608
-4,1.4142135381698608
-4,1.4142135381698608
-4,1.4142135381698608
-4,1.7320507764816284
-4,1.7320507764816284
-4,1.7320507764816284
-4,1.7320507764816284
-4,1.7320507764816284
-4,2
-4,2
-4,2
-4,2
-4,2.2360680103302
-4,2.2360680103302
-4,2.2360680103302
-4,2.2360680103302
-4,2.4494898319244385
-4,2.8284270763397217
-4,2.8284270763397217
-4,2.8284270763397217
-4,2.8284270763397217
-4,2.8284270763397217
-4,3
-4,3
-4,3.1622776985168457
-4,3.1622776985168457
-4,3.316624879837036
-4,3.316624879837036
-4,3.464101552963257
-4,3.605551242828369
-4,3.605551242828369
-4,3.605551242828369
-4,3.605551242828369
-4,3.7416574954986572
-4,4
-4,4.123105525970459
-4,4.123105525970459
-4,4.123105525970459
-4,4.123105525970459
-4,4.123105525970459
-4,4.242640495300293
-4,4.242640495300293
-4,4.358899116516113
-4,4.358899116516113
-4,4.358899116516113
-4,4.358899116516113
-4,4.4721360206604
-4,4.4721360206604
-4,4.582575798034668
-4,4.582575798034668
-4,4.690415859222412
-4,4.690415859222412
-4,4.690415859222412
-4,4.898979663848877
-4,4.898979663848877
-4,5
-4,5
-4,5
-4,5
-4,5
-4,5.099019527435303
-4,5.099019527435303
-4,5.099019527435303
-4,5.099019527435303
-4,5.099019527435303
-4,5.099019527435303
-4,5.099019527435303
-4,5.196152210235596
-4,5.196152210235596
-4,5.196152210235596
-4,5.196152210235596
-4,5.385164737701416
-4,5.385164737701416
-4,5.385164737701416
-4,5.385164737701416
-4,5.385164737701416
-4,5.385164737701416
-4,5.4772257804870605
-4,5.4772257804870605
-4,5.656854152679443
-4,5.656854152679443
-4,5.656854152679443
-4,5.74456262588501
-4,5.74456262588501
-4,5.74456262588501
-4,5.74456262588501
-4,5.74456262588501
-4,5.74456262588501
-4,5.74456262588501
-4,5.916079998016357
-4,5.916079998016357
-4,6
-4,6.082762718200684
-4,6.082762718200684
-4,6.164413928985596
-4,6.164413928985596
-4,6.164413928985596
-4,6.324555397033691
-4,6.324555397033691
-4,6.4031243324279785
-4,6.4031243324279785
-4,6.4031243324279785
-4,6.480740547180176
-4,6.480740547180176
-4,6.633249759674072
-4,6.633249759674072
-4,6.7082037925720215
-4,6.7082037925720215
-4,6.7082037925720215
-4,6.7082037925720215
-4,6.7082037925720215
-4,6.7082037925720215
-4,6.7082037925720215
-4,6.78233003616333
-4,6.78233003616333
-4,7
-4,7
-4,7
-4,7
-4,7
-4,7
-4,7.071067810058594
-4,7.141428470611572
-4,7.211102485656738
-4,7.280109882354736
-4,7.348469257354736
-4,7.4833149909973145
-4,7.4833149909973145
-4,7.4833149909973145
-4,7.549834251403809
-4,7.549834251403809
-4,7.549834251403809
-4,7.549834251403809
-4,7.6157732009887695
-4,7.681145668029785
-4,7.8102498054504395
-4,7.8102498054504395
-4,7.8102498054504395
-4,7.8102498054504395
-4,7.874007701873779
-4,8
-4,8.062257766723633
-4,8.062257766723633
-4,8.124038696289063
-4,8.124038696289063
-4,8.185352325439453
-4,8.185352325439453
-4,8.306623458862305
-4,8.306623458862305
-4,8.366600036621094
-4,8.5440034866333
-4,8.602325439453125
-4,8.66025447845459
-4,8.83176040649414
-4,8.9442720413208
-4,9
-4,9.165151596069336
-4,9.165151596069336
-4,9.273618698120117
-4,9.273618698120117
-4,9.380831718444824
-4,9.433980941772461
-4,9.486832618713379
-4,9.486832618713379
-4,9.539392471313477
-4,9.69536018371582
-4,9.949873924255371
-4,10
-4,10.29563045501709
-4,10.440306663513184
-4,10.677078247070313
-4,11.045360565185547
-4,11.180339813232422
-4,11.401754379272461
-4,12.845232963562012
-4,13.45362377166748
-4,13.490737915039063
-4,14.03566837310791
-4,14.352700233459473
-4,15.132745742797852
-4,15.55634880065918
-3.7416574954986572,inf
-3.7416574954986572,inf
-3.7416574954986572,inf
-3.7416574954986572,inf
-3.7416574954986572,inf
-3.7416574954986572,inf
-3.7416574954986572,inf
-3.7416574954986572,inf
-3.7416574954986572,inf
-3.7416574954986572,inf
-3.7416574954986572,inf
-3.7416574954986572,inf
-3.7416574954986572,inf
-3.7416574954986572,inf
-3.7416574954986572,inf
-3.7416574954986572,inf
-3.7416574954986572,inf
-3.7416574954986572,inf
-3.7416574954986572,inf
-3.7416574954986572,inf
-3.7416574954986572,inf
-3.7416574954986572,inf
-3.7416574954986572,inf
-3.7416574954986572,inf
-3.7416574954986572,inf
-3.7416574954986572,inf
-3.7416574954986572,inf
-3.7416574954986572,inf
-3.7416574954986572,inf
-3.7416574954986572,inf
-3.7416574954986572,-3.605551242828369
-3.7416574954986572,-3.605551242828369
-3.7416574954986572,-3.605551242828369
-3.7416574954986572,-3.605551242828369
-3.7416574954986572,-3.605551242828369
-3.7416574954986572,-3.605551242828369
-3.7416574954986572,-3.605551242828369
-3.7416574954986572,-3.605551242828369
-3.7416574954986572,-3.464101552963257
-3.7416574954986572,-3.464101552963257
-3.7416574954986572,-3.464101552963257
-3.7416574954986572,-3.464101552963257
-3.7416574954986572,-3.316624879837036
-3.7416574954986572,-3.316624879837036
-3.7416574954986572,-3.316624879837036
-3.7416574954986572,-3.316624879837036
-3.7416574954986572,-3.316624879837036
-3.7416574954986572,-3.316624879837036
-3.7416574954986572,-3.1622776985168457
-3.7416574954986572,-3.1622776985168457
-3.7416574954986572,-3
-3.7416574954986572,-3
-3.7416574954986572,-3
-3.7416574954986572,-3
-3.7416574954986572,-3
-3.7416574954986572,-3
-3.7416574954986572,-3
-3.7416574954986572,-3
-3.7416574954986572,-3
-3.7416574954986572,-3
-3.7416574954986572,-3
-3.7416574954986572,-3
-3.7416574954986572,-2.8284270763397217
-3.7416574954986572,-2.8284270763397217
-3.7416574954986572,-2.8284270763397217
-3.7416574954986572,-2.8284270763397217
-3.7416574954986572,-2.4494898319244385
-3.7416574954986572,-2.4494898319244385
-3.7416574954986572,-2.4494898319244385
-3.7416574954986572,-2.4494898319244385
-3.7416574954986572,-2.4494898319244385
-3.7416574954986572,-2.4494898319244385
-3.7416574954986572,-2.2360680103302
-3.7416574954986572,-2.2360680103302
-3.7416574954986572,-2.2360680103302
-3.7416574954986572,-2.2360680103302
-3.7416574954986572,-2.2360680103302
-3.7416574954986572,-2.2360680103302
-3.7416574954986572,-2.2360680103302
-3.7416574954986572,-2.2360680103302
-3.7416574954986572,-2.2360680103302
-3.7416574954986572,-2
-3.7416574954986572,-2
-3.7416574954986572,-2
-3.7416574954986572,-2
-3.7416574954986572,-1.7320507764816284
-3.7416574954986572,-1.7320507764816284
-3.7416574954986572,-1.4142135381698608
-3.7416574954986572,-1.4142135381698608
-3.7416574954986572,-1.4142135381698608
-3.7416574954986572,-1.4142135381698608
-3.7416574954986572,-1.4142135381698608
-3.7416574954986572,-1.4142135381698608
-3.7416574954986572,-1.4142135381698608
-3.7416574954986572,-1.4142135381698608
-3.7416574954986572,-1
-3.7416574954986572,-1
-3.7416574954986572,-1
-3.7416574954986572,-1
-3.7416574954986572,-1
-3.7416574954986572,-1
-3.7416574954986572,-1
-3.7416574954986572,-1
-3.7416574954986572,-1
-3.7416574954986572,-1
-3.7416574954986572,-1
-3.7416574954986572,1
-3.7416574954986572,1
-3.7416574954986572,1
-3.7416574954986572,1
-3.7416574954986572,1
-3.7416574954986572,1
-3.7416574954986572,1
-3.7416574954986572,1
-3.7416574954986572,1
-3.7416574954986572,1
-3.7416574954986572,1
-3.7416574954986572,1
-3.7416574954986572,1
-3.7416574954986572,1
-3.7416574954986572,1
-3.7416574954986572,1
-3.7416574954986572,1
-3.7416574954986572,1
-3.7416574954986572,1.4142135381698608
-3.7416574954986572,1.4142135381698608
-3.7416574954986572,1.4142135381698608
-3.7416574954986572,1.4142135381698608
-3.7416574954986572,1.4142135381698608
-3.7416574954986572,1.4142135381698608
-3.7416574954986572,1.7320507764816284
-3.7416574954986572,1.7320507764816284
-3.7416574954986572,2
-3.7416574954986572,2
-3.7416574954986572,2
-3.7416574954986572,2
-3.7416574954986572,2
-3.7416574954986572,2.2360680103302
-3.7416574954986572,2.2360680103302
-3.7416574954986572,2.2360680103302
-3.7416574954986572,2.2360680103302
-3.7416574954986572,2.2360680103302
-3.7416574954986572,2.2360680103302
-3.7416574954986572,2.2360680103302
-3.7416574954986572,2.2360680103302
-3.7416574954986572,2.2360680103302
-3.7416574954986572,2.2360680103302
-3.7416574954986572,2.2360680103302
-3.7416574954986572,2.4494898319244385
-3.7416574954986572,2.8284270763397217
-3.7416574954986572,2.8284270763397217
-3.7416574954986572,2.8284270763397217
-3.7416574954986572,2.8284270763397217
-3.7416574954986572,2.8284270763397217
-3.7416574954986572,2.8284270763397217
-3.7416574954986572,3
-3.7416574954986572,3.1622776985168457
-3.7416574954986572,3.316624879837036
-3.7416574954986572,3.316624879837036
-3.7416574954986572,3.316624879837036
-3.7416574954986572,3.316624879837036
-3.7416574954986572,3.605551242828369
-3.7416574954986572,3.605551242828369
-3.7416574954986572,3.7416574954986572
-3.7416574954986572,4
-3.7416574954986572,4.123105525970459
-3.7416574954986572,4.123105525970459
-3.7416574954986572,4.123105525970459
-3.7416574954986572,4.123105525970459
-3.7416574954986572,4.123105525970459
-3.7416574954986572,4.242640495300293
-3.7416574954986572,4.242640495300293
-3.7416574954986572,4.242640495300293
-3.7416574954986572,4.242640495300293
-3.7416574954986572,4.242640495300293
-3.7416574954986572,4.242640495300293
-3.7416574954986572,4.242640495300293
-3.7416574954986572,4.358899116516113
-3.7416574954986572,4.4721360206604
-3.7416574954986572,4.582575798034668
-3.7416574954986572,4.582575798034668
-3.7416574954986572,4.690415859222412
-3.7416574954986572,4.690415859222412
-3.7416574954986572,5
-3.7416574954986572,5
-3.7416574954986572,5
-3.7416574954986572,5.099019527435303
-3.7416574954986572,5.099019527435303
-3.7416574954986572,5.099019527435303
-3.7416574954986572,5.385164737701416
-3.7416574954986572,5.385164737701416
-3.7416574954986572,5.385164737701416
-3.7416574954986572,5.4772257804870605
-3.7416574954986572,5.4772257804870605
-3.7416574954986572,5.4772257804870605
-3.7416574954986572,5.74456262588501
-3.7416574954986572,5.830951690673828
-3.7416574954986572,5.830951690673828
-3.7416574954986572,5.830951690673828
-3.7416574954986572,5.830951690673828
-3.7416574954986572,5.830951690673828
-3.7416574954986572,5.916079998016357
-3.7416574954986572,5.916079998016357
-3.7416574954986572,5.916079998016357
-3.7416574954986572,6
-3.7416574954986572,6
-3.7416574954986572,6
-3.7416574954986572,6.082762718200684
-3.7416574954986572,6.082762718200684
-3.7416574954986572,6.082762718200684
-3.7416574954986572,6.082762718200684
-3.7416574954986572,6.082762718200684
-3.7416574954986572,6.164413928985596
-3.7416574954986572,6.164413928985596
-3.7416574954986572,6.164413928985596
-3.7416574954986572,6.164413928985596
-3.7416574954986572,6.164413928985596
-3.7416574954986572,6.164413928985596
-3.7416574954986572,6.164413928985596
-3.7416574954986572,6.324555397033691
-3.7416574954986572,6.324555397033691
-3.7416574954986572,6.324555397033691
-3.7416574954986572,6.4031243324279785
-3.7416574954986572,6.4031243324279785
-3.7416574954986572,6.4031243324279785
-3.7416574954986572,6.4031243324279785
-3.7416574954986572,6.480740547180176
-3.7416574954986572,6.7082037925720215
-3.7416574954986572,6.7082037925720215
-3.7416574954986572,6.7082037925720215
-3.7416574954986572,6.78233003616333
-3.7416574954986572,6.78233003616333
-3.7416574954986572,6.78233003616333
-3.7416574954986572,6.78233003616333
-3.7416574954986572,6.928203105926514
-3.7416574954986572,6.928203105926514
-3.7416574954986572,6.928203105926514
-3.7416574954986572,7
-3.7416574954986572,7
-3.7416574954986572,7.071067810058594
-3.7416574954986572,7.071067810058594
-3.7416574954986572,7.071067810058594
-3.7416574954986572,7.211102485656738
-3.7416574954986572,7.211102485656738
-3.7416574954986572,7.280109882354736
-3.7416574954986572,7.280109882354736
-3.7416574954986572,7.348469257354736
-3.7416574954986572,7.4833149909973145
-3.7416574954986572,7.549834251403809
-3.7416574954986572,7.6157732009887695
-3.7416574954986572,7.8102498054504395
-3.7416574954986572,7.8102498054504395
-3.7416574954986572,7.874007701873779
-3.7416574954986572,7.874007701873779
-3.7416574954986572,7.874007701873779
-3.7416574954986572,8.062257766723633
-3.7416574954986572,8.062257766723633
-3.7416574954986572,8.062257766723633
-3.7416574954986572,8.124038696289063
-3.7416574954986572,8.124038696289063
-3.7416574954986572,8.185352325439453
-3.7416574954986572,8.246211051940918
-3.7416574954986572,8.306623458862305
-3.7416574954986572,8.366600036621094
-3.7416574954986572,8.485280990600586
-3.7416574954986572,8.602325439453125
-3.7416574954986572,8.602325439453125
-3.7416574954986572,8.66025447845459
-3.7416574954986572,8.774964332580566
-3.7416574954986572,8.774964332580566
-3.7416574954986572,8.83176040649414
-3.7416574954986572,9
-3.7416574954986572,9
-3.7416574954986572,9.05538558959961
-3.7416574954986572,9.219544410705566
-3.7416574954986572,9.433980941772461
-3.7416574954986572,9.797959327697754
-3.7416574954986572,9.899495124816895
-3.7416574954986572,9.899495124816895
-3.7416574954986572,10.392304420471191
-3.7416574954986572,10.630146026611328
-3.7416574954986572,10.630146026611328
-3.7416574954986572,10.770329475402832
-3.7416574954986572,10.770329475402832
-3.7416574954986572,11
-3.7416574954986572,11.661903381347656
-3.7416574954986572,12.12435531616211
-3.7416574954986572,12.884099006652832
-3.7416574954986572,13.03840446472168
-3.7416574954986572,13.601470947265625
-3.7416574954986572,13.638181686401367
-3.7416574954986572,13.747727394104004
-3.7416574954986572,13.747727394104004
-3.7416574954986572,13.892443656921387
-3.7416574954986572,13.892443656921387
-3.7416574954986572,13.928388595581055
-3.7416574954986572,14.352700233459473
-3.7416574954986572,14.352700233459473
-3.7416574954986572,14.491376876831055
-3.7416574954986572,18.81488800048828
-3.605551242828369,inf
-3.605551242828369,inf
-3.605551242828369,inf
-3.605551242828369,inf
-3.605551242828369,inf
-3.605551242828369,inf
-3.605551242828369,inf
-3.605551242828369,inf
-3.605551242828369,inf
-3.605551242828369,inf
-3.605551242828369,inf
-3.605551242828369,inf
-3.605551242828369,inf
-3.605551242828369,inf
-3.605551242828369,inf
-3.605551242828369,inf
-3.605551242828369,inf
-3.605551242828369,inf
-3.605551242828369,inf
-3.605551242828369,inf
-3.605551242828369,inf
-3.605551242828369,inf
-3.605551242828369,inf
-3.605551242828369,inf
-3.605551242828369,inf
-3.605551242828369,inf
-3.605551242828369,inf
-3.605551242828369,inf
-3.605551242828369,inf
-3.605551242828369,inf
-3.605551242828369,inf
-3.605551242828369,inf
-3.605551242828369,inf
-3.605551242828369,inf
-3.605551242828369,inf
-3.605551242828369,inf
-3.605551242828369,inf
-3.605551242828369,inf
-3.605551242828369,-3.464101552963257
-3.605551242828369,-3.464101552963257
-3.605551242828369,-3.464101552963257
-3.605551242828369,-3.464101552963257
-3.605551242828369,-3.464101552963257
-3.605551242828369,-3.464101552963257
-3.605551242828369,-3.316624879837036
-3.605551242828369,-3.316624879837036
-3.605551242828369,-3.316624879837036
-3.605551242828369,-3.316624879837036
-3.605551242828369,-3.316624879837036
-3.605551242828369,-3.316624879837036
-3.605551242828369,-3.316624879837036
-3.605551242828369,-3.1622776985168457
-3.605551242828369,-3.1622776985168457
-3.605551242828369,-3.1622776985168457
-3.605551242828369,-3.1622776985168457
-3.605551242828369,-3.1622776985168457
-3.605551242828369,-3.1622776985168457
-3.605551242828369,-3.1622776985168457
-3.605551242828369,-3.1622776985168457
-3.605551242828369,-3.1622776985168457
-3.605551242828369,-3.1622776985168457
-3.605551242828369,-3.1622776985168457
-3.605551242828369,-3
-3.605551242828369,-3
-3.605551242828369,-3
-3.605551242828369,-3
-3.605551242828369,-3
-3.605551242828369,-3
-3.605551242828369,-3
-3.605551242828369,-3
-3.605551242828369,-3
-3.605551242828369,-3
-3.605551242828369,-3
-3.605551242828369,-3
-3.605551242828369,-3
-3.605551242828369,-3
-3.605551242828369,-3
-3.605551242828369,-3
-3.605551242828369,-3
-3.605551242828369,-3
-3.605551242828369,-3
-3.605551242828369,-3
-3.605551242828369,-3
-3.605551242828369,-3
-3.605551242828369,-3
-3.605551242828369,-3
-3.605551242828369,-3
-3.605551242828369,-3
-3.605551242828369,-3
-3.605551242828369,-3
-3.605551242828369,-3
-3.605551242828369,-3
-3.605551242828369,-3
-3.605551242828369,-2.8284270763397217
-3.605551242828369,-2.8284270763397217
-3.605551242828369,-2.8284270763397217
-3.605551242828369,-2.8284270763397217
-3.605551242828369,-2.8284270763397217
-3.605551242828369,-2.8284270763397217
-3.605551242828369,-2.8284270763397217
-3.605551242828369,-2.4494898319244385
-3.605551242828369,-2.4494898319244385
-3.605551242828369,-2.4494898319244385
-3.605551242828369,-2.4494898319244385
-3.605551242828369,-2.4494898319244385
-3.605551242828369,-2.4494898319244385
-3.605551242828369,-2.4494898319244385
-3.605551242828369,-2.4494898319244385
-3.605551242828369,-2.4494898319244385
-3.605551242828369,-2.4494898319244385
-3.605551242828369,-2.4494898319244385
-3.605551242828369,-2.2360680103302
-3.605551242828369,-2.2360680103302
-3.605551242828369,-2.2360680103302
-3.605551242828369,-2.2360680103302
-3.605551242828369,-2.2360680103302
-3.605551242828369,-2.2360680103302
-3.605551242828369,-2.2360680103302
-3.605551242828369,-2.2360680103302
-3.605551242828369,-2.2360680103302
-3.605551242828369,-2.2360680103302
-3.605551242828369,-2.2360680103302
-3.605551242828369,-2.2360680103302
-3.605551242828369,-2.2360680103302
-3.605551242828369,-2.2360680103302
-3.605551242828369,-2.2360680103302
-3.605551242828369,-2.2360680103302
-3.605551242828369,-2.2360680103302
-3.605551242828369,-2
-3.605551242828369,-2
-3.605551242828369,-2
-3.605551242828369,-2
-3.605551242828369,-2
-3.605551242828369,-2
-3.605551242828369,-2
-3.605551242828369,-1.7320507764816284
-3.605551242828369,-1.7320507764816284
-3.605551242828369,-1.7320507764816284
-3.605551242828369,-1.7320507764816284
-3.605551242828369,-1.4142135381698608
-3.605551242828369,-1.4142135381698608
-3.605551242828369,-1.4142135381698608
-3.605551242828369,-1.4142135381698608
-3.605551242828369,-1.4142135381698608
-3.605551242828369,-1.4142135381698608
-3.605551242828369,-1.4142135381698608
-3.605551242828369,-1.4142135381698608
-3.605551242828369,-1.4142135381698608
-3.605551242828369,-1.4142135381698608
-3.605551242828369,-1.4142135381698608
-3.605551242828369,-1.4142135381698608
-3.605551242828369,-1.4142135381698608
-3.605551242828369,-1
-3.605551242828369,-1
-3.605551242828369,-1
-3.605551242828369,-1
-3.605551242828369,-1
-3.605551242828369,-1
-3.605551242828369,-1
-3.605551242828369,-1
-3.605551242828369,-1
-3.605551242828369,-1
-3.605551242828369,-1
-3.605551242828369,-1
-3.605551242828369,-1
-3.605551242828369,-1
-3.605551242828369,-1
-3.605551242828369,-1
-3.605551242828369,-1
-3.605551242828369,-1
-3.605551242828369,-1
-3.605551242828369,-1
-3.605551242828369,-1
-3.605551242828369,-1
-3.605551242828369,-1
-3.605551242828369,-1
-3.605551242828369,-1
-3.605551242828369,-1
-3.605551242828369,-1
-3.605551242828369,-1
-3.605551242828369,-1
-3.605551242828369,-1
-3.605551242828369,-1
-3.605551242828369,-1
-3.605551242828369,-1
-3.605551242828369,-1
-3.605551242828369,-1
-3.605551242828369,-1
-3.605551242828369,-1
-3.605551242828369,-1
-3.605551242828369,-1
-3.605551242828369,1
-3.605551242828369,1
-3.605551242828369,1
-3.605551242828369,1
-3.605551242828369,1
-3.605551242828369,1
-3.605551242828369,1
-3.605551242828369,1
-3.605551242828369,1
-3.605551242828369,1
-3.605551242828369,1
-3.605551242828369,1
-3.605551242828369,1
-3.605551242828369,1
-3.605551242828369,1
-3.605551242828369,1
-3.605551242828369,1
-3.605551242828369,1
-3.605551242828369,1
-3.605551242828369,1
-3.605551242828369,1
-3.605551242828369,1
-3.605551242828369,1
-3.605551242828369,1
-3.605551242828369,1
-3.605551242828369,1
-3.605551242828369,1.4142135381698608
-3.605551242828369,1.4142135381698608
-3.605551242828369,1.4142135381698608
-3.605551242828369,1.4142135381698608
-3.605551242828369,1.4142135381698608
-3.605551242828369,1.4142135381698608
-3.605551242828369,1.4142135381698608
-3.605551242828369,1.7320507764816284
-3.605551242828369,2
-3.605551242828369,2
-3.605551242828369,2
-3.605551242828369,2
-3.605551242828369,2
-3.605551242828369,2
-3.605551242828369,2
-3.605551242828369,2
-3.605551242828369,2
-3.605551242828369,2
-3.605551242828369,2
-3.605551242828369,2
-3.605551242828369,2
-3.605551242828369,2
-3.605551242828369,2
-3.605551242828369,2.2360680103302
-3.605551242828369,2.2360680103302
-3.605551242828369,2.2360680103302
-3.605551242828369,2.2360680103302
-3.605551242828369,2.2360680103302
-3.605551242828369,2.2360680103302
-3.605551242828369,2.2360680103302
-3.605551242828369,2.2360680103302
-3.605551242828369,2.2360680103302
-3.605551242828369,2.2360680103302
-3.605551242828369,2.2360680103302
-3.605551242828369,2.2360680103302
-3.605551242828369,2.2360680103302
-3.605551242828369,2.4494898319244385
-3.605551242828369,2.4494898319244385
-3.605551242828369,2.4494898319244385
-3.605551242828369,2.8284270763397217
-3.605551242828369,2.8284270763397217
-3.605551242828369,2.8284270763397217
-3.605551242828369,2.8284270763397217
-3.605551242828369,2.8284270763397217
-3.605551242828369,2.8284270763397217
-3.605551242828369,2.8284270763397217
-3.605551242828369,2.8284270763397217
-3.605551242828369,3
-3.605551242828369,3
-3.605551242828369,3
-3.605551242828369,3
-3.605551242828369,3
-3.605551242828369,3
-3.605551242828369,3
-3.605551242828369,3
-3.605551242828369,3
-3.605551242828369,3
-3.605551242828369,3.1622776985168457
-3.605551242828369,3.1622776985168457
-3.605551242828369,3.1622776985168457
-3.605551242828369,3.1622776985168457
-3.605551242828369,3.1622776985168457
-3.605551242828369,3.1622776985168457
-3.605551242828369,3.1622776985168457
-3.605551242828369,3.1622776985168457
-3.605551242828369,3.1622776985168457
-3.605551242828369,3.464101552963257
-3.605551242828369,3.605551242828369
-3.605551242828369,3.605551242828369
-3.605551242828369,3.605551242828369
-3.605551242828369,3.605551242828369
-3.605551242828369,3.7416574954986572
-3.605551242828369,3.7416574954986572
-3.605551242828369,3.7416574954986572
-3.605551242828369,3.7416574954986572
-3.605551242828369,3.7416574954986572
-3.605551242828369,4
-3.605551242828369,4
-3.605551242828369,4
-3.605551242828369,4
-3.605551242828369,4
-3.605551242828369,4
-3.605551242828369,4.123105525970459
-3.605551242828369,4.123105525970459
-3.605551242828369,4.123105525970459
-3.605551242828369,4.123105525970459
-3.605551242828369,4.123105525970459
-3.605551242828369,4.123105525970459
-3.605551242828369,4.123105525970459
-3.605551242828369,4.123105525970459
-3.605551242828369,4.123105525970459
-3.605551242828369,4.123105525970459
-3.605551242828369,4.123105525970459
-3.605551242828369,4.242640495300293
-3.605551242828369,4.242640495300293
-3.605551242828369,4.242640495300293
-3.605551242828369,4.242640495300293
-3.605551242828369,4.242640495300293
-3.605551242828369,4.242640495300293
-3.605551242828369,4.358899116516113
-3.605551242828369,4.358899116516113
-3.605551242828369,4.358899116516113
-3.605551242828369,4.4721360206604
-3.605551242828369,4.4721360206604
-3.605551242828369,4.4721360206604
-3.605551242828369,4.4721360206604
-3.605551242828369,4.4721360206604
-3.605551242828369,4.4721360206604
-3.605551242828369,4.582575798034668
-3.605551242828369,4.582575798034668
-3.605551242828369,4.582575798034668
-3.605551242828369,4.582575798034668
-3.605551242828369,4.582575798034668
-3.605551242828369,4.582575798034668
-3.605551242828369,4.582575798034668
-3.605551242828369,4.690415859222412
-3.605551242828369,4.690415859222412
-3.605551242828369,4.690415859222412
-3.605551242828369,4.690415859222412
-3.605551242828369,4.690415859222412
-3.605551242828369,4.898979663848877
-3.605551242828369,4.898979663848877
-3.605551242828369,4.898979663848877
-3.605551242828369,5
-3.605551242828369,5
-3.605551242828369,5
-3.605551242828369,5
-3.605551242828369,5
-3.605551242828369,5.099019527435303
-3.605551242828369,5.099019527435303
-3.605551242828369,5.099019527435303
-3.605551242828369,5.099019527435303
-3.605551242828369,5.099019527435303
-3.605551242828369,5.099019527435303
-3.605551242828369,5.099019527435303
-3.605551242828369,5.099019527435303
-3.605551242828369,5.099019527435303
-3.605551242828369,5.099019527435303
-3.605551242828369,5.099019527435303
-3.605551242828369,5.196152210235596
-3.605551242828369,5.196152210235596
-3.605551242828369,5.196152210235596
-3.605551242828369,5.196152210235596
-3.605551242828369,5.196152210235596
-3.605551242828369,5.385164737701416
-3.605551242828369,5.385164737701416
-3.605551242828369,5.385164737701416
-3.605551242828369,5.385164737701416
-3.605551242828369,5.385164737701416
-3.605551242828369,5.385164737701416
-3.605551242828369,5.385164737701416
-3.605551242828369,5.385164737701416
-3.605551242828369,5.385164737701416
-3.605551242828369,5.4772257804870605
-3.605551242828369,5.4772257804870605
-3.605551242828369,5.4772257804870605
-3.605551242828369,5.4772257804870605
-3.605551242828369,5.4772257804870605
-3.605551242828369,5.656854152679443
-3.605551242828369,5.656854152679443
-3.605551242828369,5.74456262588501
-3.605551242828369,5.74456262588501
-3.605551242828369,5.74456262588501
-3.605551242828369,5.830951690673828
-3.605551242828369,5.830951690673828
-3.605551242828369,5.830951690673828
-3.605551242828369,5.830951690673828
-3.605551242828369,5.830951690673828
-3.605551242828369,5.830951690673828
-3.605551242828369,5.830951690673828
-3.605551242828369,5.830951690673828
-3.605551242828369,5.830951690673828
-3.605551242828369,5.916079998016357
-3.605551242828369,5.916079998016357
-3.605551242828369,5.916079998016357
-3.605551242828369,5.916079998016357
-3.605551242828369,5.916079998016357
-3.605551242828369,5.916079998016357
-3.605551242828369,6
-3.605551242828369,6
-3.605551242828369,6
-3.605551242828369,6.164413928985596
-3.605551242828369,6.164413928985596
-3.605551242828369,6.164413928985596
-3.605551242828369,6.164413928985596
-3.605551242828369,6.164413928985596
-3.605551242828369,6.324555397033691
-3.605551242828369,6.324555397033691
-3.605551242828369,6.4031243324279785
-3.605551242828369,6.4031243324279785
-3.605551242828369,6.4031243324279785
-3.605551242828369,6.4031243324279785
-3.605551242828369,6.4031243324279785
-3.605551242828369,6.4031243324279785
-3.605551242828369,6.4031243324279785
-3.605551242828369,6.4031243324279785
-3.605551242828369,6.4031243324279785
-3.605551242828369,6.4031243324279785
-3.605551242828369,6.4031243324279785
-3.605551242828369,6.4031243324279785
-3.605551242828369,6.4031243324279785
-3.605551242828369,6.4031243324279785
-3.605551242828369,6.4031243324279785
-3.605551242828369,6.480740547180176
-3.605551242828369,6.480740547180176
-3.605551242828369,6.480740547180176
-3.605551242828369,6.480740547180176
-3.605551242828369,6.480740547180176
-3.605551242828369,6.557438373565674
-3.605551242828369,6.633249759674072
-3.605551242828369,6.633249759674072
-3.605551242828369,6.633249759674072
-3.605551242828369,6.633249759674072
-3.605551242828369,6.7082037925720215
-3.605551242828369,6.7082037925720215
-3.605551242828369,6.7082037925720215
-3.605551242828369,6.78233003616333
-3.605551242828369,6.78233003616333
-3.605551242828369,6.928203105926514
-3.605551242828369,6.928203105926514
-3.605551242828369,6.928203105926514
-3.605551242828369,6.928203105926514
-3.605551242828369,7
-3.605551242828369,7
-3.605551242828369,7
-3.605551242828369,7
-3.605551242828369,7
-3.605551242828369,7.071067810058594
-3.605551242828369,7.071067810058594
-3.605551242828369,7.071067810058594
-3.605551242828369,7.071067810058594
-3.605551242828369,7.141428470611572
-3.605551242828369,7.141428470611572
-3.605551242828369,7.211102485656738
-3.605551242828369,7.211102485656738
-3.605551242828369,7.280109882354736
-3.605551242828369,7.348469257354736
-3.605551242828369,7.348469257354736
-3.605551242828369,7.4833149909973145
-3.605551242828369,7.4833149909973145
-3.605551242828369,7.549834251403809
-3.605551242828369,7.549834251403809
-3.605551242828369,7.6157732009887695
-3.605551242828369,7.6157732009887695
-3.605551242828369,7.6157732009887695
-3.605551242828369,7.681145668029785
-3.605551242828369,7.681145668029785
-3.605551242828369,7.8102498054504395
-3.605551242828369,7.8102498054504395
-3.605551242828369,7.8102498054504395
-3.605551242828369,7.8102498054504395
-3.605551242828369,7.8102498054504395
-3.605551242828369,7.874007701873779
-3.605551242828369,7.874007701873779
-3.605551242828369,8
-3.605551242828369,8.062257766723633
-3.605551242828369,8.124038696289063
-3.605551242828369,8.124038696289063
-3.605551242828369,8.124038696289063
-3.605551242828369,8.185352325439453
-3.605551242828369,8.185352325439453
-3.605551242828369,8.185352325439453
-3.605551242828369,8.246211051940918
-3.605551242828369,8.306623458862305
-3.605551242828369,8.366600036621094
-3.605551242828369,8.485280990600586
-3.605551242828369,8.485280990600586
-3.605551242828369,8.5440034866333
-3.605551242828369,8.5440034866333
-3.605551242828369,8.5440034866333
-3.605551242828369,8.5440034866333
-3.605551242828369,8.602325439453125
-3.605551242828369,8.602325439453125
-3.605551242828369,8.602325439453125
-3.605551242828369,8.602325439453125
-3.605551242828369,8.602325439453125
-3.605551242828369,8.66025447845459
-3.605551242828369,8.66025447845459
-3.605551242828369,8.717798233032227
-3.605551242828369,8.774964332580566
-3.605551242828369,8.774964332580566
-3.605551242828369,8.774964332580566
-3.605551242828369,8.774964332580566
-3.605551242828369,8.9442720413208
-3.605551242828369,9
-3.605551242828369,9
-3.605551242828369,9
-3.605551242828369,9.05538558959961
-3.605551242828369,9.273618698120117
-3.605551242828369,9.433980941772461
-3.605551242828369,9.433980941772461
-3.605551242828369,9.486832618713379
-3.605551242828369,9.486832618713379
-3.605551242828369,9.486832618713379
-3.605551242828369,10
-3.605551242828369,10
-3.605551242828369,10.049875259399414
-3.605551242828369,10.049875259399414
-3.605551242828369,10.198039054870605
-3.605551242828369,10.198039054870605
-3.605551242828369,10.29563045501709
-3.605551242828369,10.29563045501709
-3.605551242828369,10.29563045501709
-3.605551242828369,10.677078247070313
-3.605551242828369,10.72380542755127
-3.605551242828369,11.045360565185547
-3.605551242828369,11.045360565185547
-3.605551242828369,11.661903381347656
-3.605551242828369,11.747340202331543
-3.605551242828369,12
-3.605551242828369,12.083045959472656
-3.605551242828369,12.12435531616211
-3.605551242828369,12.328827857971191
-3.605551242828369,12.369317054748535
-3.605551242828369,12.369317054748535
-3.605551242828369,12.449899673461914
-3.605551242828369,12.688577651977539
-3.605551242828369,13.03840446472168
-3.605551242828369,13.490737915039063
-3.605551242828369,13.490737915039063
-3.605551242828369,13.56466007232666
-3.605551242828369,13.638181686401367
-3.605551242828369,13.892443656921387
-3.605551242828369,13.892443656921387
-3.605551242828369,14.03566837310791
-3.605551242828369,14.247806549072266
-3.605551242828369,14.352700233459473
-3.605551242828369,14.456831932067871
-3.605551242828369,14.456831932067871
-3.605551242828369,15.033296585083008
-3.605551242828369,15.165750503540039
-3.605551242828369,16.031219482421875
-3.605551242828369,16.61324691772461
-3.605551242828369,16.76305389404297
-3.605551242828369,17.20465087890625
-3.464101552963257,1
-3.464101552963257,1.4142135381698608
-3.464101552963257,1.4142135381698608
-3.464101552963257,2
-3.464101552963257,4.4721360206604
-3.464101552963257,4.4721360206604
-3.464101552963257,6.480740547180176
-3.464101552963257,9.165151596069336
-3.464101552963257,10.440306663513184
-3.316624879837036,inf
-3.316624879837036,inf
-3.316624879837036,inf
-3.316624879837036,inf
-3.316624879837036,inf
-3.316624879837036,inf
-3.316624879837036,inf
-3.316624879837036,-3.1622776985168457
-3.316624879837036,-3.1622776985168457
-3.316624879837036,-3
-3.316624879837036,-3
-3.316624879837036,-3
-3.316624879837036,-3
-3.316624879837036,-3
-3.316624879837036,-3
-3.316624879837036,-3
-3.316624879837036,-3
-3.316624879837036,-3
-3.316624879837036,-2.8284270763397217
-3.316624879837036,-2.8284270763397217
-3.316624879837036,-2.8284270763397217
-3.316624879837036,-2.8284270763397217
-3.316624879837036,-2.8284270763397217
-3.316624879837036,-2.4494898319244385
-3.316624879837036,-2.4494898319244385
-3.316624879837036,-2.2360680103302
-3.316624879837036,-2.2360680103302
-3.316624879837036,-2.2360680103302
-3.316624879837036,-2.2360680103302
-3.316624879837036,-2.2360680103302
-3.316624879837036,-2
-3.316624879837036,-2
-3.316624879837036,-1.7320507764816284
-3.316624879837036,-1.7320507764816284
-3.316624879837036,-1.4142135381698608
-3.316624879837036,-1.4142135381698608
-3.316624879837036,-1.4142135381698608
-3.316624879837036,-1.4142135381698608
-3.316624879837036,-1.4142135381698608
-3.316624879837036,-1.4142135381698608
-3.316624879837036,-1.4142135381698608
-3.316624879837036,-1
-3.316624879837036,-1
-3.316624879837036,-1
-3.316624879837036,-1
-3.316624879837036,-1
-3.316624879837036,-1
-3.316624879837036,-1
-3.316624879837036,-1
-3.316624879837036,-1
-3.316624879837036,-1
-3.316624879837036,-1
-3.316624879837036,1
-3.316624879837036,1
-3.316624879837036,1
-3.316624879837036,1
-3.316624879837036,1
-3.316624879837036,1
-3.316624879837036,1
-3.316624879837036,1
-3.316624879837036,1
-3.316624879837036,1
-3.316624879837036,1
-3.316624879837036,1.4142135381698608
-3.316624879837036,1.4142135381698608
-3.316624879837036,1.7320507764816284
-3.316624879837036,2
-3.316624879837036,2
-3.316624879837036,2
-3.316624879837036,2.2360680103302
-3.316624879837036,2.2360680103302
-3.316624879837036,2.2360680103302
-3.316624879837036,2.2360680103302
-3.316624879837036,2.8284270763397217
-3.316624879837036,3
-3.316624879837036,3.1622776985168457
-3.316624879837036,3.1622776985168457
-3.316624879837036,3.1622776985168457
-3.316624879837036,3.316624879837036
-3.316624879837036,3.464101552963257
-3.316624879837036,3.605551242828369
-3.316624879837036,3.605551242828369
-3.316624879837036,3.7416574954986572
-3.316624879837036,3.7416574954986572
-3.316624879837036,4.358899116516113
-3.316624879837036,4.4721360206604
-3.316624879837036,4.4721360206604
-3.316624879837036,4.690415859222412
-3.316624879837036,5
-3.316624879837036,5.099019527435303
-3.316624879837036,5.196152210235596
-3.316624879837036,5.385164737701416
-3.316624879837036,5.385164737701416
-3.316624879837036,5.385164737701416
-3.316624879837036,5.385164737701416
-3.316624879837036,5.385164737701416
-3.316624879837036,5.385164737701416
-3.316624879837036,5.4772257804870605
-3.316624879837036,5.656854152679443
-3.316624879837036,5.74456262588501
-3.316624879837036,6
-3.316624879837036,6
-3.316624879837036,6
-3.316624879837036,6.324555397033691
-3.316624879837036,6.4031243324279785
-3.316624879837036,6.4031243324279785
-3.316624879837036,6.928203105926514
-3.316624879837036,6.928203105926514
-3.316624879837036,7
-3.316624879837036,7
-3.316624879837036,7
-3.316624879837036,7.071067810058594
-3.316624879837036,7.280109882354736
-3.316624879837036,7.280109882354736
-3.316624879837036,7.280109882354736
-3.316624879837036,7.348469257354736
-3.316624879837036,7.4833149909973145
-3.316624879837036,7.4833149909973145
-3.316624879837036,7.6157732009887695
-3.316624879837036,7.8102498054504395
-3.316624879837036,8.124038696289063
-3.316624879837036,8.306623458862305
-3.316624879837036,8.485280990600586
-3.316624879837036,8.5440034866333
-3.316624879837036,8.5440034866333
-3.316624879837036,8.602325439453125
-3.316624879837036,8.774964332580566
-3.316624879837036,9
-3.316624879837036,9.486832618713379
-3.316624879837036,9.539392471313477
-3.316624879837036,9.69536018371582
-3.316624879837036,9.848857879638672
-3.316624879837036,9.899495124816895
-3.316624879837036,10
-3.316624879837036,10.862780570983887
-3.316624879837036,11.532562255859375
-3.316624879837036,12.529964447021484
-3.316624879837036,14.177447319030762
-3.316624879837036,14.628738403320313
-3.316624879837036,18.681541442871094
-3.1622776985168457,inf
-3.1622776985168457,inf
-3.1622776985168457,inf
-3.1622776985168457,inf
-3.1622776985168457,inf
-3.1622776985168457,inf
-3.1622776985168457,inf
-3.1622776985168457,inf
-3.1622776985168457,inf
-3.1622776985168457,inf
-3.1622776985168457,inf
-3.1622776985168457,inf
-3.1622776985168457,inf
-3.1622776985168457,inf
-3.1622776985168457,inf
-3.1622776985168457,inf
-3.1622776985168457,inf
-3.1622776985168457,inf
-3.1622776985168457,inf
-3.1622776985168457,inf
-3.1622776985168457,inf
-3.1622776985168457,inf
-3.1622776985168457,inf
-3.1622776985168457,inf
-3.1622776985168457,inf
-3.1622776985168457,inf
-3.1622776985168457,inf
-3.1622776985168457,inf
-3.1622776985168457,-3
-3.1622776985168457,-3
-3.1622776985168457,-3
-3.1622776985168457,-3
-3.1622776985168457,-3
-3.1622776985168457,-3
-3.1622776985168457,-3
-3.1622776985168457,-3
-3.1622776985168457,-3
-3.1622776985168457,-3
-3.1622776985168457,-3
-3.1622776985168457,-3
-3.1622776985168457,-3
-3.1622776985168457,-3
-3.1622776985168457,-3
-3.1622776985168457,-3
-3.1622776985168457,-3
-3.1622776985168457,-3
-3.1622776985168457,-3
-3.1622776985168457,-3
-3.1622776985168457,-3
-3.1622776985168457,-3
-3.1622776985168457,-3
-3.1622776985168457,-3
-3.1622776985168457,-3
-3.1622776985168457,-3
-3.1622776985168457,-3
-3.1622776985168457,-3
-3.1622776985168457,-3
-3.1622776985168457,-3
-3.1622776985168457,-3
-3.1622776985168457,-3
-3.1622776985168457,-3
-3.1622776985168457,-3
-3.1622776985168457,-2.8284270763397217
-3.1622776985168457,-2.8284270763397217
-3.1622776985168457,-2.8284270763397217
-3.1622776985168457,-2.8284270763397217
-3.1622776985168457,-2.8284270763397217
-3.1622776985168457,-2.8284270763397217
-3.1622776985168457,-2.8284270763397217
-3.1622776985168457,-2.8284270763397217
-3.1622776985168457,-2.8284270763397217
-3.1622776985168457,-2.8284270763397217
-3.1622776985168457,-2.8284270763397217
-3.1622776985168457,-2.8284270763397217
-3.1622776985168457,-2.8284270763397217
-3.1622776985168457,-2.8284270763397217
-3.1622776985168457,-2.8284270763397217
-3.1622776985168457,-2.8284270763397217
-3.1622776985168457,-2.8284270763397217
-3.1622776985168457,-2.8284270763397217
-3.1622776985168457,-2.8284270763397217
-3.1622776985168457,-2.8284270763397217
-3.1622776985168457,-2.8284270763397217
-3.1622776985168457,-2.8284270763397217
-3.1622776985168457,-2.8284270763397217
-3.1622776985168457,-2.8284270763397217
-3.1622776985168457,-2.8284270763397217
-3.1622776985168457,-2.4494898319244385
-3.1622776985168457,-2.4494898319244385
-3.1622776985168457,-2.4494898319244385
-3.1622776985168457,-2.4494898319244385
-3.1622776985168457,-2.4494898319244385
-3.1622776985168457,-2.4494898319244385
-3.1622776985168457,-2.4494898319244385
-3.1622776985168457,-2.4494898319244385
-3.1622776985168457,-2.4494898319244385
-3.1622776985168457,-2.4494898319244385
-3.1622776985168457,-2.4494898319244385
-3.1622776985168457,-2.2360680103302
-3.1622776985168457,-2.2360680103302
-3.1622776985168457,-2.2360680103302
-3.1622776985168457,-2.2360680103302
-3.1622776985168457,-2.2360680103302
-3.1622776985168457,-2.2360680103302
-3.1622776985168457,-2.2360680103302
-3.1622776985168457,-2.2360680103302
-3.1622776985168457,-2.2360680103302
-3.1622776985168457,-2.2360680103302
-3.1622776985168457,-2.2360680103302
-3.1622776985168457,-2.2360680103302
-3.1622776985168457,-2.2360680103302
-3.1622776985168457,-2
-3.1622776985168457,-2
-3.1622776985168457,-2
-3.1622776985168457,-2
-3.1622776985168457,-2
-3.1622776985168457,-2
-3.1622776985168457,-2
-3.1622776985168457,-2
-3.1622776985168457,-2
-3.1622776985168457,-2
-3.1622776985168457,-1.7320507764816284
-3.1622776985168457,-1.7320507764816284
-3.1622776985168457,-1.7320507764816284
-3.1622776985168457,-1.7320507764816284
-3.1622776985168457,-1.7320507764816284
-3.1622776985168457,-1.7320507764816284
-3.1622776985168457,-1.7320507764816284
-3.1622776985168457,-1.7320507764816284
-3.1622776985168457,-1.4142135381698608
-3.1622776985168457,-1.4142135381698608
-3.1622776985168457,-1.4142135381698608
-3.1622776985168457,-1.4142135381698608
-3.1622776985168457,-1.4142135381698608
-3.1622776985168457,-1.4142135381698608
-3.1622776985168457,-1.4142135381698608
-3.1622776985168457,-1.4142135381698608
-3.1622776985168457,-1.4142135381698608
-3.1622776985168457,-1.4142135381698608
-3.1622776985168457,-1.4142135381698608
-3.1622776985168457,-1.4142135381698608
-3.1622776985168457,-1.4142135381698608
-3.1622776985168457,-1.4142135381698608
-3.1622776985168457,-1.4142135381698608
-3.1622776985168457,-1.4142135381698608
-3.1622776985168457,-1.4142135381698608
-3.1622776985168457,-1.4142135381698608
-3.1622776985168457,-1.4142135381698608
-3.1622776985168457,-1.4142135381698608
-3.1622776985168457,-1
-3.1622776985168457,-1
-3.1622776985168457,-1
-3.1622776985168457,-1
-3.1622776985168457,-1
-3.1622776985168457,-1
-3.1622776985168457,-1
-3.1622776985168457,-1
-3.1622776985168457,-1
-3.1622776985168457,-1
-3.1622776985168457,-1
-3.1622776985168457,-1
-3.1622776985168457,-1
-3.1622776985168457,-1
-3.1622776985168457,-1
-3.1622776985168457,-1
-3.1622776985168457,-1
-3.1622776985168457,-1
-3.1622776985168457,-1
-3.1622776985168457,-1
-3.1622776985168457,-1
-3.1622776985168457,-1
-3.1622776985168457,-1
-3.1622776985168457,-1
-3.1622776985168457,-1
-3.1622776985168457,-1
-3.1622776985168457,-1
-3.1622776985168457,-1
-3.1622776985168457,-1
-3.1622776985168457,-1
-3.1622776985168457,1
-3.1622776985168457,1
-3.1622776985168457,1
-3.1622776985168457,1
-3.1622776985168457,1
-3.1622776985168457,1
-3.1622776985168457,1
-3.1622776985168457,1
-3.1622776985168457,1
-3.1622776985168457,1
-3.1622776985168457,1
-3.1622776985168457,1
-3.1622776985168457,1
-3.1622776985168457,1
-3.1622776985168457,1
-3.1622776985168457,1
-3.1622776985168457,1
-3.1622776985168457,1
-3.1622776985168457,1
-3.1622776985168457,1
-3.1622776985168457,1
-3.1622776985168457,1
-3.1622776985168457,1
-3.1622776985168457,1
-3.1622776985168457,1
-3.1622776985168457,1
-3.1622776985168457,1
-3.1622776985168457,1.4142135381698608
-3.1622776985168457,1.4142135381698608
-3.1622776985168457,1.4142135381698608
-3.1622776985168457,1.4142135381698608
-3.1622776985168457,1.4142135381698608
-3.1622776985168457,1.4142135381698608
-3.1622776985168457,1.4142135381698608
-3.1622776985168457,1.4142135381698608
-3.1622776985168457,1.4142135381698608
-3.1622776985168457,1.4142135381698608
-3.1622776985168457,1.4142135381698608
-3.1622776985168457,1.4142135381698608
-3.1622776985168457,1.7320507764816284
-3.1622776985168457,1.7320507764816284
-3.1622776985168457,1.7320507764816284
-3.1622776985168457,2
-3.1622776985168457,2
-3.1622776985168457,2
-3.1622776985168457,2
-3.1622776985168457,2
-3.1622776985168457,2
-3.1622776985168457,2
-3.1622776985168457,2
-3.1622776985168457,2.2360680103302
-3.1622776985168457,2.2360680103302
-3.1622776985168457,2.2360680103302
-3.1622776985168457,2.2360680103302
-3.1622776985168457,2.2360680103302
-3.1622776985168457,2.2360680103302
-3.1622776985168457,2.2360680103302
-3.1622776985168457,2.2360680103302
-3.1622776985168457,2.2360680103302
-3.1622776985168457,2.4494898319244385
-3.1622776985168457,2.4494898319244385
-3.1622776985168457,2.4494898319244385
-3.1622776985168457,2.8284270763397217
-3.1622776985168457,2.8284270763397217
-3.1622776985168457,2.8284270763397217
-3.1622776985168457,2.8284270763397217
-3.1622776985168457,2.8284270763397217
-3.1622776985168457,2.8284270763397217
-3.1622776985168457,2.8284270763397217
-3.1622776985168457,3
-3.1622776985168457,3
-3.1622776985168457,3
-3.1622776985168457,3
-3.1622776985168457,3
-3.1622776985168457,3
-3.1622776985168457,3
-3.1622776985168457,3.1622776985168457
-3.1622776985168457,3.1622776985168457
-3.1622776985168457,3.1622776985168457
-3.1622776985168457,3.1622776985168457
-3.1622776985168457,3.1622776985168457
-3.1622776985168457,3.1622776985168457
-3.1622776985168457,3.316624879837036
-3.1622776985168457,3.316624879837036
-3.1622776985168457,3.464101552963257
-3.1622776985168457,3.464101552963257
-3.1622776985168457,3.605551242828369
-3.1622776985168457,3.605551242828369
-3.1622776985168457,3.605551242828369
-3.1622776985168457,3.7416574954986572
-3.1622776985168457,3.7416574954986572
-3.1622776985168457,3.7416574954986572
-3.1622776985168457,3.7416574954986572
-3.1622776985168457,3.7416574954986572
-3.1622776985168457,3.7416574954986572
-3.1622776985168457,3.7416574954986572
-3.1622776985168457,4
-3.1622776985168457,4.123105525970459
-3.1622776985168457,4.123105525970459
-3.1622776985168457,4.123105525970459
-3.1622776985168457,4.123105525970459
-3.1622776985168457,4.123105525970459
-3.1622776985168457,4.242640495300293
-3.1622776985168457,4.242640495300293
-3.1622776985168457,4.242640495300293
-3.1622776985168457,4.242640495300293
-3.1622776985168457,4.242640495300293
-3.1622776985168457,4.242640495300293
-3.1622776985168457,4.242640495300293
-3.1622776985168457,4.242640495300293
-3.1622776985168457,4.358899116516113
-3.1622776985168457,4.358899116516113
-3.1622776985168457,4.4721360206604
-3.1622776985168457,4.4721360206604
-3.1622776985168457,4.4721360206604
-3.1622776985168457,4.4721360206604
-3.1622776985168457,4.4721360206604
-3.1622776985168457,4.4721360206604
-3.1622776985168457,4.4721360206604
-3.1622776985168457,4.4721360206604
-3.1622776985168457,4.582575798034668
-3.1622776985168457,4.582575798034668
-3.1622776985168457,4.690415859222412
-3.1622776985168457,4.690415859222412
-3.1622776985168457,4.690415859222412
-3.1622776985168457,4.898979663848877
-3.1622776985168457,4.898979663848877
-3.1622776985168457,4.898979663848877
-3.1622776985168457,4.898979663848877
-3.1622776985168457,4.898979663848877
-3.1622776985168457,5
-3.1622776985168457,5
-3.1622776985168457,5
-3.1622776985168457,5
-3.1622776985168457,5
-3.1622776985168457,5
-3.1622776985168457,5
-3.1622776985168457,5
-3.1622776985168457,5
-3.1622776985168457,5
-3.1622776985168457,5.099019527435303
-3.1622776985168457,5.099019527435303
-3.1622776985168457,5.099019527435303
-3.1622776985168457,5.099019527435303
-3.1622776985168457,5.196152210235596
-3.1622776985168457,5.196152210235596
-3.1622776985168457,5.385164737701416
-3.1622776985168457,5.385164737701416
-3.1622776985168457,5.385164737701416
-3.1622776985168457,5.4772257804870605
-3.1622776985168457,5.656854152679443
-3.1622776985168457,5.656854152679443
-3.1622776985168457,5.74456262588501
-3.1622776985168457,5.74456262588501
-3.1622776985168457,5.830951690673828
-3.1622776985168457,5.830951690673828
-3.1622776985168457,5.830951690673828
-3.1622776985168457,5.830951690673828
-3.1622776985168457,5.830951690673828
-3.1622776985168457,5.830951690673828
-3.1622776985168457,5.830951690673828
-3.1622776985168457,5.916079998016357
-3.1622776985168457,5.916079998016357
-3.1622776985168457,5.916079998016357
-3.1622776985168457,5.916079998016357
-3.1622776985168457,6
-3.1622776985168457,6
-3.1622776985168457,6.164413928985596
-3.1622776985168457,6.164413928985596
-3.1622776985168457,6.164413928985596
-3.1622776985168457,6.164413928985596
-3.1622776985168457,6.324555397033691
-3.1622776985168457,6.324555397033691
-3.1622776985168457,6.324555397033691
-3.1622776985168457,6.4031243324279785
-3.1622776985168457,6.4031243324279785
-3.1622776985168457,6.4031243324279785
-3.1622776985168457,6.4031243324279785
-3.1622776985168457,6.480740547180176
-3.1622776985168457,6.480740547180176
-3.1622776985168457,6.480740547180176
-3.1622776985168457,6.557438373565674
-3.1622776985168457,6.557438373565674
-3.1622776985168457,6.557438373565674
-3.1622776985168457,6.557438373565674
-3.1622776985168457,6.557438373565674
-3.1622776985168457,6.633249759674072
-3.1622776985168457,6.633249759674072
-3.1622776985168457,6.633249759674072
-3.1622776985168457,6.7082037925720215
-3.1622776985168457,6.7082037925720215
-3.1622776985168457,6.78233003616333
-3.1622776985168457,6.928203105926514
-3.1622776985168457,6.928203105926514
-3.1622776985168457,6.928203105926514
-3.1622776985168457,7
-3.1622776985168457,7
-3.1622776985168457,7
-3.1622776985168457,7
-3.1622776985168457,7
-3.1622776985168457,7
-3.1622776985168457,7
-3.1622776985168457,7
-3.1622776985168457,7
-3.1622776985168457,7.071067810058594
-3.1622776985168457,7.071067810058594
-3.1622776985168457,7.071067810058594
-3.1622776985168457,7.141428470611572
-3.1622776985168457,7.141428470611572
-3.1622776985168457,7.211102485656738
-3.1622776985168457,7.211102485656738
-3.1622776985168457,7.348469257354736
-3.1622776985168457,7.6157732009887695
-3.1622776985168457,7.6157732009887695
-3.1622776985168457,7.681145668029785
-3.1622776985168457,7.8102498054504395
-3.1622776985168457,7.8102498054504395
-3.1622776985168457,7.8102498054504395
-3.1622776985168457,7.8102498054504395
-3.1622776985168457,7.874007701873779
-3.1622776985168457,7.874007701873779
-3.1622776985168457,8
-3.1622776985168457,8
-3.1622776985168457,8.062257766723633
-3.1622776985168457,8.062257766723633
-3.1622776985168457,8.062257766723633
-3.1622776985168457,8.062257766723633
-3.1622776985168457,8.124038696289063
-3.1622776985168457,8.124038696289063
-3.1622776985168457,8.124038696289063
-3.1622776985168457,8.124038696289063
-3.1622776985168457,8.124038696289063
-3.1622776985168457,8.124038696289063
-3.1622776985168457,8.306623458862305
-3.1622776985168457,8.306623458862305
-3.1622776985168457,8.485280990600586
-3.1622776985168457,8.5440034866333
-3.1622776985168457,8.602325439453125
-3.1622776985168457,8.602325439453125
-3.1622776985168457,8.602325439453125
-3.1622776985168457,8.602325439453125
-3.1622776985168457,8.66025447845459
-3.1622776985168457,8.66025447845459
-3.1622776985168457,8.774964332580566
-3.1622776985168457,9
-3.1622776985168457,9
-3.1622776985168457,9
-3.1622776985168457,9
-3.1622776985168457,9.05538558959961
-3.1622776985168457,9.110433578491211
-3.1622776985168457,9.165151596069336
-3.1622776985168457,9.219544410705566
-3.1622776985168457,9.219544410705566
-3.1622776985168457,9.273618698120117
-3.1622776985168457,9.486832618713379
-3.1622776985168457,9.643651008605957
-3.1622776985168457,9.69536018371582
-3.1622776985168457,9.848857879638672
-3.1622776985168457,9.848857879638672
-3.1622776985168457,9.848857879638672
-3.1622776985168457,9.848857879638672
-3.1622776985168457,10
-3.1622776985168457,10.049875259399414
-3.1622776985168457,10.049875259399414
-3.1622776985168457,10.049875259399414
-3.1622776985168457,10.049875259399414
-3.1622776985168457,10.24695110321045
-3.1622776985168457,10.344079971313477
-3.1622776985168457,10.344079971313477
-3.1622776985168457,10.392304420471191
-3.1622776985168457,10.770329475402832
-3.1622776985168457,10.816654205322266
-3.1622776985168457,10.816654205322266
-3.1622776985168457,10.954451560974121
-3.1622776985168457,11.224971771240234
-3.1622776985168457,11.224971771240234
-3.1622776985168457,11.445523262023926
-3.1622776985168457,11.575837135314941
-3.1622776985168457,11.789826393127441
-3.1622776985168457,12.041594505310059
-3.1622776985168457,12.083045959472656
-3.1622776985168457,12.247448921203613
-3.1622776985168457,12.569805145263672
-3.1622776985168457,13
-3.1622776985168457,13
-3.1622776985168457,13.03840446472168
-3.1622776985168457,13.416407585144043
-3.1622776985168457,13.601470947265625
-3.1622776985168457,13.928388595581055
-3.1622776985168457,14.21267032623291
-3.1622776985168457,14.247806549072266
-3.1622776985168457,14.317821502685547
-3.1622776985168457,14.317821502685547
-3.1622776985168457,14.352700233459473
-3.1622776985168457,14.525838851928711
-3.1622776985168457,14.59451961517334
-3.1622776985168457,14.696938514709473
-3.1622776985168457,14.73091983795166
-3.1622776985168457,14.764822959899902
-3.1622776985168457,14.866068840026855
-3.1622776985168457,14.899664878845215
-3.1622776985168457,15.65247631072998
-3.1622776985168457,18.138357162475586
-3.1622776985168457,18.193405151367188
-3.1622776985168457,18.547237396240234
-3,inf
-3,inf
-3,inf
-3,inf
-3,inf
-3,inf
-3,inf
-3,inf
-3,inf
-3,inf
-3,inf
-3,inf
-3,inf
-3,inf
-3,inf
-3,inf
-3,inf
-3,inf
-3,inf
-3,inf
-3,inf
-3,inf
-3,inf
-3,inf
-3,inf
-3,inf
-3,inf
-3,inf
-3,inf
-3,inf
-3,inf
-3,inf
-3,inf
-3,inf
-3,inf
-3,inf
-3,inf
-3,inf
-3,-2.8284270763397217
-3,-2.8284270763397217
-3,-2.8284270763397217
-3,-2.8284270763397217
-3,-2.8284270763397217
-3,-2.8284270763397217
-3,-2.8284270763397217
-3,-2.8284270763397217
-3,-2.8284270763397217
-3,-2.8284270763397217
-3,-2.8284270763397217
-3,-2.8284270763397217
-3,-2.8284270763397217
-3,-2.8284270763397217
-3,-2.8284270763397217
-3,-2.8284270763397217
-3,-2.8284270763397217
-3,-2.8284270763397217
-3,-2.8284270763397217
-3,-2.8284270763397217
-3,-2.8284270763397217
-3,-2.8284270763397217
-3,-2.4494898319244385
-3,-2.4494898319244385
-3,-2.4494898319244385
-3,-2.4494898319244385
-3,-2.4494898319244385
-3,-2.4494898319244385
-3,-2.4494898319244385
-3,-2.4494898319244385
-3,-2.4494898319244385
-3,-2.4494898319244385
-3,-2.4494898319244385
-3,-2.4494898319244385
-3,-2.4494898319244385
-3,-2.4494898319244385
-3,-2.4494898319244385
-3,-2.4494898319244385
-3,-2.4494898319244385
-3,-2.2360680103302
-3,-2.2360680103302
-3,-2.2360680103302
-3,-2.2360680103302
-3,-2.2360680103302
-3,-2.2360680103302
-3,-2.2360680103302
-3,-2.2360680103302
-3,-2.2360680103302
-3,-2.2360680103302
-3,-2.2360680103302
-3,-2.2360680103302
-3,-2.2360680103302
-3,-2.2360680103302
-3,-2.2360680103302
-3,-2.2360680103302
-3,-2.2360680103302
-3,-2.2360680103302
-3,-2.2360680103302
-3,-2.2360680103302
-3,-2.2360680103302
-3,-2.2360680103302
-3,-2.2360680103302
-3,-2
-3,-2
-3,-2
-3,-2
-3,-2
-3,-2
-3,-2
-3,-2
-3,-2
-3,-2
-3,-2
-3,-2
-3,-2
-3,-1.7320507764816284
-3,-1.7320507764816284
-3,-1.7320507764816284
-3,-1.7320507764816284
-3,-1.7320507764816284
-3,-1.7320507764816284
-3,-1.7320507764816284
-3,-1.7320507764816284
-3,-1.7320507764816284
-3,-1.7320507764816284
-3,-1.4142135381698608
-3,-1.4142135381698608
-3,-1.4142135381698608
-3,-1.4142135381698608
-3,-1.4142135381698608
-3,-1.4142135381698608
-3,-1.4142135381698608
-3,-1.4142135381698608
-3,-1.4142135381698608
-3,-1.4142135381698608
-3,-1.4142135381698608
-3,-1.4142135381698608
-3,-1.4142135381698608
-3,-1.4142135381698608
-3,-1.4142135381698608
-3,-1.4142135381698608
-3,-1.4142135381698608
-3,-1.4142135381698608
-3,-1.4142135381698608
-3,-1.4142135381698608
-3,-1.4142135381698608
-3,-1.4142135381698608
-3,-1.4142135381698608
-3,-1
-3,-1
-3,-1
-3,-1
-3,-1
-3,-1
-3,-1
-3,-1
-3,-1
-3,-1
-3,-1
-3,-1
-3,-1
-3,-1
-3,-1
-3,-1
-3,-1
-3,-1
-3,-1
-3,-1
-3,-1
-3,-1
-3,-1
-3,-1
-3,-1
-3,-1
-3,-1
-3,-1
-3,-1
-3,-1
-3,-1
-3,-1
-3,-1
-3,-1
-3,-1
-3,-1
-3,-1
-3,-1
-3,-1
-3,-1
-3,-1
-3,-1
-3,-1
-3,-1
-3,-1
-3,1
-3,1
-3,1
-3,1
-3,1
-3,1
-3,1
-3,1
-3,1
-3,1
-3,1
-3,1
-3,1
-3,1
-3,1
-3,1
-3,1
-3,1
-3,1
-3,1
-3,1
-3,1
-3,1
-3,1
-3,1
-3,1
-3,1
-3,1
-3,1
-3,1
-3,1
-3,1
-3,1
-3,1
-3,1
-3,1
-3,1
-3,1.4142135381698608
-3,1.4142135381698608
-3,1.4142135381698608
-3,1.4142135381698608
-3,1.4142135381698608
-3,1.4142135381698608
-3,1.4142135381698608
-3,1.4142135381698608
-3,1.4142135381698608
-3,1.4142135381698608
-3,1.7320507764816284
-3,1.7320507764816284
-3,1.7320507764816284
-3,2
-3,2
-3,2
-3,2
-3,2
-3,2
-3,2
-3,2
-3,2
-3,2
-3,2
-3,2.2360680103302
-3,2.2360680103302
-3,2.2360680103302
-3,2.2360680103302
-3,2.2360680103302
-3,2.2360680103302
-3,2.2360680103302
-3,2.2360680103302
-3,2.2360680103302
-3,2.2360680103302
-3,2.4494898319244385
-3,2.4494898319244385
-3,2.4494898319244385
-3,2.4494898319244385
-3,2.4494898319244385
-3,2.4494898319244385
-3,2.8284270763397217
-3,2.8284270763397217
-3,2.8284270763397217
-3,2.8284270763397217
-3,2.8284270763397217
-3,2.8284270763397217
-3,2.8284270763397217
-3,2.8284270763397217
-3,3
-3,3
-3,3
-3,3
-3,3
-3,3
-3,3
-3,3
-3,3.1622776985168457
-3,3.1622776985168457
-3,3.1622776985168457
-3,3.1622776985168457
-3,3.316624879837036
-3,3.316624879837036
-3,3.316624879837036
-3,3.316624879837036
-3,3.316624879837036
-3,3.316624879837036
-3,3.464101552963257
-3,3.605551242828369
-3,3.605551242828369
-3,3.605551242828369
-3,3.605551242828369
-3,3.605551242828369
-3,3.605551242828369
-3,3.605551242828369
-3,3.605551242828369
-3,3.605551242828369
-3,3.605551242828369
-3,3.605551242828369
-3,3.7416574954986572
-3,3.7416574954986572
-3,3.7416574954986572
-3,3.7416574954986572
-3,3.7416574954986572
-3,3.7416574954986572
-3,4
-3,4
-3,4
-3,4
-3,4
-3,4
-3,4.123105525970459
-3,4.123105525970459
-3,4.123105525970459
-3,4.123105525970459
-3,4.123105525970459
-3,4.123105525970459
-3,4.123105525970459
-3,4.123105525970459
-3,4.123105525970459
-3,4.123105525970459
-3,4.123105525970459
-3,4.242640495300293
-3,4.242640495300293
-3,4.242640495300293
-3,4.242640495300293
-3,4.242640495300293
-3,4.242640495300293
-3,4.242640495300293
-3,4.242640495300293
-3,4.358899116516113
-3,4.358899116516113
-3,4.358899116516113
-3,4.4721360206604
-3,4.4721360206604
-3,4.582575798034668
-3,4.582575798034668
-3,4.582575798034668
-3,4.582575798034668
-3,4.582575798034668
-3,4.582575798034668
-3,4.582575798034668
-3,4.582575798034668
-3,4.582575798034668
-3,4.690415859222412
-3,4.690415859222412
-3,4.898979663848877
-3,4.898979663848877
-3,4.898979663848877
-3,4.898979663848877
-3,4.898979663848877
-3,5
-3,5
-3,5
-3,5
-3,5
-3,5
-3,5
-3,5
-3,5
-3,5
-3,5
-3,5.099019527435303
-3,5.099019527435303
-3,5.099019527435303
-3,5.099019527435303
-3,5.099019527435303
-3,5.099019527435303
-3,5.099019527435303
-3,5.099019527435303
-3,5.196152210235596
-3,5.385164737701416
-3,5.385164737701416
-3,5.385164737701416
-3,5.385164737701416
-3,5.385164737701416
-3,5.385164737701416
-3,5.385164737701416
-3,5.4772257804870605
-3,5.4772257804870605
-3,5.74456262588501
-3,5.74456262588501
-3,5.74456262588501
-3,5.74456262588501
-3,5.830951690673828
-3,5.830951690673828
-3,5.830951690673828
-3,5.830951690673828
-3,5.916079998016357
-3,5.916079998016357
-3,6
-3,6.082762718200684
-3,6.164413928985596
-3,6.324555397033691
-3,6.324555397033691
-3,6.324555397033691
-3,6.4031243324279785
-3,6.4031243324279785
-3,6.4031243324279785
-3,6.4031243324279785
-3,6.4031243324279785
-3,6.4031243324279785
-3,6.4031243324279785
-3,6.4031243324279785
-3,6.4031243324279785
-3,6.4031243324279785
-3,6.4031243324279785
-3,6.4031243324279785
-3,6.480740547180176
-3,6.480740547180176
-3,6.480740547180176
-3,6.557438373565674
-3,6.633249759674072
-3,6.7082037925720215
-3,6.7082037925720215
-3,6.7082037925720215
-3,6.7082037925720215
-3,6.7082037925720215
-3,6.7082037925720215
-3,6.7082037925720215
-3,6.78233003616333
-3,6.928203105926514
-3,6.928203105926514
-3,7
-3,7
-3,7
-3,7
-3,7
-3,7
-3,7
-3,7
-3,7.071067810058594
-3,7.071067810058594
-3,7.071067810058594
-3,7.071067810058594
-3,7.071067810058594
-3,7.071067810058594
-3,7.071067810058594
-3,7.071067810058594
-3,7.211102485656738
-3,7.280109882354736
-3,7.280109882354736
-3,7.280109882354736
-3,7.280109882354736
-3,7.348469257354736
-3,7.348469257354736
-3,7.348469257354736
-3,7.348469257354736
-3,7.348469257354736
-3,7.348469257354736
-3,7.348469257354736
-3,7.348469257354736
-3,7.4833149909973145
-3,7.549834251403809
-3,7.549834251403809
-3,7.549834251403809
-3,7.6157732009887695
-3,7.6157732009887695
-3,7.681145668029785
-3,7.681145668029785
-3,7.681145668029785
-3,7.681145668029785
-3,7.681145668029785
-3,7.681145668029785
-3,7.8102498054504395
-3,7.8102498054504395
-3,7.8102498054504395
-3,7.8102498054504395
-3,7.8102498054504395
-3,7.8102498054504395
-3,7.8102498054504395
-3,7.8102498054504395
-3,7.8102498054504395
-3,7.874007701873779
-3,7.874007701873779
-3,7.874007701873779
-3,7.874007701873779
-3,7.874007701873779
-3,7.874007701873779
-3,8
-3,8.062257766723633
-3,8.062257766723633
-3,8.062257766723633
-3,8.124038696289063
-3,8.124038696289063
-3,8.124038696289063
-3,8.246211051940918
-3,8.246211051940918
-3,8.246211051940918
-3,8.246211051940918
-3,8.306623458862305
-3,8.366600036621094
-3,8.485280990600586
-3,8.485280990600586
-3,8.5440034866333
-3,8.602325439453125
-3,8.602325439453125
-3,8.602325439453125
-3,8.602325439453125
-3,8.602325439453125
-3,8.66025447845459
-3,8.66025447845459
-3,8.66025447845459
-3,8.717798233032227
-3,8.774964332580566
-3,8.9442720413208
-3,9
-3,9
-3,9.05538558959961
-3,9.05538558959961
-3,9.110433578491211
-3,9.165151596069336
-3,9.273618698120117
-3,9.273618698120117
-3,9.380831718444824
-3,9.380831718444824
-3,9.433980941772461
-3,9.433980941772461
-3,9.433980941772461
-3,9.486832618713379
-3,9.486832618713379
-3,9.643651008605957
-3,9.69536018371582
-3,9.797959327697754
-3,9.797959327697754
-3,9.848857879638672
-3,9.848857879638672
-3,9.899495124816895
-3,9.899495124816895
-3,9.949873924255371
-3,9.949873924255371
-3,10
-3,10.049875259399414
-3,10.24695110321045
-3,10.29563045501709
-3,10.344079971313477
-3,10.488088607788086
-3,10.630146026611328
-3,10.677078247070313
-3,10.770329475402832
-3,10.770329475402832
-3,10.816654205322266
-3,10.862780570983887
-3,10.954451560974121
-3,11
-3,11.045360565185547
-3,11.045360565185547
-3,11.045360565185547
-3,11.180339813232422
-3,11.313708305358887
-3,11.357816696166992
-3,11.575837135314941
-3,11.704699516296387
-3,12
-3,12.083045959472656
-3,12.083045959472656
-3,12.083045959472656
-3,12.12435531616211
-3,12.206555366516113
-3,12.328827857971191
-3,12.369317054748535
-3,12.727922439575195
-3,13
-3,13
-3,13
-3,13.152946472167969
-3,13.34166431427002
-3,13.56466007232666
-3,13.601470947265625
-3,13.928388595581055
-3,14.03566837310791
-3,14.071247100830078
-3,14.317821502685547
-3,14.352700233459473
-3,14.422204971313477
-3,14.966629981994629
-3,15.132745742797852
-3,15.165750503540039
-3,15.524174690246582
-3,16.031219482421875
-3,16.792856216430664
-3,18
-3,25.139610290527344
-2.8284270763397217,inf
-2.8284270763397217,inf
-2.8284270763397217,inf
-2.8284270763397217,inf
-2.8284270763397217,inf
-2.8284270763397217,inf
-2.8284270763397217,inf
-2.8284270763397217,inf
-2.8284270763397217,inf
-2.8284270763397217,inf
-2.8284270763397217,inf
-2.8284270763397217,inf
-2.8284270763397217,inf
-2.8284270763397217,inf
-2.8284270763397217,inf
-2.8284270763397217,inf
-2.8284270763397217,inf
-2.8284270763397217,inf
-2.8284270763397217,inf
-2.8284270763397217,inf
-2.8284270763397217,inf
-2.8284270763397217,inf
-2.8284270763397217,inf
-2.8284270763397217,inf
-2.8284270763397217,inf
-2.8284270763397217,-2.4494898319244385
-2.8284270763397217,-2.4494898319244385
-2.8284270763397217,-2.4494898319244385
-2.8284270763397217,-2.4494898319244385
-2.8284270763397217,-2.4494898319244385
-2.8284270763397217,-2.4494898319244385
-2.8284270763397217,-2.4494898319244385
-2.8284270763397217,-2.4494898319244385
-2.8284270763397217,-2.4494898319244385
-2.8284270763397217,-2.4494898319244385
-2.8284270763397217,-2.4494898319244385
-2.8284270763397217,-2.4494898319244385
-2.8284270763397217,-2.4494898319244385
-2.8284270763397217,-2.4494898319244385
-2.8284270763397217,-2.4494898319244385
-2.8284270763397217,-2.4494898319244385
-2.8284270763397217,-2.4494898319244385
-2.8284270763397217,-2.4494898319244385
-2.8284270763397217,-2.4494898319244385
-2.8284270763397217,-2.4494898319244385
-2.8284270763397217,-2.4494898319244385
-2.8284270763397217,-2.4494898319244385
-2.8284270763397217,-2.4494898319244385
-2.8284270763397217,-2.4494898319244385
-2.8284270763397217,-2.2360680103302
-2.8284270763397217,-2.2360680103302
-2.8284270763397217,-2.2360680103302
-2.8284270763397217,-2.2360680103302
-2.8284270763397217,-2.2360680103302
-2.8284270763397217,-2.2360680103302
-2.8284270763397217,-2.2360680103302
-2.8284270763397217,-2.2360680103302
-2.8284270763397217,-2.2360680103302
-2.8284270763397217,-2.2360680103302
-2.8284270763397217,-2.2360680103302
-2.8284270763397217,-2.2360680103302
-2.8284270763397217,-2.2360680103302
-2.8284270763397217,-2.2360680103302
-2.8284270763397217,-2.2360680103302
-2.8284270763397217,-2.2360680103302
-2.8284270763397217,-2.2360680103302
-2.8284270763397217,-2.2360680103302
-2.8284270763397217,-2.2360680103302
-2.8284270763397217,-2.2360680103302
-2.8284270763397217,-2.2360680103302
-2.8284270763397217,-2.2360680103302
-2.8284270763397217,-2.2360680103302
-2.8284270763397217,-2.2360680103302
-2.8284270763397217,-2.2360680103302
-2.8284270763397217,-2.2360680103302
-2.8284270763397217,-2.2360680103302
-2.8284270763397217,-2.2360680103302
-2.8284270763397217,-2.2360680103302
-2.8284270763397217,-2.2360680103302
-2.8284270763397217,-2.2360680103302
-2.8284270763397217,-2.2360680103302
-2.8284270763397217,-2.2360680103302
-2.8284270763397217,-2
-2.8284270763397217,-2
-2.8284270763397217,-2
-2.8284270763397217,-2
-2.8284270763397217,-2
-2.8284270763397217,-2
-2.8284270763397217,-2
-2.8284270763397217,-2
-2.8284270763397217,-2
-2.8284270763397217,-2
-2.8284270763397217,-2
-2.8284270763397217,-2
-2.8284270763397217,-2
-2.8284270763397217,-2
-2.8284270763397217,-1.7320507764816284
-2.8284270763397217,-1.7320507764816284
-2.8284270763397217,-1.7320507764816284
-2.8284270763397217,-1.7320507764816284
-2.8284270763397217,-1.7320507764816284
-2.8284270763397217,-1.7320507764816284
-2.8284270763397217,-1.7320507764816284
-2.8284270763397217,-1.7320507764816284
-2.8284270763397217,-1.7320507764816284
-2.8284270763397217,-1.7320507764816284
-2.8284270763397217,-1.7320507764816284
-2.8284270763397217,-1.7320507764816284
-2.8284270763397217,-1.4142135381698608
-2.8284270763397217,-1.4142135381698608
-2.8284270763397217,-1.4142135381698608
-2.8284270763397217,-1.4142135381698608
-2.8284270763397217,-1.4142135381698608
-2.8284270763397217,-1.4142135381698608
-2.8284270763397217,-1.4142135381698608
-2.8284270763397217,-1.4142135381698608
-2.8284270763397217,-1.4142135381698608
-2.8284270763397217,-1.4142135381698608
-2.8284270763397217,-1.4142135381698608
-2.8284270763397217,-1.4142135381698608
-2.8284270763397217,-1.4142135381698608
-2.8284270763397217,-1.4142135381698608
-2.8284270763397217,-1.4142135381698608
-2.8284270763397217,-1.4142135381698608
-2.8284270763397217,-1.4142135381698608
-2.8284270763397217,-1.4142135381698608
-2.8284270763397217,-1.4142135381698608
-2.8284270763397217,-1.4142135381698608
-2.8284270763397217,-1.4142135381698608
-2.8284270763397217,-1
-2.8284270763397217,-1
-2.8284270763397217,-1
-2.8284270763397217,-1
-2.8284270763397217,-1
-2.8284270763397217,-1
-2.8284270763397217,-1
-2.8284270763397217,-1
-2.8284270763397217,-1
-2.8284270763397217,-1
-2.8284270763397217,-1
-2.8284270763397217,-1
-2.8284270763397217,-1
-2.8284270763397217,-1
-2.8284270763397217,-1
-2.8284270763397217,-1
-2.8284270763397217,-1
-2.8284270763397217,-1
-2.8284270763397217,-1
-2.8284270763397217,-1
-2.8284270763397217,-1
-2.8284270763397217,-1
-2.8284270763397217,-1
-2.8284270763397217,-1
-2.8284270763397217,-1
-2.8284270763397217,-1
-2.8284270763397217,-1
-2.8284270763397217,-1
-2.8284270763397217,-1
-2.8284270763397217,-1
-2.8284270763397217,-1
-2.8284270763397217,-1
-2.8284270763397217,-1
-2.8284270763397217,-1
-2.8284270763397217,-1
-2.8284270763397217,-1
-2.8284270763397217,1
-2.8284270763397217,1
-2.8284270763397217,1
-2.8284270763397217,1
-2.8284270763397217,1
-2.8284270763397217,1
-2.8284270763397217,1
-2.8284270763397217,1
-2.8284270763397217,1
-2.8284270763397217,1
-2.8284270763397217,1
-2.8284270763397217,1
-2.8284270763397217,1
-2.8284270763397217,1
-2.8284270763397217,1
-2.8284270763397217,1
-2.8284270763397217,1
-2.8284270763397217,1
-2.8284270763397217,1
-2.8284270763397217,1
-2.8284270763397217,1
-2.8284270763397217,1
-2.8284270763397217,1
-2.8284270763397217,1
-2.8284270763397217,1
-2.8284270763397217,1
-2.8284270763397217,1
-2.8284270763397217,1
-2.8284270763397217,1
-2.8284270763397217,1
-2.8284270763397217,1
-2.8284270763397217,1.4142135381698608
-2.8284270763397217,1.4142135381698608
-2.8284270763397217,1.4142135381698608
-2.8284270763397217,1.4142135381698608
-2.8284270763397217,1.4142135381698608
-2.8284270763397217,1.4142135381698608
-2.8284270763397217,1.7320507764816284
-2.8284270763397217,1.7320507764816284
-2.8284270763397217,1.7320507764816284
-2.8284270763397217,1.7320507764816284
-2.8284270763397217,1.7320507764816284
-2.8284270763397217,1.7320507764816284
-2.8284270763397217,1.7320507764816284
-2.8284270763397217,2
-2.8284270763397217,2
-2.8284270763397217,2
-2.8284270763397217,2
-2.8284270763397217,2
-2.8284270763397217,2
-2.8284270763397217,2
-2.8284270763397217,2
-2.8284270763397217,2
-2.8284270763397217,2
-2.8284270763397217,2
-2.8284270763397217,2
-2.8284270763397217,2.2360680103302
-2.8284270763397217,2.2360680103302
-2.8284270763397217,2.2360680103302
-2.8284270763397217,2.2360680103302
-2.8284270763397217,2.2360680103302
-2.8284270763397217,2.2360680103302
-2.8284270763397217,2.2360680103302
-2.8284270763397217,2.2360680103302
-2.8284270763397217,2.2360680103302
-2.8284270763397217,2.2360680103302
-2.8284270763397217,2.2360680103302
-2.8284270763397217,2.4494898319244385
-2.8284270763397217,2.4494898319244385
-2.8284270763397217,2.4494898319244385
-2.8284270763397217,2.4494898319244385
-2.8284270763397217,2.4494898319244385
-2.8284270763397217,2.8284270763397217
-2.8284270763397217,2.8284270763397217
-2.8284270763397217,2.8284270763397217
-2.8284270763397217,2.8284270763397217
-2.8284270763397217,2.8284270763397217
-2.8284270763397217,2.8284270763397217
-2.8284270763397217,2.8284270763397217
-2.8284270763397217,2.8284270763397217
-2.8284270763397217,2.8284270763397217
-2.8284270763397217,3
-2.8284270763397217,3
-2.8284270763397217,3
-2.8284270763397217,3
-2.8284270763397217,3
-2.8284270763397217,3
-2.8284270763397217,3
-2.8284270763397217,3.1622776985168457
-2.8284270763397217,3.1622776985168457
-2.8284270763397217,3.1622776985168457
-2.8284270763397217,3.1622776985168457
-2.8284270763397217,3.316624879837036
-2.8284270763397217,3.316624879837036
-2.8284270763397217,3.316624879837036
-2.8284270763397217,3.605551242828369
-2.8284270763397217,3.605551242828369
-2.8284270763397217,3.605551242828369
-2.8284270763397217,3.605551242828369
-2.8284270763397217,3.605551242828369
-2.8284270763397217,3.605551242828369
-2.8284270763397217,3.605551242828369
-2.8284270763397217,3.605551242828369
-2.8284270763397217,3.605551242828369
-2.8284270763397217,3.605551242828369
-2.8284270763397217,3.605551242828369
-2.8284270763397217,3.605551242828369
-2.8284270763397217,3.7416574954986572
-2.8284270763397217,3.7416574954986572
-2.8284270763397217,3.7416574954986572
-2.8284270763397217,3.7416574954986572
-2.8284270763397217,3.7416574954986572
-2.8284270763397217,3.7416574954986572
-2.8284270763397217,4
-2.8284270763397217,4
-2.8284270763397217,4
-2.8284270763397217,4
-2.8284270763397217,4.123105525970459
-2.8284270763397217,4.123105525970459
-2.8284270763397217,4.123105525970459
-2.8284270763397217,4.123105525970459
-2.8284270763397217,4.123105525970459
-2.8284270763397217,4.123105525970459
-2.8284270763397217,4.123105525970459
-2.8284270763397217,4.123105525970459
-2.8284270763397217,4.123105525970459
-2.8284270763397217,4.123105525970459
-2.8284270763397217,4.242640495300293
-2.8284270763397217,4.242640495300293
-2.8284270763397217,4.242640495300293
-2.8284270763397217,4.242640495300293
-2.8284270763397217,4.242640495300293
-2.8284270763397217,4.4721360206604
-2.8284270763397217,4.4721360206604
-2.8284270763397217,4.4721360206604
-2.8284270763397217,4.4721360206604
-2.8284270763397217,4.4721360206604
-2.8284270763397217,4.4721360206604
-2.8284270763397217,4.4721360206604
-2.8284270763397217,4.582575798034668
-2.8284270763397217,4.690415859222412
-2.8284270763397217,4.690415859222412
-2.8284270763397217,4.690415859222412
-2.8284270763397217,4.690415859222412
-2.8284270763397217,4.690415859222412
-2.8284270763397217,4.898979663848877
-2.8284270763397217,4.898979663848877
-2.8284270763397217,4.898979663848877
-2.8284270763397217,5
-2.8284270763397217,5
-2.8284270763397217,5
-2.8284270763397217,5
-2.8284270763397217,5
-2.8284270763397217,5
-2.8284270763397217,5
-2.8284270763397217,5
-2.8284270763397217,5
-2.8284270763397217,5.099019527435303
-2.8284270763397217,5.099019527435303
-2.8284270763397217,5.099019527435303
-2.8284270763397217,5.099019527435303
-2.8284270763397217,5.099019527435303
-2.8284270763397217,5.196152210235596
-2.8284270763397217,5.196152210235596
-2.8284270763397217,5.196152210235596
-2.8284270763397217,5.196152210235596
-2.8284270763397217,5.196152210235596
-2.8284270763397217,5.196152210235596
-2.8284270763397217,5.385164737701416
-2.8284270763397217,5.385164737701416
-2.8284270763397217,5.385164737701416
-2.8284270763397217,5.385164737701416
-2.8284270763397217,5.385164737701416
-2.8284270763397217,5.385164737701416
-2.8284270763397217,5.4772257804870605
-2.8284270763397217,5.4772257804870605
-2.8284270763397217,5.4772257804870605
-2.8284270763397217,5.4772257804870605
-2.8284270763397217,5.4772257804870605
-2.8284270763397217,5.656854152679443
-2.8284270763397217,5.74456262588501
-2.8284270763397217,5.74456262588501
-2.8284270763397217,5.74456262588501
-2.8284270763397217,5.74456262588501
-2.8284270763397217,5.74456262588501
-2.8284270763397217,5.74456262588501
-2.8284270763397217,5.74456262588501
-2.8284270763397217,5.74456262588501
-2.8284270763397217,5.74456262588501
-2.8284270763397217,5.74456262588501
-2.8284270763397217,5.74456262588501
-2.8284270763397217,5.74456262588501
-2.8284270763397217,5.830951690673828
-2.8284270763397217,5.830951690673828
-2.8284270763397217,5.830951690673828
-2.8284270763397217,5.830951690673828
-2.8284270763397217,5.830951690673828
-2.8284270763397217,5.830951690673828
-2.8284270763397217,5.830951690673828
-2.8284270763397217,5.916079998016357
-2.8284270763397217,5.916079998016357
-2.8284270763397217,5.916079998016357
-2.8284270763397217,5.916079998016357
-2.8284270763397217,6
-2.8284270763397217,6
-2.8284270763397217,6.082762718200684
-2.8284270763397217,6.082762718200684
-2.8284270763397217,6.082762718200684
-2.8284270763397217,6.164413928985596
-2.8284270763397217,6.164413928985596
-2.8284270763397217,6.164413928985596
-2.8284270763397217,6.164413928985596
-2.8284270763397217,6.164413928985596
-2.8284270763397217,6.164413928985596
-2.8284270763397217,6.4031243324279785
-2.8284270763397217,6.4031243324279785
-2.8284270763397217,6.4031243324279785
-2.8284270763397217,6.4031243324279785
-2.8284270763397217,6.4031243324279785
-2.8284270763397217,6.4031243324279785
-2.8284270763397217,6.480740547180176
-2.8284270763397217,6.557438373565674
-2.8284270763397217,6.633249759674072
-2.8284270763397217,6.633249759674072
-2.8284270763397217,6.633249759674072
-2.8284270763397217,6.7082037925720215
-2.8284270763397217,6.7082037925720215
-2.8284270763397217,6.7082037925720215
-2.8284270763397217,6.7082037925720215
-2.8284270763397217,6.78233003616333
-2.8284270763397217,7
-2.8284270763397217,7
-2.8284270763397217,7
-2.8284270763397217,7
-2.8284270763397217,7
-2.8284270763397217,7
-2.8284270763397217,7
-2.8284270763397217,7.071067810058594
-2.8284270763397217,7.071067810058594
-2.8284270763397217,7.071067810058594
-2.8284270763397217,7.071067810058594
-2.8284270763397217,7.141428470611572
-2.8284270763397217,7.211102485656738
-2.8284270763397217,7.280109882354736
-2.8284270763397217,7.280109882354736
-2.8284270763397217,7.280109882354736
-2.8284270763397217,7.280109882354736
-2.8284270763397217,7.280109882354736
-2.8284270763397217,7.280109882354736
-2.8284270763397217,7.280109882354736
-2.8284270763397217,7.4833149909973145
-2.8284270763397217,7.4833149909973145
-2.8284270763397217,7.4833149909973145
-2.8284270763397217,7.4833149909973145
-2.8284270763397217,7.4833149909973145
-2.8284270763397217,7.549834251403809
-2.8284270763397217,7.549834251403809
-2.8284270763397217,7.549834251403809
-2.8284270763397217,7.6157732009887695
-2.8284270763397217,7.681145668029785
-2.8284270763397217,7.681145668029785
-2.8284270763397217,7.8102498054504395
-2.8284270763397217,7.8102498054504395
-2.8284270763397217,7.8102498054504395
-2.8284270763397217,7.8102498054504395
-2.8284270763397217,7.8102498054504395
-2.8284270763397217,7.874007701873779
-2.8284270763397217,8.062257766723633
-2.8284270763397217,8.062257766723633
-2.8284270763397217,8.062257766723633
-2.8284270763397217,8.062257766723633
-2.8284270763397217,8.062257766723633
-2.8284270763397217,8.062257766723633
-2.8284270763397217,8.062257766723633
-2.8284270763397217,8.062257766723633
-2.8284270763397217,8.124038696289063
-2.8284270763397217,8.124038696289063
-2.8284270763397217,8.124038696289063
-2.8284270763397217,8.124038696289063
-2.8284270763397217,8.124038696289063
-2.8284270763397217,8.124038696289063
-2.8284270763397217,8.124038696289063
-2.8284270763397217,8.185352325439453
-2.8284270763397217,8.306623458862305
-2.8284270763397217,8.306623458862305
-2.8284270763397217,8.306623458862305
-2.8284270763397217,8.366600036621094
-2.8284270763397217,8.366600036621094
-2.8284270763397217,8.485280990600586
-2.8284270763397217,8.5440034866333
-2.8284270763397217,8.602325439453125
-2.8284270763397217,8.602325439453125
-2.8284270763397217,8.602325439453125
-2.8284270763397217,8.602325439453125
-2.8284270763397217,9
-2.8284270763397217,9
-2.8284270763397217,9
-2.8284270763397217,9.110433578491211
-2.8284270763397217,9.165151596069336
-2.8284270763397217,9.165151596069336
-2.8284270763397217,9.219544410705566
-2.8284270763397217,9.273618698120117
-2.8284270763397217,9.273618698120117
-2.8284270763397217,9.380831718444824
-2.8284270763397217,9.433980941772461
-2.8284270763397217,9.433980941772461
-2.8284270763397217,9.433980941772461
-2.8284270763397217,9.433980941772461
-2.8284270763397217,9.69536018371582
-2.8284270763397217,9.69536018371582
-2.8284270763397217,9.848857879638672
-2.8284270763397217,9.899495124816895
-2.8284270763397217,9.949873924255371
-2.8284270763397217,9.949873924255371
-2.8284270763397217,10
-2.8284270763397217,10.049875259399414
-2.8284270763397217,10.049875259399414
-2.8284270763397217,10.049875259399414
-2.8284270763397217,10.099504470825195
-2.8284270763397217,10.099504470825195
-2.8284270763397217,10.29563045501709
-2.8284270763397217,10.29563045501709
-2.8284270763397217,10.344079971313477
-2.8284270763397217,10.440306663513184
-2.8284270763397217,10.488088607788086
-2.8284270763397217,10.488088607788086
-2.8284270763397217,10.630146026611328
-2.8284270763397217,10.677078247070313
-2.8284270763397217,10.816654205322266
-2.8284270763397217,10.816654205322266
-2.8284270763397217,10.816654205322266
-2.8284270763397217,11
-2.8284270763397217,11.090536117553711
-2.8284270763397217,11.180339813232422
-2.8284270763397217,11.180339813232422
-2.8284270763397217,11.180339813232422
-2.8284270763397217,11.180339813232422
-2.8284270763397217,11.357816696166992
-2.8284270763397217,11.747340202331543
-2.8284270763397217,12
-2.8284270763397217,12.083045959472656
-2.8284270763397217,12.206555366516113
-2.8284270763397217,12.206555366516113
-2.8284270763397217,12.529964447021484
-2.8284270763397217,12.649110794067383
-2.8284270763397217,12.884099006652832
-2.8284270763397217,13.152946472167969
-2.8284270763397217,13.34166431427002
-2.8284270763397217,13.379088401794434
-2.8284270763397217,13.416407585144043
-2.8284270763397217,13.601470947265625
-2.8284270763397217,14.352700233459473
-2.8284270763397217,14.456831932067871
-2.8284270763397217,15.066518783569336
-2.8284270763397217,15.132745742797852
-2.8284270763397217,15.42724895477295
-2.8284270763397217,15.65247631072998
-2.8284270763397217,15.68438720703125
-2.8284270763397217,15.905973434448242
-2.8284270763397217,17.37814712524414
-2.8284270763397217,17.72004508972168
-2.8284270763397217,20.2237491607666
-2.4494898319244385,inf
-2.4494898319244385,inf
-2.4494898319244385,inf
-2.4494898319244385,inf
-2.4494898319244385,inf
-2.4494898319244385,inf
-2.4494898319244385,inf
-2.4494898319244385,inf
-2.4494898319244385,-2.2360680103302
-2.4494898319244385,-2.2360680103302
-2.4494898319244385,-2.2360680103302
-2.4494898319244385,-2.2360680103302
-2.4494898319244385,-2.2360680103302
-2.4494898319244385,-2
-2.4494898319244385,-2
-2.4494898319244385,-2
-2.4494898319244385,-2
-2.4494898319244385,-2
-2.4494898319244385,-2
-2.4494898319244385,-2
-2.4494898319244385,-2
-2.4494898319244385,-1.7320507764816284
-2.4494898319244385,-1.7320507764816284
-2.4494898319244385,-1.7320507764816284
-2.4494898319244385,-1.7320507764816284
-2.4494898319244385,-1.7320507764816284
-2.4494898319244385,-1.7320507764816284
-2.4494898319244385,-1.4142135381698608
-2.4494898319244385,-1.4142135381698608
-2.4494898319244385,-1.4142135381698608
-2.4494898319244385,-1.4142135381698608
-2.4494898319244385,-1
-2.4494898319244385,-1
-2.4494898319244385,-1
-2.4494898319244385,-1
-2.4494898319244385,-1
-2.4494898319244385,-1
-2.4494898319244385,-1
-2.4494898319244385,-1
-2.4494898319244385,1
-2.4494898319244385,1
-2.4494898319244385,1
-2.4494898319244385,1
-2.4494898319244385,1
-2.4494898319244385,1.4142135381698608
-2.4494898319244385,1.4142135381698608
-2.4494898319244385,1.7320507764816284
-2.4494898319244385,1.7320507764816284
-2.4494898319244385,1.7320507764816284
-2.4494898319244385,2
-2.4494898319244385,2
-2.4494898319244385,2
-2.4494898319244385,2
-2.4494898319244385,2
-2.4494898319244385,2.4494898319244385
-2.4494898319244385,2.4494898319244385
-2.4494898319244385,2.4494898319244385
-2.4494898319244385,2.8284270763397217
-2.4494898319244385,2.8284270763397217
-2.4494898319244385,2.8284270763397217
-2.4494898319244385,3
-2.4494898319244385,3.1622776985168457
-2.4494898319244385,3.605551242828369
-2.4494898319244385,3.7416574954986572
-2.4494898319244385,3.7416574954986572
-2.4494898319244385,4.123105525970459
-2.4494898319244385,4.242640495300293
-2.4494898319244385,4.582575798034668
-2.4494898319244385,4.582575798034668
-2.4494898319244385,5
-2.4494898319244385,5.099019527435303
-2.4494898319244385,5.099019527435303
-2.4494898319244385,5.385164737701416
-2.4494898319244385,5.4772257804870605
-2.4494898319244385,5.74456262588501
-2.4494898319244385,6
-2.4494898319244385,6.164413928985596
-2.4494898319244385,6.4031243324279785
-2.4494898319244385,6.4031243324279785
-2.4494898319244385,6.480740547180176
-2.4494898319244385,6.480740547180176
-2.4494898319244385,6.633249759674072
-2.4494898319244385,6.78233003616333
-2.4494898319244385,7
-2.4494898319244385,7
-2.4494898319244385,7.071067810058594
-2.4494898319244385,7.280109882354736
-2.4494898319244385,7.348469257354736
-2.4494898319244385,7.348469257354736
-2.4494898319244385,7.4833149909973145
-2.4494898319244385,7.549834251403809
-2.4494898319244385,7.8102498054504395
-2.4494898319244385,7.8102498054504395
-2.4494898319244385,7.874007701873779
-2.4494898319244385,8.062257766723633
-2.4494898319244385,8.062257766723633
-2.4494898319244385,8.062257766723633
-2.4494898319244385,8.485280990600586
-2.4494898319244385,8.485280990600586
-2.4494898319244385,8.5440034866333
-2.4494898319244385,8.5440034866333
-2.4494898319244385,8.602325439453125
-2.4494898319244385,8.66025447845459
-2.4494898319244385,8.774964332580566
-2.4494898319244385,8.774964332580566
-2.4494898319244385,9.380831718444824
-2.4494898319244385,9.539392471313477
-2.4494898319244385,9.848857879638672
-2.4494898319244385,9.899495124816895
-2.4494898319244385,9.899495124816895
-2.4494898319244385,10
-2.4494898319244385,10.630146026611328
-2.4494898319244385,10.770329475402832
-2.4494898319244385,10.816654205322266
-2.4494898319244385,10.862780570983887
-2.4494898319244385,11
-2.4494898319244385,11.224971771240234
-2.4494898319244385,11.357816696166992
-2.4494898319244385,11.704699516296387
-2.4494898319244385,13.34166431427002
-2.4494898319244385,17.972200393676758
-2.4494898319244385,18.055469512939453
-2.4494898319244385,18.138357162475586
-2.2360680103302,inf
-2.2360680103302,inf
-2.2360680103302,inf
-2.2360680103302,inf
-2.2360680103302,inf
-2.2360680103302,inf
-2.2360680103302,inf
-2.2360680103302,inf
-2.2360680103302,inf
-2.2360680103302,inf
-2.2360680103302,inf
-2.2360680103302,inf
-2.2360680103302,inf
-2.2360680103302,inf
-2.2360680103302,inf
-2.2360680103302,inf
-2.2360680103302,inf
-2.2360680103302,inf
-2.2360680103302,inf
-2.2360680103302,inf
-2.2360680103302,inf
-2.2360680103302,inf
-2.2360680103302,inf
-2.2360680103302,inf
-2.2360680103302,inf
-2.2360680103302,inf
-2.2360680103302,inf
-2.2360680103302,-2
-2.2360680103302,-2
-2.2360680103302,-2
-2.2360680103302,-2
-2.2360680103302,-2
-2.2360680103302,-2
-2.2360680103302,-2
-2.2360680103302,-2
-2.2360680103302,-2
-2.2360680103302,-2
-2.2360680103302,-2
-2.2360680103302,-2
-2.2360680103302,-2
-2.2360680103302,-2
-2.2360680103302,-2
-2.2360680103302,-2
-2.2360680103302,-2
-2.2360680103302,-2
-2.2360680103302,-2
-2.2360680103302,-2
-2.2360680103302,-2
-2.2360680103302,-2
-2.2360680103302,-2
-2.2360680103302,-2
-2.2360680103302,-2
-2.2360680103302,-2
-2.2360680103302,-2
-2.2360680103302,-2
-2.2360680103302,-2
-2.2360680103302,-2
-2.2360680103302,-2
-2.2360680103302,-2
-2.2360680103302,-2
-2.2360680103302,-2
-2.2360680103302,-2
-2.2360680103302,-2
-2.2360680103302,-2
-2.2360680103302,-1.7320507764816284
-2.2360680103302,-1.7320507764816284
-2.2360680103302,-1.7320507764816284
-2.2360680103302,-1.7320507764816284
-2.2360680103302,-1.7320507764816284
-2.2360680103302,-1.7320507764816284
-2.2360680103302,-1.7320507764816284
-2.2360680103302,-1.7320507764816284
-2.2360680103302,-1.7320507764816284
-2.2360680103302,-1.7320507764816284
-2.2360680103302,-1.7320507764816284
-2.2360680103302,-1.7320507764816284
-2.2360680103302,-1.7320507764816284
-2.2360680103302,-1.7320507764816284
-2.2360680103302,-1.7320507764816284
-2.2360680103302,-1.7320507764816284
-2.2360680103302,-1.7320507764816284
-2.2360680103302,-1.7320507764816284
-2.2360680103302,-1.7320507764816284
-2.2360680103302,-1.7320507764816284
-2.2360680103302,-1.4142135381698608
-2.2360680103302,-1.4142135381698608
-2.2360680103302,-1.4142135381698608
-2.2360680103302,-1.4142135381698608
-2.2360680103302,-1.4142135381698608
-2.2360680103302,-1.4142135381698608
-2.2360680103302,-1.4142135381698608
-2.2360680103302,-1.4142135381698608
-2.2360680103302,-1.4142135381698608
-2.2360680103302,-1.4142135381698608
-2.2360680103302,-1.4142135381698608
-2.2360680103302,-1.4142135381698608
-2.2360680103302,-1.4142135381698608
-2.2360680103302,-1.4142135381698608
-2.2360680103302,-1.4142135381698608
-2.2360680103302,-1.4142135381698608
-2.2360680103302,-1.4142135381698608
-2.2360680103302,-1.4142135381698608
-2.2360680103302,-1.4142135381698608
-2.2360680103302,-1.4142135381698608
-2.2360680103302,-1.4142135381698608
-2.2360680103302,-1.4142135381698608
-2.2360680103302,-1.4142135381698608
-2.2360680103302,-1.4142135381698608
-2.2360680103302,-1.4142135381698608
-2.2360680103302,-1.4142135381698608
-2.2360680103302,-1.4142135381698608
-2.2360680103302,-1.4142135381698608
-2.2360680103302,-1.4142135381698608
-2.2360680103302,-1.4142135381698608
-2.2360680103302,-1.4142135381698608
-2.2360680103302,-1.4142135381698608
-2.2360680103302,-1.4142135381698608
-2.2360680103302,-1.4142135381698608
-2.2360680103302,-1.4142135381698608
-2.2360680103302,-1.4142135381698608
-2.2360680103302,-1.4142135381698608
-2.2360680103302,-1.4142135381698608
-2.2360680103302,-1
-2.2360680103302,-1
-2.2360680103302,-1
-2.2360680103302,-1
-2.2360680103302,-1
-2.2360680103302,-1
-2.2360680103302,-1
-2.2360680103302,-1
-2.2360680103302,-1
-2.2360680103302,-1
-2.2360680103302,-1
-2.2360680103302,-1
-2.2360680103302,-1
-2.2360680103302,-1
-2.2360680103302,-1
-2.2360680103302,-1
-2.2360680103302,-1
-2.2360680103302,-1
-2.2360680103302,-1
-2.2360680103302,-1
-2.2360680103302,-1
-2.2360680103302,-1
-2.2360680103302,-1
-2.2360680103302,-1
-2.2360680103302,-1
-2.2360680103302,-1
-2.2360680103302,-1
-2.2360680103302,-1
-2.2360680103302,-1
-2.2360680103302,-1
-2.2360680103302,-1
-2.2360680103302,-1
-2.2360680103302,-1
-2.2360680103302,-1
-2.2360680103302,-1
-2.2360680103302,-1
-2.2360680103302,-1
-2.2360680103302,-1
-2.2360680103302,-1
-2.2360680103302,-1
-2.2360680103302,-1
-2.2360680103302,-1
-2.2360680103302,-1
-2.2360680103302,-1
-2.2360680103302,-1
-2.2360680103302,-1
-2.2360680103302,-1
-2.2360680103302,-1
-2.2360680103302,-1
-2.2360680103302,-1
-2.2360680103302,-1
-2.2360680103302,-1
-2.2360680103302,-1
-2.2360680103302,-1
-2.2360680103302,-1
-2.2360680103302,-1
-2.2360680103302,-1
-2.2360680103302,-1
-2.2360680103302,-1
-2.2360680103302,1
-2.2360680103302,1
-2.2360680103302,1
-2.2360680103302,1
-2.2360680103302,1
-2.2360680103302,1
-2.2360680103302,1
-2.2360680103302,1
-2.2360680103302,1
-2.2360680103302,1
-2.2360680103302,1
-2.2360680103302,1
-2.2360680103302,1
-2.2360680103302,1
-2.2360680103302,1
-2.2360680103302,1
-2.2360680103302,1
-2.2360680103302,1
-2.2360680103302,1
-2.2360680103302,1
-2.2360680103302,1
-2.2360680103302,1
-2.2360680103302,1
-2.2360680103302,1
-2.2360680103302,1
-2.2360680103302,1
-2.2360680103302,1
-2.2360680103302,1
-2.2360680103302,1
-2.2360680103302,1
-2.2360680103302,1
-2.2360680103302,1
-2.2360680103302,1
-2.2360680103302,1
-2.2360680103302,1
-2.2360680103302,1
-2.2360680103302,1
-2.2360680103302,1
-2.2360680103302,1
-2.2360680103302,1
-2.2360680103302,1
-2.2360680103302,1
-2.2360680103302,1
-2.2360680103302,1
-2.2360680103302,1
-2.2360680103302,1.4142135381698608
-2.2360680103302,1.4142135381698608
-2.2360680103302,1.4142135381698608
-2.2360680103302,1.4142135381698608
-2.2360680103302,1.4142135381698608
-2.2360680103302,1.4142135381698608
-2.2360680103302,1.4142135381698608
-2.2360680103302,1.4142135381698608
-2.2360680103302,1.4142135381698608
-2.2360680103302,1.4142135381698608
-2.2360680103302,1.4142135381698608
-2.2360680103302,1.4142135381698608
-2.2360680103302,1.4142135381698608
-2.2360680103302,1.4142135381698608
-2.2360680103302,1.4142135381698608
-2.2360680103302,1.4142135381698608
-2.2360680103302,1.4142135381698608
-2.2360680103302,1.4142135381698608
-2.2360680103302,1.4142135381698608
-2.2360680103302,1.4142135381698608
-2.2360680103302,1.7320507764816284
-2.2360680103302,1.7320507764816284
-2.2360680103302,2
-2.2360680103302,2
-2.2360680103302,2
-2.2360680103302,2
-2.2360680103302,2
-2.2360680103302,2
-2.2360680103302,2
-2.2360680103302,2
-2.2360680103302,2
-2.2360680103302,2
-2.2360680103302,2.2360680103302
-2.2360680103302,2.2360680103302
-2.2360680103302,2.2360680103302
-2.2360680103302,2.2360680103302
-2.2360680103302,2.2360680103302
-2.2360680103302,2.2360680103302
-2.2360680103302,2.2360680103302
-2.2360680103302,2.2360680103302
-2.2360680103302,2.2360680103302
-2.2360680103302,2.2360680103302
-2.2360680103302,2.2360680103302
-2.2360680103302,2.2360680103302
-2.2360680103302,2.2360680103302
-2.2360680103302,2.2360680103302
-2.2360680103302,2.2360680103302
-2.2360680103302,2.2360680103302
-2.2360680103302,2.2360680103302
-2.2360680103302,2.2360680103302
-2.2360680103302,2.2360680103302
-2.2360680103302,2.2360680103302
-2.2360680103302,2.2360680103302
-2.2360680103302,2.2360680103302
-2.2360680103302,2.2360680103302
-2.2360680103302,2.4494898319244385
-2.2360680103302,2.4494898319244385
-2.2360680103302,2.8284270763397217
-2.2360680103302,2.8284270763397217
-2.2360680103302,2.8284270763397217
-2.2360680103302,2.8284270763397217
-2.2360680103302,2.8284270763397217
-2.2360680103302,2.8284270763397217
-2.2360680103302,2.8284270763397217
-2.2360680103302,2.8284270763397217
-2.2360680103302,3
-2.2360680103302,3
-2.2360680103302,3
-2.2360680103302,3
-2.2360680103302,3
-2.2360680103302,3
-2.2360680103302,3
-2.2360680103302,3
-2.2360680103302,3
-2.2360680103302,3
-2.2360680103302,3
-2.2360680103302,3.1622776985168457
-2.2360680103302,3.1622776985168457
-2.2360680103302,3.1622776985168457
-2.2360680103302,3.1622776985168457
-2.2360680103302,3.1622776985168457
-2.2360680103302,3.1622776985168457
-2.2360680103302,3.1622776985168457
-2.2360680103302,3.1622776985168457
-2.2360680103302,3.1622776985168457
-2.2360680103302,3.316624879837036
-2.2360680103302,3.316624879837036
-2.2360680103302,3.316624879837036
-2.2360680103302,3.464101552963257
-2.2360680103302,3.605551242828369
-2.2360680103302,3.605551242828369
-2.2360680103302,3.605551242828369
-2.2360680103302,3.605551242828369
-2.2360680103302,3.605551242828369
-2.2360680103302,3.605551242828369
-2.2360680103302,3.605551242828369
-2.2360680103302,3.605551242828369
-2.2360680103302,3.605551242828369
-2.2360680103302,3.605551242828369
-2.2360680103302,3.605551242828369
-2.2360680103302,3.605551242828369
-2.2360680103302,3.605551242828369
-2.2360680103302,3.605551242828369
-2.2360680103302,3.605551242828369
-2.2360680103302,3.605551242828369
-2.2360680103302,3.605551242828369
-2.2360680103302,3.605551242828369
-2.2360680103302,3.605551242828369
-2.2360680103302,3.7416574954986572
-2.2360680103302,3.7416574954986572
-2.2360680103302,3.7416574954986572
-2.2360680103302,3.7416574954986572
-2.2360680103302,3.7416574954986572
-2.2360680103302,3.7416574954986572
-2.2360680103302,3.7416574954986572
-2.2360680103302,3.7416574954986572
-2.2360680103302,4
-2.2360680103302,4
-2.2360680103302,4
-2.2360680103302,4
-2.2360680103302,4
-2.2360680103302,4.123105525970459
-2.2360680103302,4.123105525970459
-2.2360680103302,4.123105525970459
-2.2360680103302,4.123105525970459
-2.2360680103302,4.123105525970459
-2.2360680103302,4.123105525970459
-2.2360680103302,4.123105525970459
-2.2360680103302,4.123105525970459
-2.2360680103302,4.123105525970459
-2.2360680103302,4.123105525970459
-2.2360680103302,4.123105525970459
-2.2360680103302,4.123105525970459
-2.2360680103302,4.123105525970459
-2.2360680103302,4.123105525970459
-2.2360680103302,4.242640495300293
-2.2360680103302,4.242640495300293
-2.2360680103302,4.242640495300293
-2.2360680103302,4.242640495300293
-2.2360680103302,4.242640495300293
-2.2360680103302,4.242640495300293
-2.2360680103302,4.242640495300293
-2.2360680103302,4.242640495300293
-2.2360680103302,4.242640495300293
-2.2360680103302,4.242640495300293
-2.2360680103302,4.358899116516113
-2.2360680103302,4.358899116516113
-2.2360680103302,4.358899116516113
-2.2360680103302,4.358899116516113
-2.2360680103302,4.358899116516113
-2.2360680103302,4.4721360206604
-2.2360680103302,4.4721360206604
-2.2360680103302,4.4721360206604
-2.2360680103302,4.4721360206604
-2.2360680103302,4.4721360206604
-2.2360680103302,4.4721360206604
-2.2360680103302,4.4721360206604
-2.2360680103302,4.4721360206604
-2.2360680103302,4.582575798034668
-2.2360680103302,4.582575798034668
-2.2360680103302,4.582575798034668
-2.2360680103302,4.582575798034668
-2.2360680103302,4.582575798034668
-2.2360680103302,4.582575798034668
-2.2360680103302,4.582575798034668
-2.2360680103302,4.582575798034668
-2.2360680103302,4.582575798034668
-2.2360680103302,4.582575798034668
-2.2360680103302,4.582575798034668
-2.2360680103302,4.582575798034668
-2.2360680103302,4.690415859222412
-2.2360680103302,4.690415859222412
-2.2360680103302,4.690415859222412
-2.2360680103302,4.690415859222412
-2.2360680103302,4.898979663848877
-2.2360680103302,4.898979663848877
-2.2360680103302,4.898979663848877
-2.2360680103302,4.898979663848877
-2.2360680103302,4.898979663848877
-2.2360680103302,4.898979663848877
-2.2360680103302,4.898979663848877
-2.2360680103302,4.898979663848877
-2.2360680103302,5
-2.2360680103302,5
-2.2360680103302,5
-2.2360680103302,5
-2.2360680103302,5
-2.2360680103302,5
-2.2360680103302,5
-2.2360680103302,5
-2.2360680103302,5
-2.2360680103302,5
-2.2360680103302,5
-2.2360680103302,5
-2.2360680103302,5
-2.2360680103302,5.099019527435303
-2.2360680103302,5.099019527435303
-2.2360680103302,5.099019527435303
-2.2360680103302,5.099019527435303
-2.2360680103302,5.099019527435303
-2.2360680103302,5.099019527435303
-2.2360680103302,5.099019527435303
-2.2360680103302,5.099019527435303
-2.2360680103302,5.099019527435303
-2.2360680103302,5.099019527435303
-2.2360680103302,5.099019527435303
-2.2360680103302,5.099019527435303
-2.2360680103302,5.099019527435303
-2.2360680103302,5.099019527435303
-2.2360680103302,5.099019527435303
-2.2360680103302,5.196152210235596
-2.2360680103302,5.196152210235596
-2.2360680103302,5.196152210235596
-2.2360680103302,5.385164737701416
-2.2360680103302,5.385164737701416
-2.2360680103302,5.385164737701416
-2.2360680103302,5.385164737701416
-2.2360680103302,5.385164737701416
-2.2360680103302,5.385164737701416
-2.2360680103302,5.385164737701416
-2.2360680103302,5.385164737701416
-2.2360680103302,5.385164737701416
-2.2360680103302,5.385164737701416
-2.2360680103302,5.385164737701416
-2.2360680103302,5.385164737701416
-2.2360680103302,5.4772257804870605
-2.2360680103302,5.4772257804870605
-2.2360680103302,5.4772257804870605
-2.2360680103302,5.4772257804870605
-2.2360680103302,5.4772257804870605
-2.2360680103302,5.4772257804870605
-2.2360680103302,5.4772257804870605
-2.2360680103302,5.4772257804870605
-2.2360680103302,5.4772257804870605
-2.2360680103302,5.656854152679443
-2.2360680103302,5.74456262588501
-2.2360680103302,5.74456262588501
-2.2360680103302,5.74456262588501
-2.2360680103302,5.74456262588501
-2.2360680103302,5.74456262588501
-2.2360680103302,5.74456262588501
-2.2360680103302,5.830951690673828
-2.2360680103302,5.830951690673828
-2.2360680103302,5.830951690673828
-2.2360680103302,5.830951690673828
-2.2360680103302,5.830951690673828
-2.2360680103302,5.830951690673828
-2.2360680103302,5.830951690673828
-2.2360680103302,5.916079998016357
-2.2360680103302,5.916079998016357
-2.2360680103302,5.916079998016357
-2.2360680103302,5.916079998016357
-2.2360680103302,5.916079998016357
-2.2360680103302,5.916079998016357
-2.2360680103302,6
-2.2360680103302,6
-2.2360680103302,6
-2.2360680103302,6
-2.2360680103302,6
-2.2360680103302,6
-2.2360680103302,6.082762718200684
-2.2360680103302,6.082762718200684
-2.2360680103302,6.082762718200684
-2.2360680103302,6.082762718200684
-2.2360680103302,6.082762718200684
-2.2360680103302,6.082762718200684
-2.2360680103302,6.082762718200684
-2.2360680103302,6.164413928985596
-2.2360680103302,6.164413928985596
-2.2360680103302,6.164413928985596
-2.2360680103302,6.164413928985596
-2.2360680103302,6.164413928985596
-2.2360680103302,6.164413928985596
-2.2360680103302,6.324555397033691
-2.2360680103302,6.324555397033691
-2.2360680103302,6.324555397033691
-2.2360680103302,6.324555397033691
-2.2360680103302,6.324555397033691
-2.2360680103302,6.324555397033691
-2.2360680103302,6.4031243324279785
-2.2360680103302,6.4031243324279785
-2.2360680103302,6.4031243324279785
-2.2360680103302,6.4031243324279785
-2.2360680103302,6.480740547180176
-2.2360680103302,6.480740547180176
-2.2360680103302,6.480740547180176
-2.2360680103302,6.480740547180176
-2.2360680103302,6.480740547180176
-2.2360680103302,6.480740547180176
-2.2360680103302,6.557438373565674
-2.2360680103302,6.557438373565674
-2.2360680103302,6.633249759674072
-2.2360680103302,6.633249759674072
-2.2360680103302,6.633249759674072
-2.2360680103302,6.7082037925720215
-2.2360680103302,6.7082037925720215
-2.2360680103302,6.7082037925720215
-2.2360680103302,6.7082037925720215
-2.2360680103302,6.7082037925720215
-2.2360680103302,6.7082037925720215
-2.2360680103302,6.7082037925720215
-2.2360680103302,6.7082037925720215
-2.2360680103302,6.78233003616333
-2.2360680103302,6.78233003616333
-2.2360680103302,6.78233003616333
-2.2360680103302,6.78233003616333
-2.2360680103302,6.928203105926514
-2.2360680103302,6.928203105926514
-2.2360680103302,6.928203105926514
-2.2360680103302,7
-2.2360680103302,7
-2.2360680103302,7
-2.2360680103302,7
-2.2360680103302,7
-2.2360680103302,7.071067810058594
-2.2360680103302,7.071067810058594
-2.2360680103302,7.071067810058594
-2.2360680103302,7.071067810058594
-2.2360680103302,7.071067810058594
-2.2360680103302,7.071067810058594
-2.2360680103302,7.071067810058594
-2.2360680103302,7.071067810058594
-2.2360680103302,7.071067810058594
-2.2360680103302,7.071067810058594
-2.2360680103302,7.141428470611572
-2.2360680103302,7.211102485656738
-2.2360680103302,7.211102485656738
-2.2360680103302,7.280109882354736
-2.2360680103302,7.280109882354736
-2.2360680103302,7.280109882354736
-2.2360680103302,7.280109882354736
-2.2360680103302,7.348469257354736
-2.2360680103302,7.348469257354736
-2.2360680103302,7.348469257354736
-2.2360680103302,7.348469257354736
-2.2360680103302,7.4833149909973145
-2.2360680103302,7.4833149909973145
-2.2360680103302,7.4833149909973145
-2.2360680103302,7.4833149909973145
-2.2360680103302,7.549834251403809
-2.2360680103302,7.6157732009887695
-2.2360680103302,7.6157732009887695
-2.2360680103302,7.681145668029785
-2.2360680103302,7.681145668029785
-2.2360680103302,7.681145668029785
-2.2360680103302,7.681145668029785
-2.2360680103302,7.681145668029785
-2.2360680103302,7.8102498054504395
-2.2360680103302,7.8102498054504395
-2.2360680103302,7.8102498054504395
-2.2360680103302,7.8102498054504395
-2.2360680103302,7.8102498054504395
-2.2360680103302,7.8102498054504395
-2.2360680103302,7.8102498054504395
-2.2360680103302,7.874007701873779
-2.2360680103302,7.874007701873779
-2.2360680103302,7.874007701873779
-2.2360680103302,8.062257766723633
-2.2360680103302,8.062257766723633
-2.2360680103302,8.062257766723633
-2.2360680103302,8.062257766723633
-2.2360680103302,8.062257766723633
-2.2360680103302,8.062257766723633
-2.2360680103302,8.062257766723633
-2.2360680103302,8.062257766723633
-2.2360680103302,8.124038696289063
-2.2360680103302,8.124038696289063
-2.2360680103302,8.124038696289063
-2.2360680103302,8.124038696289063
-2.2360680103302,8.124038696289063
-2.2360680103302,8.124038696289063
-2.2360680103302,8.124038696289063
-2.2360680103302,8.124038696289063
-2.2360680103302,8.185352325439453
-2.2360680103302,8.185352325439453
-2.2360680103302,8.185352325439453
-2.2360680103302,8.246211051940918
-2.2360680103302,8.246211051940918
-2.2360680103302,8.246211051940918
-2.2360680103302,8.246211051940918
-2.2360680103302,8.306623458862305
-2.2360680103302,8.306623458862305
-2.2360680103302,8.306623458862305
-2.2360680103302,8.366600036621094
-2.2360680103302,8.366600036621094
-2.2360680103302,8.485280990600586
-2.2360680103302,8.485280990600586
-2.2360680103302,8.485280990600586
-2.2360680103302,8.485280990600586
-2.2360680103302,8.5440034866333
-2.2360680103302,8.5440034866333
-2.2360680103302,8.5440034866333
-2.2360680103302,8.602325439453125
-2.2360680103302,8.602325439453125
-2.2360680103302,8.602325439453125
-2.2360680103302,8.602325439453125
-2.2360680103302,8.602325439453125
-2.2360680103302,8.602325439453125
-2.2360680103302,8.774964332580566
-2.2360680103302,8.774964332580566
-2.2360680103302,8.83176040649414
-2.2360680103302,9
-2.2360680103302,9
-2.2360680103302,9.05538558959961
-2.2360680103302,9.05538558959961
-2.2360680103302,9.05538558959961
-2.2360680103302,9.05538558959961
-2.2360680103302,9.05538558959961
-2.2360680103302,9.110433578491211
-2.2360680103302,9.110433578491211
-2.2360680103302,9.219544410705566
-2.2360680103302,9.219544410705566
-2.2360680103302,9.273618698120117
-2.2360680103302,9.273618698120117
-2.2360680103302,9.433980941772461
-2.2360680103302,9.433980941772461
-2.2360680103302,9.433980941772461
-2.2360680103302,9.433980941772461
-2.2360680103302,9.433980941772461
-2.2360680103302,9.433980941772461
-2.2360680103302,9.433980941772461
-2.2360680103302,9.486832618713379
-2.2360680103302,9.643651008605957
-2.2360680103302,9.643651008605957
-2.2360680103302,9.643651008605957
-2.2360680103302,9.69536018371582
-2.2360680103302,9.69536018371582
-2.2360680103302,9.69536018371582
-2.2360680103302,9.848857879638672
-2.2360680103302,9.899495124816895
-2.2360680103302,9.899495124816895
-2.2360680103302,9.899495124816895
-2.2360680103302,9.949873924255371
-2.2360680103302,10
-2.2360680103302,10.049875259399414
-2.2360680103302,10.099504470825195
-2.2360680103302,10.198039054870605
-2.2360680103302,10.24695110321045
-2.2360680103302,10.24695110321045
-2.2360680103302,10.29563045501709
-2.2360680103302,10.29563045501709
-2.2360680103302,10.344079971313477
-2.2360680103302,10.344079971313477
-2.2360680103302,10.392304420471191
-2.2360680103302,10.440306663513184
-2.2360680103302,10.488088607788086
-2.2360680103302,10.630146026611328
-2.2360680103302,10.770329475402832
-2.2360680103302,10.770329475402832
-2.2360680103302,10.816654205322266
-2.2360680103302,10.862780570983887
-2.2360680103302,11.045360565185547
-2.2360680103302,11.180339813232422
-2.2360680103302,11.224971771240234
-2.2360680103302,11.357816696166992
-2.2360680103302,11.401754379272461
-2.2360680103302,11.401754379272461
-2.2360680103302,11.445523262023926
-2.2360680103302,11.575837135314941
-2.2360680103302,11.661903381347656
-2.2360680103302,11.704699516296387
-2.2360680103302,11.789826393127441
-2.2360680103302,12.041594505310059
-2.2360680103302,12.041594505310059
-2.2360680103302,12.083045959472656
-2.2360680103302,12.165525436401367
-2.2360680103302,12.206555366516113
-2.2360680103302,12.206555366516113
-2.2360680103302,12.449899673461914
-2.2360680103302,12.449899673461914
-2.2360680103302,12.569805145263672
-2.2360680103302,12.884099006652832
-2.2360680103302,12.884099006652832
-2.2360680103302,12.884099006652832
-2.2360680103302,13
-2.2360680103302,13
-2.2360680103302,13.076696395874023
-2.2360680103302,13.076696395874023
-2.2360680103302,13.152946472167969
-2.2360680103302,13.416407585144043
-2.2360680103302,13.638181686401367
-2.2360680103302,13.892443656921387
-2.2360680103302,13.928388595581055
-2.2360680103302,14.03566837310791
-2.2360680103302,14.247806549072266
-2.2360680103302,14.352700233459473
-2.2360680103302,14.352700233459473
-2.2360680103302,14.352700233459473
-2.2360680103302,14.899664878845215
-2.2360680103302,14.899664878845215
-2.2360680103302,15.132745742797852
-2.2360680103302,15.524174690246582
-2.2360680103302,15.842979431152344
-2.2360680103302,16.911535263061523
-2.2360680103302,17.6068172454834
-2.2360680103302,18
-2.2360680103302,18.027755737304688
-2.2360680103302,18.574174880981445
-2.2360680103302,19.10497283935547
-2.2360680103302,19.313207626342773
-2.2360680103302,19.67231559753418
-2,inf
-2,inf
-2,inf
-2,inf
-2,inf
-2,inf
-2,inf
-2,inf
-2,inf
-2,inf
-2,inf
-2,inf
-2,inf
-2,inf
-2,inf
-2,-1.7320507764816284
-2,-1.7320507764816284
-2,-1.7320507764816284
-2,-1.7320507764816284
-2,-1.7320507764816284
-2,-1.7320507764816284
-2,-1.7320507764816284
-2,-1.7320507764816284
-2,-1.7320507764816284
-2,-1.7320507764816284
-2,-1.7320507764816284
-2,-1.7320507764816284
-2,-1.7320507764816284
-2,-1.7320507764816284
-2,-1.7320507764816284
-2,-1.7320507764816284
-2,-1.7320507764816284
-2,-1.7320507764816284
-2,-1.7320507764816284
-2,-1.7320507764816284
-2,-1.7320507764816284
-2,-1.7320507764816284
-2,-1.7320507764816284
-2,-1.7320507764816284
-2,-1.7320507764816284
-2,-1.7320507764816284
-2,-1.7320507764816284
-2,-1.7320507764816284
-2,-1.7320507764816284
-2,-1.7320507764816284
-2,-1.7320507764816284
-2,-1.7320507764816284
-2,-1.7320507764816284
-2,-1.7320507764816284
-2,-1.7320507764816284
-2,-1.7320507764816284
-2,-1.7320507764816284
-2,-1.7320507764816284
-2,-1.7320507764816284
-2,-1.7320507764816284
-2,-1.7320507764816284
-2,-1.7320507764816284
-2,-1.7320507764816284
-2,-1.7320507764816284
-2,-1.7320507764816284
-2,-1.7320507764816284
-2,-1.7320507764816284
-2,-1.7320507764816284
-2,-1.7320507764816284
-2,-1.7320507764816284
-2,-1.7320507764816284
-2,-1.7320507764816284
-2,-1.7320507764816284
-2,-1.7320507764816284
-2,-1.7320507764816284
-2,-1.7320507764816284
-2,-1.7320507764816284
-2,-1.7320507764816284
-2,-1.4142135381698608
-2,-1.4142135381698608
-2,-1.4142135381698608
-2,-1.4142135381698608
-2,-1.4142135381698608
-2,-1.4142135381698608
-2,-1.4142135381698608
-2,-1.4142135381698608
-2,-1.4142135381698608
-2,-1.4142135381698608
-2,-1.4142135381698608
-2,-1.4142135381698608
-2,-1.4142135381698608
-2,-1.4142135381698608
-2,-1.4142135381698608
-2,-1.4142135381698608
-2,-1.4142135381698608
-2,-1.4142135381698608
-2,-1.4142135381698608
-2,-1.4142135381698608
-2,-1.4142135381698608
-2,-1.4142135381698608
-2,-1.4142135381698608
-2,-1.4142135381698608
-2,-1.4142135381698608
-2,-1.4142135381698608
-2,-1.4142135381698608
-2,-1.4142135381698608
-2,-1.4142135381698608
-2,-1.4142135381698608
-2,-1
-2,-1
-2,-1
-2,-1
-2,-1
-2,-1
-2,-1
-2,-1
-2,-1
-2,-1
-2,-1
-2,-1
-2,-1
-2,-1
-2,-1
-2,-1
-2,-1
-2,-1
-2,-1
-2,-1
-2,-1
-2,-1
-2,-1
-2,-1
-2,-1
-2,-1
-2,-1
-2,-1
-2,-1
-2,-1
-2,-1
-2,-1
-2,-1
-2,-1
-2,1
-2,1
-2,1
-2,1
-2,1
-2,1
-2,1
-2,1
-2,1
-2,1
-2,1
-2,1
-2,1
-2,1
-2,1
-2,1
-2,1
-2,1.4142135381698608
-2,1.4142135381698608
-2,1.4142135381698608
-2,1.4142135381698608
-2,1.4142135381698608
-2,1.7320507764816284
-2,1.7320507764816284
-2,1.7320507764816284
-2,1.7320507764816284
-2,1.7320507764816284
-2,1.7320507764816284
-2,1.7320507764816284
-2,2
-2,2
-2,2
-2,2
-2,2
-2,2.2360680103302
-2,2.2360680103302
-2,2.2360680103302
-2,2.2360680103302
-2,2.2360680103302
-2,2.4494898319244385
-2,2.8284270763397217
-2,2.8284270763397217
-2,2.8284270763397217
-2,2.8284270763397217
-2,2.8284270763397217
-2,2.8284270763397217
-2,2.8284270763397217
-2,2.8284270763397217
-2,3
-2,3
-2,3
-2,3
-2,3
-2,3.1622776985168457
-2,3.1622776985168457
-2,3.1622776985168457
-2,3.1622776985168457
-2,3.1622776985168457
-2,3.316624879837036
-2,3.316624879837036
-2,3.316624879837036
-2,3.464101552963257
-2,3.605551242828369
-2,3.605551242828369
-2,3.605551242828369
-2,3.605551242828369
-2,3.605551242828369
-2,3.605551242828369
-2,3.605551242828369
-2,3.7416574954986572
-2,3.7416574954986572
-2,4
-2,4.123105525970459
-2,4.123105525970459
-2,4.123105525970459
-2,4.123105525970459
-2,4.123105525970459
-2,4.123105525970459
-2,4.123105525970459
-2,4.123105525970459
-2,4.242640495300293
-2,4.242640495300293
-2,4.242640495300293
-2,4.242640495300293
-2,4.242640495300293
-2,4.242640495300293
-2,4.242640495300293
-2,4.582575798034668
-2,4.582575798034668
-2,4.582575798034668
-2,4.582575798034668
-2,4.582575798034668
-2,4.690415859222412
-2,4.690415859222412
-2,4.898979663848877
-2,4.898979663848877
-2,5
-2,5
-2,5
-2,5
-2,5
-2,5
-2,5
-2,5
-2,5
-2,5.099019527435303
-2,5.099019527435303
-2,5.099019527435303
-2,5.099019527435303
-2,5.099019527435303
-2,5.099019527435303
-2,5.196152210235596
-2,5.196152210235596
-2,5.196152210235596
-2,5.385164737701416
-2,5.385164737701416
-2,5.385164737701416
-2,5.385164737701416
-2,5.385164737701416
-2,5.385164737701416
-2,5.385164737701416
-2,5.4772257804870605
-2,5.4772257804870605
-2,5.4772257804870605
-2,5.4772257804870605
-2,5.656854152679443
-2,5.656854152679443
-2,5.656854152679443
-2,5.656854152679443
-2,5.74456262588501
-2,5.74456262588501
-2,5.830951690673828
-2,5.830951690673828
-2,5.830951690673828
-2,5.830951690673828
-2,5.830951690673828
-2,5.830951690673828
-2,5.830951690673828
-2,5.916079998016357
-2,5.916079998016357
-2,5.916079998016357
-2,5.916079998016357
-2,5.916079998016357
-2,5.916079998016357
-2,6
-2,6
-2,6
-2,6.082762718200684
-2,6.164413928985596
-2,6.164413928985596
-2,6.164413928985596
-2,6.164413928985596
-2,6.4031243324279785
-2,6.4031243324279785
-2,6.4031243324279785
-2,6.4031243324279785
-2,6.4031243324279785
-2,6.4031243324279785
-2,6.4031243324279785
-2,6.4031243324279785
-2,6.4031243324279785
-2,6.480740547180176
-2,6.480740547180176
-2,6.557438373565674
-2,6.7082037925720215
-2,6.78233003616333
-2,6.928203105926514
-2,7
-2,7
-2,7
-2,7.071067810058594
-2,7.071067810058594
-2,7.141428470611572
-2,7.141428470611572
-2,7.141428470611572
-2,7.141428470611572
-2,7.211102485656738
-2,7.211102485656738
-2,7.280109882354736
-2,7.348469257354736
-2,7.348469257354736
-2,7.348469257354736
-2,7.348469257354736
-2,7.4833149909973145
-2,7.4833149909973145
-2,7.4833149909973145
-2,7.549834251403809
-2,7.6157732009887695
-2,7.681145668029785
-2,7.681145668029785
-2,7.8102498054504395
-2,7.8102498054504395
-2,7.8102498054504395
-2,7.8102498054504395
-2,7.8102498054504395
-2,7.874007701873779
-2,8.062257766723633
-2,8.124038696289063
-2,8.124038696289063
-2,8.124038696289063
-2,8.124038696289063
-2,8.124038696289063
-2,8.124038696289063
-2,8.185352325439453
-2,8.306623458862305
-2,8.306623458862305
-2,8.306623458862305
-2,8.5440034866333
-2,8.5440034866333
-2,8.602325439453125
-2,8.602325439453125
-2,8.602325439453125
-2,8.602325439453125
-2,8.774964332580566
-2,8.83176040649414
-2,8.9442720413208
-2,8.9442720413208
-2,9
-2,9.05538558959961
-2,9.05538558959961
-2,9.110433578491211
-2,9.165151596069336
-2,9.273618698120117
-2,9.273618698120117
-2,9.433980941772461
-2,9.486832618713379
-2,9.486832618713379
-2,9.643651008605957
-2,9.69536018371582
-2,9.797959327697754
-2,9.848857879638672
-2,9.899495124816895
-2,9.949873924255371
-2,9.949873924255371
-2,10.049875259399414
-2,10.24695110321045
-2,10.29563045501709
-2,10.29563045501709
-2,10.29563045501709
-2,10.29563045501709
-2,10.29563045501709
-2,10.440306663513184
-2,10.630146026611328
-2,10.630146026611328
-2,10.630146026611328
-2,10.816654205322266
-2,11.357816696166992
-2,11.357816696166992
-2,11.445523262023926
-2,11.445523262023926
-2,11.575837135314941
-2,12.041594505310059
-2,12.083045959472656
-2,12.206555366516113
-2,12.369317054748535
-2,12.449899673461914
-2,12.688577651977539
-2,13
-2,13
-2,13.152946472167969
-2,13.152946472167969
-2,13.34166431427002
-2,13.379088401794434
-2,13.490737915039063
-2,13.747727394104004
-2,13.928388595581055
-2,14.177447319030762
-2,14.352700233459473
-2,14.525838851928711
-2,14.73091983795166
-2,15.099668502807617
-2,15.394804000854492
-2,15.588457107543945
-2,15.620499610900879
-2,15.620499610900879
-2,17.34935188293457
-2,17.972200393676758
-2,18.055469512939453
-2,19.39072036743164
-1.7320507764816284,inf
-1.7320507764816284,inf
-1.7320507764816284,-1.4142135381698608
-1.7320507764816284,-1.4142135381698608
-1.7320507764816284,-1.4142135381698608
-1.7320507764816284,-1.4142135381698608
-1.7320507764816284,-1.4142135381698608
-1.7320507764816284,-1.4142135381698608
-1.7320507764816284,-1.4142135381698608
-1.7320507764816284,-1.4142135381698608
-1.7320507764816284,-1
-1.7320507764816284,-1
-1.7320507764816284,-1
-1.7320507764816284,-1
-1.7320507764816284,-1
-1.7320507764816284,-1
-1.7320507764816284,1
-1.7320507764816284,1
-1.7320507764816284,1
-1.7320507764816284,1
-1.7320507764816284,2
-1.7320507764816284,2
-1.7320507764816284,2.2360680103302
-1.7320507764816284,2.2360680103302
-1.7320507764816284,2.2360680103302
-1.7320507764816284,2.4494898319244385
-1.7320507764816284,3.316624879837036
-1.7320507764816284,3.464101552963257
-1.7320507764816284,3.605551242828369
-1.7320507764816284,3.605551242828369
-1.7320507764816284,3.605551242828369
-1.7320507764816284,4.582575798034668
-1.7320507764816284,5
-1.7320507764816284,5
-1.7320507764816284,5
-1.7320507764816284,5.196152210235596
-1.7320507764816284,6.4031243324279785
-1.7320507764816284,7
-1.7320507764816284,7.348469257354736
-1.7320507764816284,7.4833149909973145
-1.7320507764816284,7.8102498054504395
-1.7320507764816284,8.366600036621094
-1.7320507764816284,9
-1.7320507764816284,9.165151596069336
-1.7320507764816284,9.433980941772461
-1.7320507764816284,9.848857879638672
-1.7320507764816284,10.344079971313477
-1.7320507764816284,10.488088607788086
-1.7320507764816284,10.677078247070313
-1.7320507764816284,12.12435531616211
-1.7320507764816284,14.560219764709473
-1.4142135381698608,inf
-1.4142135381698608,inf
-1.4142135381698608,inf
-1.4142135381698608,inf
-1.4142135381698608,inf
-1.4142135381698608,inf
-1.4142135381698608,inf
-1.4142135381698608,inf
-1.4142135381698608,inf
-1.4142135381698608,-1
-1.4142135381698608,-1
-1.4142135381698608,-1
-1.4142135381698608,-1
-1.4142135381698608,-1
-1.4142135381698608,-1
-1.4142135381698608,-1
-1.4142135381698608,-1
-1.4142135381698608,-1
-1.4142135381698608,-1
-1.4142135381698608,-1
-1.4142135381698608,-1
-1.4142135381698608,-1
-1.4142135381698608,-1
-1.4142135381698608,-1
-1.4142135381698608,-1
-1.4142135381698608,-1
-1.4142135381698608,-1
-1.4142135381698608,-1
-1.4142135381698608,-1
-1.4142135381698608,-1
-1.4142135381698608,-1
-1.4142135381698608,-1
-1.4142135381698608,-1
-1.4142135381698608,-1
-1.4142135381698608,-1
-1.4142135381698608,-1
-1.4142135381698608,-1
-1.4142135381698608,-1
-1.4142135381698608,-1
-1.4142135381698608,-1
-1.4142135381698608,-1
-1.4142135381698608,-1
-1.4142135381698608,-1
-1.4142135381698608,-1
-1.4142135381698608,-1
-1.4142135381698608,-1
-1.4142135381698608,-1
-1.4142135381698608,-1
-1.4142135381698608,-1
-1.4142135381698608,-1
-1.4142135381698608,-1
-1.4142135381698608,-1
-1.4142135381698608,-1
-1.4142135381698608,-1
-1.4142135381698608,-1
-1.4142135381698608,-1
-1.4142135381698608,-1
-1.4142135381698608,-1
-1.4142135381698608,-1
-1.4142135381698608,-1
-1.4142135381698608,-1
-1.4142135381698608,-1
-1.4142135381698608,-1
-1.4142135381698608,-1
-1.4142135381698608,-1
-1.4142135381698608,-1
-1.4142135381698608,1
-1.4142135381698608,1
-1.4142135381698608,1
-1.4142135381698608,1
-1.4142135381698608,1
-1.4142135381698608,1
-1.4142135381698608,1
-1.4142135381698608,1
-1.4142135381698608,1
-1.4142135381698608,1
-1.4142135381698608,1
-1.4142135381698608,1
-1.4142135381698608,1
-1.4142135381698608,1
-1.4142135381698608,1
-1.4142135381698608,1
-1.4142135381698608,1
-1.4142135381698608,1
-1.4142135381698608,1
-1.4142135381698608,1
-1.4142135381698608,1
-1.4142135381698608,1
-1.4142135381698608,1
-1.4142135381698608,1
-1.4142135381698608,1
-1.4142135381698608,1
-1.4142135381698608,1
-1.4142135381698608,1
-1.4142135381698608,1
-1.4142135381698608,1
-1.4142135381698608,1
-1.4142135381698608,1
-1.4142135381698608,1
-1.4142135381698608,1
-1.4142135381698608,1
-1.4142135381698608,1
-1.4142135381698608,1
-1.4142135381698608,1
-1.4142135381698608,1
-1.4142135381698608,1
-1.4142135381698608,1
-1.4142135381698608,1
-1.4142135381698608,1
-1.4142135381698608,1
-1.4142135381698608,1
-1.4142135381698608,1.4142135381698608
-1.4142135381698608,1.4142135381698608
-1.4142135381698608,1.4142135381698608
-1.4142135381698608,1.4142135381698608
-1.4142135381698608,1.4142135381698608
-1.4142135381698608,1.4142135381698608
-1.4142135381698608,1.4142135381698608
-1.4142135381698608,1.4142135381698608
-1.4142135381698608,1.7320507764816284
-1.4142135381698608,1.7320507764816284
-1.4142135381698608,1.7320507764816284
-1.4142135381698608,1.7320507764816284
-1.4142135381698608,1.7320507764816284
-1.4142135381698608,1.7320507764816284
-1.4142135381698608,1.7320507764816284
-1.4142135381698608,2
-1.4142135381698608,2
-1.4142135381698608,2
-1.4142135381698608,2
-1.4142135381698608,2
-1.4142135381698608,2
-1.4142135381698608,2
-1.4142135381698608,2
-1.4142135381698608,2
-1.4142135381698608,2
-1.4142135381698608,2
-1.4142135381698608,2
-1.4142135381698608,2
-1.4142135381698608,2.2360680103302
-1.4142135381698608,2.2360680103302
-1.4142135381698608,2.2360680103302
-1.4142135381698608,2.2360680103302
-1.4142135381698608,2.2360680103302
-1.4142135381698608,2.2360680103302
-1.4142135381698608,2.2360680103302
-1.4142135381698608,2.2360680103302
-1.4142135381698608,2.2360680103302
-1.4142135381698608,2.2360680103302
-1.4142135381698608,2.2360680103302
-1.4142135381698608,2.4494898319244385
-1.4142135381698608,2.4494898319244385
-1.4142135381698608,2.4494898319244385
-1.4142135381698608,2.4494898319244385
-1.4142135381698608,2.8284270763397217
-1.4142135381698608,2.8284270763397217
-1.4142135381698608,2.8284270763397217
-1.4142135381698608,2.8284270763397217
-1.4142135381698608,2.8284270763397217
-1.4142135381698608,3
-1.4142135381698608,3
-1.4142135381698608,3
-1.4142135381698608,3
-1.4142135381698608,3
-1.4142135381698608,3
-1.4142135381698608,3
-1.4142135381698608,3
-1.4142135381698608,3
-1.4142135381698608,3.1622776985168457
-1.4142135381698608,3.1622776985168457
-1.4142135381698608,3.1622776985168457
-1.4142135381698608,3.1622776985168457
-1.4142135381698608,3.1622776985168457
-1.4142135381698608,3.1622776985168457
-1.4142135381698608,3.1622776985168457
-1.4142135381698608,3.1622776985168457
-1.4142135381698608,3.316624879837036
-1.4142135381698608,3.316624879837036
-1.4142135381698608,3.316624879837036
-1.4142135381698608,3.464101552963257
-1.4142135381698608,3.605551242828369
-1.4142135381698608,3.605551242828369
-1.4142135381698608,3.605551242828369
-1.4142135381698608,3.605551242828369
-1.4142135381698608,3.605551242828369
-1.4142135381698608,3.605551242828369
-1.4142135381698608,3.605551242828369
-1.4142135381698608,3.605551242828369
-1.4142135381698608,3.605551242828369
-1.4142135381698608,3.605551242828369
-1.4142135381698608,3.605551242828369
-1.4142135381698608,3.605551242828369
-1.4142135381698608,3.605551242828369
-1.4142135381698608,3.7416574954986572
-1.4142135381698608,3.7416574954986572
-1.4142135381698608,3.7416574954986572
-1.4142135381698608,3.7416574954986572
-1.4142135381698608,4
-1.4142135381698608,4
-1.4142135381698608,4.123105525970459
-1.4142135381698608,4.123105525970459
-1.4142135381698608,4.123105525970459
-1.4142135381698608,4.123105525970459
-1.4142135381698608,4.123105525970459
-1.4142135381698608,4.123105525970459
-1.4142135381698608,4.123105525970459
-1.4142135381698608,4.123105525970459
-1.4142135381698608,4.123105525970459
-1.4142135381698608,4.123105525970459
-1.4142135381698608,4.123105525970459
-1.4142135381698608,4.123105525970459
-1.4142135381698608,4.242640495300293
-1.4142135381698608,4.242640495300293
-1.4142135381698608,4.242640495300293
-1.4142135381698608,4.242640495300293
-1.4142135381698608,4.242640495300293
-1.4142135381698608,4.358899116516113
-1.4142135381698608,4.358899116516113
-1.4142135381698608,4.4721360206604
-1.4142135381698608,4.4721360206604
-1.4142135381698608,4.4721360206604
-1.4142135381698608,4.4721360206604
-1.4142135381698608,4.4721360206604
-1.4142135381698608,4.4721360206604
-1.4142135381698608,4.4721360206604
-1.4142135381698608,4.4721360206604
-1.4142135381698608,4.582575798034668
-1.4142135381698608,4.582575798034668
-1.4142135381698608,4.582575798034668
-1.4142135381698608,4.582575798034668
-1.4142135381698608,4.582575798034668
-1.4142135381698608,4.690415859222412
-1.4142135381698608,4.898979663848877
-1.4142135381698608,4.898979663848877
-1.4142135381698608,4.898979663848877
-1.4142135381698608,4.898979663848877
-1.4142135381698608,4.898979663848877
-1.4142135381698608,4.898979663848877
-1.4142135381698608,5
-1.4142135381698608,5
-1.4142135381698608,5
-1.4142135381698608,5
-1.4142135381698608,5
-1.4142135381698608,5
-1.4142135381698608,5
-1.4142135381698608,5
-1.4142135381698608,5
-1.4142135381698608,5
-1.4142135381698608,5
-1.4142135381698608,5
-1.4142135381698608,5
-1.4142135381698608,5
-1.4142135381698608,5
-1.4142135381698608,5
-1.4142135381698608,5
-1.4142135381698608,5.099019527435303
-1.4142135381698608,5.099019527435303
-1.4142135381698608,5.099019527435303
-1.4142135381698608,5.099019527435303
-1.4142135381698608,5.099019527435303
-1.4142135381698608,5.099019527435303
-1.4142135381698608,5.099019527435303
-1.4142135381698608,5.196152210235596
-1.4142135381698608,5.385164737701416
-1.4142135381698608,5.385164737701416
-1.4142135381698608,5.385164737701416
-1.4142135381698608,5.385164737701416
-1.4142135381698608,5.385164737701416
-1.4142135381698608,5.385164737701416
-1.4142135381698608,5.385164737701416
-1.4142135381698608,5.385164737701416
-1.4142135381698608,5.385164737701416
-1.4142135381698608,5.385164737701416
-1.4142135381698608,5.385164737701416
-1.4142135381698608,5.385164737701416
-1.4142135381698608,5.4772257804870605
-1.4142135381698608,5.4772257804870605
-1.4142135381698608,5.4772257804870605
-1.4142135381698608,5.656854152679443
-1.4142135381698608,5.656854152679443
-1.4142135381698608,5.656854152679443
-1.4142135381698608,5.656854152679443
-1.4142135381698608,5.656854152679443
-1.4142135381698608,5.656854152679443
-1.4142135381698608,5.74456262588501
-1.4142135381698608,5.74456262588501
-1.4142135381698608,5.74456262588501
-1.4142135381698608,5.74456262588501
-1.4142135381698608,5.74456262588501
-1.4142135381698608,5.74456262588501
-1.4142135381698608,5.74456262588501
-1.4142135381698608,5.74456262588501
-1.4142135381698608,5.830951690673828
-1.4142135381698608,5.830951690673828
-1.4142135381698608,5.830951690673828
-1.4142135381698608,5.830951690673828
-1.4142135381698608,5.830951690673828
-1.4142135381698608,5.916079998016357
-1.4142135381698608,5.916079998016357
-1.4142135381698608,6
-1.4142135381698608,6
-1.4142135381698608,6.082762718200684
-1.4142135381698608,6.082762718200684
-1.4142135381698608,6.082762718200684
-1.4142135381698608,6.164413928985596
-1.4142135381698608,6.164413928985596
-1.4142135381698608,6.164413928985596
-1.4142135381698608,6.164413928985596
-1.4142135381698608,6.164413928985596
-1.4142135381698608,6.164413928985596
-1.4142135381698608,6.164413928985596
-1.4142135381698608,6.164413928985596
-1.4142135381698608,6.324555397033691
-1.4142135381698608,6.324555397033691
-1.4142135381698608,6.4031243324279785
-1.4142135381698608,6.4031243324279785
-1.4142135381698608,6.4031243324279785
-1.4142135381698608,6.4031243324279785
-1.4142135381698608,6.4031243324279785
-1.4142135381698608,6.4031243324279785
-1.4142135381698608,6.4031243324279785
-1.4142135381698608,6.4031243324279785
-1.4142135381698608,6.4031243324279785
-1.4142135381698608,6.4031243324279785
-1.4142135381698608,6.4031243324279785
-1.4142135381698608,6.4031243324279785
-1.4142135381698608,6.4031243324279785
-1.4142135381698608,6.480740547180176
-1.4142135381698608,6.480740547180176
-1.4142135381698608,6.480740547180176
-1.4142135381698608,6.480740547180176
-1.4142135381698608,6.480740547180176
-1.4142135381698608,6.557438373565674
-1.4142135381698608,6.633249759674072
-1.4142135381698608,6.633249759674072
-1.4142135381698608,6.633249759674072
-1.4142135381698608,6.7082037925720215
-1.4142135381698608,6.7082037925720215
-1.4142135381698608,6.78233003616333
-1.4142135381698608,6.78233003616333
-1.4142135381698608,7
-1.4142135381698608,7
-1.4142135381698608,7
-1.4142135381698608,7
-1.4142135381698608,7
-1.4142135381698608,7
-1.4142135381698608,7.071067810058594
-1.4142135381698608,7.071067810058594
-1.4142135381698608,7.071067810058594
-1.4142135381698608,7.141428470611572
-1.4142135381698608,7.141428470611572
-1.4142135381698608,7.211102485656738
-1.4142135381698608,7.211102485656738
-1.4142135381698608,7.280109882354736
-1.4142135381698608,7.280109882354736
-1.4142135381698608,7.280109882354736
-1.4142135381698608,7.280109882354736
-1.4142135381698608,7.280109882354736
-1.4142135381698608,7.348469257354736
-1.4142135381698608,7.348469257354736
-1.4142135381698608,7.4833149909973145
-1.4142135381698608,7.4833149909973145
-1.4142135381698608,7.4833149909973145
-1.4142135381698608,7.549834251403809
-1.4142135381698608,7.549834251403809
-1.4142135381698608,7.681145668029785
-1.4142135381698608,7.681145668029785
-1.4142135381698608,7.681145668029785
-1.4142135381698608,7.681145668029785
-1.4142135381698608,7.8102498054504395
-1.4142135381698608,7.8102498054504395
-1.4142135381698608,7.8102498054504395
-1.4142135381698608,7.874007701873779
-1.4142135381698608,7.874007701873779
-1.4142135381698608,7.874007701873779
-1.4142135381698608,8
-1.4142135381698608,8.062257766723633
-1.4142135381698608,8.062257766723633
-1.4142135381698608,8.062257766723633
-1.4142135381698608,8.124038696289063
-1.4142135381698608,8.124038696289063
-1.4142135381698608,8.124038696289063
-1.4142135381698608,8.124038696289063
-1.4142135381698608,8.185352325439453
-1.4142135381698608,8.185352325439453
-1.4142135381698608,8.185352325439453
-1.4142135381698608,8.246211051940918
-1.4142135381698608,8.306623458862305
-1.4142135381698608,8.306623458862305
-1.4142135381698608,8.485280990600586
-1.4142135381698608,8.485280990600586
-1.4142135381698608,8.5440034866333
-1.4142135381698608,8.5440034866333
-1.4142135381698608,8.5440034866333
-1.4142135381698608,8.602325439453125
-1.4142135381698608,8.602325439453125
-1.4142135381698608,8.602325439453125
-1.4142135381698608,8.602325439453125
-1.4142135381698608,8.602325439453125
-1.4142135381698608,8.66025447845459
-1.4142135381698608,8.774964332580566
-1.4142135381698608,8.774964332580566
-1.4142135381698608,8.774964332580566
-1.4142135381698608,8.774964332580566
-1.4142135381698608,8.774964332580566
-1.4142135381698608,8.83176040649414
-1.4142135381698608,8.9442720413208
-1.4142135381698608,8.9442720413208
-1.4142135381698608,8.9442720413208
-1.4142135381698608,9
-1.4142135381698608,9
-1.4142135381698608,9
-1.4142135381698608,9
-1.4142135381698608,9.05538558959961
-1.4142135381698608,9.05538558959961
-1.4142135381698608,9.05538558959961
-1.4142135381698608,9.110433578491211
-1.4142135381698608,9.110433578491211
-1.4142135381698608,9.219544410705566
-1.4142135381698608,9.273618698120117
-1.4142135381698608,9.380831718444824
-1.4142135381698608,9.433980941772461
-1.4142135381698608,9.433980941772461
-1.4142135381698608,9.539392471313477
-1.4142135381698608,9.643651008605957
-1.4142135381698608,9.69536018371582
-1.4142135381698608,9.899495124816895
-1.4142135381698608,9.899495124816895
-1.4142135381698608,9.949873924255371
-1.4142135381698608,10
-1.4142135381698608,10.049875259399414
-1.4142135381698608,10.099504470825195
-1.4142135381698608,10.29563045501709
-1.4142135381698608,10.440306663513184
-1.4142135381698608,10.440306663513184
-1.4142135381698608,10.488088607788086
-1.4142135381698608,10.488088607788086
-1.4142135381698608,10.770329475402832
-1.4142135381698608,11
-1.4142135381698608,11.180339813232422
-1.4142135381698608,11.180339813232422
-1.4142135381698608,11.180339813232422
-1.4142135381698608,11.180339813232422
-1.4142135381698608,11.180339813232422
-1.4142135381698608,11.180339813232422
-1.4142135381698608,11.224971771240234
-1.4142135381698608,11.313708305358887
-1.4142135381698608,11.401754379272461
-1.4142135381698608,11.445523262023926
-1.4142135381698608,11.532562255859375
-1.4142135381698608,11.575837135314941
-1.4142135381698608,11.575837135314941
-1.4142135381698608,11.575837135314941
-1.4142135381698608,11.661903381347656
-1.4142135381698608,11.661903381347656
-1.4142135381698608,11.747340202331543
-1.4142135381698608,11.747340202331543
-1.4142135381698608,12.041594505310059
-1.4142135381698608,12.041594505310059
-1.4142135381698608,12.083045959472656
-1.4142135381698608,12.083045959472656
-1.4142135381698608,12.206555366516113
-1.4142135381698608,12.206555366516113
-1.4142135381698608,12.369317054748535
-1.4142135381698608,12.369317054748535
-1.4142135381698608,12.727922439575195
-1.4142135381698608,12.845232963562012
-1.4142135381698608,12.961481094360352
-1.4142135381698608,13.152946472167969
-1.4142135381698608,13.190905570983887
-1.4142135381698608,13.416407585144043
-1.4142135381698608,13.45362377166748
-1.4142135381698608,13.67479419708252
-1.4142135381698608,14.142135620117188
-1.4142135381698608,14.177447319030762
-1.4142135381698608,14.21267032623291
-1.4142135381698608,14.21267032623291
-1.4142135381698608,14.491376876831055
-1.4142135381698608,14.628738403320313
-1.4142135381698608,15
-1.4142135381698608,16.031219482421875
-1.4142135381698608,16.124515533447266
-1.4142135381698608,16.309507369995117
-1.4142135381698608,17.916473388671875
-1,inf
-1,inf
-1,inf
-1,inf
-1,inf
-1,inf
-1,inf
-1,inf
-1,inf
-1,inf
-1,inf
-1,inf
-1,inf
-1,inf
-1,inf
-1,1
-1,1
-1,1
-1,1
-1,1
-1,1
-1,1
-1,1
-1,1
-1,1
-1,1
-1,1
-1,1
-1,1
-1,1
-1,1
-1,1
-1,1
-1,1
-1,1
-1,1
-1,1
-1,1
-1,1
-1,1
-1,1
-1,1
-1,1
-1,1
-1,1
-1,1
-1,1
-1,1
-1,1
-1,1
-1,1
-1,1
-1,1
-1,1
-1,1
-1,1
-1,1
-1,1
-1,1
-1,1
-1,1
-1,1
-1,1
-1,1
-1,1
-1,1
-1,1
-1,1
-1,1
-1,1
-1,1
-1,1
-1,1
-1,1
-1,1
-1,1
-1,1
-1,1
-1,1
-1,1
-1,1
-1,1
-1,1
-1,1
-1,1
-1,1
-1,1
-1,1
-1,1
-1,1
-1,1
-1,1
-1,1
-1,1
-1,1
-1,1
-1,1
-1,1
-1,1
-1,1
-1,1
-1,1
-1,1
-1,1
-1,1
-1,1
-1,1
-1,1
-1,1
-1,1.4142135381698608
-1,1.4142135381698608
-1,1.4142135381698608
-1,1.4142135381698608
-1,1.4142135381698608
-1,1.4142135381698608
-1,1.4142135381698608
-1,1.4142135381698608
-1,1.4142135381698608
-1,1.4142135381698608
-1,1.4142135381698608
-1,1.4142135381698608
-1,1.4142135381698608
-1,1.4142135381698608
-1,1.4142135381698608
-1,1.4142135381698608
-1,1.4142135381698608
-1,1.4142135381698608
-1,1.4142135381698608
-1,1.4142135381698608
-1,1.4142135381698608
-1,1.4142135381698608
-1,1.4142135381698608
-1,1.4142135381698608
-1,1.4142135381698608
-1,1.4142135381698608
-1,1.4142135381698608
-1,1.4142135381698608
-1,1.4142135381698608
-1,1.4142135381698608
-1,1.4142135381698608
-1,1.4142135381698608
-1,1.4142135381698608
-1,1.7320507764816284
-1,1.7320507764816284
-1,1.7320507764816284
-1,1.7320507764816284
-1,1.7320507764816284
-1,1.7320507764816284
-1,1.7320507764816284
-1,2
-1,2
-1,2
-1,2
-1,2
-1,2
-1,2
-1,2
-1,2
-1,2
-1,2
-1,2
-1,2
-1,2
-1,2
-1,2
-1,2
-1,2
-1,2
-1,2
-1,2.2360680103302
-1,2.2360680103302
-1,2.2360680103302
-1,2.2360680103302
-1,2.2360680103302
-1,2.2360680103302
-1,2.2360680103302
-1,2.2360680103302
-1,2.2360680103302
-1,2.2360680103302
-1,2.2360680103302
-1,2.2360680103302
-1,2.2360680103302
-1,2.2360680103302
-1,2.2360680103302
-1,2.2360680103302
-1,2.2360680103302
-1,2.2360680103302
-1,2.2360680103302
-1,2.2360680103302
-1,2.2360680103302
-1,2.2360680103302
-1,2.2360680103302
-1,2.2360680103302
-1,2.2360680103302
-1,2.2360680103302
-1,2.2360680103302
-1,2.2360680103302
-1,2.2360680103302
-1,2.2360680103302
-1,2.2360680103302
-1,2.2360680103302
-1,2.2360680103302
-1,2.4494898319244385
-1,2.4494898319244385
-1,2.4494898319244385
-1,2.4494898319244385
-1,2.4494898319244385
-1,2.4494898319244385
-1,2.4494898319244385
-1,2.8284270763397217
-1,2.8284270763397217
-1,2.8284270763397217
-1,2.8284270763397217
-1,2.8284270763397217
-1,2.8284270763397217
-1,2.8284270763397217
-1,2.8284270763397217
-1,2.8284270763397217
-1,2.8284270763397217
-1,2.8284270763397217
-1,2.8284270763397217
-1,2.8284270763397217
-1,2.8284270763397217
-1,2.8284270763397217
-1,2.8284270763397217
-1,3
-1,3
-1,3
-1,3
-1,3
-1,3
-1,3
-1,3
-1,3
-1,3
-1,3
-1,3
-1,3
-1,3
-1,3
-1,3
-1,3
-1,3
-1,3
-1,3
-1,3
-1,3.1622776985168457
-1,3.1622776985168457
-1,3.1622776985168457
-1,3.1622776985168457
-1,3.1622776985168457
-1,3.1622776985168457
-1,3.1622776985168457
-1,3.1622776985168457
-1,3.1622776985168457
-1,3.1622776985168457
-1,3.1622776985168457
-1,3.1622776985168457
-1,3.1622776985168457
-1,3.1622776985168457
-1,3.1622776985168457
-1,3.316624879837036
-1,3.316624879837036
-1,3.316624879837036
-1,3.316624879837036
-1,3.316624879837036
-1,3.316624879837036
-1,3.464101552963257
-1,3.464101552963257
-1,3.464101552963257
-1,3.464101552963257
-1,3.464101552963257
-1,3.464101552963257
-1,3.605551242828369
-1,3.605551242828369
-1,3.605551242828369
-1,3.605551242828369
-1,3.605551242828369
-1,3.605551242828369
-1,3.605551242828369
-1,3.605551242828369
-1,3.605551242828369
-1,3.605551242828369
-1,3.605551242828369
-1,3.605551242828369
-1,3.605551242828369
-1,3.605551242828369
-1,3.605551242828369
-1,3.605551242828369
-1,3.7416574954986572
-1,3.7416574954986572
-1,3.7416574954986572
-1,3.7416574954986572
-1,3.7416574954986572
-1,3.7416574954986572
-1,3.7416574954986572
-1,3.7416574954986572
-1,3.7416574954986572
-1,3.7416574954986572
-1,3.7416574954986572
-1,3.7416574954986572
-1,3.7416574954986572
-1,3.7416574954986572
-1,3.7416574954986572
-1,3.7416574954986572
-1,4
-1,4
-1,4
-1,4
-1,4
-1,4
-1,4
-1,4
-1,4
-1,4.123105525970459
-1,4.123105525970459
-1,4.123105525970459
-1,4.123105525970459
-1,4.123105525970459
-1,4.123105525970459
-1,4.123105525970459
-1,4.123105525970459
-1,4.123105525970459
-1,4.123105525970459
-1,4.123105525970459
-1,4.123105525970459
-1,4.123105525970459
-1,4.123105525970459
-1,4.123105525970459
-1,4.123105525970459
-1,4.123105525970459
-1,4.123105525970459
-1,4.123105525970459
-1,4.123105525970459
-1,4.242640495300293
-1,4.242640495300293
-1,4.242640495300293
-1,4.242640495300293
-1,4.242640495300293
-1,4.242640495300293
-1,4.242640495300293
-1,4.242640495300293
-1,4.242640495300293
-1,4.242640495300293
-1,4.242640495300293
-1,4.242640495300293
-1,4.242640495300293
-1,4.242640495300293
-1,4.242640495300293
-1,4.242640495300293
-1,4.358899116516113
-1,4.358899116516113
-1,4.358899116516113
-1,4.358899116516113
-1,4.4721360206604
-1,4.4721360206604
-1,4.4721360206604
-1,4.4721360206604
-1,4.4721360206604
-1,4.4721360206604
-1,4.4721360206604
-1,4.4721360206604
-1,4.4721360206604
-1,4.4721360206604
-1,4.4721360206604
-1,4.4721360206604
-1,4.4721360206604
-1,4.4721360206604
-1,4.4721360206604
-1,4.582575798034668
-1,4.582575798034668
-1,4.582575798034668
-1,4.582575798034668
-1,4.582575798034668
-1,4.582575798034668
-1,4.582575798034668
-1,4.690415859222412
-1,4.690415859222412
-1,4.690415859222412
-1,4.690415859222412
-1,4.690415859222412
-1,4.690415859222412
-1,4.690415859222412
-1,4.690415859222412
-1,4.690415859222412
-1,4.898979663848877
-1,4.898979663848877
-1,4.898979663848877
-1,4.898979663848877
-1,4.898979663848877
-1,4.898979663848877
-1,4.898979663848877
-1,4.898979663848877
-1,5
-1,5
-1,5
-1,5
-1,5
-1,5
-1,5
-1,5
-1,5
-1,5
-1,5
-1,5
-1,5
-1,5
-1,5
-1,5
-1,5
-1,5
-1,5.099019527435303
-1,5.099019527435303
-1,5.099019527435303
-1,5.099019527435303
-1,5.099019527435303
-1,5.099019527435303
-1,5.099019527435303
-1,5.099019527435303
-1,5.099019527435303
-1,5.099019527435303
-1,5.099019527435303
-1,5.099019527435303
-1,5.099019527435303
-1,5.099019527435303
-1,5.099019527435303
-1,5.099019527435303
-1,5.099019527435303
-1,5.099019527435303
-1,5.099019527435303
-1,5.099019527435303
-1,5.099019527435303
-1,5.099019527435303
-1,5.099019527435303
-1,5.196152210235596
-1,5.196152210235596
-1,5.196152210235596
-1,5.196152210235596
-1,5.196152210235596
-1,5.385164737701416
-1,5.385164737701416
-1,5.385164737701416
-1,5.385164737701416
-1,5.385164737701416
-1,5.385164737701416
-1,5.385164737701416
-1,5.385164737701416
-1,5.385164737701416
-1,5.385164737701416
-1,5.385164737701416
-1,5.385164737701416
-1,5.385164737701416
-1,5.385164737701416
-1,5.385164737701416
-1,5.385164737701416
-1,5.385164737701416
-1,5.385164737701416
-1,5.385164737701416
-1,5.385164737701416
-1,5.385164737701416
-1,5.4772257804870605
-1,5.4772257804870605
-1,5.4772257804870605
-1,5.4772257804870605
-1,5.4772257804870605
-1,5.4772257804870605
-1,5.4772257804870605
-1,5.4772257804870605
-1,5.4772257804870605
-1,5.4772257804870605
-1,5.4772257804870605
-1,5.4772257804870605
-1,5.656854152679443
-1,5.656854152679443
-1,5.656854152679443
-1,5.656854152679443
-1,5.656854152679443
-1,5.656854152679443
-1,5.656854152679443
-1,5.74456262588501
-1,5.74456262588501
-1,5.74456262588501
-1,5.74456262588501
-1,5.74456262588501
-1,5.74456262588501
-1,5.74456262588501
-1,5.74456262588501
-1,5.74456262588501
-1,5.74456262588501
-1,5.830951690673828
-1,5.830951690673828
-1,5.830951690673828
-1,5.830951690673828
-1,5.830951690673828
-1,5.830951690673828
-1,5.830951690673828
-1,5.830951690673828
-1,5.830951690673828
-1,5.830951690673828
-1,5.830951690673828
-1,5.830951690673828
-1,5.916079998016357
-1,5.916079998016357
-1,5.916079998016357
-1,5.916079998016357
-1,5.916079998016357
-1,5.916079998016357
-1,5.916079998016357
-1,5.916079998016357
-1,6
-1,6
-1,6
-1,6
-1,6
-1,6
-1,6
-1,6
-1,6
-1,6.082762718200684
-1,6.082762718200684
-1,6.082762718200684
-1,6.082762718200684
-1,6.082762718200684
-1,6.082762718200684
-1,6.082762718200684
-1,6.082762718200684
-1,6.164413928985596
-1,6.164413928985596
-1,6.164413928985596
-1,6.164413928985596
-1,6.164413928985596
-1,6.164413928985596
-1,6.164413928985596
-1,6.164413928985596
-1,6.324555397033691
-1,6.324555397033691
-1,6.324555397033691
-1,6.324555397033691
-1,6.324555397033691
-1,6.324555397033691
-1,6.324555397033691
-1,6.324555397033691
-1,6.4031243324279785
-1,6.4031243324279785
-1,6.4031243324279785
-1,6.4031243324279785
-1,6.4031243324279785
-1,6.4031243324279785
-1,6.4031243324279785
-1,6.4031243324279785
-1,6.4031243324279785
-1,6.4031243324279785
-1,6.4031243324279785
-1,6.4031243324279785
-1,6.4031243324279785
-1,6.4031243324279785
-1,6.4031243324279785
-1,6.4031243324279785
-1,6.4031243324279785
-1,6.4031243324279785
-1,6.4031243324279785
-1,6.4031243324279785
-1,6.480740547180176
-1,6.480740547180176
-1,6.480740547180176
-1,6.480740547180176
-1,6.480740547180176
-1,6.480740547180176
-1,6.480740547180176
-1,6.557438373565674
-1,6.557438373565674
-1,6.557438373565674
-1,6.557438373565674
-1,6.557438373565674
-1,6.633249759674072
-1,6.633249759674072
-1,6.633249759674072
-1,6.633249759674072
-1,6.633249759674072
-1,6.633249759674072
-1,6.633249759674072
-1,6.633249759674072
-1,6.633249759674072
-1,6.7082037925720215
-1,6.7082037925720215
-1,6.7082037925720215
-1,6.7082037925720215
-1,6.7082037925720215
-1,6.7082037925720215
-1,6.7082037925720215
-1,6.7082037925720215
-1,6.7082037925720215
-1,6.7082037925720215
-1,6.7082037925720215
-1,6.7082037925720215
-1,6.7082037925720215
-1,6.7082037925720215
-1,6.78233003616333
-1,6.78233003616333
-1,6.78233003616333
-1,6.928203105926514
-1,6.928203105926514
-1,6.928203105926514
-1,6.928203105926514
-1,7
-1,7
-1,7
-1,7
-1,7
-1,7
-1,7
-1,7
-1,7
-1,7
-1,7
-1,7.071067810058594
-1,7.071067810058594
-1,7.071067810058594
-1,7.071067810058594
-1,7.071067810058594
-1,7.071067810058594
-1,7.071067810058594
-1,7.071067810058594
-1,7.071067810058594
-1,7.071067810058594
-1,7.071067810058594
-1,7.071067810058594
-1,7.071067810058594
-1,7.071067810058594
-1,7.071067810058594
-1,7.071067810058594
-1,7.071067810058594
-1,7.071067810058594
-1,7.071067810058594
-1,7.141428470611572
-1,7.141428470611572
-1,7.141428470611572
-1,7.141428470611572
-1,7.141428470611572
-1,7.141428470611572
-1,7.141428470611572
-1,7.141428470611572
-1,7.141428470611572
-1,7.141428470611572
-1,7.211102485656738
-1,7.211102485656738
-1,7.211102485656738
-1,7.211102485656738
-1,7.280109882354736
-1,7.280109882354736
-1,7.280109882354736
-1,7.280109882354736
-1,7.280109882354736
-1,7.280109882354736
-1,7.280109882354736
-1,7.280109882354736
-1,7.280109882354736
-1,7.280109882354736
-1,7.280109882354736
-1,7.280109882354736
-1,7.280109882354736
-1,7.348469257354736
-1,7.348469257354736
-1,7.348469257354736
-1,7.348469257354736
-1,7.348469257354736
-1,7.348469257354736
-1,7.348469257354736
-1,7.348469257354736
-1,7.348469257354736
-1,7.348469257354736
-1,7.4833149909973145
-1,7.4833149909973145
-1,7.4833149909973145
-1,7.4833149909973145
-1,7.4833149909973145
-1,7.4833149909973145
-1,7.4833149909973145
-1,7.549834251403809
-1,7.549834251403809
-1,7.6157732009887695
-1,7.6157732009887695
-1,7.681145668029785
-1,7.681145668029785
-1,7.681145668029785
-1,7.681145668029785
-1,7.681145668029785
-1,7.681145668029785
-1,7.8102498054504395
-1,7.8102498054504395
-1,7.8102498054504395
-1,7.8102498054504395
-1,7.8102498054504395
-1,7.8102498054504395
-1,7.8102498054504395
-1,7.8102498054504395
-1,7.8102498054504395
-1,7.8102498054504395
-1,7.874007701873779
-1,7.874007701873779
-1,7.874007701873779
-1,7.874007701873779
-1,7.874007701873779
-1,7.874007701873779
-1,7.874007701873779
-1,7.874007701873779
-1,7.874007701873779
-1,8
-1,8.062257766723633
-1,8.062257766723633
-1,8.062257766723633
-1,8.062257766723633
-1,8.062257766723633
-1,8.062257766723633
-1,8.062257766723633
-1,8.062257766723633
-1,8.062257766723633
-1,8.062257766723633
-1,8.062257766723633
-1,8.124038696289063
-1,8.124038696289063
-1,8.124038696289063
-1,8.124038696289063
-1,8.124038696289063
-1,8.124038696289063
-1,8.124038696289063
-1,8.124038696289063
-1,8.185352325439453
-1,8.185352325439453
-1,8.185352325439453
-1,8.185352325439453
-1,8.246211051940918
-1,8.246211051940918
-1,8.246211051940918
-1,8.246211051940918
-1,8.246211051940918
-1,8.246211051940918
-1,8.246211051940918
-1,8.306623458862305
-1,8.306623458862305
-1,8.306623458862305
-1,8.306623458862305
-1,8.306623458862305
-1,8.306623458862305
-1,8.306623458862305
-1,8.485280990600586
-1,8.5440034866333
-1,8.5440034866333
-1,8.5440034866333
-1,8.602325439453125
-1,8.602325439453125
-1,8.602325439453125
-1,8.66025447845459
-1,8.66025447845459
-1,8.66025447845459
-1,8.774964332580566
-1,8.774964332580566
-1,8.774964332580566
-1,8.83176040649414
-1,8.83176040649414
-1,8.9442720413208
-1,8.9442720413208
-1,8.9442720413208
-1,9
-1,9
-1,9
-1,9
-1,9
-1,9
-1,9
-1,9
-1,9
-1,9
-1,9.05538558959961
-1,9.05538558959961
-1,9.05538558959961
-1,9.110433578491211
-1,9.110433578491211
-1,9.110433578491211
-1,9.110433578491211
-1,9.165151596069336
-1,9.219544410705566
-1,9.273618698120117
-1,9.273618698120117
-1,9.273618698120117
-1,9.273618698120117
-1,9.273618698120117
-1,9.433980941772461
-1,9.433980941772461
-1,9.433980941772461
-1,9.433980941772461
-1,9.433980941772461
-1,9.433980941772461
-1,9.433980941772461
-1,9.433980941772461
-1,9.433980941772461
-1,9.433980941772461
-1,9.433980941772461
-1,9.486832618713379
-1,9.486832618713379
-1,9.539392471313477
-1,9.69536018371582
-1,9.69536018371582
-1,9.69536018371582
-1,9.848857879638672
-1,9.848857879638672
-1,9.848857879638672
-1,9.848857879638672
-1,9.848857879638672
-1,9.899495124816895
-1,9.899495124816895
-1,9.899495124816895
-1,9.949873924255371
-1,9.949873924255371
-1,10
-1,10
-1,10
-1,10.049875259399414
-1,10.049875259399414
-1,10.049875259399414
-1,10.24695110321045
-1,10.24695110321045
-1,10.344079971313477
-1,10.344079971313477
-1,10.392304420471191
-1,10.440306663513184
-1,10.488088607788086
-1,10.630146026611328
-1,10.677078247070313
-1,10.72380542755127
-1,10.770329475402832
-1,10.770329475402832
-1,10.770329475402832
-1,10.816654205322266
-1,10.816654205322266
-1,10.816654205322266
-1,10.816654205322266
-1,10.954451560974121
-1,11
-1,11.045360565185547
-1,11.045360565185547
-1,11.180339813232422
-1,11.180339813232422
-1,11.357816696166992
-1,11.401754379272461
-1,11.401754379272461
-1,11.445523262023926
-1,11.445523262023926
-1,11.445523262023926
-1,11.532562255859375
-1,11.575837135314941
-1,11.575837135314941
-1,12.041594505310059
-1,12.165525436401367
-1,12.328827857971191
-1,12.328827857971191
-1,12.369317054748535
-1,12.369317054748535
-1,12.569805145263672
-1,12.884099006652832
-1,13.03840446472168
-1,13.114876747131348
-1,13.152946472167969
-1,13.190905570983887
-1,13.416407585144043
-1,13.416407585144043
-1,13.490737915039063
-1,13.490737915039063
-1,13.56466007232666
-1,13.747727394104004
-1,13.747727394104004
-1,13.928388595581055
-1,13.928388595581055
-1,14
-1,14.142135620117188
-1,14.177447319030762
-1,14.21267032623291
-1,14.21267032623291
-1,14.247806549072266
-1,14.317821502685547
-1,14.352700233459473
-1,14.491376876831055
-1,14.966629981994629
-1,14.966629981994629
-1,15.132745742797852
-1,15.165750503540039
-1,15.394804000854492
-1,15.68438720703125
-1,15.81138801574707
-1,16.031219482421875
-1,16.34013557434082
-1,16.552946090698242
-1,16.552946090698242
-1,16.552946090698242
-1,16.552946090698242
-1,16.733200073242188
-1,17.14642906188965
-1,17.34935188293457
-1,17.34935188293457
-1,17.549928665161133
-1,17.804492950439453
-1,17.916473388671875
-1,18.357559204101563
-1,19
-1,19.209373474121094
-1,19.209373474121094
-1,20.02498435974121
-1,24.26932144165039
-1,25.865034103393555
1,inf
1,inf
1,inf
1,inf
1,1.4142135381698608
1,1.4142135381698608
1,1.4142135381698608
1,1.4142135381698608
1,1.4142135381698608
1,1.4142135381698608
1,1.4142135381698608
1,1.4142135381698608
1,1.4142135381698608
1,1.4142135381698608
1,1.4142135381698608
1,1.4142135381698608
1,1.4142135381698608
1,1.4142135381698608
1,1.4142135381698608
1,1.4142135381698608
1,1.4142135381698608
1,1.4142135381698608
1,1.4142135381698608
1,1.4142135381698608
1,1.4142135381698608
1,1.4142135381698608
1,1.4142135381698608
1,1.4142135381698608
1,1.4142135381698608
1,1.4142135381698608
1,1.4142135381698608
1,1.4142135381698608
1,1.4142135381698608
1,1.4142135381698608
1,1.4142135381698608
1,1.4142135381698608
1,1.4142135381698608
1,1.4142135381698608
1,1.4142135381698608
1,1.4142135381698608
1,1.4142135381698608
1,1.4142135381698608
1,1.4142135381698608
1,1.4142135381698608
1,1.4142135381698608
1,1.4142135381698608
1,1.4142135381698608
1,1.4142135381698608
1,1.4142135381698608
1,1.4142135381698608
1,1.4142135381698608
1,1.4142135381698608
1,1.4142135381698608
1,1.4142135381698608
1,1.4142135381698608
1,1.4142135381698608
1,1.4142135381698608
1,1.4142135381698608
1,1.4142135381698608
1,1.4142135381698608
1,1.4142135381698608
1,1.4142135381698608
1,1.4142135381698608
1,1.4142135381698608
1,1.4142135381698608
1,1.4142135381698608
1,1.4142135381698608
1,1.4142135381698608
1,1.4142135381698608
1,1.4142135381698608
1,1.7320507764816284
1,1.7320507764816284
1,1.7320507764816284
1,1.7320507764816284
1,1.7320507764816284
1,1.7320507764816284
1,1.7320507764816284
1,1.7320507764816284
1,1.7320507764816284
1,1.7320507764816284
1,1.7320507764816284
1,1.7320507764816284
1,1.7320507764816284
1,1.7320507764816284
1,1.7320507764816284
1,1.7320507764816284
1,1.7320507764816284
1,1.7320507764816284
1,1.7320507764816284
1,1.7320507764816284
1,2
1,2
1,2
1,2
1,2
1,2
1,2
1,2
1,2
1,2
1,2
1,2
1,2
1,2
1,2
1,2
1,2
1,2
1,2
1,2
1,2
1,2
1,2
1,2
1,2
1,2
1,2
1,2
1,2
1,2
1,2
1,2
1,2
1,2
1,2
1,2
1,2
1,2.2360680103302
1,2.2360680103302
1,2.2360680103302
1,2.2360680103302
1,2.2360680103302
1,2.2360680103302
1,2.2360680103302
1,2.2360680103302
1,2.2360680103302
1,2.2360680103302
1,2.2360680103302
1,2.2360680103302
1,2.2360680103302
1,2.2360680103302
1,2.2360680103302
1,2.2360680103302
1,2.2360680103302
1,2.2360680103302
1,2.2360680103302
1,2.2360680103302
1,2.2360680103302
1,2.2360680103302
1,2.2360680103302
1,2.2360680103302
1,2.2360680103302
1,2.2360680103302
1,2.2360680103302
1,2.2360680103302
1,2.2360680103302
1,2.2360680103302
1,2.2360680103302
1,2.2360680103302
1,2.2360680103302
1,2.2360680103302
1,2.2360680103302
1,2.2360680103302
1,2.2360680103302
1,2.2360680103302
1,2.2360680103302
1,2.2360680103302
1,2.2360680103302
1,2.2360680103302
1,2.4494898319244385
1,2.4494898319244385
1,2.4494898319244385
1,2.4494898319244385
1,2.4494898319244385
1,2.4494898319244385
1,2.4494898319244385
1,2.4494898319244385
1,2.4494898319244385
1,2.4494898319244385
1,2.4494898319244385
1,2.4494898319244385
1,2.4494898319244385
1,2.4494898319244385
1,2.4494898319244385
1,2.4494898319244385
1,2.4494898319244385
1,2.4494898319244385
1,2.8284270763397217
1,2.8284270763397217
1,2.8284270763397217
1,2.8284270763397217
1,2.8284270763397217
1,2.8284270763397217
1,2.8284270763397217
1,2.8284270763397217
1,2.8284270763397217
1,2.8284270763397217
1,2.8284270763397217
1,2.8284270763397217
1,2.8284270763397217
1,2.8284270763397217
1,2.8284270763397217
1,2.8284270763397217
1,2.8284270763397217
1,2.8284270763397217
1,2.8284270763397217
1,2.8284270763397217
1,2.8284270763397217
1,2.8284270763397217
1,3
1,3
1,3
1,3
1,3
1,3
1,3
1,3
1,3
1,3
1,3
1,3
1,3
1,3
1,3
1,3
1,3
1,3
1,3
1,3
1,3
1,3
1,3
1,3
1,3
1,3
1,3
1,3
1,3
1,3
1,3.1622776985168457
1,3.1622776985168457
1,3.1622776985168457
1,3.1622776985168457
1,3.1622776985168457
1,3.1622776985168457
1,3.1622776985168457
1,3.1622776985168457
1,3.1622776985168457
1,3.1622776985168457
1,3.1622776985168457
1,3.1622776985168457
1,3.1622776985168457
1,3.1622776985168457
1,3.1622776985168457
1,3.1622776985168457
1,3.1622776985168457
1,3.1622776985168457
1,3.1622776985168457
1,3.1622776985168457
1,3.1622776985168457
1,3.1622776985168457
1,3.316624879837036
1,3.316624879837036
1,3.316624879837036
1,3.316624879837036
1,3.316624879837036
1,3.316624879837036
1,3.316624879837036
1,3.316624879837036
1,3.464101552963257
1,3.464101552963257
1,3.464101552963257
1,3.464101552963257
1,3.464101552963257
1,3.464101552963257
1,3.605551242828369
1,3.605551242828369
1,3.605551242828369
1,3.605551242828369
1,3.605551242828369
1,3.605551242828369
1,3.605551242828369
1,3.605551242828369
1,3.605551242828369
1,3.605551242828369
1,3.605551242828369
1,3.605551242828369
1,3.605551242828369
1,3.605551242828369
1,3.605551242828369
1,3.605551242828369
1,3.605551242828369
1,3.605551242828369
1,3.605551242828369
1,3.605551242828369
1,3.605551242828369
1,3.605551242828369
1,3.605551242828369
1,3.7416574954986572
1,3.7416574954986572
1,3.7416574954986572
1,3.7416574954986572
1,3.7416574954986572
1,3.7416574954986572
1,3.7416574954986572
1,3.7416574954986572
1,3.7416574954986572
1,3.7416574954986572
1,3.7416574954986572
1,3.7416574954986572
1,3.7416574954986572
1,3.7416574954986572
1,4
1,4
1,4
1,4
1,4
1,4
1,4
1,4
1,4
1,4
1,4.123105525970459
1,4.123105525970459
1,4.123105525970459
1,4.123105525970459
1,4.123105525970459
1,4.123105525970459
1,4.123105525970459
1,4.123105525970459
1,4.123105525970459
1,4.123105525970459
1,4.123105525970459
1,4.123105525970459
1,4.123105525970459
1,4.123105525970459
1,4.123105525970459
1,4.123105525970459
1,4.123105525970459
1,4.242640495300293
1,4.242640495300293
1,4.242640495300293
1,4.242640495300293
1,4.242640495300293
1,4.242640495300293
1,4.242640495300293
1,4.242640495300293
1,4.242640495300293
1,4.242640495300293
1,4.242640495300293
1,4.242640495300293
1,4.242640495300293
1,4.242640495300293
1,4.242640495300293
1,4.242640495300293
1,4.242640495300293
1,4.242640495300293
1,4.242640495300293
1,4.242640495300293
1,4.358899116516113
1,4.358899116516113
1,4.358899116516113
1,4.358899116516113
1,4.358899116516113
1,4.358899116516113
1,4.4721360206604
1,4.4721360206604
1,4.4721360206604
1,4.4721360206604
1,4.4721360206604
1,4.4721360206604
1,4.4721360206604
1,4.4721360206604
1,4.4721360206604
1,4.4721360206604
1,4.4721360206604
1,4.4721360206604
1,4.4721360206604
1,4.582575798034668
1,4.582575798034668
1,4.582575798034668
1,4.582575798034668
1,4.582575798034668
1,4.582575798034668
1,4.582575798034668
1,4.582575798034668
1,4.582575798034668
1,4.582575798034668
1,4.690415859222412
1,4.690415859222412
1,4.690415859222412
1,4.690415859222412
1,4.690415859222412
1,4.690415859222412
1,4.690415859222412
1,4.690415859222412
1,4.898979663848877
1,4.898979663848877
1,4.898979663848877
1,4.898979663848877
1,4.898979663848877
1,4.898979663848877
1,4.898979663848877
1,5
1,5
1,5
1,5
1,5
1,5
1,5
1,5
1,5
1,5
1,5
1,5
1,5
1,5
1,5
1,5
1,5
1,5
1,5
1,5
1,5
1,5
1,5
1,5.099019527435303
1,5.099019527435303
1,5.099019527435303
1,5.099019527435303
1,5.099019527435303
1,5.099019527435303
1,5.099019527435303
1,5.099019527435303
1,5.099019527435303
1,5.099019527435303
1,5.099019527435303
1,5.099019527435303
1,5.099019527435303
1,5.099019527435303
1,5.099019527435303
1,5.099019527435303
1,5.099019527435303
1,5.099019527435303
1,5.099019527435303
1,5.099019527435303
1,5.099019527435303
1,5.099019527435303
1,5.196152210235596
1,5.196152210235596
1,5.196152210235596
1,5.196152210235596
1,5.196152210235596
1,5.196152210235596
1,5.196152210235596
1,5.196152210235596
1,5.196152210235596
1,5.196152210235596
1,5.196152210235596
1,5.196152210235596
1,5.385164737701416
1,5.385164737701416
1,5.385164737701416
1,5.385164737701416
1,5.385164737701416
1,5.385164737701416
1,5.385164737701416
1,5.385164737701416
1,5.385164737701416
1,5.385164737701416
1,5.385164737701416
1,5.385164737701416
1,5.385164737701416
1,5.385164737701416
1,5.385164737701416
1,5.385164737701416
1,5.385164737701416
1,5.4772257804870605
1,5.4772257804870605
1,5.4772257804870605
1,5.4772257804870605
1,5.4772257804870605
1,5.656854152679443
1,5.656854152679443
1,5.656854152679443
1,5.656854152679443
1,5.656854152679443
1,5.656854152679443
1,5.656854152679443
1,5.74456262588501
1,5.74456262588501
1,5.74456262588501
1,5.74456262588501
1,5.74456262588501
1,5.74456262588501
1,5.74456262588501
1,5.74456262588501
1,5.830951690673828
1,5.830951690673828
1,5.830951690673828
1,5.830951690673828
1,5.830951690673828
1,5.830951690673828
1,5.830951690673828
1,5.830951690673828
1,5.830951690673828
1,5.830951690673828
1,5.830951690673828
1,5.830951690673828
1,5.830951690673828
1,5.830951690673828
1,5.830951690673828
1,5.830951690673828
1,5.916079998016357
1,5.916079998016357
1,5.916079998016357
1,5.916079998016357
1,5.916079998016357
1,5.916079998016357
1,5.916079998016357
1,5.916079998016357
1,5.916079998016357
1,6
1,6
1,6
1,6
1,6
1,6
1,6
1,6
1,6
1,6
1,6
1,6
1,6
1,6.082762718200684
1,6.082762718200684
1,6.082762718200684
1,6.082762718200684
1,6.082762718200684
1,6.082762718200684
1,6.082762718200684
1,6.082762718200684
1,6.082762718200684
1,6.082762718200684
1,6.164413928985596
1,6.164413928985596
1,6.164413928985596
1,6.164413928985596
1,6.164413928985596
1,6.164413928985596
1,6.164413928985596
1,6.164413928985596
1,6.164413928985596
1,6.324555397033691
1,6.324555397033691
1,6.324555397033691
1,6.324555397033691
1,6.324555397033691
1,6.324555397033691
1,6.324555397033691
1,6.324555397033691
1,6.324555397033691
1,6.324555397033691
1,6.324555397033691
1,6.324555397033691
1,6.324555397033691
1,6.4031243324279785
1,6.4031243324279785
1,6.4031243324279785
1,6.4031243324279785
1,6.4031243324279785
1,6.4031243324279785
1,6.4031243324279785
1,6.4031243324279785
1,6.4031243324279785
1,6.4031243324279785
1,6.4031243324279785
1,6.4031243324279785
1,6.4031243324279785
1,6.4031243324279785
1,6.4031243324279785
1,6.4031243324279785
1,6.4031243324279785
1,6.4031243324279785
1,6.480740547180176
1,6.480740547180176
1,6.480740547180176
1,6.480740547180176
1,6.480740547180176
1,6.480740547180176
1,6.557438373565674
1,6.557438373565674
1,6.633249759674072
1,6.633249759674072
1,6.633249759674072
1,6.633249759674072
1,6.633249759674072
1,6.633249759674072
1,6.633249759674072
1,6.7082037925720215
1,6.7082037925720215
1,6.7082037925720215
1,6.7082037925720215
1,6.7082037925720215
1,6.7082037925720215
1,6.7082037925720215
1,6.7082037925720215
1,6.7082037925720215
1,6.7082037925720215
1,6.7082037925720215
1,6.7082037925720215
1,6.7082037925720215
1,6.7082037925720215
1,6.7082037925720215
1,6.7082037925720215
1,6.7082037925720215
1,6.7082037925720215
1,6.7082037925720215
1,6.7082037925720215
1,6.7082037925720215
1,6.7082037925720215
1,6.7082037925720215
1,6.78233003616333
1,6.78233003616333
1,6.78233003616333
1,6.928203105926514
1,7
1,7
1,7
1,7
1,7
1,7
1,7
1,7
1,7
1,7
1,7
1,7
1,7
1,7
1,7
1,7
1,7.071067810058594
1,7.071067810058594
1,7.071067810058594
1,7.071067810058594
1,7.071067810058594
1,7.071067810058594
1,7.071067810058594
1,7.071067810058594
1,7.071067810058594
1,7.071067810058594
1,7.071067810058594
1,7.071067810058594
1,7.141428470611572
1,7.211102485656738
1,7.211102485656738
1,7.211102485656738
1,7.211102485656738
1,7.211102485656738
1,7.211102485656738
1,7.280109882354736
1,7.280109882354736
1,7.280109882354736
1,7.280109882354736
1,7.280109882354736
1,7.280109882354736
1,7.280109882354736
1,7.280109882354736
1,7.280109882354736
1,7.280109882354736
1,7.280109882354736
1,7.280109882354736
1,7.280109882354736
1,7.348469257354736
1,7.348469257354736
1,7.348469257354736
1,7.348469257354736
1,7.348469257354736
1,7.348469257354736
1,7.348469257354736
1,7.348469257354736
1,7.348469257354736
1,7.348469257354736
1,7.348469257354736
1,7.348469257354736
1,7.348469257354736
1,7.4833149909973145
1,7.4833149909973145
1,7.4833149909973145
1,7.4833149909973145
1,7.549834251403809
1,7.549834251403809
1,7.549834251403809
1,7.549834251403809
1,7.549834251403809
1,7.549834251403809
1,7.549834251403809
1,7.549834251403809
1,7.6157732009887695
1,7.6157732009887695
1,7.6157732009887695
1,7.681145668029785
1,7.681145668029785
1,7.681145668029785
1,7.681145668029785
1,7.681145668029785
1,7.8102498054504395
1,7.8102498054504395
1,7.8102498054504395
1,7.8102498054504395
1,7.8102498054504395
1,7.8102498054504395
1,7.8102498054504395
1,7.8102498054504395
1,7.8102498054504395
1,7.8102498054504395
1,7.874007701873779
1,7.874007701873779
1,8
1,8
1,8
1,8
1,8
1,8.062257766723633
1,8.062257766723633
1,8.062257766723633
1,8.062257766723633
1,8.062257766723633
1,8.124038696289063
1,8.124038696289063
1,8.124038696289063
1,8.124038696289063
1,8.124038696289063
1,8.124038696289063
1,8.185352325439453
1,8.185352325439453
1,8.246211051940918
1,8.246211051940918
1,8.246211051940918
1,8.306623458862305
1,8.306623458862305
1,8.306623458862305
1,8.306623458862305
1,8.306623458862305
1,8.306623458862305
1,8.306623458862305
1,8.306623458862305
1,8.306623458862305
1,8.366600036621094
1,8.366600036621094
1,8.366600036621094
1,8.366600036621094
1,8.366600036621094
1,8.366600036621094
1,8.366600036621094
1,8.485280990600586
1,8.485280990600586
1,8.485280990600586
1,8.485280990600586
1,8.5440034866333
1,8.5440034866333
1,8.5440034866333
1,8.5440034866333
1,8.5440034866333
1,8.602325439453125
1,8.602325439453125
1,8.602325439453125
1,8.602325439453125
1,8.602325439453125
1,8.602325439453125
1,8.66025447845459
1,8.66025447845459
1,8.66025447845459
1,8.717798233032227
1,8.717798233032227
1,8.717798233032227
1,8.774964332580566
1,8.774964332580566
1,8.774964332580566
1,8.774964332580566
1,8.774964332580566
1,8.9442720413208
1,8.9442720413208
1,8.9442720413208
1,8.9442720413208
1,9
1,9
1,9
1,9
1,9
1,9.05538558959961
1,9.05538558959961
1,9.05538558959961
1,9.110433578491211
1,9.110433578491211
1,9.165151596069336
1,9.219544410705566
1,9.219544410705566
1,9.219544410705566
1,9.273618698120117
1,9.273618698120117
1,9.433980941772461
1,9.433980941772461
1,9.433980941772461
1,9.433980941772461
1,9.433980941772461
1,9.433980941772461
1,9.433980941772461
1,9.486832618713379
1,9.486832618713379
1,9.486832618713379
1,9.486832618713379
1,9.486832618713379
1,9.486832618713379
1,9.539392471313477
1,9.643651008605957
1,9.643651008605957
1,9.643651008605957
1,9.69536018371582
1,9.848857879638672
1,9.848857879638672
1,9.848857879638672
1,9.848857879638672
1,9.899495124816895
1,9.899495124816895
1,9.899495124816895
1,10
1,10
1,10
1,10
1,10
1,10.049875259399414
1,10.049875259399414
1,10.049875259399414
1,10.049875259399414
1,10.049875259399414
1,10.049875259399414
1,10.049875259399414
1,10.198039054870605
1,10.198039054870605
1,10.344079971313477
1,10.440306663513184
1,10.440306663513184
1,10.440306663513184
1,10.488088607788086
1,10.630146026611328
1,10.630146026611328
1,10.677078247070313
1,10.770329475402832
1,10.816654205322266
1,10.816654205322266
1,10.816654205322266
1,11
1,11
1,11
1,11.045360565185547
1,11.090536117553711
1,11.180339813232422
1,11.180339813232422
1,11.180339813232422
1,11.180339813232422
1,11.224971771240234
1,11.224971771240234
1,11.224971771240234
1,11.313708305358887
1,11.357816696166992
1,11.401754379272461
1,11.48912525177002
1,11.575837135314941
1,11.661903381347656
1,11.704699516296387
1,11.704699516296387
1,11.747340202331543
1,11.789826393127441
1,12
1,12.206555366516113
1,12.247448921203613
1,12.369317054748535
1,12.409673690795898
1,12.529964447021484
1,12.649110794067383
1,12.688577651977539
1,12.688577651977539
1,12.727922439575195
1,12.727922439575195
1,12.767145156860352
1,12.961481094360352
1,13
1,13.152946472167969
1,13.379088401794434
1,13.379088401794434
1,13.416407585144043
1,13.601470947265625
1,13.638181686401367
1,13.747727394104004
1,13.784049034118652
1,13.892443656921387
1,13.928388595581055
1,13.928388595581055
1,13.964240074157715
1,14.177447319030762
1,14.317821502685547
1,14.456831932067871
1,14.491376876831055
1,14.525838851928711
1,14.59451961517334
1,14.628738403320313
1,14.764822959899902
1,14.866068840026855
1,15
1,15.066518783569336
1,15.165750503540039
1,15.264337539672852
1,15.29705810546875
1,15.29705810546875
1,15.842979431152344
1,15.937376976013184
1,16.093477249145508
1,16.309507369995117
1,16.552946090698242
1,16.76305389404297
1,16.911535263061523
1,17.029386520385742
1,17.233688354492188
1,17.291616439819336
1,17.435596466064453
1,17.916473388671875
1,18.384777069091797
1,18.41195297241211
1,18.6279354095459
1,19.10497283935547
1.4142135381698608,inf
1.4142135381698608,inf
1.4142135381698608,inf
1.4142135381698608,1.7320507764816284
1.4142135381698608,1.7320507764816284
1.4142135381698608,1.7320507764816284
1.4142135381698608,1.7320507764816284
1.4142135381698608,1.7320507764816284
1.4142135381698608,1.7320507764816284
1.4142135381698608,1.7320507764816284
1.4142135381698608,1.7320507764816284
1.4142135381698608,1.7320507764816284
1.4142135381698608,1.7320507764816284
1.4142135381698608,1.7320507764816284
1.4142135381698608,1.7320507764816284
1.4142135381698608,1.7320507764816284
1.4142135381698608,1.7320507764816284
1.4142135381698608,1.7320507764816284
1.4142135381698608,1.7320507764816284
1.4142135381698608,2
1.4142135381698608,2
1.4142135381698608,2
1.4142135381698608,2
1.4142135381698608,2
1.4142135381698608,2
1.4142135381698608,2
1.4142135381698608,2
1.4142135381698608,2
1.4142135381698608,2
1.4142135381698608,2
1.4142135381698608,2
1.4142135381698608,2
1.4142135381698608,2
1.4142135381698608,2
1.4142135381698608,2
1.4142135381698608,2
1.4142135381698608,2
1.4142135381698608,2
1.4142135381698608,2
1.4142135381698608,2
1.4142135381698608,2
1.4142135381698608,2
1.4142135381698608,2
1.4142135381698608,2
1.4142135381698608,2
1.4142135381698608,2
1.4142135381698608,2
1.4142135381698608,2
1.4142135381698608,2
1.4142135381698608,2
1.4142135381698608,2
1.4142135381698608,2
1.4142135381698608,2
1.4142135381698608,2
1.4142135381698608,2
1.4142135381698608,2
1.4142135381698608,2
1.4142135381698608,2
1.4142135381698608,2
1.4142135381698608,2
1.4142135381698608,2
1.4142135381698608,2.2360680103302
1.4142135381698608,2.2360680103302
1.4142135381698608,2.2360680103302
1.4142135381698608,2.2360680103302
1.4142135381698608,2.2360680103302
1.4142135381698608,2.2360680103302
1.4142135381698608,2.2360680103302
1.4142135381698608,2.2360680103302
1.4142135381698608,2.2360680103302
1.4142135381698608,2.2360680103302
1.4142135381698608,2.2360680103302
1.4142135381698608,2.2360680103302
1.4142135381698608,2.2360680103302
1.4142135381698608,2.2360680103302
1.4142135381698608,2.2360680103302
1.4142135381698608,2.2360680103302
1.4142135381698608,2.2360680103302
1.4142135381698608,2.2360680103302
1.4142135381698608,2.2360680103302
1.4142135381698608,2.2360680103302
1.4142135381698608,2.2360680103302
1.4142135381698608,2.2360680103302
1.4142135381698608,2.2360680103302
1.4142135381698608,2.2360680103302
1.4142135381698608,2.2360680103302
1.4142135381698608,2.2360680103302
1.4142135381698608,2.2360680103302
1.4142135381698608,2.2360680103302
1.4142135381698608,2.2360680103302
1.4142135381698608,2.2360680103302
1.4142135381698608,2.2360680103302
1.4142135381698608,2.2360680103302
1.4142135381698608,2.2360680103302
1.4142135381698608,2.2360680103302
1.4142135381698608,2.2360680103302
1.4142135381698608,2.2360680103302
1.4142135381698608,2.2360680103302
1.4142135381698608,2.2360680103302
1.4142135381698608,2.2360680103302
1.4142135381698608,2.2360680103302
1.4142135381698608,2.2360680103302
1.4142135381698608,2.2360680103302
1.4142135381698608,2.2360680103302
1.4142135381698608,2.2360680103302
1.4142135381698608,2.2360680103302
1.4142135381698608,2.2360680103302
1.4142135381698608,2.2360680103302
1.4142135381698608,2.2360680103302
1.4142135381698608,2.2360680103302
1.4142135381698608,2.4494898319244385
1.4142135381698608,2.4494898319244385
1.4142135381698608,2.4494898319244385
1.4142135381698608,2.4494898319244385
1.4142135381698608,2.4494898319244385
1.4142135381698608,2.4494898319244385
1.4142135381698608,2.4494898319244385
1.4142135381698608,2.4494898319244385
1.4142135381698608,2.4494898319244385
1.4142135381698608,2.4494898319244385
1.4142135381698608,2.4494898319244385
1.4142135381698608,2.4494898319244385
1.4142135381698608,2.4494898319244385
1.4142135381698608,2.4494898319244385
1.4142135381698608,2.4494898319244385
1.4142135381698608,2.4494898319244385
1.4142135381698608,2.4494898319244385
1.4142135381698608,2.4494898319244385
1.4142135381698608,2.4494898319244385
1.4142135381698608,2.4494898319244385
1.4142135381698608,2.4494898319244385
1.4142135381698608,2.4494898319244385
1.4142135381698608,2.4494898319244385
1.4142135381698608,2.4494898319244385
1.4142135381698608,2.4494898319244385
1.4142135381698608,2.4494898319244385
1.4142135381698608,2.4494898319244385
1.4142135381698608,2.4494898319244385
1.4142135381698608,2.8284270763397217
1.4142135381698608,2.8284270763397217
1.4142135381698608,2.8284270763397217
1.4142135381698608,2.8284270763397217
1.4142135381698608,2.8284270763397217
1.4142135381698608,2.8284270763397217
1.4142135381698608,2.8284270763397217
1.4142135381698608,2.8284270763397217
1.4142135381698608,2.8284270763397217
1.4142135381698608,2.8284270763397217
1.4142135381698608,2.8284270763397217
1.4142135381698608,2.8284270763397217
1.4142135381698608,2.8284270763397217
1.4142135381698608,2.8284270763397217
1.4142135381698608,2.8284270763397217
1.4142135381698608,2.8284270763397217
1.4142135381698608,2.8284270763397217
1.4142135381698608,2.8284270763397217
1.4142135381698608,2.8284270763397217
1.4142135381698608,2.8284270763397217
1.4142135381698608,2.8284270763397217
1.4142135381698608,2.8284270763397217
1.4142135381698608,3
1.4142135381698608,3
1.4142135381698608,3
1.4142135381698608,3
1.4142135381698608,3
1.4142135381698608,3
1.4142135381698608,3
1.4142135381698608,3
1.4142135381698608,3
1.4142135381698608,3
1.4142135381698608,3
1.4142135381698608,3
1.4142135381698608,3
1.4142135381698608,3
1.4142135381698608,3
1.4142135381698608,3
1.4142135381698608,3
1.4142135381698608,3
1.4142135381698608,3.1622776985168457
1.4142135381698608,3.1622776985168457
1.4142135381698608,3.1622776985168457
1.4142135381698608,3.1622776985168457
1.4142135381698608,3.1622776985168457
1.4142135381698608,3.1622776985168457
1.4142135381698608,3.1622776985168457
1.4142135381698608,3.1622776985168457
1.4142135381698608,3.1622776985168457
1.4142135381698608,3.1622776985168457
1.4142135381698608,3.1622776985168457
1.4142135381698608,3.1622776985168457
1.4142135381698608,3.1622776985168457
1.4142135381698608,3.1622776985168457
1.4142135381698608,3.1622776985168457
1.4142135381698608,3.1622776985168457
1.4142135381698608,3.1622776985168457
1.4142135381698608,3.1622776985168457
1.4142135381698608,3.1622776985168457
1.4142135381698608,3.1622776985168457
1.4142135381698608,3.316624879837036
1.4142135381698608,3.316624879837036
1.4142135381698608,3.316624879837036
1.4142135381698608,3.316624879837036
1.4142135381698608,3.316624879837036
1.4142135381698608,3.316624879837036
1.4142135381698608,3.316624879837036
1.4142135381698608,3.316624879837036
1.4142135381698608,3.316624879837036
1.4142135381698608,3.316624879837036
1.4142135381698608,3.316624879837036
1.4142135381698608,3.464101552963257
1.4142135381698608,3.464101552963257
1.4142135381698608,3.464101552963257
1.4142135381698608,3.464101552963257
1.4142135381698608,3.464101552963257
1.4142135381698608,3.605551242828369
1.4142135381698608,3.605551242828369
1.4142135381698608,3.605551242828369
1.4142135381698608,3.605551242828369
1.4142135381698608,3.605551242828369
1.4142135381698608,3.605551242828369
1.4142135381698608,3.605551242828369
1.4142135381698608,3.605551242828369
1.4142135381698608,3.605551242828369
1.4142135381698608,3.605551242828369
1.4142135381698608,3.605551242828369
1.4142135381698608,3.605551242828369
1.4142135381698608,3.605551242828369
1.4142135381698608,3.605551242828369
1.4142135381698608,3.605551242828369
1.4142135381698608,3.605551242828369
1.4142135381698608,3.605551242828369
1.4142135381698608,3.605551242828369
1.4142135381698608,3.605551242828369
1.4142135381698608,3.605551242828369
1.4142135381698608,3.7416574954986572
1.4142135381698608,3.7416574954986572
1.4142135381698608,3.7416574954986572
1.4142135381698608,3.7416574954986572
1.4142135381698608,3.7416574954986572
1.4142135381698608,3.7416574954986572
1.4142135381698608,3.7416574954986572
1.4142135381698608,3.7416574954986572
1.4142135381698608,3.7416574954986572
1.4142135381698608,3.7416574954986572
1.4142135381698608,3.7416574954986572
1.4142135381698608,3.7416574954986572
1.4142135381698608,3.7416574954986572
1.4142135381698608,3.7416574954986572
1.4142135381698608,3.7416574954986572
1.4142135381698608,3.7416574954986572
1.4142135381698608,3.7416574954986572
1.4142135381698608,4
1.4142135381698608,4
1.4142135381698608,4
1.4142135381698608,4
1.4142135381698608,4
1.4142135381698608,4
1.4142135381698608,4
1.4142135381698608,4
1.4142135381698608,4
1.4142135381698608,4
1.4142135381698608,4
1.4142135381698608,4.123105525970459
1.4142135381698608,4.123105525970459
1.4142135381698608,4.123105525970459
1.4142135381698608,4.123105525970459
1.4142135381698608,4.123105525970459
1.4142135381698608,4.123105525970459
1.4142135381698608,4.123105525970459
1.4142135381698608,4.123105525970459
1.4142135381698608,4.123105525970459
1.4142135381698608,4.123105525970459
1.4142135381698608,4.123105525970459
1.4142135381698608,4.123105525970459
1.4142135381698608,4.123105525970459
1.4142135381698608,4.123105525970459
1.4142135381698608,4.123105525970459
1.4142135381698608,4.123105525970459
1.4142135381698608,4.123105525970459
1.4142135381698608,4.123105525970459
1.4142135381698608,4.123105525970459
1.4142135381698608,4.123105525970459
1.4142135381698608,4.123105525970459
1.4142135381698608,4.242640495300293
1.4142135381698608,4.242640495300293
1.4142135381698608,4.242640495300293
1.4142135381698608,4.242640495300293
1.4142135381698608,4.242640495300293
1.4142135381698608,4.242640495300293
1.4142135381698608,4.242640495300293
1.4142135381698608,4.242640495300293
1.4142135381698608,4.242640495300293
1.4142135381698608,4.242640495300293
1.4142135381698608,4.242640495300293
1.4142135381698608,4.242640495300293
1.4142135381698608,4.242640495300293
1.4142135381698608,4.242640495300293
1.4142135381698608,4.242640495300293
1.4142135381698608,4.242640495300293
1.4142135381698608,4.358899116516113
1.4142135381698608,4.358899116516113
1.4142135381698608,4.358899116516113
1.4142135381698608,4.358899116516113
1.4142135381698608,4.358899116516113
1.4142135381698608,4.358899116516113
1.4142135381698608,4.358899116516113
1.4142135381698608,4.4721360206604
1.4142135381698608,4.4721360206604
1.4142135381698608,4.4721360206604
1.4142135381698608,4.4721360206604
1.4142135381698608,4.4721360206604
1.4142135381698608,4.4721360206604
1.4142135381698608,4.4721360206604
1.4142135381698608,4.4721360206604
1.4142135381698608,4.4721360206604
1.4142135381698608,4.4721360206604
1.4142135381698608,4.4721360206604
1.4142135381698608,4.4721360206604
1.4142135381698608,4.582575798034668
1.4142135381698608,4.582575798034668
1.4142135381698608,4.582575798034668
1.4142135381698608,4.582575798034668
1.4142135381698608,4.582575798034668
1.4142135381698608,4.582575798034668
1.4142135381698608,4.582575798034668
1.4142135381698608,4.582575798034668
1.4142135381698608,4.582575798034668
1.4142135381698608,4.582575798034668
1.4142135381698608,4.690415859222412
1.4142135381698608,4.690415859222412
1.4142135381698608,4.690415859222412
1.4142135381698608,4.690415859222412
1.4142135381698608,4.690415859222412
1.4142135381698608,4.690415859222412
1.4142135381698608,4.690415859222412
1.4142135381698608,4.898979663848877
1.4142135381698608,4.898979663848877
1.4142135381698608,4.898979663848877
1.4142135381698608,4.898979663848877
1.4142135381698608,4.898979663848877
1.4142135381698608,4.898979663848877
1.4142135381698608,4.898979663848877
1.4142135381698608,4.898979663848877
1.4142135381698608,4.898979663848877
1.4142135381698608,4.898979663848877
1.4142135381698608,4.898979663848877
1.4142135381698608,5
1.4142135381698608,5
1.4142135381698608,5
1.4142135381698608,5
1.4142135381698608,5
1.4142135381698608,5
1.4142135381698608,5
1.4142135381698608,5
1.4142135381698608,5
1.4142135381698608,5
1.4142135381698608,5
1.4142135381698608,5
1.4142135381698608,5
1.4142135381698608,5
1.4142135381698608,5
1.4142135381698608,5.099019527435303
1.4142135381698608,5.099019527435303
1.4142135381698608,5.099019527435303
1.4142135381698608,5.099019527435303
1.4142135381698608,5.099019527435303
1.4142135381698608,5.099019527435303
1.4142135381698608,5.099019527435303
1.4142135381698608,5.099019527435303
1.4142135381698608,5.099019527435303
1.4142135381698608,5.099019527435303
1.4142135381698608,5.099019527435303
1.4142135381698608,5.099019527435303
1.4142135381698608,5.099019527435303
1.4142135381698608,5.099019527435303
1.4142135381698608,5.099019527435303
1.4142135381698608,5.099019527435303
1.4142135381698608,5.196152210235596
1.4142135381698608,5.196152210235596
1.4142135381698608,5.196152210235596
1.4142135381698608,5.196152210235596
1.4142135381698608,5.196152210235596
1.4142135381698608,5.196152210235596
1.4142135381698608,5.196152210235596
1.4142135381698608,5.196152210235596
1.4142135381698608,5.196152210235596
1.4142135381698608,5.196152210235596
1.4142135381698608,5.385164737701416
1.4142135381698608,5.385164737701416
1.4142135381698608,5.385164737701416
1.4142135381698608,5.385164737701416
1.4142135381698608,5.385164737701416
1.4142135381698608,5.385164737701416
1.4142135381698608,5.385164737701416
1.4142135381698608,5.385164737701416
1.4142135381698608,5.385164737701416
1.4142135381698608,5.385164737701416
1.4142135381698608,5.385164737701416
1.4142135381698608,5.385164737701416
1.4142135381698608,5.385164737701416
1.4142135381698608,5.385164737701416
1.4142135381698608,5.385164737701416
1.4142135381698608,5.385164737701416
1.4142135381698608,5.385164737701416
1.4142135381698608,5.385164737701416
1.4142135381698608,5.385164737701416
1.4142135381698608,5.385164737701416
1.4142135381698608,5.4772257804870605
1.4142135381698608,5.4772257804870605
1.4142135381698608,5.656854152679443
1.4142135381698608,5.656854152679443
1.4142135381698608,5.656854152679443
1.4142135381698608,5.656854152679443
1.4142135381698608,5.656854152679443
1.4142135381698608,5.74456262588501
1.4142135381698608,5.74456262588501
1.4142135381698608,5.74456262588501
1.4142135381698608,5.74456262588501
1.4142135381698608,5.74456262588501
1.4142135381698608,5.74456262588501
1.4142135381698608,5.74456262588501
1.4142135381698608,5.74456262588501
1.4142135381698608,5.74456262588501
1.4142135381698608,5.830951690673828
1.4142135381698608,5.830951690673828
1.4142135381698608,5.830951690673828
1.4142135381698608,5.830951690673828
1.4142135381698608,5.830951690673828
1.4142135381698608,5.830951690673828
1.4142135381698608,5.830951690673828
1.4142135381698608,5.830951690673828
1.4142135381698608,5.830951690673828
1.4142135381698608,5.916079998016357
1.4142135381698608,5.916079998016357
1.4142135381698608,5.916079998016357
1.4142135381698608,5.916079998016357
1.4142135381698608,5.916079998016357
1.4142135381698608,5.916079998016357
1.4142135381698608,5.916079998016357
1.4142135381698608,5.916079998016357
1.4142135381698608,5.916079998016357
1.4142135381698608,6
1.4142135381698608,6
1.4142135381698608,6
1.4142135381698608,6
1.4142135381698608,6
1.4142135381698608,6.082762718200684
1.4142135381698608,6.082762718200684
1.4142135381698608,6.082762718200684
1.4142135381698608,6.082762718200684
1.4142135381698608,6.082762718200684
1.4142135381698608,6.082762718200684
1.4142135381698608,6.164413928985596
1.4142135381698608,6.164413928985596
1.4142135381698608,6.164413928985596
1.4142135381698608,6.164413928985596
1.4142135381698608,6.164413928985596
1.4142135381698608,6.164413928985596
1.4142135381698608,6.164413928985596
1.4142135381698608,6.164413928985596
1.4142135381698608,6.164413928985596
1.4142135381698608,6.164413928985596
1.4142135381698608,6.164413928985596
1.4142135381698608,6.164413928985596
1.4142135381698608,6.164413928985596
1.4142135381698608,6.164413928985596
1.4142135381698608,6.164413928985596
1.4142135381698608,6.324555397033691
1.4142135381698608,6.324555397033691
1.4142135381698608,6.324555397033691
1.4142135381698608,6.324555397033691
1.4142135381698608,6.324555397033691
1.4142135381698608,6.324555397033691
1.4142135381698608,6.324555397033691
1.4142135381698608,6.324555397033691
1.4142135381698608,6.324555397033691
1.4142135381698608,6.4031243324279785
1.4142135381698608,6.4031243324279785
1.4142135381698608,6.4031243324279785
1.4142135381698608,6.4031243324279785
1.4142135381698608,6.4031243324279785
1.4142135381698608,6.4031243324279785
1.4142135381698608,6.4031243324279785
1.4142135381698608,6.4031243324279785
1.4142135381698608,6.4031243324279785
1.4142135381698608,6.4031243324279785
1.4142135381698608,6.4031243324279785
1.4142135381698608,6.480740547180176
1.4142135381698608,6.480740547180176
1.4142135381698608,6.557438373565674
1.4142135381698608,6.557438373565674
1.4142135381698608,6.557438373565674
1.4142135381698608,6.633249759674072
1.4142135381698608,6.633249759674072
1.4142135381698608,6.633249759674072
1.4142135381698608,6.7082037925720215
1.4142135381698608,6.7082037925720215
1.4142135381698608,6.7082037925720215
1.4142135381698608,6.7082037925720215
1.4142135381698608,6.7082037925720215
1.4142135381698608,6.7082037925720215
1.4142135381698608,6.7082037925720215
1.4142135381698608,6.7082037925720215
1.4142135381698608,6.7082037925720215
1.4142135381698608,6.7082037925720215
1.4142135381698608,6.7082037925720215
1.4142135381698608,6.7082037925720215
1.4142135381698608,6.7082037925720215
1.4142135381698608,6.7082037925720215
1.4142135381698608,6.7082037925720215
1.4142135381698608,6.7082037925720215
1.4142135381698608,6.7082037925720215
1.4142135381698608,6.7082037925720215
1.4142135381698608,6.7082037925720215
1.4142135381698608,6.7082037925720215
1.4142135381698608,6.7082037925720215
1.4142135381698608,6.78233003616333
1.4142135381698608,6.78233003616333
1.4142135381698608,6.78233003616333
1.4142135381698608,6.78233003616333
1.4142135381698608,6.78233003616333
1.4142135381698608,6.78233003616333
1.4142135381698608,6.78233003616333
1.4142135381698608,6.78233003616333
1.4142135381698608,6.78233003616333
1.4142135381698608,6.928203105926514
1.4142135381698608,6.928203105926514
1.4142135381698608,7
1.4142135381698608,7
1.4142135381698608,7
1.4142135381698608,7
1.4142135381698608,7
1.4142135381698608,7
1.4142135381698608,7
1.4142135381698608,7
1.4142135381698608,7
1.4142135381698608,7
1.4142135381698608,7
1.4142135381698608,7
1.4142135381698608,7
1.4142135381698608,7
1.4142135381698608,7
1.4142135381698608,7.071067810058594
1.4142135381698608,7.071067810058594
1.4142135381698608,7.071067810058594
1.4142135381698608,7.071067810058594
1.4142135381698608,7.071067810058594
1.4142135381698608,7.071067810058594
1.4142135381698608,7.141428470611572
1.4142135381698608,7.141428470611572
1.4142135381698608,7.211102485656738
1.4142135381698608,7.211102485656738
1.4142135381698608,7.211102485656738
1.4142135381698608,7.211102485656738
1.4142135381698608,7.211102485656738
1.4142135381698608,7.211102485656738
1.4142135381698608,7.211102485656738
1.4142135381698608,7.280109882354736
1.4142135381698608,7.280109882354736
1.4142135381698608,7.280109882354736
1.4142135381698608,7.280109882354736
1.4142135381698608,7.348469257354736
1.4142135381698608,7.348469257354736
1.4142135381698608,7.348469257354736
1.4142135381698608,7.4833149909973145
1.4142135381698608,7.4833149909973145
1.4142135381698608,7.549834251403809
1.4142135381698608,7.549834251403809
1.4142135381698608,7.549834251403809
1.4142135381698608,7.549834251403809
1.4142135381698608,7.549834251403809
1.4142135381698608,7.549834251403809
1.4142135381698608,7.6157732009887695
1.4142135381698608,7.6157732009887695
1.4142135381698608,7.681145668029785
1.4142135381698608,7.681145668029785
1.4142135381698608,7.681145668029785
1.4142135381698608,7.681145668029785
1.4142135381698608,7.681145668029785
1.4142135381698608,7.681145668029785
1.4142135381698608,7.681145668029785
1.4142135381698608,7.681145668029785
1.4142135381698608,7.681145668029785
1.4142135381698608,7.8102498054504395
1.4142135381698608,7.8102498054504395
1.4142135381698608,7.8102498054504395
1.4142135381698608,7.8102498054504395
1.4142135381698608,7.8102498054504395
1.4142135381698608,7.8102498054504395
1.4142135381698608,7.874007701873779
1.4142135381698608,7.874007701873779
1.4142135381698608,7.874007701873779
1.4142135381698608,7.874007701873779
1.4142135381698608,7.874007701873779
1.4142135381698608,7.874007701873779
1.4142135381698608,7.874007701873779
1.4142135381698608,7.874007701873779
1.4142135381698608,8
1.4142135381698608,8
1.4142135381698608,8
1.4142135381698608,8.062257766723633
1.4142135381698608,8.062257766723633
1.4142135381698608,8.062257766723633
1.4142135381698608,8.062257766723633
1.4142135381698608,8.062257766723633
1.4142135381698608,8.062257766723633
1.4142135381698608,8.062257766723633
1.4142135381698608,8.062257766723633
1.4142135381698608,8.062257766723633
1.4142135381698608,8.124038696289063
1.4142135381698608,8.124038696289063
1.4142135381698608,8.124038696289063
1.4142135381698608,8.185352325439453
1.4142135381698608,8.185352325439453
1.4142135381698608,8.246211051940918
1.4142135381698608,8.246211051940918
1.4142135381698608,8.246211051940918
1.4142135381698608,8.246211051940918
1.4142135381698608,8.246211051940918
1.4142135381698608,8.246211051940918
1.4142135381698608,8.246211051940918
1.4142135381698608,8.306623458862305
1.4142135381698608,8.306623458862305
1.4142135381698608,8.366600036621094
1.4142135381698608,8.485280990600586
1.4142135381698608,8.485280990600586
1.4142135381698608,8.485280990600586
1.4142135381698608,8.485280990600586
1.4142135381698608,8.5440034866333
1.4142135381698608,8.5440034866333
1.4142135381698608,8.5440034866333
1.4142135381698608,8.5440034866333
1.4142135381698608,8.602325439453125
1.4142135381698608,8.602325439453125
1.4142135381698608,8.602325439453125
1.4142135381698608,8.602325439453125
1.4142135381698608,8.602325439453125
1.4142135381698608,8.66025447845459
1.4142135381698608,8.66025447845459
1.4142135381698608,8.717798233032227
1.4142135381698608,8.774964332580566
1.4142135381698608,8.774964332580566
1.4142135381698608,8.774964332580566
1.4142135381698608,8.83176040649414
1.4142135381698608,8.9442720413208
1.4142135381698608,9
1.4142135381698608,9
1.4142135381698608,9
1.4142135381698608,9
1.4142135381698608,9
1.4142135381698608,9.05538558959961
1.4142135381698608,9.110433578491211
1.4142135381698608,9.165151596069336
1.4142135381698608,9.219544410705566
1.4142135381698608,9.219544410705566
1.4142135381698608,9.219544410705566
1.4142135381698608,9.273618698120117
1.4142135381698608,9.273618698120117
1.4142135381698608,9.273618698120117
1.4142135381698608,9.273618698120117
1.4142135381698608,9.273618698120117
1.4142135381698608,9.433980941772461
1.4142135381698608,9.433980941772461
1.4142135381698608,9.433980941772461
1.4142135381698608,9.433980941772461
1.4142135381698608,9.486832618713379
1.4142135381698608,9.486832618713379
1.4142135381698608,9.643651008605957
1.4142135381698608,9.69536018371582
1.4142135381698608,9.848857879638672
1.4142135381698608,9.848857879638672
1.4142135381698608,9.848857879638672
1.4142135381698608,9.848857879638672
1.4142135381698608,9.899495124816895
1.4142135381698608,9.899495124816895
1.4142135381698608,9.899495124816895
1.4142135381698608,9.949873924255371
1.4142135381698608,10
1.4142135381698608,10.049875259399414
1.4142135381698608,10.049875259399414
1.4142135381698608,10.099504470825195
1.4142135381698608,10.198039054870605
1.4142135381698608,10.198039054870605
1.4142135381698608,10.24695110321045
1.4142135381698608,10.24695110321045
1.4142135381698608,10.344079971313477
1.4142135381698608,10.344079971313477
1.4142135381698608,10.440306663513184
1.4142135381698608,10.630146026611328
1.4142135381698608,10.630146026611328
1.4142135381698608,10.630146026611328
1.4142135381698608,10.677078247070313
1.4142135381698608,10.677078247070313
1.4142135381698608,10.677078247070313
1.4142135381698608,10.677078247070313
1.4142135381698608,10.677078247070313
1.4142135381698608,10.816654205322266
1.4142135381698608,10.816654205322266
1.4142135381698608,10.954451560974121
1.4142135381698608,11
1.4142135381698608,11.045360565185547
1.4142135381698608,11.090536117553711
1.4142135381698608,11.180339813232422
1.4142135381698608,11.357816696166992
1.4142135381698608,11.401754379272461
1.4142135381698608,11.445523262023926
1.4142135381698608,11.575837135314941
1.4142135381698608,11.575837135314941
1.4142135381698608,11.661903381347656
1.4142135381698608,11.661903381347656
1.4142135381698608,11.789826393127441
1.4142135381698608,11.789826393127441
1.4142135381698608,12.083045959472656
1.4142135381698608,12.206555366516113
1.4142135381698608,12.206555366516113
1.4142135381698608,12.206555366516113
1.4142135381698608,12.247448921203613
1.4142135381698608,12.247448921203613
1.4142135381698608,12.529964447021484
1.4142135381698608,12.806248664855957
1.4142135381698608,12.806248664855957
1.4142135381698608,13.152946472167969
1.4142135381698608,13.190905570983887
1.4142135381698608,13.266499519348145
1.4142135381698608,13.34166431427002
1.4142135381698608,13.379088401794434
1.4142135381698608,13.45362377166748
1.4142135381698608,13.490737915039063
1.4142135381698608,13.747727394104004
1.4142135381698608,14.177447319030762
1.4142135381698608,14.317821502685547
1.4142135381698608,14.352700233459473
1.4142135381698608,14.422204971313477
1.4142135381698608,14.456831932067871
1.4142135381698608,14.456831932067871
1.4142135381698608,14.966629981994629
1.4142135381698608,15
1.4142135381698608,15.066518783569336
1.4142135381698608,15.099668502807617
1.4142135381698608,15.165750503540039
1.4142135381698608,15.329710006713867
1.4142135381698608,15.524174690246582
1.4142135381698608,15.524174690246582
1.4142135381698608,15.55634880065918
1.4142135381698608,15.779733657836914
1.4142135381698608,16.0623779296875
1.4142135381698608,16.093477249145508
1.4142135381698608,16.552946090698242
1.4142135381698608,16.733200073242188
1.4142135381698608,17.233688354492188
1.4142135381698608,22.315914154052734
2,inf
2,inf
2,inf
2,inf
2,inf
2,inf
2,inf
2,inf
2,inf
2,inf
2,2.2360680103302
2,2.2360680103302
2,2.2360680103302
2,2.2360680103302
2,2.2360680103302
2,2.2360680103302
2,2.2360680103302
2,2.2360680103302
2,2.2360680103302
2,2.2360680103302
2,2.2360680103302
2,2.2360680103302
2,2.2360680103302
2,2.2360680103302
2,2.2360680103302
2,2.2360680103302
2,2.2360680103302
2,2.2360680103302
2,2.2360680103302
2,2.2360680103302
2,2.2360680103302
2,2.2360680103302
2,2.2360680103302
2,2.2360680103302
2,2.2360680103302
2,2.2360680103302
2,2.2360680103302
2,2.2360680103302
2,2.2360680103302
2,2.2360680103302
2,2.2360680103302
2,2.2360680103302
2,2.2360680103302
2,2.2360680103302
2,2.2360680103302
2,2.4494898319244385
2,2.4494898319244385
2,2.4494898319244385
2,2.4494898319244385
2,2.4494898319244385
2,2.8284270763397217
2,2.8284270763397217
2,2.8284270763397217
2,2.8284270763397217
2,2.8284270763397217
2,2.8284270763397217
2,2.8284270763397217
2,2.8284270763397217
2,3
2,3
2,3
2,3
2,3
2,3
2,3
2,3
2,3
2,3.1622776985168457
2,3.1622776985168457
2,3.1622776985168457
2,3.1622776985168457
2,3.1622776985168457
2,3.1622776985168457
2,3.1622776985168457
2,3.316624879837036
2,3.316624879837036
2,3.316624879837036
2,3.316624879837036
2,3.316624879837036
2,3.316624879837036
2,3.316624879837036
2,3.464101552963257
2,3.464101552963257
2,3.464101552963257
2,3.464101552963257
2,3.464101552963257
2,3.464101552963257
2,3.464101552963257
2,3.464101552963257
2,3.464101552963257
2,3.464101552963257
2,3.605551242828369
2,3.605551242828369
2,3.605551242828369
2,3.605551242828369
2,3.605551242828369
2,3.7416574954986572
2,3.7416574954986572
2,3.7416574954986572
2,3.7416574954986572
2,3.7416574954986572
2,3.7416574954986572
2,3.7416574954986572
2,3.7416574954986572
2,3.7416574954986572
2,4
2,4
2,4.123105525970459
2,4.123105525970459
2,4.123105525970459
2,4.123105525970459
2,4.123105525970459
2,4.123105525970459
2,4.123105525970459
2,4.123105525970459
2,4.242640495300293
2,4.4721360206604
2,4.4721360206604
2,4.4721360206604
2,4.4721360206604
2,4.582575798034668
2,4.582575798034668
2,4.582575798034668
2,4.690415859222412
2,4.690415859222412
2,4.898979663848877
2,4.898979663848877
2,4.898979663848877
2,5
2,5
2,5
2,5
2,5
2,5
2,5
2,5.196152210235596
2,5.196152210235596
2,5.385164737701416
2,5.385164737701416
2,5.385164737701416
2,5.4772257804870605
2,5.4772257804870605
2,5.4772257804870605
2,5.656854152679443
2,5.74456262588501
2,5.830951690673828
2,5.830951690673828
2,5.916079998016357
2,5.916079998016357
2,6
2,6
2,6.082762718200684
2,6.082762718200684
2,6.164413928985596
2,6.164413928985596
2,6.164413928985596
2,6.164413928985596
2,6.164413928985596
2,6.324555397033691
2,6.4031243324279785
2,6.4031243324279785
2,6.4031243324279785
2,6.4031243324279785
2,6.4031243324279785
2,6.480740547180176
2,6.480740547180176
2,6.480740547180176
2,6.633249759674072
2,6.7082037925720215
2,6.7082037925720215
2,6.7082037925720215
2,6.7082037925720215
2,6.7082037925720215
2,6.78233003616333
2,6.928203105926514
2,7.071067810058594
2,7.071067810058594
2,7.071067810058594
2,7.141428470611572
2,7.141428470611572
2,7.211102485656738
2,7.211102485656738
2,7.211102485656738
2,7.280109882354736
2,7.280109882354736
2,7.348469257354736
2,7.348469257354736
2,7.348469257354736
2,7.348469257354736
2,7.4833149909973145
2,7.6157732009887695
2,7.8102498054504395
2,7.8102498054504395
2,7.874007701873779
2,7.874007701873779
2,8
2,8
2,8.062257766723633
2,8.062257766723633
2,8.124038696289063
2,8.124038696289063
2,8.246211051940918
2,8.306623458862305
2,8.366600036621094
2,8.5440034866333
2,8.5440034866333
2,8.602325439453125
2,8.602325439453125
2,8.717798233032227
2,8.83176040649414
2,9
2,9.165151596069336
2,9.165151596069336
2,9.219544410705566
2,9.219544410705566
2,9.219544410705566
2,9.219544410705566
2,9.273618698120117
2,9.273618698120117
2,9.899495124816895
2,9.949873924255371
2,10.049875259399414
2,10.049875259399414
2,10.24695110321045
2,10.488088607788086
2,10.630146026611328
2,10.630146026611328
2,10.770329475402832
2,11
2,11.045360565185547
2,12.845232963562012
2,12.884099006652832
2,13
2,13
2,13.266499519348145
2,13.304134368896484
2,13.416407585144043
2,13.416407585144043
2,13.892443656921387
2,13.928388595581055
2,14.282856941223145
2,14.59451961517334
2,14.73091983795166
2,15.033296585083008
2,15.264337539672852
2,15.42724895477295
2,15.55634880065918
2,15.620499610900879
2,16.5831241607666
2.2360680103302,inf
2.2360680103302,inf
2.2360680103302,inf
2.2360680103302,inf
2.2360680103302,inf
2.2360680103302,inf
2.2360680103302,inf
2.2360680103302,inf
2.2360680103302,inf
2.2360680103302,inf
2.2360680103302,inf
2.2360680103302,inf
2.2360680103302,inf
2.2360680103302,2.4494898319244385
2.2360680103302,2.4494898319244385
2.2360680103302,2.4494898319244385
2.2360680103302,2.4494898319244385
2.2360680103302,2.4494898319244385
2.2360680103302,2.4494898319244385
2.2360680103302,2.4494898319244385
2.2360680103302,2.4494898319244385
2.2360680103302,2.4494898319244385
2.2360680103302,2.4494898319244385
2.2360680103302,2.4494898319244385
2.2360680103302,2.4494898319244385
2.2360680103302,2.4494898319244385
2.2360680103302,2.4494898319244385
2.2360680103302,2.4494898319244385
2.2360680103302,2.4494898319244385
2.2360680103302,2.4494898319244385
2.2360680103302,2.4494898319244385
2.2360680103302,2.4494898319244385
2.2360680103302,2.4494898319244385
2.2360680103302,2.4494898319244385
2.2360680103302,2.4494898319244385
2.2360680103302,2.4494898319244385
2.2360680103302,2.4494898319244385
2.2360680103302,2.4494898319244385
2.2360680103302,2.4494898319244385
2.2360680103302,2.4494898319244385
2.2360680103302,2.4494898319244385
2.2360680103302,2.4494898319244385
2.2360680103302,2.4494898319244385
2.2360680103302,2.4494898319244385
2.2360680103302,2.8284270763397217
2.2360680103302,2.8284270763397217
2.2360680103302,2.8284270763397217
2.2360680103302,2.8284270763397217
2.2360680103302,2.8284270763397217
2.2360680103302,2.8284270763397217
2.2360680103302,2.8284270763397217
2.2360680103302,2.8284270763397217
2.2360680103302,2.8284270763397217
2.2360680103302,2.8284270763397217
2.2360680103302,2.8284270763397217
2.2360680103302,2.8284270763397217
2.2360680103302,2.8284270763397217
2.2360680103302,2.8284270763397217
2.2360680103302,2.8284270763397217
2.2360680103302,2.8284270763397217
2.2360680103302,2.8284270763397217
2.2360680103302,2.8284270763397217
2.2360680103302,2.8284270763397217
2.2360680103302,2.8284270763397217
2.2360680103302,2.8284270763397217
2.2360680103302,2.8284270763397217
2.2360680103302,2.8284270763397217
2.2360680103302,2.8284270763397217
2.2360680103302,2.8284270763397217
2.2360680103302,2.8284270763397217
2.2360680103302,2.8284270763397217
2.2360680103302,2.8284270763397217
2.2360680103302,2.8284270763397217
2.2360680103302,2.8284270763397217
2.2360680103302,2.8284270763397217
2.2360680103302,2.8284270763397217
2.2360680103302,2.8284270763397217
2.2360680103302,2.8284270763397217
2.2360680103302,3
2.2360680103302,3
2.2360680103302,3
2.2360680103302,3
2.2360680103302,3
2.2360680103302,3
2.2360680103302,3
2.2360680103302,3
2.2360680103302,3
2.2360680103302,3
2.2360680103302,3
2.2360680103302,3
2.2360680103302,3
2.2360680103302,3
2.2360680103302,3
2.2360680103302,3
2.2360680103302,3
2.2360680103302,3
2.2360680103302,3
2.2360680103302,3
2.2360680103302,3
2.2360680103302,3
2.2360680103302,3
2.2360680103302,3
2.2360680103302,3
2.2360680103302,3
2.2360680103302,3
2.2360680103302,3
2.2360680103302,3.1622776985168457
2.2360680103302,3.1622776985168457
2.2360680103302,3.1622776985168457
2.2360680103302,3.1622776985168457
2.2360680103302,3.1622776985168457
2.2360680103302,3.1622776985168457
2.2360680103302,3.1622776985168457
2.2360680103302,3.1622776985168457
2.2360680103302,3.1622776985168457
2.2360680103302,3.1622776985168457
2.2360680103302,3.1622776985168457
2.2360680103302,3.1622776985168457
2.2360680103302,3.1622776985168457
2.2360680103302,3.1622776985168457
2.2360680103302,3.1622776985168457
2.2360680103302,3.1622776985168457
2.2360680103302,3.1622776985168457
2.2360680103302,3.1622776985168457
2.2360680103302,3.1622776985168457
2.2360680103302,3.1622776985168457
2.2360680103302,3.1622776985168457
2.2360680103302,3.1622776985168457
2.2360680103302,3.1622776985168457
2.2360680103302,3.1622776985168457
2.2360680103302,3.1622776985168457
2.2360680103302,3.1622776985168457
2.2360680103302,3.316624879837036
2.2360680103302,3.316624879837036
2.2360680103302,3.316624879837036
2.2360680103302,3.316624879837036
2.2360680103302,3.316624879837036
2.2360680103302,3.316624879837036
2.2360680103302,3.316624879837036
2.2360680103302,3.316624879837036
2.2360680103302,3.316624879837036
2.2360680103302,3.316624879837036
2.2360680103302,3.316624879837036
2.2360680103302,3.316624879837036
2.2360680103302,3.464101552963257
2.2360680103302,3.464101552963257
2.2360680103302,3.464101552963257
2.2360680103302,3.464101552963257
2.2360680103302,3.464101552963257
2.2360680103302,3.464101552963257
2.2360680103302,3.605551242828369
2.2360680103302,3.605551242828369
2.2360680103302,3.605551242828369
2.2360680103302,3.605551242828369
2.2360680103302,3.605551242828369
2.2360680103302,3.605551242828369
2.2360680103302,3.605551242828369
2.2360680103302,3.605551242828369
2.2360680103302,3.605551242828369
2.2360680103302,3.605551242828369
2.2360680103302,3.605551242828369
2.2360680103302,3.605551242828369
2.2360680103302,3.605551242828369
2.2360680103302,3.605551242828369
2.2360680103302,3.605551242828369
2.2360680103302,3.605551242828369
2.2360680103302,3.605551242828369
2.2360680103302,3.605551242828369
2.2360680103302,3.605551242828369
2.2360680103302,3.7416574954986572
2.2360680103302,3.7416574954986572
2.2360680103302,3.7416574954986572
2.2360680103302,3.7416574954986572
2.2360680103302,3.7416574954986572
2.2360680103302,3.7416574954986572
2.2360680103302,3.7416574954986572
2.2360680103302,3.7416574954986572
2.2360680103302,3.7416574954986572
2.2360680103302,3.7416574954986572
2.2360680103302,3.7416574954986572
2.2360680103302,3.7416574954986572
2.2360680103302,4
2.2360680103302,4
2.2360680103302,4
2.2360680103302,4
2.2360680103302,4
2.2360680103302,4
2.2360680103302,4
2.2360680103302,4
2.2360680103302,4
2.2360680103302,4
2.2360680103302,4.123105525970459
2.2360680103302,4.123105525970459
2.2360680103302,4.123105525970459
2.2360680103302,4.123105525970459
2.2360680103302,4.123105525970459
2.2360680103302,4.123105525970459
2.2360680103302,4.123105525970459
2.2360680103302,4.123105525970459
2.2360680103302,4.123105525970459
2.2360680103302,4.123105525970459
2.2360680103302,4.123105525970459
2.2360680103302,4.123105525970459
2.2360680103302,4.123105525970459
2.2360680103302,4.123105525970459
2.2360680103302,4.123105525970459
2.2360680103302,4.123105525970459
2.2360680103302,4.123105525970459
2.2360680103302,4.123105525970459
2.2360680103302,4.123105525970459
2.2360680103302,4.123105525970459
2.2360680103302,4.123105525970459
2.2360680103302,4.242640495300293
2.2360680103302,4.242640495300293
2.2360680103302,4.242640495300293
2.2360680103302,4.242640495300293
2.2360680103302,4.242640495300293
2.2360680103302,4.242640495300293
2.2360680103302,4.242640495300293
2.2360680103302,4.242640495300293
2.2360680103302,4.242640495300293
2.2360680103302,4.242640495300293
2.2360680103302,4.242640495300293
2.2360680103302,4.242640495300293
2.2360680103302,4.242640495300293
2.2360680103302,4.242640495300293
2.2360680103302,4.358899116516113
2.2360680103302,4.358899116516113
2.2360680103302,4.358899116516113
2.2360680103302,4.358899116516113
2.2360680103302,4.358899116516113
2.2360680103302,4.4721360206604
2.2360680103302,4.4721360206604
2.2360680103302,4.4721360206604
2.2360680103302,4.4721360206604
2.2360680103302,4.4721360206604
2.2360680103302,4.4721360206604
2.2360680103302,4.4721360206604
2.2360680103302,4.4721360206604
2.2360680103302,4.4721360206604
2.2360680103302,4.4721360206604
2.2360680103302,4.4721360206604
2.2360680103302,4.4721360206604
2.2360680103302,4.4721360206604
2.2360680103302,4.582575798034668
2.2360680103302,4.582575798034668
2.2360680103302,4.582575798034668
2.2360680103302,4.582575798034668
2.2360680103302,4.582575798034668
2.2360680103302,4.582575798034668
2.2360680103302,4.582575798034668
2.2360680103302,4.582575798034668
2.2360680103302,4.582575798034668
2.2360680103302,4.582575798034668
2.2360680103302,4.582575798034668
2.2360680103302,4.690415859222412
2.2360680103302,4.690415859222412
2.2360680103302,4.690415859222412
2.2360680103302,4.690415859222412
2.2360680103302,4.690415859222412
2.2360680103302,4.690415859222412
2.2360680103302,4.690415859222412
2.2360680103302,4.690415859222412
2.2360680103302,4.690415859222412
2.2360680103302,4.690415859222412
2.2360680103302,4.898979663848877
2.2360680103302,4.898979663848877
2.2360680103302,4.898979663848877
2.2360680103302,5
2.2360680103302,5
2.2360680103302,5
2.2360680103302,5
2.2360680103302,5
2.2360680103302,5
2.2360680103302,5
2.2360680103302,5
2.2360680103302,5
2.2360680103302,5
2.2360680103302,5
2.2360680103302,5
2.2360680103302,5
2.2360680103302,5
2.2360680103302,5
2.2360680103302,5
2.2360680103302,5
2.2360680103302,5
2.2360680103302,5
2.2360680103302,5
2.2360680103302,5
2.2360680103302,5
2.2360680103302,5
2.2360680103302,5.099019527435303
2.2360680103302,5.099019527435303
2.2360680103302,5.099019527435303
2.2360680103302,5.099019527435303
2.2360680103302,5.099019527435303
2.2360680103302,5.099019527435303
2.2360680103302,5.099019527435303
2.2360680103302,5.099019527435303
2.2360680103302,5.196152210235596
2.2360680103302,5.196152210235596
2.2360680103302,5.196152210235596
2.2360680103302,5.196152210235596
2.2360680103302,5.385164737701416
2.2360680103302,5.385164737701416
2.2360680103302,5.385164737701416
2.2360680103302,5.385164737701416
2.2360680103302,5.385164737701416
2.2360680103302,5.385164737701416
2.2360680103302,5.385164737701416
2.2360680103302,5.385164737701416
2.2360680103302,5.385164737701416
2.2360680103302,5.385164737701416
2.2360680103302,5.385164737701416
2.2360680103302,5.385164737701416
2.2360680103302,5.385164737701416
2.2360680103302,5.385164737701416
2.2360680103302,5.4772257804870605
2.2360680103302,5.4772257804870605
2.2360680103302,5.4772257804870605
2.2360680103302,5.4772257804870605
2.2360680103302,5.4772257804870605
2.2360680103302,5.4772257804870605
2.2360680103302,5.4772257804870605
2.2360680103302,5.656854152679443
2.2360680103302,5.656854152679443
2.2360680103302,5.656854152679443
2.2360680103302,5.656854152679443
2.2360680103302,5.656854152679443
2.2360680103302,5.656854152679443
2.2360680103302,5.656854152679443
2.2360680103302,5.656854152679443
2.2360680103302,5.656854152679443
2.2360680103302,5.74456262588501
2.2360680103302,5.74456262588501
2.2360680103302,5.74456262588501
2.2360680103302,5.74456262588501
2.2360680103302,5.74456262588501
2.2360680103302,5.74456262588501
2.2360680103302,5.74456262588501
2.2360680103302,5.74456262588501
2.2360680103302,5.830951690673828
2.2360680103302,5.830951690673828
2.2360680103302,5.830951690673828
2.2360680103302,5.830951690673828
2.2360680103302,5.830951690673828
2.2360680103302,5.830951690673828
2.2360680103302,5.830951690673828
2.2360680103302,5.830951690673828
2.2360680103302,5.830951690673828
2.2360680103302,5.830951690673828
2.2360680103302,5.830951690673828
2.2360680103302,5.916079998016357
2.2360680103302,5.916079998016357
2.2360680103302,5.916079998016357
2.2360680103302,5.916079998016357
2.2360680103302,5.916079998016357
2.2360680103302,6
2.2360680103302,6
2.2360680103302,6
2.2360680103302,6
2.2360680103302,6
2.2360680103302,6
2.2360680103302,6.082762718200684
2.2360680103302,6.082762718200684
2.2360680103302,6.082762718200684
2.2360680103302,6.082762718200684
2.2360680103302,6.082762718200684
2.2360680103302,6.164413928985596
2.2360680103302,6.164413928985596
2.2360680103302,6.164413928985596
2.2360680103302,6.164413928985596
2.2360680103302,6.164413928985596
2.2360680103302,6.164413928985596
2.2360680103302,6.164413928985596
2.2360680103302,6.164413928985596
2.2360680103302,6.164413928985596
2.2360680103302,6.164413928985596
2.2360680103302,6.164413928985596
2.2360680103302,6.164413928985596
2.2360680103302,6.164413928985596
2.2360680103302,6.164413928985596
2.2360680103302,6.324555397033691
2.2360680103302,6.324555397033691
2.2360680103302,6.324555397033691
2.2360680103302,6.324555397033691
2.2360680103302,6.324555397033691
2.2360680103302,6.324555397033691
2.2360680103302,6.324555397033691
2.2360680103302,6.324555397033691
2.2360680103302,6.324555397033691
2.2360680103302,6.324555397033691
2.2360680103302,6.324555397033691
2.2360680103302,6.4031243324279785
2.2360680103302,6.4031243324279785
2.2360680103302,6.4031243324279785
2.2360680103302,6.4031243324279785
2.2360680103302,6.4031243324279785
2.2360680103302,6.4031243324279785
2.2360680103302,6.4031243324279785
2.2360680103302,6.4031243324279785
2.2360680103302,6.4031243324279785
2.2360680103302,6.4031243324279785
2.2360680103302,6.4031243324279785
2.2360680103302,6.4031243324279785
2.2360680103302,6.4031243324279785
2.2360680103302,6.4031243324279785
2.2360680103302,6.480740547180176
2.2360680103302,6.480740547180176
2.2360680103302,6.480740547180176
2.2360680103302,6.480740547180176
2.2360680103302,6.480740547180176
2.2360680103302,6.480740547180176
2.2360680103302,6.557438373565674
2.2360680103302,6.557438373565674
2.2360680103302,6.557438373565674
2.2360680103302,6.557438373565674
2.2360680103302,6.557438373565674
2.2360680103302,6.633249759674072
2.2360680103302,6.633249759674072
2.2360680103302,6.633249759674072
2.2360680103302,6.633249759674072
2.2360680103302,6.7082037925720215
2.2360680103302,6.7082037925720215
2.2360680103302,6.7082037925720215
2.2360680103302,6.7082037925720215
2.2360680103302,6.7082037925720215
2.2360680103302,6.7082037925720215
2.2360680103302,6.78233003616333
2.2360680103302,6.78233003616333
2.2360680103302,6.78233003616333
2.2360680103302,6.928203105926514
2.2360680103302,6.928203105926514
2.2360680103302,6.928203105926514
2.2360680103302,6.928203105926514
2.2360680103302,6.928203105926514
2.2360680103302,7
2.2360680103302,7
2.2360680103302,7
2.2360680103302,7
2.2360680103302,7
2.2360680103302,7
2.2360680103302,7.071067810058594
2.2360680103302,7.071067810058594
2.2360680103302,7.071067810058594
2.2360680103302,7.071067810058594
2.2360680103302,7.071067810058594
2.2360680103302,7.071067810058594
2.2360680103302,7.071067810058594
2.2360680103302,7.071067810058594
2.2360680103302,7.071067810058594
2.2360680103302,7.071067810058594
2.2360680103302,7.071067810058594
2.2360680103302,7.141428470611572
2.2360680103302,7.141428470611572
2.2360680103302,7.141428470611572
2.2360680103302,7.141428470611572
2.2360680103302,7.211102485656738
2.2360680103302,7.280109882354736
2.2360680103302,7.280109882354736
2.2360680103302,7.280109882354736
2.2360680103302,7.280109882354736
2.2360680103302,7.280109882354736
2.2360680103302,7.280109882354736
2.2360680103302,7.348469257354736
2.2360680103302,7.348469257354736
2.2360680103302,7.348469257354736
2.2360680103302,7.348469257354736
2.2360680103302,7.348469257354736
2.2360680103302,7.348469257354736
2.2360680103302,7.348469257354736
2.2360680103302,7.348469257354736
2.2360680103302,7.348469257354736
2.2360680103302,7.4833149909973145
2.2360680103302,7.4833149909973145
2.2360680103302,7.4833149909973145
2.2360680103302,7.4833149909973145
2.2360680103302,7.4833149909973145
2.2360680103302,7.549834251403809
2.2360680103302,7.549834251403809
2.2360680103302,7.549834251403809
2.2360680103302,7.549834251403809
2.2360680103302,7.549834251403809
2.2360680103302,7.549834251403809
2.2360680103302,7.6157732009887695
2.2360680103302,7.681145668029785
2.2360680103302,7.681145668029785
2.2360680103302,7.681145668029785
2.2360680103302,7.681145668029785
2.2360680103302,7.681145668029785
2.2360680103302,7.681145668029785
2.2360680103302,7.681145668029785
2.2360680103302,7.8102498054504395
2.2360680103302,7.8102498054504395
2.2360680103302,7.8102498054504395
2.2360680103302,7.8102498054504395
2.2360680103302,7.8102498054504395
2.2360680103302,7.8102498054504395
2.2360680103302,7.8102498054504395
2.2360680103302,7.8102498054504395
2.2360680103302,7.8102498054504395
2.2360680103302,7.874007701873779
2.2360680103302,7.874007701873779
2.2360680103302,8
2.2360680103302,8
2.2360680103302,8
2.2360680103302,8
2.2360680103302,8.062257766723633
2.2360680103302,8.062257766723633
2.2360680103302,8.062257766723633
2.2360680103302,8.062257766723633
2.2360680103302,8.062257766723633
2.2360680103302,8.062257766723633
2.2360680103302,8.062257766723633
2.2360680103302,8.124038696289063
2.2360680103302,8.124038696289063
2.2360680103302,8.124038696289063
2.2360680103302,8.124038696289063
2.2360680103302,8.124038696289063
2.2360680103302,8.185352325439453
2.2360680103302,8.185352325439453
2.2360680103302,8.246211051940918
2.2360680103302,8.306623458862305
2.2360680103302,8.306623458862305
2.2360680103302,8.306623458862305
2.2360680103302,8.306623458862305
2.2360680103302,8.366600036621094
2.2360680103302,8.366600036621094
2.2360680103302,8.485280990600586
2.2360680103302,8.485280990600586
2.2360680103302,8.485280990600586
2.2360680103302,8.485280990600586
2.2360680103302,8.5440034866333
2.2360680103302,8.5440034866333
2.2360680103302,8.5440034866333
2.2360680103302,8.602325439453125
2.2360680103302,8.602325439453125
2.2360680103302,8.602325439453125
2.2360680103302,8.602325439453125
2.2360680103302,8.602325439453125
2.2360680103302,8.66025447845459
2.2360680103302,8.774964332580566
2.2360680103302,8.774964332580566
2.2360680103302,8.774964332580566
2.2360680103302,8.774964332580566
2.2360680103302,8.83176040649414
2.2360680103302,8.83176040649414
2.2360680103302,8.83176040649414
2.2360680103302,8.83176040649414
2.2360680103302,8.9442720413208
2.2360680103302,8.9442720413208
2.2360680103302,8.9442720413208
2.2360680103302,9
2.2360680103302,9
2.2360680103302,9
2.2360680103302,9
2.2360680103302,9.219544410705566
2.2360680103302,9.219544410705566
2.2360680103302,9.273618698120117
2.2360680103302,9.273618698120117
2.2360680103302,9.273618698120117
2.2360680103302,9.273618698120117
2.2360680103302,9.273618698120117
2.2360680103302,9.380831718444824
2.2360680103302,9.433980941772461
2.2360680103302,9.433980941772461
2.2360680103302,9.486832618713379
2.2360680103302,9.539392471313477
2.2360680103302,9.69536018371582
2.2360680103302,9.848857879638672
2.2360680103302,9.848857879638672
2.2360680103302,9.899495124816895
2.2360680103302,9.899495124816895
2.2360680103302,9.899495124816895
2.2360680103302,9.899495124816895
2.2360680103302,9.899495124816895
2.2360680103302,10.049875259399414
2.2360680103302,10.049875259399414
2.2360680103302,10.049875259399414
2.2360680103302,10.049875259399414
2.2360680103302,10.198039054870605
2.2360680103302,10.29563045501709
2.2360680103302,10.440306663513184
2.2360680103302,10.630146026611328
2.2360680103302,10.677078247070313
2.2360680103302,10.677078247070313
2.2360680103302,10.954451560974121
2.2360680103302,11.180339813232422
2.2360680103302,11.180339813232422
2.2360680103302,11.401754379272461
2.2360680103302,11.575837135314941
2.2360680103302,11.747340202331543
2.2360680103302,12.041594505310059
2.2360680103302,12.041594505310059
2.2360680103302,12.083045959472656
2.2360680103302,12.083045959472656
2.2360680103302,12.165525436401367
2.2360680103302,12.247448921203613
2.2360680103302,12.247448921203613
2.2360680103302,12.328827857971191
2.2360680103302,12.369317054748535
2.2360680103302,12.369317054748535
2.2360680103302,12.806248664855957
2.2360680103302,13
2.2360680103302,13
2.2360680103302,13.076696395874023
2.2360680103302,13.379088401794434
2.2360680103302,13.45362377166748
2.2360680103302,13.490737915039063
2.2360680103302,14.071247100830078
2.2360680103302,14.177447319030762
2.2360680103302,14.317821502685547
2.2360680103302,15
2.2360680103302,15
2.2360680103302,15.165750503540039
2.2360680103302,15.29705810546875
2.2360680103302,15.55634880065918
2.2360680103302,15.588457107543945
2.2360680103302,15.65247631072998
2.2360680103302,16.309507369995117
2.2360680103302,17.0880069732666
2.2360680103302,17.69180679321289
2.2360680103302,17.72004508972168
2.2360680103302,17.944358825683594
2.2360680103302,18.027755737304688
2.2360680103302,22.135944366455078
2.8284270763397217,inf
2.8284270763397217,inf
2.8284270763397217,inf
2.8284270763397217,inf
2.8284270763397217,inf
2.8284270763397217,inf
2.8284270763397217,inf
2.8284270763397217,inf
2.8284270763397217,inf
2.8284270763397217,inf
2.8284270763397217,inf
2.8284270763397217,inf
2.8284270763397217,inf
2.8284270763397217,inf
2.8284270763397217,3
2.8284270763397217,3
2.8284270763397217,3
2.8284270763397217,3
2.8284270763397217,3
2.8284270763397217,3
2.8284270763397217,3
2.8284270763397217,3
2.8284270763397217,3
2.8284270763397217,3
2.8284270763397217,3
2.8284270763397217,3
2.8284270763397217,3
2.8284270763397217,3
2.8284270763397217,3
2.8284270763397217,3
2.8284270763397217,3
2.8284270763397217,3
2.8284270763397217,3.1622776985168457
2.8284270763397217,3.1622776985168457
2.8284270763397217,3.1622776985168457
2.8284270763397217,3.1622776985168457
2.8284270763397217,3.1622776985168457
2.8284270763397217,3.1622776985168457
2.8284270763397217,3.1622776985168457
2.8284270763397217,3.1622776985168457
2.8284270763397217,3.1622776985168457
2.8284270763397217,3.1622776985168457
2.8284270763397217,3.1622776985168457
2.8284270763397217,3.1622776985168457
2.8284270763397217,3.1622776985168457
2.8284270763397217,3.1622776985168457
2.8284270763397217,3.1622776985168457
2.8284270763397217,3.1622776985168457
2.8284270763397217,3.1622776985168457
2.8284270763397217,3.1622776985168457
2.8284270763397217,3.1622776985168457
2.8284270763397217,3.1622776985168457
2.8284270763397217,3.1622776985168457
2.8284270763397217,3.1622776985168457
2.8284270763397217,3.1622776985168457
2.8284270763397217,3.316624879837036
2.8284270763397217,3.316624879837036
2.8284270763397217,3.316624879837036
2.8284270763397217,3.316624879837036
2.8284270763397217,3.316624879837036
2.8284270763397217,3.316624879837036
2.8284270763397217,3.316624879837036
2.8284270763397217,3.316624879837036
2.8284270763397217,3.316624879837036
2.8284270763397217,3.316624879837036
2.8284270763397217,3.316624879837036
2.8284270763397217,3.464101552963257
2.8284270763397217,3.464101552963257
2.8284270763397217,3.605551242828369
2.8284270763397217,3.605551242828369
2.8284270763397217,3.605551242828369
2.8284270763397217,3.605551242828369
2.8284270763397217,3.605551242828369
2.8284270763397217,3.605551242828369
2.8284270763397217,3.605551242828369
2.8284270763397217,3.605551242828369
2.8284270763397217,3.605551242828369
2.8284270763397217,3.605551242828369
2.8284270763397217,3.605551242828369
2.8284270763397217,3.605551242828369
2.8284270763397217,3.605551242828369
2.8284270763397217,3.605551242828369
2.8284270763397217,3.7416574954986572
2.8284270763397217,3.7416574954986572
2.8284270763397217,3.7416574954986572
2.8284270763397217,3.7416574954986572
2.8284270763397217,3.7416574954986572
2.8284270763397217,3.7416574954986572
2.8284270763397217,3.7416574954986572
2.8284270763397217,3.7416574954986572
2.8284270763397217,4
2.8284270763397217,4
2.8284270763397217,4
2.8284270763397217,4
2.8284270763397217,4
2.8284270763397217,4
2.8284270763397217,4
2.8284270763397217,4.123105525970459
2.8284270763397217,4.123105525970459
2.8284270763397217,4.123105525970459
2.8284270763397217,4.123105525970459
2.8284270763397217,4.123105525970459
2.8284270763397217,4.123105525970459
2.8284270763397217,4.123105525970459
2.8284270763397217,4.123105525970459
2.8284270763397217,4.242640495300293
2.8284270763397217,4.242640495300293
2.8284270763397217,4.242640495300293
2.8284270763397217,4.242640495300293
2.8284270763397217,4.242640495300293
2.8284270763397217,4.242640495300293
2.8284270763397217,4.242640495300293
2.8284270763397217,4.242640495300293
2.8284270763397217,4.242640495300293
2.8284270763397217,4.242640495300293
2.8284270763397217,4.242640495300293
2.8284270763397217,4.242640495300293
2.8284270763397217,4.242640495300293
2.8284270763397217,4.242640495300293
2.8284270763397217,4.242640495300293
2.8284270763397217,4.242640495300293
2.8284270763397217,4.242640495300293
2.8284270763397217,4.358899116516113
2.8284270763397217,4.358899116516113
2.8284270763397217,4.358899116516113
2.8284270763397217,4.4721360206604
2.8284270763397217,4.4721360206604
2.8284270763397217,4.4721360206604
2.8284270763397217,4.4721360206604
2.8284270763397217,4.4721360206604
2.8284270763397217,4.4721360206604
2.8284270763397217,4.582575798034668
2.8284270763397217,4.582575798034668
2.8284270763397217,4.582575798034668
2.8284270763397217,4.582575798034668
2.8284270763397217,4.690415859222412
2.8284270763397217,4.690415859222412
2.8284270763397217,4.690415859222412
2.8284270763397217,4.690415859222412
2.8284270763397217,4.898979663848877
2.8284270763397217,4.898979663848877
2.8284270763397217,4.898979663848877
2.8284270763397217,5
2.8284270763397217,5
2.8284270763397217,5
2.8284270763397217,5
2.8284270763397217,5
2.8284270763397217,5
2.8284270763397217,5
2.8284270763397217,5.099019527435303
2.8284270763397217,5.099019527435303
2.8284270763397217,5.099019527435303
2.8284270763397217,5.099019527435303
2.8284270763397217,5.196152210235596
2.8284270763397217,5.196152210235596
2.8284270763397217,5.196152210235596
2.8284270763397217,5.196152210235596
2.8284270763397217,5.196152210235596
2.8284270763397217,5.196152210235596
2.8284270763397217,5.196152210235596
2.8284270763397217,5.385164737701416
2.8284270763397217,5.385164737701416
2.8284270763397217,5.385164737701416
2.8284270763397217,5.385164737701416
2.8284270763397217,5.385164737701416
2.8284270763397217,5.4772257804870605
2.8284270763397217,5.4772257804870605
2.8284270763397217,5.4772257804870605
2.8284270763397217,5.4772257804870605
2.8284270763397217,5.656854152679443
2.8284270763397217,5.656854152679443
2.8284270763397217,5.74456262588501
2.8284270763397217,5.74456262588501
2.8284270763397217,5.74456262588501
2.8284270763397217,5.74456262588501
2.8284270763397217,5.830951690673828
2.8284270763397217,5.830951690673828
2.8284270763397217,5.916079998016357
2.8284270763397217,5.916079998016357
2.8284270763397217,5.916079998016357
2.8284270763397217,5.916079998016357
2.8284270763397217,6
2.8284270763397217,6
2.8284270763397217,6
2.8284270763397217,6
2.8284270763397217,6
2.8284270763397217,6
2.8284270763397217,6
2.8284270763397217,6.082762718200684
2.8284270763397217,6.082762718200684
2.8284270763397217,6.082762718200684
2.8284270763397217,6.082762718200684
2.8284270763397217,6.082762718200684
2.8284270763397217,6.082762718200684
2.8284270763397217,6.164413928985596
2.8284270763397217,6.164413928985596
2.8284270763397217,6.164413928985596
2.8284270763397217,6.324555397033691
2.8284270763397217,6.324555397033691
2.8284270763397217,6.324555397033691
2.8284270763397217,6.324555397033691
2.8284270763397217,6.4031243324279785
2.8284270763397217,6.4031243324279785
2.8284270763397217,6.4031243324279785
2.8284270763397217,6.4031243324279785
2.8284270763397217,6.4031243324279785
2.8284270763397217,6.4031243324279785
2.8284270763397217,6.4031243324279785
2.8284270763397217,6.4031243324279785
2.8284270763397217,6.4031243324279785
2.8284270763397217,6.4031243324279785
2.8284270763397217,6.4031243324279785
2.8284270763397217,6.4031243324279785
2.8284270763397217,6.4031243324279785
2.8284270763397217,6.4031243324279785
2.8284270763397217,6.480740547180176
2.8284270763397217,6.557438373565674
2.8284270763397217,6.557438373565674
2.8284270763397217,6.557438373565674
2.8284270763397217,6.557438373565674
2.8284270763397217,6.557438373565674
2.8284270763397217,6.557438373565674
2.8284270763397217,6.633249759674072
2.8284270763397217,6.633249759674072
2.8284270763397217,6.633249759674072
2.8284270763397217,6.633249759674072
2.8284270763397217,6.633249759674072
2.8284270763397217,6.7082037925720215
2.8284270763397217,6.7082037925720215
2.8284270763397217,6.7082037925720215
2.8284270763397217,6.7082037925720215
2.8284270763397217,6.78233003616333
2.8284270763397217,6.78233003616333
2.8284270763397217,6.78233003616333
2.8284270763397217,6.928203105926514
2.8284270763397217,6.928203105926514
2.8284270763397217,6.928203105926514
2.8284270763397217,7
2.8284270763397217,7
2.8284270763397217,7
2.8284270763397217,7
2.8284270763397217,7
2.8284270763397217,7
2.8284270763397217,7.071067810058594
2.8284270763397217,7.071067810058594
2.8284270763397217,7.141428470611572
2.8284270763397217,7.141428470611572
2.8284270763397217,7.211102485656738
2.8284270763397217,7.211102485656738
2.8284270763397217,7.280109882354736
2.8284270763397217,7.280109882354736
2.8284270763397217,7.280109882354736
2.8284270763397217,7.348469257354736
2.8284270763397217,7.348469257354736
2.8284270763397217,7.348469257354736
2.8284270763397217,7.4833149909973145
2.8284270763397217,7.4833149909973145
2.8284270763397217,7.4833149909973145
2.8284270763397217,7.549834251403809
2.8284270763397217,7.8102498054504395
2.8284270763397217,7.8102498054504395
2.8284270763397217,7.8102498054504395
2.8284270763397217,7.874007701873779
2.8284270763397217,7.874007701873779
2.8284270763397217,7.874007701873779
2.8284270763397217,8
2.8284270763397217,8.062257766723633
2.8284270763397217,8.062257766723633
2.8284270763397217,8.062257766723633
2.8284270763397217,8.124038696289063
2.8284270763397217,8.246211051940918
2.8284270763397217,8.246211051940918
2.8284270763397217,8.246211051940918
2.8284270763397217,8.246211051940918
2.8284270763397217,8.246211051940918
2.8284270763397217,8.306623458862305
2.8284270763397217,8.306623458862305
2.8284270763397217,8.366600036621094
2.8284270763397217,8.366600036621094
2.8284270763397217,8.366600036621094
2.8284270763397217,8.485280990600586
2.8284270763397217,8.5440034866333
2.8284270763397217,8.5440034866333
2.8284270763397217,8.5440034866333
2.8284270763397217,8.5440034866333
2.8284270763397217,8.602325439453125
2.8284270763397217,8.602325439453125
2.8284270763397217,8.66025447845459
2.8284270763397217,8.717798233032227
2.8284270763397217,8.83176040649414
2.8284270763397217,8.83176040649414
2.8284270763397217,8.9442720413208
2.8284270763397217,9
2.8284270763397217,9
2.8284270763397217,9.110433578491211
2.8284270763397217,9.165151596069336
2.8284270763397217,9.165151596069336
2.8284270763397217,9.219544410705566
2.8284270763397217,9.433980941772461
2.8284270763397217,9.433980941772461
2.8284270763397217,9.433980941772461
2.8284270763397217,10.049875259399414
2.8284270763397217,10.049875259399414
2.8284270763397217,10.198039054870605
2.8284270763397217,10.29563045501709
2.8284270763397217,10.770329475402832
2.8284270763397217,10.816654205322266
2.8284270763397217,11.180339813232422
2.8284270763397217,11.180339813232422
2.8284270763397217,11.401754379272461
2.8284270763397217,11.401754379272461
2.8284270763397217,11.401754379272461
2.8284270763397217,11.661903381347656
2.8284270763397217,12.083045959472656
2.8284270763397217,12.369317054748535
2.8284270763397217,12.727922439575195
2.8284270763397217,12.884099006652832
2.8284270763397217,13.076696395874023
2.8284270763397217,13.266499519348145
2.8284270763397217,13.747727394104004
2.8284270763397217,13.747727394104004
2.8284270763397217,14.696938514709473
2.8284270763397217,14.73091983795166
2.8284270763397217,15.066518783569336
2.8284270763397217,15.165750503540039
2.8284270763397217,15.394804000854492
2.8284270763397217,15.620499610900879
2.8284270763397217,16.552946090698242
2.8284270763397217,16.970561981201172
2.8284270763397217,17.11724281311035
2.8284270763397217,18.193405151367188
2.8284270763397217,18.920886993408203
2.8284270763397217,22.472204208374023
2.8284270763397217,23.53720474243164
3,inf
3,inf
3,inf
3,inf
3,inf
3,inf
3,inf
3,inf
3,inf
3,inf
3,inf
3,inf
3,inf
3,inf
3,inf
3,inf
3,inf
3,inf
3,inf
3,inf
3,inf
3,inf
3,inf
3,inf
3,inf
3,inf
3,inf
3,inf
3,inf
3,inf
3,inf
3,inf
3,inf
3,inf
3,inf
3,3.1622776985168457
3,3.1622776985168457
3,3.1622776985168457
3,3.1622776985168457
3,3.1622776985168457
3,3.1622776985168457
3,3.316624879837036
3,3.316624879837036
3,3.316624879837036
3,3.316624879837036
3,3.464101552963257
3,3.464101552963257
3,3.464101552963257
3,3.464101552963257
3,3.464101552963257
3,3.605551242828369
3,3.605551242828369
3,3.605551242828369
3,3.605551242828369
3,3.605551242828369
3,3.605551242828369
3,3.605551242828369
3,3.605551242828369
3,3.605551242828369
3,3.605551242828369
3,3.7416574954986572
3,3.7416574954986572
3,3.7416574954986572
3,3.7416574954986572
3,3.7416574954986572
3,3.7416574954986572
3,4
3,4.123105525970459
3,4.123105525970459
3,4.123105525970459
3,4.123105525970459
3,4.123105525970459
3,4.123105525970459
3,4.123105525970459
3,4.123105525970459
3,4.123105525970459
3,4.242640495300293
3,4.242640495300293
3,4.242640495300293
3,4.242640495300293
3,4.242640495300293
3,4.242640495300293
3,4.242640495300293
3,4.242640495300293
3,4.242640495300293
3,4.4721360206604
3,4.4721360206604
3,4.582575798034668
3,4.582575798034668
3,4.582575798034668
3,4.690415859222412
3,4.690415859222412
3,4.690415859222412
3,4.690415859222412
3,4.898979663848877
3,4.898979663848877
3,4.898979663848877
3,5
3,5
3,5
3,5
3,5
3,5
3,5
3,5.099019527435303
3,5.099019527435303
3,5.099019527435303
3,5.099019527435303
3,5.099019527435303
3,5.099019527435303
3,5.099019527435303
3,5.196152210235596
3,5.196152210235596
3,5.196152210235596
3,5.196152210235596
3,5.385164737701416
3,5.385164737701416
3,5.385164737701416
3,5.385164737701416
3,5.656854152679443
3,5.74456262588501
3,5.74456262588501
3,5.74456262588501
3,5.74456262588501
3,5.830951690673828
3,5.830951690673828
3,5.916079998016357
3,5.916079998016357
3,5.916079998016357
3,5.916079998016357
3,6
3,6
3,6.082762718200684
3,6.082762718200684
3,6.164413928985596
3,6.164413928985596
3,6.164413928985596
3,6.164413928985596
3,6.324555397033691
3,6.324555397033691
3,6.324555397033691
3,6.4031243324279785
3,6.4031243324279785
3,6.557438373565674
3,6.633249759674072
3,6.633249759674072
3,6.7082037925720215
3,6.7082037925720215
3,6.7082037925720215
3,6.78233003616333
3,7
3,7.071067810058594
3,7.071067810058594
3,7.141428470611572
3,7.211102485656738
3,7.280109882354736
3,7.280109882354736
3,7.280109882354736
3,7.549834251403809
3,7.6157732009887695
3,7.681145668029785
3,7.8102498054504395
3,7.8102498054504395
3,7.874007701873779
3,7.874007701873779
3,8
3,8.124038696289063
3,8.124038696289063
3,8.5440034866333
3,8.602325439453125
3,8.774964332580566
3,9
3,9
3,9
3,9.05538558959961
3,9.219544410705566
3,9.273618698120117
3,9.433980941772461
3,9.848857879638672
3,9.899495124816895
3,10
3,11.045360565185547
3,11.180339813232422
3,11.224971771240234
3,11.575837135314941
3,12.328827857971191
3,13
3,13.266499519348145
3,13.45362377166748
3,14.21267032623291
3,16.370704650878906
3,16.76305389404297
3,17.69180679321289
3,17.69180679321289
3.1622776985168457,inf
3.1622776985168457,inf
3.1622776985168457,inf
3.1622776985168457,inf
3.1622776985168457,inf
3.1622776985168457,inf
3.1622776985168457,inf
3.1622776985168457,inf
3.1622776985168457,inf
3.1622776985168457,inf
3.1622776985168457,inf
3.1622776985168457,inf
3.1622776985168457,inf
3.1622776985168457,inf
3.1622776985168457,inf
3.1622776985168457,inf
3.1622776985168457,inf
3.1622776985168457,inf
3.1622776985168457,inf
3.1622776985168457,inf
3.1622776985168457,inf
3.1622776985168457,inf
3.1622776985168457,inf
3.1622776985168457,inf
3.1622776985168457,inf
3.1622776985168457,inf
3.1622776985168457,inf
3.1622776985168457,inf
3.1622776985168457,inf
3.1622776985168457,inf
3.1622776985168457,inf
3.1622776985168457,inf
3.1622776985168457,inf
3.1622776985168457,inf
3.1622776985168457,inf
3.1622776985168457,inf
3.1622776985168457,inf
3.1622776985168457,inf
3.1622776985168457,inf
3.1622776985168457,inf
3.1622776985168457,inf
3.1622776985168457,3.316624879837036
3.1622776985168457,3.316624879837036
3.1622776985168457,3.316624879837036
3.1622776985168457,3.316624879837036
3.1622776985168457,3.316624879837036
3.1622776985168457,3.316624879837036
3.1622776985168457,3.316624879837036
3.1622776985168457,3.316624879837036
3.1622776985168457,3.316624879837036
3.1622776985168457,3.316624879837036
3.1622776985168457,3.316624879837036
3.1622776985168457,3.316624879837036
3.1622776985168457,3.316624879837036
3.1622776985168457,3.464101552963257
3.1622776985168457,3.464101552963257
3.1622776985168457,3.464101552963257
3.1622776985168457,3.464101552963257
3.1622776985168457,3.464101552963257
3.1622776985168457,3.464101552963257
3.1622776985168457,3.464101552963257
3.1622776985168457,3.464101552963257
3.1622776985168457,3.464101552963257
3.1622776985168457,3.464101552963257
3.1622776985168457,3.464101552963257
3.1622776985168457,3.464101552963257
3.1622776985168457,3.464101552963257
3.1622776985168457,3.464101552963257
3.1622776985168457,3.464101552963257
3.1622776985168457,3.464101552963257
3.1622776985168457,3.464101552963257
3.1622776985168457,3.464101552963257
3.1622776985168457,3.464101552963257
3.1622776985168457,3.464101552963257
3.1622776985168457,3.464101552963257
3.1622776985168457,3.464101552963257
3.1622776985168457,3.464101552963257
3.1622776985168457,3.605551242828369
3.1622776985168457,3.605551242828369
3.1622776985168457,3.605551242828369
3.1622776985168457,3.605551242828369
3.1622776985168457,3.605551242828369
3.1622776985168457,3.605551242828369
3.1622776985168457,3.605551242828369
3.1622776985168457,3.605551242828369
3.1622776985168457,3.605551242828369
3.1622776985168457,3.605551242828369
3.1622776985168457,3.605551242828369
3.1622776985168457,3.605551242828369
3.1622776985168457,3.605551242828369
3.1622776985168457,3.605551242828369
3.1622776985168457,3.605551242828369
3.1622776985168457,3.605551242828369
3.1622776985168457,3.605551242828369
3.1622776985168457,3.605551242828369
3.1622776985168457,3.605551242828369
3.1622776985168457,3.7416574954986572
3.1622776985168457,3.7416574954986572
3.1622776985168457,3.7416574954986572
3.1622776985168457,3.7416574954986572
3.1622776985168457,3.7416574954986572
3.1622776985168457,3.7416574954986572
3.1622776985168457,3.7416574954986572
3.1622776985168457,3.7416574954986572
3.1622776985168457,3.7416574954986572
3.1622776985168457,3.7416574954986572
3.1622776985168457,3.7416574954986572
3.1622776985168457,3.7416574954986572
3.1622776985168457,4
3.1622776985168457,4
3.1622776985168457,4
3.1622776985168457,4
3.1622776985168457,4
3.1622776985168457,4
3.1622776985168457,4
3.1622776985168457,4
3.1622776985168457,4.123105525970459
3.1622776985168457,4.123105525970459
3.1622776985168457,4.123105525970459
3.1622776985168457,4.123105525970459
3.1622776985168457,4.123105525970459
3.1622776985168457,4.123105525970459
3.1622776985168457,4.123105525970459
3.1622776985168457,4.123105525970459
3.1622776985168457,4.123105525970459
3.1622776985168457,4.123105525970459
3.1622776985168457,4.123105525970459
3.1622776985168457,4.123105525970459
3.1622776985168457,4.123105525970459
3.1622776985168457,4.123105525970459
3.1622776985168457,4.123105525970459
3.1622776985168457,4.123105525970459
3.1622776985168457,4.242640495300293
3.1622776985168457,4.242640495300293
3.1622776985168457,4.242640495300293
3.1622776985168457,4.242640495300293
3.1622776985168457,4.242640495300293
3.1622776985168457,4.242640495300293
3.1622776985168457,4.358899116516113
3.1622776985168457,4.358899116516113
3.1622776985168457,4.358899116516113
3.1622776985168457,4.358899116516113
3.1622776985168457,4.358899116516113
3.1622776985168457,4.358899116516113
3.1622776985168457,4.4721360206604
3.1622776985168457,4.4721360206604
3.1622776985168457,4.4721360206604
3.1622776985168457,4.4721360206604
3.1622776985168457,4.4721360206604
3.1622776985168457,4.4721360206604
3.1622776985168457,4.4721360206604
3.1622776985168457,4.4721360206604
3.1622776985168457,4.4721360206604
3.1622776985168457,4.4721360206604
3.1622776985168457,4.4721360206604
3.1622776985168457,4.582575798034668
3.1622776985168457,4.582575798034668
3.1622776985168457,4.582575798034668
3.1622776985168457,4.582575798034668
3.1622776985168457,4.582575798034668
3.1622776985168457,4.582575798034668
3.1622776985168457,4.582575798034668
3.1622776985168457,4.582575798034668
3.1622776985168457,4.582575798034668
3.1622776985168457,4.582575798034668
3.1622776985168457,4.582575798034668
3.1622776985168457,4.690415859222412
3.1622776985168457,4.690415859222412
3.1622776985168457,4.690415859222412
3.1622776985168457,4.690415859222412
3.1622776985168457,4.690415859222412
3.1622776985168457,4.690415859222412
3.1622776985168457,4.898979663848877
3.1622776985168457,4.898979663848877
3.1622776985168457,4.898979663848877
3.1622776985168457,4.898979663848877
3.1622776985168457,4.898979663848877
3.1622776985168457,4.898979663848877
3.1622776985168457,4.898979663848877
3.1622776985168457,5
3.1622776985168457,5
3.1622776985168457,5
3.1622776985168457,5
3.1622776985168457,5
3.1622776985168457,5
3.1622776985168457,5
3.1622776985168457,5
3.1622776985168457,5
3.1622776985168457,5
3.1622776985168457,5
3.1622776985168457,5
3.1622776985168457,5
3.1622776985168457,5
3.1622776985168457,5
3.1622776985168457,5.099019527435303
3.1622776985168457,5.099019527435303
3.1622776985168457,5.099019527435303
3.1622776985168457,5.099019527435303
3.1622776985168457,5.099019527435303
3.1622776985168457,5.099019527435303
3.1622776985168457,5.099019527435303
3.1622776985168457,5.099019527435303
3.1622776985168457,5.099019527435303
3.1622776985168457,5.099019527435303
3.1622776985168457,5.099019527435303
3.1622776985168457,5.196152210235596
3.1622776985168457,5.196152210235596
3.1622776985168457,5.196152210235596
3.1622776985168457,5.196152210235596
3.1622776985168457,5.385164737701416
3.1622776985168457,5.385164737701416
3.1622776985168457,5.385164737701416
3.1622776985168457,5.385164737701416
3.1622776985168457,5.385164737701416
3.1622776985168457,5.385164737701416
3.1622776985168457,5.385164737701416
3.1622776985168457,5.385164737701416
3.1622776985168457,5.385164737701416
3.1622776985168457,5.385164737701416
3.1622776985168457,5.385164737701416
3.1622776985168457,5.385164737701416
3.1622776985168457,5.385164737701416
3.1622776985168457,5.385164737701416
3.1622776985168457,5.4772257804870605
3.1622776985168457,5.4772257804870605
3.1622776985168457,5.4772257804870605
3.1622776985168457,5.4772257804870605
3.1622776985168457,5.4772257804870605
3.1622776985168457,5.4772257804870605
3.1622776985168457,5.656854152679443
3.1622776985168457,5.656854152679443
3.1622776985168457,5.656854152679443
3.1622776985168457,5.656854152679443
3.1622776985168457,5.74456262588501
3.1622776985168457,5.74456262588501
3.1622776985168457,5.74456262588501
3.1622776985168457,5.74456262588501
3.1622776985168457,5.74456262588501
3.1622776985168457,5.74456262588501
3.1622776985168457,5.74456262588501
3.1622776985168457,5.74456262588501
3.1622776985168457,5.74456262588501
3.1622776985168457,5.830951690673828
3.1622776985168457,5.830951690673828
3.1622776985168457,5.830951690673828
3.1622776985168457,5.830951690673828
3.1622776985168457,5.830951690673828
3.1622776985168457,5.830951690673828
3.1622776985168457,5.830951690673828
3.1622776985168457,5.916079998016357
3.1622776985168457,5.916079998016357
3.1622776985168457,5.916079998016357
3.1622776985168457,6
3.1622776985168457,6
3.1622776985168457,6
3.1622776985168457,6.082762718200684
3.1622776985168457,6.082762718200684
3.1622776985168457,6.082762718200684
3.1622776985168457,6.082762718200684
3.1622776985168457,6.082762718200684
3.1622776985168457,6.164413928985596
3.1622776985168457,6.164413928985596
3.1622776985168457,6.324555397033691
3.1622776985168457,6.324555397033691
3.1622776985168457,6.324555397033691
3.1622776985168457,6.4031243324279785
3.1622776985168457,6.4031243324279785
3.1622776985168457,6.4031243324279785
3.1622776985168457,6.4031243324279785
3.1622776985168457,6.4031243324279785
3.1622776985168457,6.4031243324279785
3.1622776985168457,6.4031243324279785
3.1622776985168457,6.4031243324279785
3.1622776985168457,6.4031243324279785
3.1622776985168457,6.480740547180176
3.1622776985168457,6.480740547180176
3.1622776985168457,6.480740547180176
3.1622776985168457,6.480740547180176
3.1622776985168457,6.480740547180176
3.1622776985168457,6.557438373565674
3.1622776985168457,6.557438373565674
3.1622776985168457,6.557438373565674
3.1622776985168457,6.557438373565674
3.1622776985168457,6.633249759674072
3.1622776985168457,6.633249759674072
3.1622776985168457,6.633249759674072
3.1622776985168457,6.7082037925720215
3.1622776985168457,6.7082037925720215
3.1622776985168457,6.7082037925720215
3.1622776985168457,6.7082037925720215
3.1622776985168457,6.78233003616333
3.1622776985168457,6.78233003616333
3.1622776985168457,6.78233003616333
3.1622776985168457,6.78233003616333
3.1622776985168457,6.928203105926514
3.1622776985168457,6.928203105926514
3.1622776985168457,7
3.1622776985168457,7
3.1622776985168457,7
3.1622776985168457,7
3.1622776985168457,7
3.1622776985168457,7
3.1622776985168457,7.071067810058594
3.1622776985168457,7.071067810058594
3.1622776985168457,7.071067810058594
3.1622776985168457,7.071067810058594
3.1622776985168457,7.071067810058594
3.1622776985168457,7.071067810058594
3.1622776985168457,7.071067810058594
3.1622776985168457,7.071067810058594
3.1622776985168457,7.071067810058594
3.1622776985168457,7.071067810058594
3.1622776985168457,7.071067810058594
3.1622776985168457,7.141428470611572
3.1622776985168457,7.141428470611572
3.1622776985168457,7.211102485656738
3.1622776985168457,7.211102485656738
3.1622776985168457,7.211102485656738
3.1622776985168457,7.280109882354736
3.1622776985168457,7.280109882354736
3.1622776985168457,7.280109882354736
3.1622776985168457,7.280109882354736
3.1622776985168457,7.348469257354736
3.1622776985168457,7.4833149909973145
3.1622776985168457,7.4833149909973145
3.1622776985168457,7.549834251403809
3.1622776985168457,7.549834251403809
3.1622776985168457,7.549834251403809
3.1622776985168457,7.6157732009887695
3.1622776985168457,7.6157732009887695
3.1622776985168457,7.6157732009887695
3.1622776985168457,7.6157732009887695
3.1622776985168457,7.681145668029785
3.1622776985168457,7.681145668029785
3.1622776985168457,7.8102498054504395
3.1622776985168457,7.8102498054504395
3.1622776985168457,7.8102498054504395
3.1622776985168457,7.874007701873779
3.1622776985168457,7.874007701873779
3.1622776985168457,7.874007701873779
3.1622776985168457,7.874007701873779
3.1622776985168457,8
3.1622776985168457,8
3.1622776985168457,8.062257766723633
3.1622776985168457,8.124038696289063
3.1622776985168457,8.124038696289063
3.1622776985168457,8.124038696289063
3.1622776985168457,8.246211051940918
3.1622776985168457,8.246211051940918
3.1622776985168457,8.246211051940918
3.1622776985168457,8.306623458862305
3.1622776985168457,8.306623458862305
3.1622776985168457,8.306623458862305
3.1622776985168457,8.366600036621094
3.1622776985168457,8.485280990600586
3.1622776985168457,8.485280990600586
3.1622776985168457,8.485280990600586
3.1622776985168457,8.485280990600586
3.1622776985168457,8.5440034866333
3.1622776985168457,8.5440034866333
3.1622776985168457,8.5440034866333
3.1622776985168457,8.602325439453125
3.1622776985168457,8.602325439453125
3.1622776985168457,8.602325439453125
3.1622776985168457,8.602325439453125
3.1622776985168457,8.66025447845459
3.1622776985168457,8.717798233032227
3.1622776985168457,8.717798233032227
3.1622776985168457,8.774964332580566
3.1622776985168457,8.774964332580566
3.1622776985168457,8.774964332580566
3.1622776985168457,9
3.1622776985168457,9
3.1622776985168457,9
3.1622776985168457,9
3.1622776985168457,9.05538558959961
3.1622776985168457,9.05538558959961
3.1622776985168457,9.110433578491211
3.1622776985168457,9.110433578491211
3.1622776985168457,9.165151596069336
3.1622776985168457,9.165151596069336
3.1622776985168457,9.219544410705566
3.1622776985168457,9.219544410705566
3.1622776985168457,9.273618698120117
3.1622776985168457,9.433980941772461
3.1622776985168457,9.433980941772461
3.1622776985168457,9.486832618713379
3.1622776985168457,9.539392471313477
3.1622776985168457,9.69536018371582
3.1622776985168457,9.899495124816895
3.1622776985168457,9.899495124816895
3.1622776985168457,9.899495124816895
3.1622776985168457,10
3.1622776985168457,10.049875259399414
3.1622776985168457,10.099504470825195
3.1622776985168457,10.198039054870605
3.1622776985168457,10.29563045501709
3.1622776985168457,10.29563045501709
3.1622776985168457,10.29563045501709
3.1622776985168457,10.344079971313477
3.1622776985168457,10.392304420471191
3.1622776985168457,10.862780570983887
3.1622776985168457,11
3.1622776985168457,11.045360565185547
3.1622776985168457,11.575837135314941
3.1622776985168457,11.87434196472168
3.1622776985168457,12.083045959472656
3.1622776985168457,12.12435531616211
3.1622776985168457,12.206555366516113
3.1622776985168457,12.688577651977539
3.1622776985168457,14
3.1622776985168457,14.59451961517334
3.1622776985168457,14.899664878845215
3.1622776985168457,15.394804000854492
3.1622776985168457,16.124515533447266
3.1622776985168457,16.155494689941406
3.1622776985168457,18.574174880981445
3.605551242828369,inf
3.605551242828369,inf
3.605551242828369,inf
3.605551242828369,inf
3.605551242828369,inf
3.605551242828369,inf
3.605551242828369,inf
3.605551242828369,inf
3.605551242828369,inf
3.605551242828369,inf
3.605551242828369,inf
3.605551242828369,inf
3.605551242828369,inf
3.605551242828369,inf
3.605551242828369,inf
3.605551242828369,inf
3.605551242828369,inf
3.605551242828369,inf
3.605551242828369,inf
3.605551242828369,inf
3.605551242828369,inf
3.605551242828369,inf
3.605551242828369,inf
3.605551242828369,inf
3.605551242828369,inf
3.605551242828369,inf
3.605551242828369,inf
3.605551242828369,inf
3.605551242828369,inf
3.605551242828369,inf
3.605551242828369,inf
3.605551242828369,inf
3.605551242828369,inf
3.605551242828369,inf
3.605551242828369,inf
3.605551242828369,3.7416574954986572
3.605551242828369,3.7416574954986572
3.605551242828369,3.7416574954986572
3.605551242828369,3.7416574954986572
3.605551242828369,3.7416574954986572
3.605551242828369,3.7416574954986572
3.605551242828369,3.7416574954986572
3.605551242828369,3.7416574954986572
3.605551242828369,3.7416574954986572
3.605551242828369,3.7416574954986572
3.605551242828369,3.7416574954986572
3.605551242828369,3.7416574954986572
3.605551242828369,3.7416574954986572
3.605551242828369,3.7416574954986572
3.605551242828369,3.7416574954986572
3.605551242828369,3.7416574954986572
3.605551242828369,3.7416574954986572
3.605551242828369,3.7416574954986572
3.605551242828369,3.7416574954986572
3.605551242828369,3.7416574954986572
3.605551242828369,3.7416574954986572
3.605551242828369,3.7416574954986572
3.605551242828369,3.7416574954986572
3.605551242828369,3.7416574954986572
3.605551242828369,4
3.605551242828369,4
3.605551242828369,4
3.605551242828369,4
3.605551242828369,4
3.605551242828369,4.123105525970459
3.605551242828369,4.123105525970459
3.605551242828369,4.123105525970459
3.605551242828369,4.123105525970459
3.605551242828369,4.123105525970459
3.605551242828369,4.123105525970459
3.605551242828369,4.123105525970459
3.605551242828369,4.123105525970459
3.605551242828369,4.123105525970459
3.605551242828369,4.123105525970459
3.605551242828369,4.123105525970459
3.605551242828369,4.123105525970459
3.605551242828369,4.123105525970459
3.605551242828369,4.123105525970459
3.605551242828369,4.123105525970459
3.605551242828369,4.123105525970459
3.605551242828369,4.123105525970459
3.605551242828369,4.123105525970459
3.605551242828369,4.123105525970459
3.605551242828369,4.123105525970459
3.605551242828369,4.123105525970459
3.605551242828369,4.123105525970459
3.605551242828369,4.123105525970459
3.605551242828369,4.123105525970459
3.605551242828369,4.123105525970459
3.605551242828369,4.123105525970459
3.605551242828369,4.123105525970459
3.605551242828369,4.123105525970459
3.605551242828369,4.242640495300293
3.605551242828369,4.242640495300293
3.605551242828369,4.242640495300293
3.605551242828369,4.242640495300293
3.605551242828369,4.242640495300293
3.605551242828369,4.242640495300293
3.605551242828369,4.242640495300293
3.605551242828369,4.242640495300293
3.605551242828369,4.242640495300293
3.605551242828369,4.242640495300293
3.605551242828369,4.242640495300293
3.605551242828369,4.242640495300293
3.605551242828369,4.242640495300293
3.605551242828369,4.242640495300293
3.605551242828369,4.358899116516113
3.605551242828369,4.358899116516113
3.605551242828369,4.358899116516113
3.605551242828369,4.358899116516113
3.605551242828369,4.358899116516113
3.605551242828369,4.358899116516113
3.605551242828369,4.358899116516113
3.605551242828369,4.358899116516113
3.605551242828369,4.358899116516113
3.605551242828369,4.4721360206604
3.605551242828369,4.4721360206604
3.605551242828369,4.4721360206604
3.605551242828369,4.4721360206604
3.605551242828369,4.4721360206604
3.605551242828369,4.4721360206604
3.605551242828369,4.4721360206604
3.605551242828369,4.4721360206604
3.605551242828369,4.4721360206604
3.605551242828369,4.4721360206604
3.605551242828369,4.4721360206604
3.605551242828369,4.4721360206604
3.605551242828369,4.4721360206604
3.605551242828369,4.4721360206604
3.605551242828369,4.4721360206604
3.605551242828369,4.4721360206604
3.605551242828369,4.4721360206604
3.605551242828369,4.582575798034668
3.605551242828369,4.582575798034668
3.605551242828369,4.582575798034668
3.605551242828369,4.582575798034668
3.605551242828369,4.690415859222412
3.605551242828369,4.690415859222412
3.605551242828369,4.690415859222412
3.605551242828369,4.690415859222412
3.605551242828369,4.690415859222412
3.605551242828369,4.690415859222412
3.605551242828369,4.690415859222412
3.605551242828369,4.690415859222412
3.605551242828369,4.898979663848877
3.605551242828369,4.898979663848877
3.605551242828369,4.898979663848877
3.605551242828369,5
3.605551242828369,5
3.605551242828369,5
3.605551242828369,5
3.605551242828369,5
3.605551242828369,5
3.605551242828369,5
3.605551242828369,5
3.605551242828369,5
3.605551242828369,5.099019527435303
3.605551242828369,5.099019527435303
3.605551242828369,5.099019527435303
3.605551242828369,5.099019527435303
3.605551242828369,5.099019527435303
3.605551242828369,5.099019527435303
3.605551242828369,5.099019527435303
3.605551242828369,5.099019527435303
3.605551242828369,5.099019527435303
3.605551242828369,5.099019527435303
3.605551242828369,5.196152210235596
3.605551242828369,5.385164737701416
3.605551242828369,5.385164737701416
3.605551242828369,5.385164737701416
3.605551242828369,5.385164737701416
3.605551242828369,5.385164737701416
3.605551242828369,5.385164737701416
3.605551242828369,5.385164737701416
3.605551242828369,5.385164737701416
3.605551242828369,5.385164737701416
3.605551242828369,5.385164737701416
3.605551242828369,5.385164737701416
3.605551242828369,5.4772257804870605
3.605551242828369,5.4772257804870605
3.605551242828369,5.4772257804870605
3.605551242828369,5.4772257804870605
3.605551242828369,5.656854152679443
3.605551242828369,5.74456262588501
3.605551242828369,5.74456262588501
3.605551242828369,5.74456262588501
3.605551242828369,5.74456262588501
3.605551242828369,5.74456262588501
3.605551242828369,5.74456262588501
3.605551242828369,5.830951690673828
3.605551242828369,5.830951690673828
3.605551242828369,5.830951690673828
3.605551242828369,5.830951690673828
3.605551242828369,5.830951690673828
3.605551242828369,5.916079998016357
3.605551242828369,5.916079998016357
3.605551242828369,5.916079998016357
3.605551242828369,5.916079998016357
3.605551242828369,5.916079998016357
3.605551242828369,5.916079998016357
3.605551242828369,6
3.605551242828369,6
3.605551242828369,6
3.605551242828369,6
3.605551242828369,6
3.605551242828369,6
3.605551242828369,6
3.605551242828369,6
3.605551242828369,6
3.605551242828369,6.082762718200684
3.605551242828369,6.082762718200684
3.605551242828369,6.164413928985596
3.605551242828369,6.164413928985596
3.605551242828369,6.164413928985596
3.605551242828369,6.164413928985596
3.605551242828369,6.164413928985596
3.605551242828369,6.164413928985596
3.605551242828369,6.324555397033691
3.605551242828369,6.324555397033691
3.605551242828369,6.324555397033691
3.605551242828369,6.4031243324279785
3.605551242828369,6.4031243324279785
3.605551242828369,6.4031243324279785
3.605551242828369,6.4031243324279785
3.605551242828369,6.4031243324279785
3.605551242828369,6.4031243324279785
3.605551242828369,6.4031243324279785
3.605551242828369,6.4031243324279785
3.605551242828369,6.4031243324279785
3.605551242828369,6.4031243324279785
3.605551242828369,6.4031243324279785
3.605551242828369,6.4031243324279785
3.605551242828369,6.4031243324279785
3.605551242828369,6.480740547180176
3.605551242828369,6.480740547180176
3.605551242828369,6.480740547180176
3.605551242828369,6.480740547180176
3.605551242828369,6.480740547180176
3.605551242828369,6.557438373565674
3.605551242828369,6.557438373565674
3.605551242828369,6.633249759674072
3.605551242828369,6.633249759674072
3.605551242828369,6.7082037925720215
3.605551242828369,6.7082037925720215
3.605551242828369,6.7082037925720215
3.605551242828369,6.7082037925720215
3.605551242828369,6.7082037925720215
3.605551242828369,6.7082037925720215
3.605551242828369,6.78233003616333
3.605551242828369,6.78233003616333
3.605551242828369,6.78233003616333
3.605551242828369,6.78233003616333
3.605551242828369,6.928203105926514
3.605551242828369,7
3.605551242828369,7
3.605551242828369,7
3.605551242828369,7
3.605551242828369,7
3.605551242828369,7.071067810058594
3.605551242828369,7.071067810058594
3.605551242828369,7.071067810058594
3.605551242828369,7.071067810058594
3.605551242828369,7.071067810058594
3.605551242828369,7.071067810058594
3.605551242828369,7.071067810058594
3.605551242828369,7.071067810058594
3.605551242828369,7.141428470611572
3.605551242828369,7.141428470611572
3.605551242828369,7.141428470611572
3.605551242828369,7.141428470611572
3.605551242828369,7.141428470611572
3.605551242828369,7.211102485656738
3.605551242828369,7.211102485656738
3.605551242828369,7.211102485656738
3.605551242828369,7.280109882354736
3.605551242828369,7.280109882354736
3.605551242828369,7.280109882354736
3.605551242828369,7.280109882354736
3.605551242828369,7.280109882354736
3.605551242828369,7.348469257354736
3.605551242828369,7.348469257354736
3.605551242828369,7.348469257354736
3.605551242828369,7.348469257354736
3.605551242828369,7.348469257354736
3.605551242828369,7.348469257354736
3.605551242828369,7.4833149909973145
3.605551242828369,7.4833149909973145
3.605551242828369,7.4833149909973145
3.605551242828369,7.549834251403809
3.605551242828369,7.549834251403809
3.605551242828369,7.681145668029785
3.605551242828369,7.681145668029785
3.605551242828369,7.8102498054504395
3.605551242828369,7.8102498054504395
3.605551242828369,7.8102498054504395
3.605551242828369,7.8102498054504395
3.605551242828369,7.8102498054504395
3.605551242828369,7.8102498054504395
3.605551242828369,7.8102498054504395
3.605551242828369,7.874007701873779
3.605551242828369,7.874007701873779
3.605551242828369,8
3.605551242828369,8.062257766723633
3.605551242828369,8.124038696289063
3.605551242828369,8.124038696289063
3.605551242828369,8.124038696289063
3.605551242828369,8.124038696289063
3.605551242828369,8.124038696289063
3.605551242828369,8.124038696289063
3.605551242828369,8.124038696289063
3.605551242828369,8.246211051940918
3.605551242828369,8.246211051940918
3.605551242828369,8.246211051940918
3.605551242828369,8.246211051940918
3.605551242828369,8.306623458862305
3.605551242828369,8.306623458862305
3.605551242828369,8.306623458862305
3.605551242828369,8.306623458862305
3.605551242828369,8.306623458862305
3.605551242828369,8.366600036621094
3.605551242828369,8.485280990600586
3.605551242828369,8.485280990600586
3.605551242828369,8.5440034866333
3.605551242828369,8.602325439453125
3.605551242828369,8.66025447845459
3.605551242828369,8.9442720413208
3.605551242828369,8.9442720413208
3.605551242828369,9
3.605551242828369,9
3.605551242828369,9
3.605551242828369,9
3.605551242828369,9
3.605551242828369,9
3.605551242828369,9.110433578491211
3.605551242828369,9.219544410705566
3.605551242828369,9.273618698120117
3.605551242828369,9.273618698120117
3.605551242828369,9.273618698120117
3.605551242828369,9.273618698120117
3.605551242828369,9.273618698120117
3.605551242828369,9.486832618713379
3.605551242828369,9.486832618713379
3.605551242828369,9.539392471313477
3.605551242828369,9.539392471313477
3.605551242828369,9.899495124816895
3.605551242828369,9.899495124816895
3.605551242828369,10
3.605551242828369,10
3.605551242828369,10.049875259399414
3.605551242828369,10.099504470825195
3.605551242828369,10.24695110321045
3.605551242828369,10.24695110321045
3.605551242828369,10.488088607788086
3.605551242828369,11.045360565185547
3.605551242828369,11.090536117553711
3.605551242828369,11.48912525177002
3.605551242828369,11.832159996032715
3.605551242828369,13.076696395874023
3.605551242828369,14.317821502685547
3.605551242828369,14.456831932067871
3.605551242828369,14.966629981994629
3.605551242828369,15.165750503540039
3.605551242828369,15.524174690246582
3.605551242828369,16.031219482421875
3.605551242828369,16.278820037841797
3.605551242828369,17.69180679321289
3.605551242828369,18.867961883544922
3.605551242828369,19.02629852294922
3.605551242828369,24.26932144165039
3.605551242828369,24.515300750732422
4,inf
4,inf
4,inf
4,inf
4,inf
4,inf
4,inf
4,inf
4,inf
4,inf
4,inf
4,inf
4,inf
4,inf
4,inf
4,inf
4,inf
4,inf
4,inf
4,inf
4,inf
4,inf
4,inf
4,inf
4,inf
4,inf
4,inf
4,inf
4,inf
4,inf
4,inf
4,inf
4,inf
4,4.123105525970459
4,4.123105525970459
4,4.123105525970459
4,4.123105525970459
4,4.242640495300293
4,4.242640495300293
4,4.242640495300293
4,4.4721360206604
4,4.4721360206604
4,4.4721360206604
4,4.582575798034668
4,4.582575798034668
4,4.582575798034668
4,4.690415859222412
4,4.690415859222412
4,4.690415859222412
4,4.898979663848877
4,4.898979663848877
4,4.898979663848877
4,4.898979663848877
4,5
4,5
4,5
4,5
4,5.099019527435303
4,5.099019527435303
4,5.099019527435303
4,5.099019527435303
4,5.385164737701416
4,5.385164737701416
4,5.4772257804870605
4,5.4772257804870605
4,5.4772257804870605
4,5.4772257804870605
4,5.4772257804870605
4,5.656854152679443
4,5.74456262588501
4,5.74456262588501
4,5.74456262588501
4,5.830951690673828
4,5.830951690673828
4,5.830951690673828
4,5.916079998016357
4,5.916079998016357
4,5.916079998016357
4,6
4,6
4,6.082762718200684
4,6.164413928985596
4,6.164413928985596
4,6.164413928985596
4,6.164413928985596
4,6.164413928985596
4,6.164413928985596
4,6.324555397033691
4,6.324555397033691
4,6.4031243324279785
4,6.4031243324279785
4,6.4031243324279785
4,6.4031243324279785
4,6.4031243324279785
4,6.4031243324279785
4,6.4031243324279785
4,6.4031243324279785
4,6.480740547180176
4,6.480740547180176
4,6.480740547180176
4,6.480740547180176
4,6.633249759674072
4,6.7082037925720215
4,6.7082037925720215
4,6.7082037925720215
4,6.928203105926514
4,7
4,7
4,7
4,7
4,7.071067810058594
4,7.071067810058594
4,7.071067810058594
4,7.071067810058594
4,7.071067810058594
4,7.141428470611572
4,7.141428470611572
4,7.280109882354736
4,7.280109882354736
4,7.348469257354736
4,7.4833149909973145
4,7.4833149909973145
4,7.681145668029785
4,8.062257766723633
4,8.124038696289063
4,8.185352325439453
4,8.602325439453125
4,9
4,9.219544410705566
4,10.29563045501709
4,11
4,12.449899673461914
4,15.264337539672852
4,17.916473388671875
4,18.275667190551758
4,18.601076126098633
4.123105525970459,inf
4.123105525970459,inf
4.123105525970459,inf
4.123105525970459,inf
4.123105525970459,inf
4.123105525970459,inf
4.123105525970459,inf
4.123105525970459,inf
4.123105525970459,inf
4.123105525970459,inf
4.123105525970459,inf
4.123105525970459,inf
4.123105525970459,inf
4.123105525970459,inf
4.123105525970459,inf
4.123105525970459,inf
4.123105525970459,inf
4.123105525970459,inf
4.123105525970459,inf
4.123105525970459,inf
4.123105525970459,inf
4.123105525970459,inf
4.123105525970459,inf
4.123105525970459,inf
4.123105525970459,inf
4.123105525970459,inf
4.123105525970459,inf
4.123105525970459,inf
4.123105525970459,inf
4.123105525970459,inf
4.123105525970459,inf
4.123105525970459,inf
4.123105525970459,inf
4.123105525970459,inf
4.123105525970459,inf
4.123105525970459,inf
4.123105525970459,inf
4.123105525970459,inf
4.123105525970459,inf
4.123105525970459,inf
4.123105525970459,inf
4.123105525970459,inf
4.123105525970459,4.242640495300293
4.123105525970459,4.242640495300293
4.123105525970459,4.242640495300293
4.123105525970459,4.242640495300293
4.123105525970459,4.242640495300293
4.123105525970459,4.242640495300293
4.123105525970459,4.242640495300293
4.123105525970459,4.242640495300293
4.123105525970459,4.358899116516113
4.123105525970459,4.358899116516113
4.123105525970459,4.358899116516113
4.123105525970459,4.358899116516113
4.123105525970459,4.358899116516113
4.123105525970459,4.358899116516113
4.123105525970459,4.358899116516113
4.123105525970459,4.358899116516113
4.123105525970459,4.4721360206604
4.123105525970459,4.4721360206604
4.123105525970459,4.4721360206604
4.123105525970459,4.4721360206604
4.123105525970459,4.4721360206604
4.123105525970459,4.4721360206604
4.123105525970459,4.4721360206604
4.123105525970459,4.4721360206604
4.123105525970459,4.4721360206604
4.123105525970459,4.4721360206604
4.123105525970459,4.4721360206604
4.123105525970459,4.4721360206604
4.123105525970459,4.4721360206604
4.123105525970459,4.4721360206604
4.123105525970459,4.4721360206604
4.123105525970459,4.582575798034668
4.123105525970459,4.582575798034668
4.123105525970459,4.582575798034668
4.123105525970459,4.582575798034668
4.123105525970459,4.582575798034668
4.123105525970459,4.582575798034668
4.123105525970459,4.582575798034668
4.123105525970459,4.582575798034668
4.123105525970459,4.582575798034668
4.123105525970459,4.582575798034668
4.123105525970459,4.690415859222412
4.123105525970459,4.690415859222412
4.123105525970459,4.690415859222412
4.123105525970459,4.690415859222412
4.123105525970459,4.690415859222412
4.123105525970459,4.690415859222412
4.123105525970459,4.690415859222412
4.123105525970459,4.690415859222412
4.123105525970459,4.690415859222412
4.123105525970459,4.690415859222412
4.123105525970459,4.690415859222412
4.123105525970459,4.690415859222412
4.123105525970459,4.898979663848877
4.123105525970459,4.898979663848877
4.123105525970459,4.898979663848877
4.123105525970459,4.898979663848877
4.123105525970459,4.898979663848877
4.123105525970459,4.898979663848877
4.123105525970459,4.898979663848877
4.123105525970459,4.898979663848877
4.123105525970459,4.898979663848877
4.123105525970459,4.898979663848877
4.123105525970459,5
4.123105525970459,5
4.123105525970459,5
4.123105525970459,5
4.123105525970459,5
4.123105525970459,5
4.123105525970459,5
4.123105525970459,5
4.123105525970459,5
4.123105525970459,5
4.123105525970459,5
4.123105525970459,5
4.123105525970459,5
4.123105525970459,5
4.123105525970459,5
4.123105525970459,5
4.123105525970459,5.099019527435303
4.123105525970459,5.099019527435303
4.123105525970459,5.099019527435303
4.123105525970459,5.099019527435303
4.123105525970459,5.099019527435303
4.123105525970459,5.099019527435303
4.123105525970459,5.099019527435303
4.123105525970459,5.099019527435303
4.123105525970459,5.099019527435303
4.123105525970459,5.099019527435303
4.123105525970459,5.099019527435303
4.123105525970459,5.099019527435303
4.123105525970459,5.099019527435303
4.123105525970459,5.099019527435303
4.123105525970459,5.099019527435303
4.123105525970459,5.099019527435303
4.123105525970459,5.196152210235596
4.123105525970459,5.196152210235596
4.123105525970459,5.196152210235596
4.123105525970459,5.196152210235596
4.123105525970459,5.196152210235596
4.123105525970459,5.196152210235596
4.123105525970459,5.196152210235596
4.123105525970459,5.196152210235596
4.123105525970459,5.196152210235596
4.123105525970459,5.196152210235596
4.123105525970459,5.385164737701416
4.123105525970459,5.385164737701416
4.123105525970459,5.385164737701416
4.123105525970459,5.385164737701416
4.123105525970459,5.385164737701416
4.123105525970459,5.385164737701416
4.123105525970459,5.4772257804870605
4.123105525970459,5.4772257804870605
4.123105525970459,5.4772257804870605
4.123105525970459,5.4772257804870605
4.123105525970459,5.4772257804870605
4.123105525970459,5.656854152679443
4.123105525970459,5.656854152679443
4.123105525970459,5.656854152679443
4.123105525970459,5.656854152679443
4.123105525970459,5.656854152679443
4.123105525970459,5.74456262588501
4.123105525970459,5.74456262588501
4.123105525970459,5.74456262588501
4.123105525970459,5.74456262588501
4.123105525970459,5.74456262588501
4.123105525970459,5.74456262588501
4.123105525970459,5.74456262588501
4.123105525970459,5.74456262588501
4.123105525970459,5.74456262588501
4.123105525970459,5.830951690673828
4.123105525970459,5.830951690673828
4.123105525970459,5.830951690673828
4.123105525970459,5.830951690673828
4.123105525970459,5.830951690673828
4.123105525970459,5.830951690673828
4.123105525970459,5.830951690673828
4.123105525970459,5.830951690673828
4.123105525970459,5.916079998016357
4.123105525970459,5.916079998016357
4.123105525970459,5.916079998016357
4.123105525970459,6
4.123105525970459,6
4.123105525970459,6.082762718200684
4.123105525970459,6.082762718200684
4.123105525970459,6.164413928985596
4.123105525970459,6.164413928985596
4.123105525970459,6.324555397033691
4.123105525970459,6.324555397033691
4.123105525970459,6.4031243324279785
4.123105525970459,6.4031243324279785
4.123105525970459,6.4031243324279785
4.123105525970459,6.480740547180176
4.123105525970459,6.480740547180176
4.123105525970459,6.557438373565674
4.123105525970459,6.557438373565674
4.123105525970459,6.557438373565674
4.123105525970459,6.633249759674072
4.123105525970459,6.633249759674072
4.123105525970459,6.7082037925720215
4.123105525970459,6.7082037925720215
4.123105525970459,6.7082037925720215
4.123105525970459,6.7082037925720215
4.123105525970459,6.7082037925720215
4.123105525970459,6.7082037925720215
4.123105525970459,6.7082037925720215
4.123105525970459,6.78233003616333
4.123105525970459,6.78233003616333
4.123105525970459,6.78233003616333
4.123105525970459,7
4.123105525970459,7
4.123105525970459,7
4.123105525970459,7
4.123105525970459,7
4.123105525970459,7
4.123105525970459,7
4.123105525970459,7
4.123105525970459,7.071067810058594
4.123105525970459,7.071067810058594
4.123105525970459,7.071067810058594
4.123105525970459,7.071067810058594
4.123105525970459,7.141428470611572
4.123105525970459,7.211102485656738
4.123105525970459,7.211102485656738
4.123105525970459,7.211102485656738
4.123105525970459,7.280109882354736
4.123105525970459,7.280109882354736
4.123105525970459,7.348469257354736
4.123105525970459,7.348469257354736
4.123105525970459,7.4833149909973145
4.123105525970459,7.549834251403809
4.123105525970459,7.549834251403809
4.123105525970459,7.549834251403809
4.123105525970459,7.549834251403809
4.123105525970459,7.549834251403809
4.123105525970459,7.6157732009887695
4.123105525970459,7.8102498054504395
4.123105525970459,7.8102498054504395
4.123105525970459,7.874007701873779
4.123105525970459,8
4.123105525970459,8.062257766723633
4.123105525970459,8.062257766723633
4.123105525970459,8.062257766723633
4.123105525970459,8.062257766723633
4.123105525970459,8.246211051940918
4.123105525970459,8.366600036621094
4.123105525970459,8.485280990600586
4.123105525970459,8.485280990600586
4.123105525970459,8.485280990600586
4.123105525970459,8.5440034866333
4.123105525970459,8.602325439453125
4.123105525970459,8.83176040649414
4.123105525970459,9
4.123105525970459,9.05538558959961
4.123105525970459,9.110433578491211
4.123105525970459,9.219544410705566
4.123105525970459,9.433980941772461
4.123105525970459,9.797959327697754
4.123105525970459,10.049875259399414
4.123105525970459,10.29563045501709
4.123105525970459,10.29563045501709
4.123105525970459,10.29563045501709
4.123105525970459,10.770329475402832
4.123105525970459,11.704699516296387
4.123105525970459,12.041594505310059
4.123105525970459,13.601470947265625
4.123105525970459,13.747727394104004
4.123105525970459,13.892443656921387
4.123105525970459,14.798648834228516
4.123105525970459,16.492422103881836
4.242640495300293,inf
4.242640495300293,inf
4.242640495300293,inf
4.242640495300293,inf
4.242640495300293,inf
4.242640495300293,inf
4.242640495300293,inf
4.242640495300293,inf
4.242640495300293,4.358899116516113
4.242640495300293,4.358899116516113
4.242640495300293,4.358899116516113
4.242640495300293,4.4721360206604
4.242640495300293,4.4721360206604
4.242640495300293,4.4721360206604
4.242640495300293,4.4721360206604
4.242640495300293,4.582575798034668
4.242640495300293,4.582575798034668
4.242640495300293,4.582575798034668
4.242640495300293,4.582575798034668
4.242640495300293,4.582575798034668
4.242640495300293,4.582575798034668
4.242640495300293,4.582575798034668
4.242640495300293,4.690415859222412
4.242640495300293,4.690415859222412
4.242640495300293,4.690415859222412
4.242640495300293,4.898979663848877
4.242640495300293,4.898979663848877
4.242640495300293,4.898979663848877
4.242640495300293,4.898979663848877
4.242640495300293,5
4.242640495300293,5
4.242640495300293,5
4.242640495300293,5
4.242640495300293,5
4.242640495300293,5.099019527435303
4.242640495300293,5.099019527435303
4.242640495300293,5.099019527435303
4.242640495300293,5.099019527435303
4.242640495300293,5.099019527435303
4.242640495300293,5.099019527435303
4.242640495300293,5.099019527435303
4.242640495300293,5.099019527435303
4.242640495300293,5.196152210235596
4.242640495300293,5.385164737701416
4.242640495300293,5.385164737701416
4.242640495300293,5.385164737701416
4.242640495300293,5.385164737701416
4.242640495300293,5.385164737701416
4.242640495300293,5.4772257804870605
4.242640495300293,5.4772257804870605
4.242640495300293,5.656854152679443
4.242640495300293,5.74456262588501
4.242640495300293,5.74456262588501
4.242640495300293,5.74456262588501
4.242640495300293,5.74456262588501
4.242640495300293,5.830951690673828
4.242640495300293,6
4.242640495300293,6
4.242640495300293,6
4.242640495300293,6
4.242640495300293,6.082762718200684
4.242640495300293,6.082762718200684
4.242640495300293,6.164413928985596
4.242640495300293,6.164413928985596
4.242640495300293,6.164413928985596
4.242640495300293,6.324555397033691
4.242640495300293,6.324555397033691
4.242640495300293,6.4031243324279785
4.242640495300293,6.4031243324279785
4.242640495300293,6.4031243324279785
4.242640495300293,6.480740547180176
4.242640495300293,6.480740547180176
4.242640495300293,6.7082037925720215
4.242640495300293,6.7082037925720215
4.242640495300293,6.7082037925720215
4.242640495300293,6.7082037925720215
4.242640495300293,6.78233003616333
4.242640495300293,6.928203105926514
4.242640495300293,7
4.242640495300293,7.211102485656738
4.242640495300293,7.280109882354736
4.242640495300293,7.280109882354736
4.242640495300293,7.348469257354736
4.242640495300293,7.4833149909973145
4.242640495300293,7.549834251403809
4.242640495300293,7.549834251403809
4.242640495300293,7.6157732009887695
4.242640495300293,7.874007701873779
4.242640495300293,7.874007701873779
4.242640495300293,8.124038696289063
4.242640495300293,8.185352325439453
4.242640495300293,8.306623458862305
4.242640495300293,8.306623458862305
4.242640495300293,8.366600036621094
4.242640495300293,8.485280990600586
4.242640495300293,8.5440034866333
4.242640495300293,8.602325439453125
4.242640495300293,8.83176040649414
4.242640495300293,8.9442720413208
4.242640495300293,9.219544410705566
4.242640495300293,9.219544410705566
4.242640495300293,9.433980941772461
4.242640495300293,9.486832618713379
4.242640495300293,9.797959327697754
4.242640495300293,9.899495124816895
4.242640495300293,10.049875259399414
4.242640495300293,10.344079971313477
4.242640495300293,10.488088607788086
4.242640495300293,10.677078247070313
4.242640495300293,11.313708305358887
4.242640495300293,12.165525436401367
4.242640495300293,12.247448921203613
4.242640495300293,14.798648834228516
4.242640495300293,17.69180679321289
4.242640495300293,24.1867733001709
4.4721360206604,inf
4.4721360206604,inf
4.4721360206604,inf
4.4721360206604,inf
4.4721360206604,inf
4.4721360206604,inf
4.4721360206604,inf
4.4721360206604,inf
4.4721360206604,inf
4.4721360206604,inf
4.4721360206604,inf
4.4721360206604,inf
4.4721360206604,inf
4.4721360206604,inf
4.4721360206604,inf
4.4721360206604,inf
4.4721360206604,inf
4.4721360206604,inf
4.4721360206604,inf
4.4721360206604,inf
4.4721360206604,inf
4.4721360206604,inf
4.4721360206604,inf
4.4721360206604,inf
4.4721360206604,inf
4.4721360206604,inf
4.4721360206604,inf
4.4721360206604,inf
4.4721360206604,inf
4.4721360206604,inf
4.4721360206604,inf
4.4721360206604,inf
4.4721360206604,inf
4.4721360206604,inf
4.4721360206604,inf
4.4721360206604,inf
4.4721360206604,4.582575798034668
4.4721360206604,4.582575798034668
4.4721360206604,4.582575798034668
4.4721360206604,4.582575798034668
4.4721360206604,4.582575798034668
4.4721360206604,4.582575798034668
4.4721360206604,4.582575798034668
4.4721360206604,4.582575798034668
4.4721360206604,4.582575798034668
4.4721360206604,4.582575798034668
4.4721360206604,4.582575798034668
4.4721360206604,4.582575798034668
4.4721360206604,4.582575798034668
4.4721360206604,4.690415859222412
4.4721360206604,4.690415859222412
4.4721360206604,4.690415859222412
4.4721360206604,4.690415859222412
4.4721360206604,4.690415859222412
4.4721360206604,4.690415859222412
4.4721360206604,4.690415859222412
4.4721360206604,4.690415859222412
4.4721360206604,4.690415859222412
4.4721360206604,4.690415859222412
4.4721360206604,4.690415859222412
4.4721360206604,4.690415859222412
4.4721360206604,4.690415859222412
4.4721360206604,4.690415859222412
4.4721360206604,4.690415859222412
4.4721360206604,4.690415859222412
4.4721360206604,4.690415859222412
4.4721360206604,4.898979663848877
4.4721360206604,4.898979663848877
4.4721360206604,4.898979663848877
4.4721360206604,4.898979663848877
4.4721360206604,4.898979663848877
4.4721360206604,4.898979663848877
4.4721360206604,4.898979663848877
4.4721360206604,4.898979663848877
4.4721360206604,4.898979663848877
4.4721360206604,4.898979663848877
4.4721360206604,4.898979663848877
4.4721360206604,4.898979663848877
4.4721360206604,4.898979663848877
4.4721360206604,4.898979663848877
4.4721360206604,4.898979663848877
4.4721360206604,4.898979663848877
4.4721360206604,5
4.4721360206604,5
4.4721360206604,5
4.4721360206604,5
4.4721360206604,5
4.4721360206604,5
4.4721360206604,5
4.4721360206604,5
4.4721360206604,5
4.4721360206604,5
4.4721360206604,5
4.4721360206604,5
4.4721360206604,5
4.4721360206604,5
4.4721360206604,5
4.4721360206604,5.099019527435303
4.4721360206604,5.099019527435303
4.4721360206604,5.099019527435303
4.4721360206604,5.099019527435303
4.4721360206604,5.099019527435303
4.4721360206604,5.099019527435303
4.4721360206604,5.099019527435303
4.4721360206604,5.099019527435303
4.4721360206604,5.099019527435303
4.4721360206604,5.099019527435303
4.4721360206604,5.099019527435303
4.4721360206604,5.099019527435303
4.4721360206604,5.099019527435303
4.4721360206604,5.099019527435303
4.4721360206604,5.099019527435303
4.4721360206604,5.099019527435303
4.4721360206604,5.099019527435303
4.4721360206604,5.099019527435303
4.4721360206604,5.099019527435303
4.4721360206604,5.196152210235596
4.4721360206604,5.196152210235596
4.4721360206604,5.385164737701416
4.4721360206604,5.385164737701416
4.4721360206604,5.385164737701416
4.4721360206604,5.385164737701416
4.4721360206604,5.385164737701416
4.4721360206604,5.385164737701416
4.4721360206604,5.385164737701416
4.4721360206604,5.385164737701416
4.4721360206604,5.385164737701416
4.4721360206604,5.385164737701416
4.4721360206604,5.385164737701416
4.4721360206604,5.385164737701416
4.4721360206604,5.385164737701416
4.4721360206604,5.385164737701416
4.4721360206604,5.385164737701416
4.4721360206604,5.385164737701416
4.4721360206604,5.385164737701416
4.4721360206604,5.385164737701416
4.4721360206604,5.385164737701416
4.4721360206604,5.4772257804870605
4.4721360206604,5.4772257804870605
4.4721360206604,5.4772257804870605
4.4721360206604,5.4772257804870605
4.4721360206604,5.4772257804870605
4.4721360206604,5.4772257804870605
4.4721360206604,5.656854152679443
4.4721360206604,5.656854152679443
4.4721360206604,5.656854152679443
4.4721360206604,5.656854152679443
4.4721360206604,5.74456262588501
4.4721360206604,5.74456262588501
4.4721360206604,5.74456262588501
4.4721360206604,5.74456262588501
4.4721360206604,5.74456262588501
4.4721360206604,5.74456262588501
4.4721360206604,5.74456262588501
4.4721360206604,5.74456262588501
4.4721360206604,5.74456262588501
4.4721360206604,5.74456262588501
4.4721360206604,5.830951690673828
4.4721360206604,5.830951690673828
4.4721360206604,5.830951690673828
4.4721360206604,5.830951690673828
4.4721360206604,5.830951690673828
4.4721360206604,5.830951690673828
4.4721360206604,5.830951690673828
4.4721360206604,5.830951690673828
4.4721360206604,5.830951690673828
4.4721360206604,5.916079998016357
4.4721360206604,5.916079998016357
4.4721360206604,5.916079998016357
4.4721360206604,5.916079998016357
4.4721360206604,5.916079998016357
4.4721360206604,5.916079998016357
4.4721360206604,5.916079998016357
4.4721360206604,5.916079998016357
4.4721360206604,5.916079998016357
4.4721360206604,6
4.4721360206604,6.082762718200684
4.4721360206604,6.082762718200684
4.4721360206604,6.082762718200684
4.4721360206604,6.164413928985596
4.4721360206604,6.164413928985596
4.4721360206604,6.164413928985596
4.4721360206604,6.164413928985596
4.4721360206604,6.324555397033691
4.4721360206604,6.324555397033691
4.4721360206604,6.4031243324279785
4.4721360206604,6.4031243324279785
4.4721360206604,6.4031243324279785
4.4721360206604,6.4031243324279785
4.4721360206604,6.4031243324279785
4.4721360206604,6.480740547180176
4.4721360206604,6.480740547180176
4.4721360206604,6.480740547180176
4.4721360206604,6.480740547180176
4.4721360206604,6.557438373565674
4.4721360206604,6.557438373565674
4.4721360206604,6.7082037925720215
4.4721360206604,6.7082037925720215
4.4721360206604,6.7082037925720215
4.4721360206604,6.7082037925720215
4.4721360206604,6.78233003616333
4.4721360206604,6.928203105926514
4.4721360206604,7
4.4721360206604,7
4.4721360206604,7
4.4721360206604,7
4.4721360206604,7.071067810058594
4.4721360206604,7.071067810058594
4.4721360206604,7.071067810058594
4.4721360206604,7.071067810058594
4.4721360206604,7.071067810058594
4.4721360206604,7.211102485656738
4.4721360206604,7.211102485656738
4.4721360206604,7.211102485656738
4.4721360206604,7.280109882354736
4.4721360206604,7.348469257354736
4.4721360206604,7.348469257354736
4.4721360206604,7.348469257354736
4.4721360206604,7.348469257354736
4.4721360206604,7.348469257354736
4.4721360206604,7.4833149909973145
4.4721360206604,7.4833149909973145
4.4721360206604,7.4833149909973145
4.4721360206604,7.4833149909973145
4.4721360206604,7.4833149909973145
4.4721360206604,7.549834251403809
4.4721360206604,7.549834251403809
4.4721360206604,7.549834251403809
4.4721360206604,7.549834251403809
4.4721360206604,7.6157732009887695
4.4721360206604,7.6157732009887695
4.4721360206604,7.6157732009887695
4.4721360206604,7.681145668029785
4.4721360206604,7.681145668029785
4.4721360206604,7.681145668029785
4.4721360206604,7.8102498054504395
4.4721360206604,7.8102498054504395
4.4721360206604,7.8102498054504395
4.4721360206604,7.874007701873779
4.4721360206604,7.874007701873779
4.4721360206604,7.874007701873779
4.4721360206604,8.062257766723633
4.4721360206604,8.062257766723633
4.4721360206604,8.062257766723633
4.4721360206604,8.124038696289063
4.4721360206604,8.124038696289063
4.4721360206604,8.185352325439453
4.4721360206604,8.306623458862305
4.4721360206604,8.306623458862305
4.4721360206604,8.306623458862305
4.4721360206604,8.485280990600586
4.4721360206604,8.485280990600586
4.4721360206604,8.485280990600586
4.4721360206604,8.5440034866333
4.4721360206604,8.602325439453125
4.4721360206604,8.602325439453125
4.4721360206604,8.602325439453125
4.4721360206604,8.66025447845459
4.4721360206604,8.66025447845459
4.4721360206604,8.66025447845459
4.4721360206604,8.774964332580566
4.4721360206604,8.774964332580566
4.4721360206604,9
4.4721360206604,9
4.4721360206604,9.05538558959961
4.4721360206604,9.219544410705566
4.4721360206604,9.273618698120117
4.4721360206604,9.380831718444824
4.4721360206604,9.433980941772461
4.4721360206604,9.899495124816895
4.4721360206604,9.899495124816895
4.4721360206604,10
4.4721360206604,10.049875259399414
4.4721360206604,10.24695110321045
4.4721360206604,10.24695110321045
4.4721360206604,10.24695110321045
4.4721360206604,10.29563045501709
4.4721360206604,10.29563045501709
4.4721360206604,10.488088607788086
4.4721360206604,11.357816696166992
4.4721360206604,11.575837135314941
4.4721360206604,12.369317054748535
4.4721360206604,15.264337539672852
5,inf
5,inf
5,inf
5,inf
5,inf
5,inf
5,inf
5,inf
5,inf
5,inf
5,inf
5,inf
5,inf
5,inf
5,inf
5,inf
5,inf
5,inf
5,inf
5,inf
5,inf
5,inf
5,inf
5,inf
5,inf
5,inf
5,inf
5,inf
5,inf
5,inf
5,inf
5,inf
5,inf
5,inf
5,inf
5,inf
5,inf
5,inf
5,inf
5,inf
5,inf
5,5.099019527435303
5,5.099019527435303
5,5.099019527435303
5,5.099019527435303
5,5.099019527435303
5,5.099019527435303
5,5.099019527435303
5,5.099019527435303
5,5.099019527435303
5,5.099019527435303
5,5.099019527435303
5,5.099019527435303
5,5.196152210235596
5,5.196152210235596
5,5.196152210235596
5,5.196152210235596
5,5.196152210235596
5,5.196152210235596
5,5.385164737701416
5,5.385164737701416
5,5.385164737701416
5,5.385164737701416
5,5.385164737701416
5,5.385164737701416
5,5.385164737701416
5,5.385164737701416
5,5.385164737701416
5,5.385164737701416
5,5.385164737701416
5,5.385164737701416
5,5.385164737701416
5,5.385164737701416
5,5.385164737701416
5,5.385164737701416
5,5.385164737701416
5,5.385164737701416
5,5.385164737701416
5,5.385164737701416
5,5.385164737701416
5,5.385164737701416
5,5.385164737701416
5,5.385164737701416
5,5.385164737701416
5,5.385164737701416
5,5.385164737701416
5,5.385164737701416
5,5.385164737701416
5,5.4772257804870605
5,5.4772257804870605
5,5.4772257804870605
5,5.4772257804870605
5,5.4772257804870605
5,5.4772257804870605
5,5.4772257804870605
5,5.4772257804870605
5,5.4772257804870605
5,5.4772257804870605
5,5.4772257804870605
5,5.656854152679443
5,5.656854152679443
5,5.74456262588501
5,5.74456262588501
5,5.74456262588501
5,5.74456262588501
5,5.74456262588501
5,5.74456262588501
5,5.74456262588501
5,5.74456262588501
5,5.74456262588501
5,5.74456262588501
5,5.830951690673828
5,5.830951690673828
5,5.830951690673828
5,5.830951690673828
5,5.830951690673828
5,5.830951690673828
5,5.916079998016357
5,5.916079998016357
5,5.916079998016357
5,5.916079998016357
5,5.916079998016357
5,5.916079998016357
5,6
5,6
5,6
5,6
5,6
5,6.082762718200684
5,6.082762718200684
5,6.082762718200684
5,6.082762718200684
5,6.082762718200684
5,6.082762718200684
5,6.082762718200684
5,6.164413928985596
5,6.164413928985596
5,6.164413928985596
5,6.164413928985596
5,6.164413928985596
5,6.164413928985596
5,6.164413928985596
5,6.164413928985596
5,6.164413928985596
5,6.164413928985596
5,6.164413928985596
5,6.164413928985596
5,6.164413928985596
5,6.324555397033691
5,6.324555397033691
5,6.324555397033691
5,6.324555397033691
5,6.324555397033691
5,6.324555397033691
5,6.4031243324279785
5,6.4031243324279785
5,6.4031243324279785
5,6.4031243324279785
5,6.4031243324279785
5,6.4031243324279785
5,6.4031243324279785
5,6.4031243324279785
5,6.4031243324279785
5,6.4031243324279785
5,6.4031243324279785
5,6.4031243324279785
5,6.480740547180176
5,6.480740547180176
5,6.480740547180176
5,6.557438373565674
5,6.557438373565674
5,6.557438373565674
5,6.633249759674072
5,6.633249759674072
5,6.633249759674072
5,6.633249759674072
5,6.7082037925720215
5,6.7082037925720215
5,6.7082037925720215
5,6.7082037925720215
5,6.7082037925720215
5,6.7082037925720215
5,6.78233003616333
5,6.78233003616333
5,6.78233003616333
5,6.928203105926514
5,6.928203105926514
5,6.928203105926514
5,6.928203105926514
5,6.928203105926514
5,6.928203105926514
5,7
5,7
5,7
5,7
5,7
5,7
5,7
5,7.071067810058594
5,7.071067810058594
5,7.071067810058594
5,7.071067810058594
5,7.071067810058594
5,7.071067810058594
5,7.071067810058594
5,7.141428470611572
5,7.141428470611572
5,7.141428470611572
5,7.141428470611572
5,7.280109882354736
5,7.280109882354736
5,7.280109882354736
5,7.280109882354736
5,7.280109882354736
5,7.280109882354736
5,7.348469257354736
5,7.348469257354736
5,7.348469257354736
5,7.348469257354736
5,7.348469257354736
5,7.348469257354736
5,7.4833149909973145
5,7.4833149909973145
5,7.549834251403809
5,7.549834251403809
5,7.549834251403809
5,7.549834251403809
5,7.549834251403809
5,7.6157732009887695
5,7.6157732009887695
5,7.6157732009887695
5,7.6157732009887695
5,7.681145668029785
5,7.681145668029785
5,7.681145668029785
5,7.8102498054504395
5,7.8102498054504395
5,7.8102498054504395
5,7.874007701873779
5,8.062257766723633
5,8.062257766723633
5,8.062257766723633
5,8.124038696289063
5,8.124038696289063
5,8.246211051940918
5,8.246211051940918
5,8.306623458862305
5,8.306623458862305
5,8.306623458862305
5,8.366600036621094
5,8.366600036621094
5,8.485280990600586
5,8.485280990600586
5,8.5440034866333
5,8.5440034866333
5,8.5440034866333
5,8.602325439453125
5,8.774964332580566
5,8.83176040649414
5,9
5,9
5,9
5,9.110433578491211
5,9.165151596069336
5,9.219544410705566
5,9.273618698120117
5,9.273618698120117
5,9.433980941772461
5,9.433980941772461
5,9.486832618713379
5,9.486832618713379
5,9.69536018371582
5,9.899495124816895
5,9.949873924255371
5,10
5,10.049875259399414
5,10.392304420471191
5,10.440306663513184
5,11.045360565185547
5,14.866068840026855
5,16.309507369995117
5,18.384777069091797
5.099019527435303,inf
5.099019527435303,inf
5.099019527435303,inf
5.099019527435303,inf
5.099019527435303,inf
5.099019527435303,inf
5.099019527435303,inf
5.099019527435303,inf
5.099019527435303,inf
5.099019527435303,inf
5.099019527435303,inf
5.099019527435303,inf
5.099019527435303,inf
5.099019527435303,inf
5.099019527435303,inf
5.099019527435303,inf
5.099019527435303,inf
5.099019527435303,5.196152210235596
5.099019527435303,5.196152210235596
5.099019527435303,5.196152210235596
5.099019527435303,5.196152210235596
5.099019527435303,5.196152210235596
5.099019527435303,5.196152210235596
5.099019527435303,5.196152210235596
5.099019527435303,5.196152210235596
5.099019527435303,5.196152210235596
5.099019527435303,5.196152210235596
5.099019527435303,5.196152210235596
5.099019527435303,5.385164737701416
5.099019527435303,5.385164737701416
5.099019527435303,5.385164737701416
5.099019527435303,5.385164737701416
5.099019527435303,5.385164737701416
5.099019527435303,5.385164737701416
5.099019527435303,5.385164737701416
5.099019527435303,5.385164737701416
5.099019527435303,5.385164737701416
5.099019527435303,5.385164737701416
5.099019527435303,5.4772257804870605
5.099019527435303,5.4772257804870605
5.099019527435303,5.4772257804870605
5.099019527435303,5.4772257804870605
5.099019527435303,5.74456262588501
5.099019527435303,5.74456262588501
5.099019527435303,5.74456262588501
5.099019527435303,5.74456262588501
5.099019527435303,5.74456262588501
5.099019527435303,5.74456262588501
5.099019527435303,5.830951690673828
5.099019527435303,5.830951690673828
5.099019527435303,5.830951690673828
5.099019527435303,5.830951690673828
5.099019527435303,5.830951690673828
5.099019527435303,5.830951690673828
5.099019527435303,5.830951690673828
5.099019527435303,5.830951690673828
5.099019527435303,5.830951690673828
5.099019527435303,5.830951690673828
5.099019527435303,5.830951690673828
5.099019527435303,5.830951690673828
5.099019527435303,5.830951690673828
5.099019527435303,5.830951690673828
5.099019527435303,5.830951690673828
5.099019527435303,5.916079998016357
5.099019527435303,5.916079998016357
5.099019527435303,5.916079998016357
5.099019527435303,5.916079998016357
5.099019527435303,5.916079998016357
5.099019527435303,6
5.099019527435303,6
5.099019527435303,6
5.099019527435303,6
5.099019527435303,6
5.099019527435303,6
5.099019527435303,6
5.099019527435303,6.082762718200684
5.099019527435303,6.082762718200684
5.099019527435303,6.082762718200684
5.099019527435303,6.164413928985596
5.099019527435303,6.164413928985596
5.099019527435303,6.164413928985596
5.099019527435303,6.324555397033691
5.099019527435303,6.324555397033691
5.099019527435303,6.324555397033691
5.099019527435303,6.324555397033691
5.099019527435303,6.4031243324279785
5.099019527435303,6.4031243324279785
5.099019527435303,6.4031243324279785
5.099019527435303,6.4031243324279785
5.099019527435303,6.4031243324279785
5.099019527435303,6.4031243324279785
5.099019527435303,6.4031243324279785
5.099019527435303,6.4031243324279785
5.099019527435303,6.4031243324279785
5.099019527435303,6.4031243324279785
5.099019527435303,6.4031243324279785
5.099019527435303,6.4031243324279785
5.099019527435303,6.557438373565674
5.099019527435303,6.557438373565674
5.099019527435303,6.633249759674072
5.099019527435303,6.633249759674072
5.099019527435303,6.633249759674072
5.099019527435303,6.7082037925720215
5.099019527435303,6.7082037925720215
5.099019527435303,6.7082037925720215
5.099019527435303,6.78233003616333
5.099019527435303,6.78233003616333
5.099019527435303,6.78233003616333
5.099019527435303,6.78233003616333
5.099019527435303,6.78233003616333
5.099019527435303,7
5.099019527435303,7
5.099019527435303,7
5.099019527435303,7.071067810058594
5.099019527435303,7.141428470611572
5.099019527435303,7.141428470611572
5.099019527435303,7.211102485656738
5.099019527435303,7.280109882354736
5.099019527435303,7.280109882354736
5.099019527435303,7.280109882354736
5.099019527435303,7.348469257354736
5.099019527435303,7.4833149909973145
5.099019527435303,7.4833149909973145
5.099019527435303,7.4833149909973145
5.099019527435303,7.549834251403809
5.099019527435303,7.549834251403809
5.099019527435303,7.8102498054504395
5.099019527435303,7.8102498054504395
5.099019527435303,7.8102498054504395
5.099019527435303,7.874007701873779
5.099019527435303,8.062257766723633
5.099019527435303,8.062257766723633
5.099019527435303,8.062257766723633
5.099019527435303,8.062257766723633
5.099019527435303,8.124038696289063
5.099019527435303,8.124038696289063
5.099019527435303,8.185352325439453
5.099019527435303,8.185352325439453
5.099019527435303,8.246211051940918
5.099019527435303,8.246211051940918
5.099019527435303,8.306623458862305
5.099019527435303,8.485280990600586
5.099019527435303,8.5440034866333
5.099019527435303,8.602325439453125
5.099019527435303,8.774964332580566
5.099019527435303,9
5.099019527435303,9.539392471313477
5.099019527435303,10.198039054870605
5.099019527435303,10.29563045501709
5.099019527435303,13.152946472167969
5.385164737701416,inf
5.385164737701416,inf
5.385164737701416,inf
5.385164737701416,inf
5.385164737701416,inf
5.385164737701416,inf
5.385164737701416,inf
5.385164737701416,inf
5.385164737701416,inf
5.385164737701416,inf
5.385164737701416,inf
5.385164737701416,inf
5.385164737701416,inf
5.385164737701416,inf
5.385164737701416,inf
5.385164737701416,inf
5.385164737701416,inf
5.385164737701416,inf
5.385164737701416,inf
5.385164737701416,inf
5.385164737701416,5.4772257804870605
5.385164737701416,5.4772257804870605
5.385164737701416,5.4772257804870605
5.385164737701416,5.4772257804870605
5.385164737701416,5.4772257804870605
5.385164737701416,5.4772257804870605
5.385164737701416,5.4772257804870605
5.385164737701416,5.4772257804870605
5.385164737701416,5.4772257804870605
5.385164737701416,5.656854152679443
5.385164737701416,5.656854152679443
5.385164737701416,5.656854152679443
5.385164737701416,5.656854152679443
5.385164737701416,5.656854152679443
5.385164737701416,5.74456262588501
5.385164737701416,5.74456262588501
5.385164737701416,5.74456262588501
5.385164737701416,5.74456262588501
5.385164737701416,5.74456262588501
5.385164737701416,5.74456262588501
5.385164737701416,5.74456262588501
5.385164737701416,5.74456262588501
5.385164737701416,5.830951690673828
5.385164737701416,5.830951690673828
5.385164737701416,5.830951690673828
5.385164737701416,5.830951690673828
5.385164737701416,5.830951690673828
5.385164737701416,5.830951690673828
5.385164737701416,5.830951690673828
5.385164737701416,5.830951690673828
5.385164737701416,5.830951690673828
5.385164737701416,5.830951690673828
5.385164737701416,5.830951690673828
5.385164737701416,5.830951690673828
5.385164737701416,5.830951690673828
5.385164737701416,5.830951690673828
5.385164737701416,5.830951690673828
5.385164737701416,5.830951690673828
5.385164737701416,5.830951690673828
5.385164737701416,5.830951690673828
5.385164737701416,5.916079998016357
5.385164737701416,5.916079998016357
5.385164737701416,5.916079998016357
5.385164737701416,5.916079998016357
5.385164737701416,5.916079998016357
5.385164737701416,5.916079998016357
5.385164737701416,5.916079998016357
5.385164737701416,5.916079998016357
5.385164737701416,5.916079998016357
5.385164737701416,5.916079998016357
5.385164737701416,6
5.385164737701416,6
5.385164737701416,6
5.385164737701416,6
5.385164737701416,6
5.385164737701416,6
5.385164737701416,6
5.385164737701416,6.082762718200684
5.385164737701416,6.164413928985596
5.385164737701416,6.164413928985596
5.385164737701416,6.164413928985596
5.385164737701416,6.164413928985596
5.385164737701416,6.164413928985596
5.385164737701416,6.324555397033691
5.385164737701416,6.324555397033691
5.385164737701416,6.324555397033691
5.385164737701416,6.324555397033691
5.385164737701416,6.324555397033691
5.385164737701416,6.324555397033691
5.385164737701416,6.324555397033691
5.385164737701416,6.4031243324279785
5.385164737701416,6.4031243324279785
5.385164737701416,6.4031243324279785
5.385164737701416,6.4031243324279785
5.385164737701416,6.4031243324279785
5.385164737701416,6.4031243324279785
5.385164737701416,6.4031243324279785
5.385164737701416,6.480740547180176
5.385164737701416,6.480740547180176
5.385164737701416,6.480740547180176
5.385164737701416,6.480740547180176
5.385164737701416,6.480740547180176
5.385164737701416,6.480740547180176
5.385164737701416,6.557438373565674
5.385164737701416,6.557438373565674
5.385164737701416,6.557438373565674
5.385164737701416,6.633249759674072
5.385164737701416,6.633249759674072
5.385164737701416,6.7082037925720215
5.385164737701416,6.7082037925720215
5.385164737701416,6.7082037925720215
5.385164737701416,6.7082037925720215
5.385164737701416,6.7082037925720215
5.385164737701416,6.7082037925720215
5.385164737701416,6.7082037925720215
5.385164737701416,6.78233003616333
5.385164737701416,6.78233003616333
5.385164737701416,6.928203105926514
5.385164737701416,7
5.385164737701416,7
5.385164737701416,7
5.385164737701416,7
5.385164737701416,7
5.385164737701416,7
5.385164737701416,7
5.385164737701416,7.071067810058594
5.385164737701416,7.071067810058594
5.385164737701416,7.071067810058594
5.385164737701416,7.071067810058594
5.385164737701416,7.141428470611572
5.385164737701416,7.211102485656738
5.385164737701416,7.280109882354736
5.385164737701416,7.280109882354736
5.385164737701416,7.348469257354736
5.385164737701416,7.348469257354736
5.385164737701416,7.348469257354736
5.385164737701416,7.348469257354736
5.385164737701416,7.4833149909973145
5.385164737701416,7.4833149909973145
5.385164737701416,7.6157732009887695
5.385164737701416,7.6157732009887695
5.385164737701416,7.6157732009887695
5.385164737701416,7.681145668029785
5.385164737701416,7.8102498054504395
5.385164737701416,7.8102498054504395
5.385164737701416,7.8102498054504395
5.385164737701416,7.8102498054504395
5.385164737701416,7.874007701873779
5.385164737701416,7.874007701873779
5.385164737701416,7.874007701873779
5.385164737701416,7.874007701873779
5.385164737701416,8.062257766723633
5.385164737701416,8.062257766723633
5.385164737701416,8.062257766723633
5.385164737701416,8.185352325439453
5.385164737701416,8.246211051940918
5.385164737701416,8.306623458862305
5.385164737701416,8.306623458862305
5.385164737701416,8.485280990600586
5.385164737701416,8.5440034866333
5.385164737701416,8.774964332580566
5.385164737701416,8.83176040649414
5.385164737701416,8.9442720413208
5.385164737701416,9
5.385164737701416,9
5.385164737701416,9.05538558959961
5.385164737701416,9.165151596069336
5.385164737701416,9.273618698120117
5.385164737701416,9.433980941772461
5.385164737701416,9.69536018371582
5.385164737701416,9.69536018371582
5.385164737701416,9.899495124816895
5.385164737701416,9.949873924255371
5.385164737701416,10.049875259399414
5.385164737701416,10.29563045501709
5.385164737701416,10.29563045501709
5.385164737701416,11.357816696166992
5.385164737701416,11.445523262023926
5.385164737701416,11.87434196472168
5.385164737701416,15.905973434448242
5.656854152679443,inf
5.656854152679443,inf
5.656854152679443,inf
5.656854152679443,inf
5.656854152679443,inf
5.656854152679443,inf
5.656854152679443,inf
5.656854152679443,inf
5.656854152679443,inf
5.656854152679443,inf
5.656854152679443,inf
5.656854152679443,inf
5.656854152679443,inf
5.656854152679443,inf
5.656854152679443,inf
5.656854152679443,5.74456262588501
5.656854152679443,5.74456262588501
5.656854152679443,5.74456262588501
5.656854152679443,5.74456262588501
5.656854152679443,5.74456262588501
5.656854152679443,5.74456262588501
5.656854152679443,5.74456262588501
5.656854152679443,5.74456262588501
5.656854152679443,5.830951690673828
5.656854152679443,5.830951690673828
5.656854152679443,5.830951690673828
5.656854152679443,5.830951690673828
5.656854152679443,5.830951690673828
5.656854152679443,5.830951690673828
5.656854152679443,5.830951690673828
5.656854152679443,5.830951690673828
5.656854152679443,5.916079998016357
5.656854152679443,5.916079998016357
5.656854152679443,5.916079998016357
5.656854152679443,6
5.656854152679443,6.164413928985596
5.656854152679443,6.164413928985596
5.656854152679443,6.164413928985596
5.656854152679443,6.164413928985596
5.656854152679443,6.4031243324279785
5.656854152679443,6.4031243324279785
5.656854152679443,6.480740547180176
5.656854152679443,6.480740547180176
5.656854152679443,6.480740547180176
5.656854152679443,6.557438373565674
5.656854152679443,6.633249759674072
5.656854152679443,6.928203105926514
5.656854152679443,7
5.656854152679443,7
5.656854152679443,7
5.656854152679443,7
5.656854152679443,7
5.656854152679443,7.071067810058594
5.656854152679443,7.071067810058594
5.656854152679443,7.071067810058594
5.656854152679443,7.141428470611572
5.656854152679443,7.280109882354736
5.656854152679443,7.549834251403809
5.656854152679443,8
5.656854152679443,8.062257766723633
5.656854152679443,8.124038696289063
5.656854152679443,8.124038696289063
5.656854152679443,8.5440034866333
5.656854152679443,8.602325439453125
5.656854152679443,8.66025447845459
5.656854152679443,8.83176040649414
5.656854152679443,9.05538558959961
5.656854152679443,9.899495124816895
5.656854152679443,9.899495124816895
5.656854152679443,10.24695110321045
5.656854152679443,11.357816696166992
5.656854152679443,18.466184616088867
5.830951690673828,inf
5.830951690673828,inf
5.830951690673828,inf
5.830951690673828,inf
5.830951690673828,inf
5.830951690673828,inf
5.830951690673828,inf
5.830951690673828,inf
5.830951690673828,inf
5.830951690673828,inf
5.830951690673828,inf
5.830951690673828,inf
5.830951690673828,inf
5.830951690673828,inf
5.830951690673828,inf
5.830951690673828,inf
5.830951690673828,5.916079998016357
5.830951690673828,5.916079998016357
5.830951690673828,5.916079998016357
5.830951690673828,5.916079998016357
5.830951690673828,5.916079998016357
5.830951690673828,5.916079998016357
5.830951690673828,5.916079998016357
5.830951690673828,5.916079998016357
5.830951690673828,5.916079998016357
5.830951690673828,5.916079998016357
5.830951690673828,5.916079998016357
5.830951690673828,6
5.830951690673828,6
5.830951690673828,6
5.830951690673828,6
5.830951690673828,6
5.830951690673828,6.082762718200684
5.830951690673828,6.082762718200684
5.830951690673828,6.164413928985596
5.830951690673828,6.164413928985596
5.830951690673828,6.164413928985596
5.830951690673828,6.164413928985596
5.830951690673828,6.164413928985596
5.830951690673828,6.164413928985596
5.830951690673828,6.164413928985596
5.830951690673828,6.324555397033691
5.830951690673828,6.324555397033691
5.830951690673828,6.324555397033691
5.830951690673828,6.324555397033691
5.830951690673828,6.4031243324279785
5.830951690673828,6.4031243324279785
5.830951690673828,6.4031243324279785
5.830951690673828,6.4031243324279785
5.830951690673828,6.4031243324279785
5.830951690673828,6.4031243324279785
5.830951690673828,6.4031243324279785
5.830951690673828,6.4031243324279785
5.830951690673828,6.4031243324279785
5.830951690673828,6.4031243324279785
5.830951690673828,6.4031243324279785
5.830951690673828,6.4031243324279785
5.830951690673828,6.4031243324279785
5.830951690673828,6.4031243324279785
5.830951690673828,6.4031243324279785
5.830951690673828,6.4031243324279785
5.830951690673828,6.4031243324279785
5.830951690673828,6.4031243324279785
5.830951690673828,6.4031243324279785
5.830951690673828,6.4031243324279785
5.830951690673828,6.4031243324279785
5.830951690673828,6.4031243324279785
5.830951690673828,6.480740547180176
5.830951690673828,6.557438373565674
5.830951690673828,6.557438373565674
5.830951690673828,6.557438373565674
5.830951690673828,6.557438373565674
5.830951690673828,6.557438373565674
5.830951690673828,6.557438373565674
5.830951690673828,6.557438373565674
5.830951690673828,6.633249759674072
5.830951690673828,6.7082037925720215
5.830951690673828,6.7082037925720215
5.830951690673828,6.7082037925720215
5.830951690673828,6.7082037925720215
5.830951690673828,6.7082037925720215
5.830951690673828,6.7082037925720215
5.830951690673828,6.7082037925720215
5.830951690673828,6.78233003616333
5.830951690673828,6.78233003616333
5.830951690673828,6.928203105926514
5.830951690673828,6.928203105926514
5.830951690673828,6.928203105926514
5.830951690673828,6.928203105926514
5.830951690673828,6.928203105926514
5.830951690673828,6.928203105926514
5.830951690673828,6.928203105926514
5.830951690673828,7
5.830951690673828,7
5.830951690673828,7.071067810058594
5.830951690673828,7.071067810058594
5.830951690673828,7.071067810058594
5.830951690673828,7.071067810058594
5.830951690673828,7.071067810058594
5.830951690673828,7.071067810058594
5.830951690673828,7.071067810058594
5.830951690673828,7.071067810058594
5.830951690673828,7.071067810058594
5.830951690673828,7.141428470611572
5.830951690673828,7.141428470611572
5.830951690673828,7.141428470611572
5.830951690673828,7.141428470611572
5.830951690673828,7.211102485656738
5.830951690673828,7.211102485656738
5.830951690673828,7.211102485656738
5.830951690673828,7.280109882354736
5.830951690673828,7.280109882354736
5.830951690673828,7.280109882354736
5.830951690673828,7.280109882354736
5.830951690673828,7.348469257354736
5.830951690673828,7.348469257354736
5.830951690673828,7.348469257354736
5.830951690673828,7.348469257354736
5.830951690673828,7.348469257354736
5.830951690673828,7.348469257354736
5.830951690673828,7.4833149909973145
5.830951690673828,7.4833149909973145
5.830951690673828,7.4833149909973145
5.830951690673828,7.549834251403809
5.830951690673828,7.549834251403809
5.830951690673828,7.6157732009887695
5.830951690673828,7.6157732009887695
5.830951690673828,7.681145668029785
5.830951690673828,7.681145668029785
5.830951690673828,7.681145668029785
5.830951690673828,7.681145668029785
5.830951690673828,7.8102498054504395
5.830951690673828,7.8102498054504395
5.830951690673828,8.062257766723633
5.830951690673828,8.062257766723633
5.830951690673828,8.062257766723633
5.830951690673828,8.246211051940918
5.830951690673828,8.485280990600586
5.830951690673828,8.485280990600586
5.830951690673828,8.485280990600586
5.830951690673828,8.485280990600586
5.830951690673828,8.5440034866333
5.830951690673828,8.602325439453125
5.830951690673828,8.774964332580566
5.830951690673828,8.83176040649414
5.830951690673828,9
5.830951690673828,9.05538558959961
5.830951690673828,9.05538558959961
5.830951690673828,9.110433578491211
5.830951690673828,9.486832618713379
5.830951690673828,9.486832618713379
5.830951690673828,9.486832618713379
5.830951690673828,9.539392471313477
5.830951690673828,9.643651008605957
5.830951690673828,9.797959327697754
5.830951690673828,9.848857879638672
5.830951690673828,9.899495124816895
5.830951690673828,10.24695110321045
5.830951690673828,10.29563045501709
5.830951690673828,10.29563045501709
5.830951690673828,10.440306663513184
5.830951690673828,10.630146026611328
5.830951690673828,10.816654205322266
5.830951690673828,10.816654205322266
5.830951690673828,11
5.830951690673828,11.87434196472168
5.830951690673828,12.727922439575195
5.830951690673828,16.401220321655273
6,inf
6,inf
6,inf
6,inf
6,inf
6,inf
6,inf
6,inf
6,inf
6,inf
6,inf
6,inf
6,inf
6,inf
6,inf
6,inf
6,inf
6,inf
6,6.082762718200684
6,6.164413928985596
6,6.324555397033691
6,6.324555397033691
6,6.324555397033691
6,6.324555397033691
6,6.4031243324279785
6,6.4031243324279785
6,6.4031243324279785
6,6.633249759674072
6,6.78233003616333
6,7
6,7
6,7
6,7
6,7
6,7
6,7
6,7.071067810058594
6,7.071067810058594
6,7.071067810058594
6,7.071067810058594
6,7.071067810058594
6,7.071067810058594
6,7.141428470611572
6,7.141428470611572
6,7.141428470611572
6,7.211102485656738
6,7.280109882354736
6,7.280109882354736
6,7.348469257354736
6,7.348469257354736
6,7.348469257354736
6,7.348469257354736
6,7.348469257354736
6,7.348469257354736
6,7.348469257354736
6,7.348469257354736
6,7.348469257354736
6,7.4833149909973145
6,7.549834251403809
6,7.549834251403809
6,7.549834251403809
6,7.549834251403809
6,7.681145668029785
6,7.681145668029785
6,7.874007701873779
6,7.874007701873779
6,7.874007701873779
6,8.062257766723633
6,8.185352325439453
6,8.246211051940918
6,8.246211051940918
6,8.366600036621094
6,8.485280990600586
6,8.602325439453125
6,8.66025447845459
6,9.486832618713379
6,10.770329475402832
6.082762718200684,inf
6.082762718200684,inf
6.082762718200684,inf
6.082762718200684,inf
6.082762718200684,inf
6.082762718200684,inf
6.082762718200684,inf
6.082762718200684,inf
6.082762718200684,inf
6.082762718200684,inf
6.082762718200684,inf
6.082762718200684,inf
6.082762718200684,inf
6.082762718200684,inf
6.082762718200684,inf
6.082762718200684,inf
6.082762718200684,inf
6.082762718200684,inf
6.082762718200684,inf
6.082762718200684,inf
6.082762718200684,inf
6.082762718200684,inf
6.082762718200684,6.164413928985596
6.082762718200684,6.164413928985596
6.082762718200684,6.164413928985596
6.082762718200684,6.164413928985596
6.082762718200684,6.164413928985596
6.082762718200684,6.164413928985596
6.082762718200684,6.164413928985596
6.082762718200684,6.164413928985596
6.082762718200684,6.164413928985596
6.082762718200684,6.164413928985596
6.082762718200684,6.164413928985596
6.082762718200684,6.324555397033691
6.082762718200684,6.324555397033691
6.082762718200684,6.324555397033691
6.082762718200684,6.324555397033691
6.082762718200684,6.324555397033691
6.082762718200684,6.324555397033691
6.082762718200684,6.324555397033691
6.082762718200684,6.324555397033691
6.082762718200684,6.324555397033691
6.082762718200684,6.324555397033691
6.082762718200684,6.4031243324279785
6.082762718200684,6.4031243324279785
6.082762718200684,6.480740547180176
6.082762718200684,6.633249759674072
6.082762718200684,6.633249759674072
6.082762718200684,6.633249759674072
6.082762718200684,6.633249759674072
6.082762718200684,6.7082037925720215
6.082762718200684,6.7082037925720215
6.082762718200684,6.7082037925720215
6.082762718200684,6.7082037925720215
6.082762718200684,6.7082037925720215
6.082762718200684,6.7082037925720215
6.082762718200684,6.7082037925720215
6.082762718200684,6.78233003616333
6.082762718200684,6.78233003616333
6.082762718200684,6.78233003616333
6.082762718200684,6.78233003616333
6.082762718200684,6.78233003616333
6.082762718200684,7
6.082762718200684,7.071067810058594
6.082762718200684,7.071067810058594
6.082762718200684,7.071067810058594
6.082762718200684,7.141428470611572
6.082762718200684,7.141428470611572
6.082762718200684,7.141428470611572
6.082762718200684,7.211102485656738
6.082762718200684,7.211102485656738
6.082762718200684,7.280109882354736
6.082762718200684,7.280109882354736
6.082762718200684,7.348469257354736
6.082762718200684,7.348469257354736
6.082762718200684,7.348469257354736
6.082762718200684,7.4833149909973145
6.082762718200684,7.549834251403809
6.082762718200684,7.549834251403809
6.082762718200684,7.549834251403809
6.082762718200684,7.549834251403809
6.082762718200684,7.681145668029785
6.082762718200684,7.681145668029785
6.082762718200684,7.8102498054504395
6.082762718200684,7.8102498054504395
6.082762718200684,7.874007701873779
6.082762718200684,7.874007701873779
6.082762718200684,7.874007701873779
6.082762718200684,7.874007701873779
6.082762718200684,8.062257766723633
6.082762718200684,8.062257766723633
6.082762718200684,8.062257766723633
6.082762718200684,8.124038696289063
6.082762718200684,8.124038696289063
6.082762718200684,8.185352325439453
6.082762718200684,8.185352325439453
6.082762718200684,8.366600036621094
6.082762718200684,8.366600036621094
6.082762718200684,8.485280990600586
6.082762718200684,8.5440034866333
6.082762718200684,8.602325439453125
6.082762718200684,8.602325439453125
6.082762718200684,8.717798233032227
6.082762718200684,9.05538558959961
6.082762718200684,9.110433578491211
6.082762718200684,10.049875259399414
6.082762718200684,12.083045959472656
6.324555397033691,inf
6.324555397033691,inf
6.324555397033691,inf
6.324555397033691,inf
6.324555397033691,inf
6.324555397033691,inf
6.324555397033691,inf
6.324555397033691,inf
6.324555397033691,inf
6.324555397033691,inf
6.324555397033691,inf
6.324555397033691,inf
6.324555397033691,inf
6.324555397033691,inf
6.324555397033691,inf
6.324555397033691,inf
6.324555397033691,inf
6.324555397033691,inf
6.324555397033691,inf
6.324555397033691,inf
6.324555397033691,inf
6.324555397033691,inf
6.324555397033691,inf
6.324555397033691,6.4031243324279785
6.324555397033691,6.4031243324279785
6.324555397033691,6.4031243324279785
6.324555397033691,6.4031243324279785
6.324555397033691,6.4031243324279785
6.324555397033691,6.4031243324279785
6.324555397033691,6.4031243324279785
6.324555397033691,6.4031243324279785
6.324555397033691,6.4031243324279785
6.324555397033691,6.480740547180176
6.324555397033691,6.480740547180176
6.324555397033691,6.480740547180176
6.324555397033691,6.480740547180176
6.324555397033691,6.480740547180176
6.324555397033691,6.557438373565674
6.324555397033691,6.557438373565674
6.324555397033691,6.557438373565674
6.324555397033691,6.633249759674072
6.324555397033691,6.633249759674072
6.324555397033691,6.633249759674072
6.324555397033691,6.7082037925720215
6.324555397033691,6.7082037925720215
6.324555397033691,6.7082037925720215
6.324555397033691,6.7082037925720215
6.324555397033691,6.7082037925720215
6.324555397033691,6.7082037925720215
6.324555397033691,6.7082037925720215
6.324555397033691,6.7082037925720215
6.324555397033691,6.7082037925720215
6.324555397033691,6.7082037925720215
6.324555397033691,6.78233003616333
6.324555397033691,6.78233003616333
6.324555397033691,6.78233003616333
6.324555397033691,6.928203105926514
6.324555397033691,7
6.324555397033691,7
6.324555397033691,7
6.324555397033691,7
6.324555397033691,7
6.324555397033691,7
6.324555397033691,7.071067810058594
6.324555397033691,7.071067810058594
6.324555397033691,7.071067810058594
6.324555397033691,7.071067810058594
6.324555397033691,7.071067810058594
6.324555397033691,7.071067810058594
6.324555397033691,7.071067810058594
6.324555397033691,7.071067810058594
6.324555397033691,7.071067810058594
6.324555397033691,7.141428470611572
6.324555397033691,7.141428470611572
6.324555397033691,7.141428470611572
6.324555397033691,7.211102485656738
6.324555397033691,7.211102485656738
6.324555397033691,7.211102485656738
6.324555397033691,7.280109882354736
6.324555397033691,7.280109882354736
6.324555397033691,7.280109882354736
6.324555397033691,7.348469257354736
6.324555397033691,7.348469257354736
6.324555397033691,7.348469257354736
6.324555397033691,7.348469257354736
6.324555397033691,7.348469257354736
6.324555397033691,7.348469257354736
6.324555397033691,7.348469257354736
6.324555397033691,7.4833149909973145
6.324555397033691,7.4833149909973145
6.324555397033691,7.4833149909973145
6.324555397033691,7.4833149909973145
6.324555397033691,7.4833149909973145
6.324555397033691,7.549834251403809
6.324555397033691,7.549834251403809
6.324555397033691,7.549834251403809
6.324555397033691,7.549834251403809
6.324555397033691,7.6157732009887695
6.324555397033691,7.6157732009887695
6.324555397033691,7.681145668029785
6.324555397033691,7.681145668029785
6.324555397033691,7.8102498054504395
6.324555397033691,7.8102498054504395
6.324555397033691,7.8102498054504395
6.324555397033691,7.8102498054504395
6.324555397033691,7.8102498054504395
6.324555397033691,7.8102498054504395
6.324555397033691,7.874007701873779
6.324555397033691,8.366600036621094
6.324555397033691,8.366600036621094
6.324555397033691,8.485280990600586
6.324555397033691,8.485280990600586
6.324555397033691,8.5440034866333
6.324555397033691,8.5440034866333
6.324555397033691,8.602325439453125
6.324555397033691,8.602325439453125
6.324555397033691,8.602325439453125
6.324555397033691,8.717798233032227
6.324555397033691,8.774964332580566
6.324555397033691,8.9442720413208
6.324555397033691,8.9442720413208
6.324555397033691,9.165151596069336
6.324555397033691,9.165151596069336
6.324555397033691,9.643651008605957
6.324555397033691,9.848857879638672
6.324555397033691,9.899495124816895
6.324555397033691,10.344079971313477
6.4031243324279785,inf
6.4031243324279785,inf
6.4031243324279785,inf
6.4031243324279785,inf
6.4031243324279785,inf
6.4031243324279785,inf
6.4031243324279785,inf
6.4031243324279785,inf
6.4031243324279785,inf
6.4031243324279785,inf
6.4031243324279785,inf
6.4031243324279785,inf
6.4031243324279785,inf
6.4031243324279785,inf
6.4031243324279785,inf
6.4031243324279785,inf
6.4031243324279785,6.480740547180176
6.4031243324279785,6.480740547180176
6.4031243324279785,6.480740547180176
6.4031243324279785,6.480740547180176
6.4031243324279785,6.7082037925720215
6.4031243324279785,6.7082037925720215
6.4031243324279785,6.7082037925720215
6.4031243324279785,6.7082037925720215
6.4031243324279785,6.7082037925720215
6.4031243324279785,6.7082037925720215
6.4031243324279785,6.7082037925720215
6.4031243324279785,6.7082037925720215
6.4031243324279785,6.928203105926514
6.4031243324279785,7
6.4031243324279785,7
6.4031243324279785,7
6.4031243324279785,7
6.4031243324279785,7
6.4031243324279785,7
6.4031243324279785,7
6.4031243324279785,7.071067810058594
6.4031243324279785,7.141428470611572
6.4031243324279785,7.280109882354736
6.4031243324279785,7.280109882354736
6.4031243324279785,7.280109882354736
6.4031243324279785,7.348469257354736
6.4031243324279785,7.4833149909973145
6.4031243324279785,7.549834251403809
6.4031243324279785,7.6157732009887695
6.4031243324279785,7.681145668029785
6.4031243324279785,7.874007701873779
6.4031243324279785,7.874007701873779
6.4031243324279785,7.874007701873779
6.4031243324279785,7.874007701873779
6.4031243324279785,8
6.4031243324279785,8.062257766723633
6.4031243324279785,8.062257766723633
6.4031243324279785,8.062257766723633
6.4031243324279785,8.185352325439453
6.4031243324279785,8.246211051940918
6.4031243324279785,8.246211051940918
6.4031243324279785,8.306623458862305
6.4031243324279785,8.306623458862305
6.4031243324279785,8.485280990600586
6.4031243324279785,8.5440034866333
6.4031243324279785,8.602325439453125
6.4031243324279785,8.602325439453125
6.4031243324279785,8.66025447845459
6.4031243324279785,8.774964332580566
6.4031243324279785,8.9442720413208
6.4031243324279785,9.05538558959961
6.4031243324279785,9.273618698120117
6.4031243324279785,9.380831718444824
6.4031243324279785,9.486832618713379
6.4031243324279785,9.848857879638672
6.4031243324279785,9.949873924255371
6.4031243324279785,10.630146026611328
6.4031243324279785,12.845232963562012
6.7082037925720215,inf
6.7082037925720215,inf
6.7082037925720215,inf
6.7082037925720215,inf
6.7082037925720215,inf
6.7082037925720215,inf
6.7082037925720215,inf
6.7082037925720215,inf
6.7082037925720215,inf
6.7082037925720215,inf
6.7082037925720215,inf
6.7082037925720215,inf
6.7082037925720215,inf
6.7082037925720215,inf
6.7082037925720215,inf
6.7082037925720215,inf
6.7082037925720215,inf
6.7082037925720215,inf
6.7082037925720215,inf
6.7082037925720215,6.78233003616333
6.7082037925720215,6.78233003616333
6.7082037925720215,6.78233003616333
6.7082037925720215,6.78233003616333
6.7082037925720215,6.78233003616333
6.7082037925720215,6.78233003616333
6.7082037925720215,6.78233003616333
6.7082037925720215,7
6.7082037925720215,7
6.7082037925720215,7
6.7082037925720215,7
6.7082037925720215,7
6.7082037925720215,7
6.7082037925720215,7
6.7082037925720215,7
6.7082037925720215,7
6.7082037925720215,7
6.7082037925720215,7
6.7082037925720215,7
6.7082037925720215,7.071067810058594
6.7082037925720215,7.071067810058594
6.7082037925720215,7.071067810058594
6.7082037925720215,7.071067810058594
6.7082037925720215,7.071067810058594
6.7082037925720215,7.071067810058594
6.7082037925720215,7.071067810058594
6.7082037925720215,7.071067810058594
6.7082037925720215,7.071067810058594
6.7082037925720215,7.071067810058594
6.7082037925720215,7.071067810058594
6.7082037925720215,7.071067810058594
6.7082037925720215,7.071067810058594
6.7082037925720215,7.071067810058594
6.7082037925720215,7.071067810058594
6.7082037925720215,7.071067810058594
6.7082037925720215,7.141428470611572
6.7082037925720215,7.141428470611572
6.7082037925720215,7.211102485656738
6.7082037925720215,7.280109882354736
6.7082037925720215,7.280109882354736
6.7082037925720215,7.280109882354736
6.7082037925720215,7.280109882354736
6.7082037925720215,7.348469257354736
6.7082037925720215,7.348469257354736
6.7082037925720215,7.348469257354736
6.7082037925720215,7.348469257354736
6.7082037925720215,7.348469257354736
6.7082037925720215,7.348469257354736
6.7082037925720215,7.348469257354736
6.7082037925720215,7.348469257354736
6.7082037925720215,7.4833149909973145
6.7082037925720215,7.4833149909973145
6.7082037925720215,7.4833149909973145
6.7082037925720215,7.4833149909973145
6.7082037925720215,7.4833149909973145
6.7082037925720215,7.4833149909973145
6.7082037925720215,7.4833149909973145
6.7082037925720215,7.549834251403809
6.7082037925720215,7.549834251403809
6.7082037925720215,7.549834251403809
6.7082037925720215,7.549834251403809
6.7082037925720215,7.549834251403809
6.7082037925720215,7.549834251403809
6.7082037925720215,7.549834251403809
6.7082037925720215,7.549834251403809
6.7082037925720215,7.549834251403809
6.7082037925720215,7.6157732009887695
6.7082037925720215,7.681145668029785
6.7082037925720215,7.681145668029785
6.7082037925720215,7.681145668029785
6.7082037925720215,7.681145668029785
6.7082037925720215,7.8102498054504395
6.7082037925720215,7.8102498054504395
6.7082037925720215,7.8102498054504395
6.7082037925720215,7.8102498054504395
6.7082037925720215,7.874007701873779
6.7082037925720215,7.874007701873779
6.7082037925720215,7.874007701873779
6.7082037925720215,8.062257766723633
6.7082037925720215,8.062257766723633
6.7082037925720215,8.062257766723633
6.7082037925720215,8.062257766723633
6.7082037925720215,8.062257766723633
6.7082037925720215,8.062257766723633
6.7082037925720215,8.185352325439453
6.7082037925720215,8.306623458862305
6.7082037925720215,8.5440034866333
6.7082037925720215,8.602325439453125
6.7082037925720215,8.66025447845459
6.7082037925720215,8.66025447845459
6.7082037925720215,8.66025447845459
6.7082037925720215,9
6.7082037925720215,9.433980941772461
6.7082037925720215,9.486832618713379
6.7082037925720215,9.643651008605957
6.7082037925720215,9.848857879638672
6.7082037925720215,9.899495124816895
6.7082037925720215,10
6.7082037925720215,10.049875259399414
6.7082037925720215,10.630146026611328
6.7082037925720215,10.816654205322266
6.7082037925720215,11.357816696166992
7,inf
7,inf
7,inf
7,inf
7,inf
7,inf
7,inf
7,inf
7,inf
7,inf
7,inf
7,inf
7,inf
7,7.071067810058594
7,7.071067810058594
7,7.141428470611572
7,7.141428470611572
7,7.211102485656738
7,7.280109882354736
7,7.348469257354736
7,7.549834251403809
7,7.549834251403809
7,7.549834251403809
7,7.6157732009887695
7,7.681145668029785
7,7.681145668029785
7,7.681145668029785
7,7.874007701873779
7,7.874007701873779
7,7.874007701873779
7,8.062257766723633
7,8.062257766723633
7,8.062257766723633
7,8.062257766723633
7,8.124038696289063
7,8.124038696289063
7,8.124038696289063
7,8.124038696289063
7,8.124038696289063
7,8.124038696289063
7,8.185352325439453
7,8.185352325439453
7,8.185352325439453
7,8.185352325439453
7,8.306623458862305
7,8.66025447845459
7,8.66025447845459
7,8.717798233032227
7,8.717798233032227
7,9.05538558959961
7,9.165151596069336
7,9.433980941772461
7,9.486832618713379
7,9.69536018371582
7,9.69536018371582
7,10.954451560974121
7.071067810058594,inf
7.071067810058594,inf
7.071067810058594,inf
7.071067810058594,inf
7.071067810058594,inf
7.071067810058594,inf
7.071067810058594,inf
7.071067810058594,inf
7.071067810058594,inf
7.071067810058594,inf
7.071067810058594,inf
7.071067810058594,inf
7.071067810058594,inf
7.071067810058594,inf
7.071067810058594,inf
7.071067810058594,inf
7.071067810058594,inf
7.071067810058594,inf
7.071067810058594,inf
7.071067810058594,inf
7.071067810058594,inf
7.071067810058594,inf
7.071067810058594,inf
7.071067810058594,inf
7.071067810058594,inf
7.071067810058594,inf
7.071067810058594,7.141428470611572
7.071067810058594,7.141428470611572
7.071067810058594,7.141428470611572
7.071067810058594,7.141428470611572
7.071067810058594,7.141428470611572
7.071067810058594,7.141428470611572
7.071067810058594,7.141428470611572
7.071067810058594,7.141428470611572
7.071067810058594,7.141428470611572
7.071067810058594,7.141428470611572
7.071067810058594,7.141428470611572
7.071067810058594,7.141428470611572
7.071067810058594,7.141428470611572
7.071067810058594,7.211102485656738
7.071067810058594,7.211102485656738
7.071067810058594,7.211102485656738
7.071067810058594,7.211102485656738
7.071067810058594,7.211102485656738
7.071067810058594,7.211102485656738
7.071067810058594,7.211102485656738
7.071067810058594,7.211102485656738
7.071067810058594,7.211102485656738
7.071067810058594,7.280109882354736
7.071067810058594,7.280109882354736
7.071067810058594,7.280109882354736
7.071067810058594,7.280109882354736
7.071067810058594,7.280109882354736
7.071067810058594,7.280109882354736
7.071067810058594,7.280109882354736
7.071067810058594,7.280109882354736
7.071067810058594,7.280109882354736
7.071067810058594,7.280109882354736
7.071067810058594,7.280109882354736
7.071067810058594,7.280109882354736
7.071067810058594,7.280109882354736
7.071067810058594,7.280109882354736
7.071067810058594,7.280109882354736
7.071067810058594,7.348469257354736
7.071067810058594,7.348469257354736
7.071067810058594,7.348469257354736
7.071067810058594,7.348469257354736
7.071067810058594,7.348469257354736
7.071067810058594,7.348469257354736
7.071067810058594,7.4833149909973145
7.071067810058594,7.549834251403809
7.071067810058594,7.549834251403809
7.071067810058594,7.549834251403809
7.071067810058594,7.6157732009887695
7.071067810058594,7.6157732009887695
7.071067810058594,7.6157732009887695
7.071067810058594,7.6157732009887695
7.071067810058594,7.6157732009887695
7.071067810058594,7.6157732009887695
7.071067810058594,7.6157732009887695
7.071067810058594,7.6157732009887695
7.071067810058594,7.6157732009887695
7.071067810058594,7.6157732009887695
7.071067810058594,7.681145668029785
7.071067810058594,7.681145668029785
7.071067810058594,7.681145668029785
7.071067810058594,7.681145668029785
7.071067810058594,7.8102498054504395
7.071067810058594,7.874007701873779
7.071067810058594,7.874007701873779
7.071067810058594,7.874007701873779
7.071067810058594,8.062257766723633
7.071067810058594,8.062257766723633
7.071067810058594,8.124038696289063
7.071067810058594,8.185352325439453
7.071067810058594,8.185352325439453
7.071067810058594,8.246211051940918
7.071067810058594,8.306623458862305
7.071067810058594,8.306623458862305
7.071067810058594,8.306623458862305
7.071067810058594,8.366600036621094
7.071067810058594,8.485280990600586
7.071067810058594,8.5440034866333
7.071067810058594,8.5440034866333
7.071067810058594,8.5440034866333
7.071067810058594,8.5440034866333
7.071067810058594,8.5440034866333
7.071067810058594,8.602325439453125
7.071067810058594,8.602325439453125
7.071067810058594,8.66025447845459
7.071067810058594,8.66025447845459
7.071067810058594,8.717798233032227
7.071067810058594,8.774964332580566
7.071067810058594,8.83176040649414
7.071067810058594,9
7.071067810058594,9.165151596069336
7.071067810058594,9.219544410705566
7.071067810058594,9.219544410705566
7.071067810058594,9.219544410705566
7.071067810058594,9.433980941772461
7.071067810058594,9.433980941772461
7.071067810058594,9.69536018371582
7.071067810058594,9.899495124816895
7.071067810058594,10.440306663513184
7.071067810058594,10.677078247070313
7.071067810058594,10.862780570983887
7.071067810058594,11.045360565185547
7.071067810058594,11.224971771240234
7.211102485656738,inf
7.211102485656738,inf
7.211102485656738,inf
7.211102485656738,inf
7.211102485656738,inf
7.211102485656738,inf
7.211102485656738,inf
7.211102485656738,inf
7.211102485656738,inf
7.211102485656738,inf
7.211102485656738,inf
7.211102485656738,inf
7.211102485656738,inf
7.211102485656738,inf
7.211102485656738,inf
7.211102485656738,inf
7.211102485656738,7.280109882354736
7.211102485656738,7.280109882354736
7.211102485656738,7.280109882354736
7.211102485656738,7.280109882354736
7.211102485656738,7.280109882354736
7.211102485656738,7.280109882354736
7.211102485656738,7.280109882354736
7.211102485656738,7.280109882354736
7.211102485656738,7.280109882354736
7.211102485656738,7.348469257354736
7.211102485656738,7.348469257354736
7.211102485656738,7.348469257354736
7.211102485656738,7.348469257354736
7.211102485656738,7.348469257354736
7.211102485656738,7.348469257354736
7.211102485656738,7.4833149909973145
7.211102485656738,7.4833149909973145
7.211102485656738,7.4833149909973145
7.211102485656738,7.4833149909973145
7.211102485656738,7.549834251403809
7.211102485656738,7.549834251403809
7.211102485656738,7.549834251403809
7.211102485656738,7.549834251403809
7.211102485656738,7.6157732009887695
7.211102485656738,7.6157732009887695
7.211102485656738,7.681145668029785
7.211102485656738,7.681145668029785
7.211102485656738,7.681145668029785
7.211102485656738,7.681145668029785
7.211102485656738,7.681145668029785
7.211102485656738,7.8102498054504395
7.211102485656738,7.8102498054504395
7.211102485656738,7.8102498054504395
7.211102485656738,7.8102498054504395
7.211102485656738,7.8102498054504395
7.211102485656738,7.8102498054504395
7.211102485656738,7.8102498054504395
7.211102485656738,7.8102498054504395
7.211102485656738,7.8102498054504395
7.211102485656738,7.8102498054504395
7.211102485656738,7.8102498054504395
7.211102485656738,7.8102498054504395
7.211102485656738,7.8102498054504395
7.211102485656738,7.8102498054504395
7.211102485656738,7.8102498054504395
7.211102485656738,7.8102498054504395
7.211102485656738,7.8102498054504395
7.211102485656738,7.874007701873779
7.211102485656738,7.874007701873779
7.211102485656738,8
7.211102485656738,8.062257766723633
7.211102485656738,8.062257766723633
7.211102485656738,8.062257766723633
7.211102485656738,8.062257766723633
7.211102485656738,8.062257766723633
7.211102485656738,8.062257766723633
7.211102485656738,8.124038696289063
7.211102485656738,8.124038696289063
7.211102485656738,8.124038696289063
7.211102485656738,8.124038696289063
7.211102485656738,8.124038696289063
7.211102485656738,8.124038696289063
7.211102485656738,8.124038696289063
7.211102485656738,8.185352325439453
7.211102485656738,8.185352325439453
7.211102485656738,8.246211051940918
7.211102485656738,8.306623458862305
7.211102485656738,8.306623458862305
7.211102485656738,8.485280990600586
7.211102485656738,8.602325439453125
7.211102485656738,8.602325439453125
7.211102485656738,8.66025447845459
7.211102485656738,8.66025447845459
7.211102485656738,8.66025447845459
7.211102485656738,8.717798233032227
7.211102485656738,8.774964332580566
7.211102485656738,8.83176040649414
7.211102485656738,9.219544410705566
7.211102485656738,9.219544410705566
7.211102485656738,9.219544410705566
7.211102485656738,9.273618698120117
7.211102485656738,9.380831718444824
7.211102485656738,10
7.211102485656738,10.049875259399414
7.211102485656738,10.24695110321045
7.211102485656738,10.29563045501709
7.211102485656738,10.29563045501709
7.211102485656738,10.816654205322266
7.211102485656738,11.445523262023926
7.211102485656738,11.704699516296387
7.280109882354736,inf
7.280109882354736,inf
7.280109882354736,inf
7.280109882354736,inf
7.280109882354736,inf
7.280109882354736,inf
7.280109882354736,inf
7.280109882354736,inf
7.280109882354736,inf
7.280109882354736,7.348469257354736
7.280109882354736,7.348469257354736
7.280109882354736,7.348469257354736
7.280109882354736,7.348469257354736
7.280109882354736,7.348469257354736
7.280109882354736,7.348469257354736
7.280109882354736,7.549834251403809
7.280109882354736,7.549834251403809
7.280109882354736,7.6157732009887695
7.280109882354736,7.6157732009887695
7.280109882354736,7.6157732009887695
7.280109882354736,7.681145668029785
7.280109882354736,7.681145668029785
7.280109882354736,7.8102498054504395
7.280109882354736,7.874007701873779
7.280109882354736,7.874007701873779
7.280109882354736,7.874007701873779
7.280109882354736,8.062257766723633
7.280109882354736,8.062257766723633
7.280109882354736,8.062257766723633
7.280109882354736,8.124038696289063
7.280109882354736,8.124038696289063
7.280109882354736,8.124038696289063
7.280109882354736,8.185352325439453
7.280109882354736,8.185352325439453
7.280109882354736,8.185352325439453
7.280109882354736,8.246211051940918
7.280109882354736,8.246211051940918
7.280109882354736,8.306623458862305
7.280109882354736,8.306623458862305
7.280109882354736,8.306623458862305
7.280109882354736,8.366600036621094
7.280109882354736,8.485280990600586
7.280109882354736,8.485280990600586
7.280109882354736,8.5440034866333
7.280109882354736,8.602325439453125
7.280109882354736,8.9442720413208
7.280109882354736,9
7.280109882354736,9
7.280109882354736,9.110433578491211
7.280109882354736,9.273618698120117
7.280109882354736,9.380831718444824
7.280109882354736,9.433980941772461
7.280109882354736,9.69536018371582
7.280109882354736,10.198039054870605
7.280109882354736,10.198039054870605
7.280109882354736,10.344079971313477
7.280109882354736,10.440306663513184
7.280109882354736,10.954451560974121
7.280109882354736,11.045360565185547
7.6157732009887695,inf
7.6157732009887695,inf
7.6157732009887695,inf
7.6157732009887695,inf
7.6157732009887695,inf
7.6157732009887695,inf
7.6157732009887695,inf
7.6157732009887695,inf
7.6157732009887695,inf
7.6157732009887695,inf
7.6157732009887695,inf
7.6157732009887695,7.681145668029785
7.6157732009887695,7.681145668029785
7.6157732009887695,7.681145668029785
7.6157732009887695,7.8102498054504395
7.6157732009887695,7.8102498054504395
7.6157732009887695,7.8102498054504395
7.6157732009887695,7.8102498054504395
7.6157732009887695,7.874007701873779
7.6157732009887695,7.874007701873779
7.6157732009887695,7.874007701873779
7.6157732009887695,7.874007701873779
7.6157732009887695,7.874007701873779
7.6157732009887695,7.874007701873779
7.6157732009887695,8
7.6157732009887695,8.062257766723633
7.6157732009887695,8.124038696289063
7.6157732009887695,8.124038696289063
7.6157732009887695,8.124038696289063
7.6157732009887695,8.185352325439453
7.6157732009887695,8.185352325439453
7.6157732009887695,8.185352325439453
7.6157732009887695,8.185352325439453
7.6157732009887695,8.185352325439453
7.6157732009887695,8.185352325439453
7.6157732009887695,8.185352325439453
7.6157732009887695,8.246211051940918
7.6157732009887695,8.246211051940918
7.6157732009887695,8.306623458862305
7.6157732009887695,8.306623458862305
7.6157732009887695,8.306623458862305
7.6157732009887695,8.306623458862305
7.6157732009887695,8.306623458862305
7.6157732009887695,8.306623458862305
7.6157732009887695,8.366600036621094
7.6157732009887695,8.366600036621094
7.6157732009887695,8.366600036621094
7.6157732009887695,8.366600036621094
7.6157732009887695,8.366600036621094
7.6157732009887695,8.366600036621094
7.6157732009887695,8.366600036621094
7.6157732009887695,8.485280990600586
7.6157732009887695,8.485280990600586
7.6157732009887695,8.485280990600586
7.6157732009887695,8.5440034866333
7.6157732009887695,8.602325439453125
7.6157732009887695,8.602325439453125
7.6157732009887695,8.66025447845459
7.6157732009887695,8.66025447845459
7.6157732009887695,8.66025447845459
7.6157732009887695,8.717798233032227
7.6157732009887695,8.717798233032227
7.6157732009887695,8.774964332580566
7.6157732009887695,8.774964332580566
7.6157732009887695,8.774964332580566
7.6157732009887695,8.774964332580566
7.6157732009887695,8.774964332580566
7.6157732009887695,8.774964332580566
7.6157732009887695,8.83176040649414
7.6157732009887695,8.9442720413208
7.6157732009887695,9
7.6157732009887695,9.110433578491211
7.6157732009887695,9.165151596069336
7.6157732009887695,9.219544410705566
7.6157732009887695,9.273618698120117
7.6157732009887695,9.273618698120117
7.6157732009887695,9.273618698120117
7.6157732009887695,9.643651008605957
7.6157732009887695,9.797959327697754
7.6157732009887695,9.848857879638672
7.6157732009887695,11.224971771240234
7.6157732009887695,11.704699516296387
7.8102498054504395,inf
7.8102498054504395,inf
7.8102498054504395,inf
7.8102498054504395,inf
7.8102498054504395,inf
7.8102498054504395,inf
7.8102498054504395,inf
7.8102498054504395,inf
7.8102498054504395,inf
7.8102498054504395,inf
7.8102498054504395,inf
7.8102498054504395,inf
7.8102498054504395,inf
7.8102498054504395,inf
7.8102498054504395,inf
7.8102498054504395,inf
7.8102498054504395,inf
7.8102498054504395,inf
7.8102498054504395,inf
7.8102498054504395,inf
7.8102498054504395,inf
7.8102498054504395,inf
7.8102498054504395,7.874007701873779
7.8102498054504395,7.874007701873779
7.8102498054504395,7.874007701873779
7.8102498054504395,8
7.8102498054504395,8.062257766723633
7.8102498054504395,8.062257766723633
7.8102498054504395,8.062257766723633
7.8102498054504395,8.062257766723633
7.8102498054504395,8.062257766723633
7.8102498054504395,8.062257766723633
7.8102498054504395,8.246211051940918
7.8102498054504395,8.306623458862305
7.8102498054504395,8.366600036621094
7.8102498054504395,8.5440034866333
7.8102498054504395,8.602325439453125
7.8102498054504395,8.602325439453125
7.8102498054504395,8.774964332580566
7.8102498054504395,10
7.8102498054504395,11
7.8102498054504395,11.401754379272461
7.8102498054504395,11.401754379272461
8,inf
8,inf
8,inf
8,inf
8,inf
8,inf
8,inf
8,inf
8,inf
8,inf
8,inf
8,inf
8,8.062257766723633
8,8.062257766723633
8,8.062257766723633
8,8.062257766723633
8,8.062257766723633
8,8.062257766723633
8,8.062257766723633
8,8.124038696289063
8,8.246211051940918
8,8.485280990600586
8,8.602325439453125
8,8.602325439453125
8,8.717798233032227
8,8.774964332580566
8,9
8,9.486832618713379
8,9.643651008605957
8,9.899495124816895
8,9.899495124816895
8,10.344079971313477
8,10.488088607788086
8.062257766723633,inf
8.062257766723633,inf
8.062257766723633,inf
8.062257766723633,inf
8.062257766723633,inf
8.062257766723633,inf
8.062257766723633,inf
8.062257766723633,inf
8.062257766723633,inf
8.062257766723633,inf
8.062257766723633,inf
8.062257766723633,inf
8.062257766723633,inf
8.062257766723633,inf
8.062257766723633,inf
8.062257766723633,inf
8.062257766723633,inf
8.062257766723633,inf
8.062257766723633,inf
8.062257766723633,inf
8.062257766723633,inf
8.062257766723633,inf
8.062257766723633,inf
8.062257766723633,inf
8.062257766723633,inf
8.062257766723633,inf
8.062257766723633,inf
8.062257766723633,inf
8.062257766723633,8.124038696289063
8.062257766723633,8.124038696289063
8.062257766723633,8.124038696289063
8.062257766723633,8.124038696289063
8.062257766723633,8.124038696289063
8.062257766723633,8.124038696289063
8.062257766723633,8.124038696289063
8.062257766723633,8.124038696289063
8.062257766723633,8.185352325439453
8.062257766723633,8.246211051940918
8.062257766723633,8.246211051940918
8.062257766723633,8.246211051940918
8.062257766723633,8.246211051940918
8.062257766723633,8.246211051940918
8.062257766723633,8.246211051940918
8.062257766723633,8.246211051940918
8.062257766723633,8.306623458862305
8.062257766723633,8.306623458862305
8.062257766723633,8.306623458862305
8.062257766723633,8.306623458862305
8.062257766723633,8.306623458862305
8.062257766723633,8.306623458862305
8.062257766723633,8.366600036621094
8.062257766723633,8.366600036621094
8.062257766723633,8.366600036621094
8.062257766723633,8.366600036621094
8.062257766723633,8.366600036621094
8.062257766723633,8.366600036621094
8.062257766723633,8.366600036621094
8.062257766723633,8.366600036621094
8.062257766723633,8.366600036621094
8.062257766723633,8.485280990600586
8.062257766723633,8.485280990600586
8.062257766723633,8.5440034866333
8.062257766723633,8.5440034866333
8.062257766723633,8.5440034866333
8.062257766723633,8.5440034866333
8.062257766723633,8.5440034866333
8.062257766723633,8.5440034866333
8.062257766723633,8.5440034866333
8.062257766723633,8.5440034866333
8.062257766723633,8.602325439453125
8.062257766723633,8.602325439453125
8.062257766723633,8.602325439453125
8.062257766723633,8.602325439453125
8.062257766723633,8.602325439453125
8.062257766723633,8.602325439453125
8.062257766723633,8.602325439453125
8.062257766723633,8.602325439453125
8.062257766723633,8.602325439453125
8.062257766723633,8.602325439453125
8.062257766723633,8.66025447845459
8.062257766723633,8.66025447845459
8.062257766723633,8.66025447845459
8.062257766723633,8.717798233032227
8.062257766723633,8.774964332580566
8.062257766723633,8.774964332580566
8.062257766723633,8.774964332580566
8.062257766723633,8.774964332580566
8.062257766723633,8.83176040649414
8.062257766723633,8.9442720413208
8.062257766723633,8.9442720413208
8.062257766723633,9
8.062257766723633,9
8.062257766723633,9
8.062257766723633,9
8.062257766723633,9
8.062257766723633,9
8.062257766723633,9.05538558959961
8.062257766723633,9.05538558959961
8.062257766723633,9.05538558959961
8.062257766723633,9.110433578491211
8.062257766723633,9.165151596069336
8.062257766723633,9.165151596069336
8.062257766723633,9.219544410705566
8.062257766723633,9.273618698120117
8.062257766723633,9.273618698120117
8.062257766723633,9.380831718444824
8.062257766723633,9.380831718444824
8.062257766723633,9.380831718444824
8.062257766723633,9.433980941772461
8.062257766723633,9.486832618713379
8.062257766723633,9.486832618713379
8.062257766723633,9.899495124816895
8.062257766723633,10.049875259399414
8.062257766723633,10.049875259399414
8.062257766723633,10.630146026611328
8.062257766723633,10.630146026611328
8.062257766723633,10.816654205322266
8.062257766723633,11.180339813232422
8.062257766723633,11.445523262023926
8.062257766723633,11.704699516296387
8.062257766723633,12.041594505310059
8.062257766723633,12.569805145263672
8.246211051940918,inf
8.246211051940918,inf
8.246211051940918,inf
8.246211051940918,inf
8.246211051940918,inf
8.246211051940918,inf
8.246211051940918,inf
8.246211051940918,inf
8.246211051940918,inf
8.246211051940918,inf
8.246211051940918,inf
8.246211051940918,inf
8.246211051940918,inf
8.246211051940918,inf
8.246211051940918,inf
8.246211051940918,inf
8.246211051940918,8.306623458862305
8.246211051940918,8.306623458862305
8.246211051940918,8.5440034866333
8.246211051940918,8.5440034866333
8.246211051940918,8.5440034866333
8.246211051940918,8.602325439453125
8.246211051940918,8.66025447845459
8.246211051940918,8.774964332580566
8.246211051940918,8.774964332580566
8.246211051940918,8.9442720413208
8.246211051940918,9
8.246211051940918,9
8.246211051940918,9
8.246211051940918,9.110433578491211
8.246211051940918,9.219544410705566
8.246211051940918,9.219544410705566
8.246211051940918,9.433980941772461
8.246211051940918,9.486832618713379
8.246211051940918,9.643651008605957
8.246211051940918,9.69536018371582
8.246211051940918,9.69536018371582
8.246211051940918,9.69536018371582
8.246211051940918,9.848857879638672
8.246211051940918,10.049875259399414
8.246211051940918,12.206555366516113
8.485280990600586,inf
8.485280990600586,inf
8.485280990600586,inf
8.485280990600586,inf
8.485280990600586,inf
8.485280990600586,inf
8.485280990600586,inf
8.485280990600586,inf
8.485280990600586,inf
8.485280990600586,inf
8.485280990600586,inf
8.485280990600586,inf
8.485280990600586,8.5440034866333
8.485280990600586,8.5440034866333
8.485280990600586,8.5440034866333
8.485280990600586,8.5440034866333
8.485280990600586,8.774964332580566
8.485280990600586,9.110433578491211
8.485280990600586,9.433980941772461
8.485280990600586,9.69536018371582
8.485280990600586,9.899495124816895
8.5440034866333,inf
8.5440034866333,inf
8.5440034866333,inf
8.5440034866333,inf
8.5440034866333,inf
8.5440034866333,inf
8.5440034866333,inf
8.5440034866333,inf
8.5440034866333,inf
8.5440034866333,inf
8.5440034866333,inf
8.5440034866333,inf
8.5440034866333,inf
8.5440034866333,inf
8.5440034866333,inf
8.5440034866333,inf
8.5440034866333,inf
8.5440034866333,inf
8.5440034866333,inf
8.5440034866333,8.602325439453125
8.5440034866333,8.66025447845459
8.5440034866333,8.774964332580566
8.5440034866333,8.774964332580566
8.5440034866333,8.774964332580566
8.5440034866333,8.774964332580566
8.5440034866333,8.774964332580566
8.5440034866333,8.774964332580566
8.5440034866333,8.774964332580566
8.5440034866333,8.774964332580566
8.5440034866333,8.774964332580566
8.5440034866333,8.83176040649414
8.5440034866333,8.83176040649414
8.5440034866333,9
8.5440034866333,9
8.5440034866333,9
8.5440034866333,9
8.5440034866333,9
8.5440034866333,9.05538558959961
8.5440034866333,9.05538558959961
8.5440034866333,9.165151596069336
8.5440034866333,9.219544410705566
8.5440034866333,9.219544410705566
8.5440034866333,9.219544410705566
8.5440034866333,9.273618698120117
8.5440034866333,9.273618698120117
8.5440034866333,9.273618698120117
8.5440034866333,9.433980941772461
8.5440034866333,9.486832618713379
8.5440034866333,9.69536018371582
8.5440034866333,9.899495124816895
8.5440034866333,9.949873924255371
8.5440034866333,9.949873924255371
8.5440034866333,10.049875259399414
8.5440034866333,10.29563045501709
8.5440034866333,10.29563045501709
8.5440034866333,10.344079971313477
8.5440034866333,10.392304420471191
8.5440034866333,10.440306663513184
8.5440034866333,10.488088607788086
8.5440034866333,10.677078247070313
8.5440034866333,11.045360565185547
8.5440034866333,12.369317054748535
8.602325439453125,inf
8.602325439453125,inf
8.602325439453125,inf
8.602325439453125,inf
8.602325439453125,inf
8.602325439453125,inf
8.602325439453125,inf
8.602325439453125,inf
8.602325439453125,inf
8.602325439453125,inf
8.602325439453125,inf
8.602325439453125,8.66025447845459
8.602325439453125,8.66025447845459
8.602325439453125,8.66025447845459
8.602325439453125,8.717798233032227
8.602325439453125,8.717798233032227
8.602325439453125,8.774964332580566
8.602325439453125,8.774964332580566
8.602325439453125,8.83176040649414
8.602325439453125,8.83176040649414
8.602325439453125,8.83176040649414
8.602325439453125,9
8.602325439453125,9
8.602325439453125,9.05538558959961
8.602325439453125,9.05538558959961
8.602325439453125,9.110433578491211
8.602325439453125,9.273618698120117
8.602325439453125,9.380831718444824
8.602325439453125,9.433980941772461
8.602325439453125,9.69536018371582
8.602325439453125,10.049875259399414
8.602325439453125,10.440306663513184
8.602325439453125,10.677078247070313
8.602325439453125,11.180339813232422
8.602325439453125,11.832159996032715
8.9442720413208,inf
8.9442720413208,inf
8.9442720413208,inf
8.9442720413208,inf
8.9442720413208,inf
8.9442720413208,inf
8.9442720413208,inf
8.9442720413208,inf
8.9442720413208,inf
8.9442720413208,inf
8.9442720413208,inf
8.9442720413208,inf
8.9442720413208,inf
8.9442720413208,inf
8.9442720413208,inf
8.9442720413208,inf
8.9442720413208,inf
8.9442720413208,inf
8.9442720413208,inf
8.9442720413208,inf
8.9442720413208,9
8.9442720413208,9
8.9442720413208,9
8.9442720413208,9
8.9442720413208,9
8.9442720413208,9
8.9442720413208,9.165151596069336
8.9442720413208,9.165151596069336
8.9442720413208,9.165151596069336
8.9442720413208,9.165151596069336
8.9442720413208,9.219544410705566
8.9442720413208,9.273618698120117
8.9442720413208,9.273618698120117
8.9442720413208,9.433980941772461
8.9442720413208,9.433980941772461
8.9442720413208,9.69536018371582
8.9442720413208,9.69536018371582
8.9442720413208,9.69536018371582
8.9442720413208,10.049875259399414
8.9442720413208,10.049875259399414
8.9442720413208,10.099504470825195
8.9442720413208,10.099504470825195
8.9442720413208,10.24695110321045
8.9442720413208,10.29563045501709
8.9442720413208,10.344079971313477
8.9442720413208,10.440306663513184
8.9442720413208,12.727922439575195
8.9442720413208,12.845232963562012
9,inf
9,inf
9,inf
9,inf
9,inf
9,inf
9,inf
9,inf
9,9.05538558959961
9,9.219544410705566
9,9.273618698120117
9,9.273618698120117
9,9.433980941772461
9.05538558959961,inf
9.05538558959961,inf
9.05538558959961,inf
9.05538558959961,inf
9.05538558959961,inf
9.05538558959961,inf
9.05538558959961,inf
9.05538558959961,inf
9.05538558959961,9.110433578491211
9.05538558959961,9.219544410705566
9.05538558959961,9.219544410705566
9.05538558959961,9.219544410705566
9.05538558959961,9.219544410705566
9.05538558959961,9.273618698120117
9.05538558959961,9.273618698120117
9.05538558959961,9.273618698120117
9.05538558959961,9.433980941772461
9.05538558959961,9.539392471313477
9.05538558959961,9.643651008605957
9.05538558959961,9.899495124816895
9.05538558959961,9.949873924255371
9.05538558959961,10.049875259399414
9.05538558959961,10.049875259399414
9.05538558959961,10.198039054870605
9.05538558959961,11.575837135314941
9.05538558959961,12.884099006652832
9.219544410705566,inf
9.219544410705566,inf
9.219544410705566,inf
9.219544410705566,inf
9.219544410705566,inf
9.219544410705566,inf
9.219544410705566,inf
9.219544410705566,inf
9.219544410705566,inf
9.219544410705566,inf
9.219544410705566,inf
9.219544410705566,inf
9.219544410705566,inf
9.219544410705566,inf
9.219544410705566,inf
9.219544410705566,inf
9.219544410705566,inf
9.219544410705566,inf
9.219544410705566,inf
9.219544410705566,inf
9.219544410705566,inf
9.219544410705566,inf
9.219544410705566,inf
9.219544410705566,inf
9.219544410705566,9.273618698120117
9.219544410705566,9.273618698120117
9.219544410705566,9.273618698120117
9.219544410705566,9.273618698120117
9.219544410705566,9.273618698120117
9.219544410705566,9.273618698120117
9.219544410705566,9.433980941772461
9.219544410705566,9.433980941772461
9.219544410705566,9.433980941772461
9.219544410705566,9.433980941772461
9.219544410705566,9.433980941772461
9.219544410705566,9.433980941772461
9.219544410705566,9.433980941772461
9.219544410705566,9.433980941772461
9.219544410705566,9.486832618713379
9.219544410705566,9.486832618713379
9.219544410705566,9.539392471313477
9.219544410705566,10.049875259399414
9.219544410705566,10.24695110321045
9.219544410705566,10.392304420471191
9.219544410705566,10.677078247070313
9.219544410705566,10.72380542755127
9.219544410705566,10.770329475402832
9.219544410705566,11
9.433980941772461,inf
9.433980941772461,inf
9.433980941772461,inf
9.433980941772461,inf
9.433980941772461,inf
9.433980941772461,inf
9.433980941772461,inf
9.433980941772461,inf
9.433980941772461,inf
9.433980941772461,inf
9.433980941772461,inf
9.433980941772461,inf
9.433980941772461,inf
9.433980941772461,inf
9.433980941772461,inf
9.433980941772461,inf
9.433980941772461,9.486832618713379
9.433980941772461,9.486832618713379
9.433980941772461,9.486832618713379
9.433980941772461,9.539392471313477
9.433980941772461,9.643651008605957
9.433980941772461,9.643651008605957
9.433980941772461,9.643651008605957
9.433980941772461,9.69536018371582
9.433980941772461,9.899495124816895
9.433980941772461,9.899495124816895
9.433980941772461,9.899495124816895
9.433980941772461,10.049875259399414
9.433980941772461,10.198039054870605
9.433980941772461,10.198039054870605
9.433980941772461,10.344079971313477
9.433980941772461,11.045360565185547
9.433980941772461,11.357816696166992
9.433980941772461,11.357816696166992
9.433980941772461,11.445523262023926
9.433980941772461,12.041594505310059
9.486832618713379,inf
9.486832618713379,inf
9.486832618713379,inf
9.486832618713379,inf
9.486832618713379,inf
9.486832618713379,inf
9.486832618713379,inf
9.486832618713379,inf
9.486832618713379,9.539392471313477
9.486832618713379,9.899495124816895
9.486832618713379,9.899495124816895
9.486832618713379,9.899495124816895
9.486832618713379,9.899495124816895
9.486832618713379,9.949873924255371
9.486832618713379,10
9.486832618713379,10.049875259399414
9.486832618713379,10.099504470825195
9.486832618713379,10.770329475402832
9.486832618713379,10.770329475402832
9.486832618713379,11.045360565185547
9.486832618713379,11.532562255859375
9.848857879638672,inf
9.848857879638672,inf
9.848857879638672,inf
9.848857879638672,inf
9.848857879638672,inf
9.848857879638672,inf
9.848857879638672,inf
9.848857879638672,inf
9.848857879638672,inf
9.848857879638672,inf
9.848857879638672,inf
9.848857879638672,9.899495124816895
9.848857879638672,9.949873924255371
9.848857879638672,10.049875259399414
9.848857879638672,10.049875259399414
9.848857879638672,10.049875259399414
9.848857879638672,10.049875259399414
9.848857879638672,10.049875259399414
9.848857879638672,10.049875259399414
9.848857879638672,10.29563045501709
9.848857879638672,10.29563045501709
9.848857879638672,10.677078247070313
9.848857879638672,11
9.848857879638672,11.180339813232422
9.848857879638672,11.180339813232422
9.848857879638672,11.357816696166992
9.848857879638672,11.445523262023926
9.848857879638672,11.532562255859375
9.848857879638672,11.532562255859375
9.899495124816895,inf
9.899495124816895,inf
9.899495124816895,inf
9.899495124816895,inf
9.899495124816895,inf
9.899495124816895,inf
9.899495124816895,inf
9.899495124816895,inf
9.899495124816895,inf
9.899495124816895,inf
9.899495124816895,inf
9.899495124816895,inf
9.899495124816895,inf
9.899495124816895,9.949873924255371
9.899495124816895,10
9.899495124816895,10.099504470825195
9.899495124816895,11.045360565185547
10,inf
10,inf
10,inf
10,inf
10,inf
10,inf
10,inf
10,inf
10,inf
10,inf
10,inf
10,inf
10,inf
10,inf
10,inf
10,10.049875259399414
10,10.049875259399414
10,10.099504470825195
10,10.198039054870605
10,10.29563045501709
10,10.344079971313477
10,10.344079971313477
10,11.180339813232422
10,12
10,12
10.049875259399414,inf
10.049875259399414,inf
10.049875259399414,inf
10.049875259399414,inf
10.049875259399414,10.099504470825195
10.049875259399414,10.198039054870605
10.049875259399414,10.198039054870605
10.049875259399414,10.488088607788086
10.049875259399414,10.816654205322266
10.049875259399414,12.041594505310059
10.198039054870605,inf
10.198039054870605,inf
10.198039054870605,inf
10.198039054870605,inf
10.198039054870605,10.440306663513184
10.198039054870605,10.630146026611328
10.198039054870605,10.677078247070313
10.198039054870605,10.770329475402832
10.29563045501709,inf
10.29563045501709,inf
10.29563045501709,inf
10.29563045501709,inf
10.29563045501709,inf
10.29563045501709,inf
10.29563045501709,inf
10.29563045501709,inf
10.29563045501709,inf
10.29563045501709,inf
10.29563045501709,10.344079971313477
10.29563045501709,10.344079971313477
10.29563045501709,10.770329475402832
10.29563045501709,10.816654205322266
10.29563045501709,11.357816696166992
10.29563045501709,11.661903381347656
10.29563045501709,11.87434196472168
10.29563045501709,12.041594505310059
10.29563045501709,12.083045959472656
10.29563045501709,12.083045959472656
10.29563045501709,12.328827857971191
10.440306663513184,inf
10.440306663513184,inf
10.440306663513184,inf
10.440306663513184,10.488088607788086
10.440306663513184,10.488088607788086
10.440306663513184,10.630146026611328
10.440306663513184,12.083045959472656
10.440306663513184,12.369317054748535
10.630146026611328,inf
10.630146026611328,inf
10.630146026611328,inf
10.630146026611328,inf
10.630146026611328,inf
10.630146026611328,inf
10.630146026611328,inf
10.630146026611328,inf
10.630146026611328,inf
10.630146026611328,inf
10.630146026611328,inf
10.630146026611328,inf
10.630146026611328,inf
10.630146026611328,inf
10.630146026611328,inf
10.630146026611328,inf
10.630146026611328,inf
10.630146026611328,10.677078247070313
10.630146026611328,10.770329475402832
10.630146026611328,10.816654205322266
10.630146026611328,10.862780570983887
10.630146026611328,11.87434196472168
10.770329475402832,inf
10.770329475402832,inf
10.770329475402832,10.816654205322266
10.770329475402832,11
10.770329475402832,11.045360565185547
10.770329475402832,11.661903381347656
10.770329475402832,13.601470947265625
10.816654205322266,inf
10.816654205322266,inf
10.816654205322266,inf
10.816654205322266,inf
10.816654205322266,inf
10.816654205322266,inf
10.816654205322266,inf
10.816654205322266,inf
10.816654205322266,inf
10.816654205322266,inf
10.816654205322266,11.224971771240234
10.816654205322266,13.416407585144043
11,inf
11,inf
11,inf
11,inf
11.045360565185547,inf
11.045360565185547,inf
11.045360565185547,inf
11.045360565185547,inf
11.045360565185547,inf
11.045360565185547,11.180339813232422
11.045360565185547,11.704699516296387
11.045360565185547,12.247448921203613
11.045360565185547,13.490737915039063
11.180339813232422,inf
11.180339813232422,inf
11.180339813232422,inf
11.180339813232422,inf
11.180339813232422,inf
11.180339813232422,inf
11.180339813232422,inf
11.180339813232422,11.401754379272461
11.180339813232422,11.445523262023926
11.180339813232422,12.206555366516113
11.180339813232422,12.569805145263672
11.180339813232422,12.688577651977539
11.180339813232422,13.638181686401367
11.313708305358887,inf
11.313708305358887,inf
11.313708305358887,inf
11.313708305358887,inf
11.313708305358887,inf
11.313708305358887,inf
11.313708305358887,inf
11.313708305358887,inf
11.313708305358887,inf
11.313708305358887,12.727922439575195
11.401754379272461,inf
11.401754379272461,inf
11.401754379272461,inf
11.401754379272461,inf
11.401754379272461,inf
11.401754379272461,inf
11.401754379272461,inf
11.401754379272461,inf
11.401754379272461,inf
11.401754379272461,inf
11.401754379272461,inf
11.401754379272461,inf
11.401754379272461,inf
11.401754379272461,inf
11.401754379272461,13.03840446472168
11.661903381347656,inf
11.661903381347656,inf
11.661903381347656,13.638181686401367
11.661903381347656,14.177447319030762
11.704699516296387,inf
11.704699516296387,inf
11.704699516296387,inf
11.704699516296387,inf
12,inf
12,inf
12,inf
12.041594505310059,inf
12.041594505310059,inf
12.041594505310059,inf
12.041594505310059,inf
12.041594505310059,inf
12.041594505310059,inf
12.041594505310059,inf
12.041594505310059,inf
12.041594505310059,inf
12.041594505310059,inf
12.041594505310059,inf
12.041594505310059,inf
12.041594505310059,inf
12.041594505310059,inf
12.041594505310059,inf
12.041594505310059,inf
12.041594505310059,inf
12.041594505310059,12.206555366516113
12.041594505310059,13.601470947265625
12.083045959472656,inf
12.083045959472656,inf
12.083045959472656,inf
12.083045959472656,inf
12.083045959472656,14.966629981994629
12.165525436401367,inf
12.165525436401367,inf
12.165525436401367,12.369317054748535
12.165525436401367,13.03840446472168
12.206555366516113,inf
12.206555366516113,inf
12.206555366516113,inf
12.206555366516113,inf
12.206555366516113,14.764822959899902
12.369317054748535,inf
12.369317054748535,inf
12.369317054748535,inf
12.369317054748535,13.416407585144043
12.529964447021484,inf
12.529964447021484,inf
12.529964447021484,inf
12.529964447021484,inf
12.529964447021484,inf
12.529964447021484,13.076696395874023
12.529964447021484,14.696938514709473
12.529964447021484,15.524174690246582
12.649110794067383,inf
12.649110794067383,inf
12.649110794067383,inf
12.727922439575195,inf
12.727922439575195,inf
12.727922439575195,inf
12.727922439575195,inf
12.727922439575195,inf
12.727922439575195,inf
12.727922439575195,inf
12.727922439575195,inf
12.727922439575195,inf
12.727922439575195,inf
12.806248664855957,inf
12.806248664855957,inf
12.806248664855957,inf
12.806248664855957,12.845232963562012
13,inf
13,inf
13,inf
13,inf
13.03840446472168,inf
13.03840446472168,inf
13.03840446472168,inf
13.03840446472168,inf
13.03840446472168,inf
13.03840446472168,14.696938514709473
13.152946472167969,inf
13.152946472167969,inf
13.34166431427002,inf
13.34166431427002,inf
13.416407585144043,inf
13.416407585144043,inf
13.416407585144043,inf
13.416407585144043,13.601470947265625
13.416407585144043,14.696938514709473
13.416407585144043,16.031219482421875
13.416407585144043,16.309507369995117
13.45362377166748,inf
13.45362377166748,inf
13.45362377166748,inf
13.45362377166748,inf
13.45362377166748,inf
13.45362377166748,inf
13.45362377166748,inf
13.45362377166748,inf
13.45362377166748,inf
13.45362377166748,inf
13.601470947265625,inf
13.601470947265625,inf
13.601470947265625,inf
13.601470947265625,inf
13.892443656921387,inf
13.892443656921387,inf
13.892443656921387,inf
13.892443656921387,inf
13.892443656921387,14.764822959899902
13.892443656921387,14.764822959899902
13.892443656921387,15
13.928388595581055,inf
13.928388595581055,14.798648834228516
14.142135620117188,inf
14.142135620117188,inf
14.142135620117188,inf
14.142135620117188,inf
14.142135620117188,inf
14.142135620117188,14.177447319030762
14.142135620117188,15.65247631072998
14.21267032623291,inf
14.21267032623291,inf
14.21267032623291,inf
14.317821502685547,inf
14.317821502685547,inf
14.317821502685547,14.866068840026855
14.317821502685547,14.866068840026855
14.317821502685547,15.779733657836914
14.422204971313477,inf
14.422204971313477,inf
14.422204971313477,inf
14.422204971313477,15.132745742797852
14.560219764709473,15.099668502807617
14.764822959899902,inf
14.764822959899902,15.066518783569336
14.764822959899902,15.165750503540039
14.764822959899902,16.155494689941406
14.866068840026855,inf
14.866068840026855,inf
14.866068840026855,15.165750503540039
15,inf
15,inf
15.231546401977539,inf
15.231546401977539,15.36229133605957
15.231546401977539,15.394804000854492
15.264337539672852,inf
15.55634880065918,inf
15.620499610900879,inf
15.620499610900879,inf
15.620499610900879,inf
15.65247631072998,15.68438720703125
15.81138801574707,inf
15.81138801574707,15.842979431152344
16.124515533447266,17.492855072021484
16.278820037841797,inf
16.278820037841797,inf
16.278820037841797,inf
16.401220321655273,inf
16.401220321655273,inf
16.970561981201172,inf
16.970561981201172,inf
17,17.8885440826416
17,18.027755737304688
17.20465087890625,inf
17.69180679321289,inf
17.69180679321289,inf
17.69180679321289,inf
18.027755737304688,inf
18.384777069091797,inf
18.384777069091797,inf
18.439088821411133,inf
18.867961883544922,inf
19.10497283935547,inf
19.209373474121094,inf
19.72308349609375,inf
19.84943389892578,inf
20,inf
20.615528106689453,inf
20.808652877807617,inf
21.40093421936035,inf
21.470911026000977,inf
21.63330841064453,inf
21.931713104248047,inf
22.203603744506836,inf
22.360679626464844,inf
22.472204208374023,inf
22.803508758544922,inf
22.825424194335938,inf
23.021728515625,inf
23.0867919921875,inf
23.323806762695313,inf
23.409399032592773,inf
23.76972770690918,inf
23.853721618652344,inf
24.166091918945313,inf
24.351591110229492,inf
24.59674835205078,inf
24.698177337646484,inf
24.698177337646484,inf
25.05992889404297,inf
25.495098114013672,inf
25.553865432739258,inf
25.63201141357422,inf
25.942243576049805,inf
26,inf
26.4007568359375,inf
26.832815170288086,inf
