birth,death
-6.164413928985596,inf
-6.164413928985596,5
-6,5.916079998016357
-5.916079998016357,1.7320507764816284
-5.916079998016357,2.2360680103302
-5.830951690673828,inf
-5.74456262588501,1
-5.74456262588501,2
-5.656854152679443,-5.4772257804870605
-5.656854152679443,2.8284270763397217
-5.4772257804870605,-5.385164737701416
-5.4772257804870605,-3.7416574954986572
-5.4772257804870605,-2.2360680103302
-5.4772257804870605,3.316624879837036
-5.385164737701416,inf
-5.385164737701416,-5.196152210235596
-5.385164737701416,-5
-5.385164737701416,-5
-5.385164737701416,-4.123105525970459
-5.385164737701416,-3.7416574954986572
-5.385164737701416,-2.8284270763397217
-5.385164737701416,-2.4494898319244385
-5.385164737701416,-2
-5.385164737701416,-1.4142135381698608
-5.385164737701416,2.8284270763397217
-5.385164737701416,4.123105525970459
-5.385164737701416,4.123105525970459
-5.385164737701416,4.898979663848877
-5.385164737701416,5.385164737701416
-5.385164737701416,7.4833149909973145
-5.196152210235596,inf
-5.196152210235596,-5.099019527435303
-5.196152210235596,-5
-5.196152210235596,-5
-5.196152210235596,-4.898979663848877
-5.196152210235596,-4.582575798034668
-5.196152210235596,-4
-5.196152210235596,-2.8284270763397217
-5.196152210235596,-1
-5.196152210235596,2.2360680103302
-5.196152210235596,5
-5.196152210235596,9.848857879638672
-5.099019527435303,inf
-5.099019527435303,inf
-5.099019527435303,inf
-5.099019527435303,inf
-5.099019527435303,-5
-5.099019527435303,-5
-5.099019527435303,-5
-5.099019527435303,-5
-5.099019527435303,-5
-5.099019527435303,-4.898979663848877
-5.099019527435303,-4.690415859222412
-5.099019527435303,-4.582575798034668
-5.099019527435303,-4.582575798034668
-5.099019527435303,-4.582575798034668
-5.099019527435303,-4.582575798034668
-5.099019527435303,-4.4721360206604
-5.099019527435303,-4.123105525970459
-5.099019527435303,-4.123105525970459
-5.099019527435303,-4.123105525970459
-5.099019527435303,-4
-5.099019527435303,-4
-5.099019527435303,-3.7416574954986572
-5.099019527435303,-3.7416574954986572
-5.099019527435303,-3.7416574954986572
-5.099019527435303,-3.7416574954986572
-5.099019527435303,-3.7416574954986572
-5.099019527435303,-3.605551242828369
-5.099019527435303,-3.605551242828369
-5.099019527435303,-3.316624879837036
-5.099019527435303,-3
-5.099019527435303,-3
-5.099019527435303,-2.8284270763397217
-5.099019527435303,-2.4494898319244385
-5.099019527435303,-2.2360680103302
-5.099019527435303,-2
-5.099019527435303,-1
-5.099019527435303,1
-5.099019527435303,1
-5.099019527435303,1.4142135381698608
-5.099019527435303,1.4142135381698608
-5.099019527435303,1.7320507764816284
-5.099019527435303,2.8284270763397217
-5.099019527435303,3.464101552963257
-5.099019527435303,3.7416574954986572
-5.099019527435303,4.242640495300293
-5.099019527435303,4.582575798034668
-5.099019527435303,4.690415859222412
-5.099019527435303,5.196152210235596
-5.099019527435303,5.830951690673828
-5.099019527435303,6.324555397033691
-5.099019527435303,7.141428470611572
-5.099019527435303,9
-5.099019527435303,10.198039054870605
-5,inf
-5,inf
-5,-4.898979663848877
-5,-4.898979663848877
-5,-4.898979663848877
-5,-4.898979663848877
-5,-4.898979663848877
-5,-4.898979663848877
-5,-4.898979663848877
-5,-4.898979663848877
-5,-4.898979663848877
-5,-4.690415859222412
-5,-4.690415859222412
-5,-4.690415859222412
-5,-4.582575798034668
-5,-4.582575798034668
-5,-4.582575798034668
-5,-4.4721360206604
-5,-4.4721360206604
-5,-4.242640495300293
-5,-4.242640495300293
-5,-4.123105525970459
-5,-4.123105525970459
-5,-4.123105525970459
-5,-4.123105525970459
-5,-4.123105525970459
-5,-4
-5,-4
-5,-4
-5,-4
-5,-3.7416574954986572
-5,-3.605551242828369
-5,-3.605551242828369
-5,-3.1622776985168457
-5,-3
-5,-3
-5,-3
-5,-3
-5,-2.8284270763397217
-5,-2.8284270763397217
-5,-2.8284270763397217
-5,-2.8284270763397217
-5,-2.4494898319244385
-5,-2.2360680103302
-5,-2.2360680103302
-5,-2.2360680103302
-5,-2.2360680103302
-5,-2
-5,-2
-5,-1.7320507764816284
-5,-1.4142135381698608
-5,-1
-5,-1
-5,-1
-5,-1
-5,-1
-5,-1
-5,1
-5,1
-5,1
-5,1
-5,1.4142135381698608
-5,1.4142135381698608
-5,1.4142135381698608
-5,2
-5,2.2360680103302
-5,2.4494898319244385
-5,2.8284270763397217
-5,3.1622776985168457
-5,3.316624879837036
-5,4
-5,4.123105525970459
-5,5
-5,5.830951690673828
-5,5.830951690673828
-5,6.164413928985596
-5,6.324555397033691
-5,6.633249759674072
-5,6.78233003616333
-5,7.211102485656738
-5,7.280109882354736
-5,7.4833149909973145
-5,7.4833149909973145
-5,7.681145668029785
-5,7.8102498054504395
-5,7.874007701873779
-5,8.602325439453125
-5,9.69536018371582
-5,11.180339813232422
-5,12.688577651977539
-4.898979663848877,inf
-4.898979663848877,inf
-4.898979663848877,-4.690415859222412
-4.898979663848877,-4.690415859222412
-4.898979663848877,-4.690415859222412
-4.898979663848877,-4.690415859222412
-4.898979663848877,-4.690415859222412
-4.898979663848877,-4.582575798034668
-4.898979663848877,-4.582575798034668
-4.898979663848877,-4.582575798034668
-4.898979663848877,-4.582575798034668
-4.898979663848877,-4.358899116516113
-4.898979663848877,-4.358899116516113
-4.898979663848877,-4.358899116516113
-4.898979663848877,-4.242640495300293
-4.898979663848877,-4.242640495300293
-4.898979663848877,-4.123105525970459
-4.898979663848877,-4
-4.898979663848877,-4
-4.898979663848877,-4
-4.898979663848877,-4
-4.898979663848877,-4
-4.898979663848877,-4
-4.898979663848877,-4
-4.898979663848877,-3.7416574954986572
-4.898979663848877,-3.7416574954986572
-4.898979663848877,-3.7416574954986572
-4.898979663848877,-3.605551242828369
-4.898979663848877,-3.316624879837036
-4.898979663848877,-3.1622776985168457
-4.898979663848877,-2
-4.898979663848877,-1
-4.898979663848877,-1
-4.898979663848877,-1
-4.898979663848877,-1
-4.898979663848877,1
-4.898979663848877,1
-4.898979663848877,1.7320507764816284
-4.898979663848877,1.7320507764816284
-4.898979663848877,2
-4.898979663848877,2.2360680103302
-4.898979663848877,2.2360680103302
-4.898979663848877,2.2360680103302
-4.898979663848877,2.2360680103302
-4.898979663848877,3
-4.898979663848877,4
-4.898979663848877,4.123105525970459
-4.898979663848877,4.123105525970459
-4.898979663848877,5.099019527435303
-4.898979663848877,5.4772257804870605
-4.898979663848877,7.549834251403809
-4.898979663848877,8.124038696289063
-4.898979663848877,8.306623458862305
-4.898979663848877,8.485280990600586
-4.898979663848877,9
-4.898979663848877,11.090536117553711
-4.898979663848877,12.449899673461914
-4.690415859222412,inf
-4.690415859222412,-4.582575798034668
-4.690415859222412,-4.582575798034668
-4.690415859222412,-4.582575798034668
-4.690415859222412,-4.582575798034668
-4.690415859222412,-4.582575798034668
-4.690415859222412,-4.4721360206604
-4.690415859222412,-4.4721360206604
-4.690415859222412,-4.358899116516113
-4.690415859222412,-4.358899116516113
-4.690415859222412,-4.358899116516113
-4.690415859222412,-4.358899116516113
-4.690415859222412,-4.123105525970459
-4.690415859222412,-4.123105525970459
-4.690415859222412,-4.123105525970459
-4.690415859222412,-4.123105525970459
-4.690415859222412,-4
-4.690415859222412,-4
-4.690415859222412,-4
-4.690415859222412,-4
-4.690415859222412,-4
-4.690415859222412,-3.7416574954986572
-4.690415859222412,-3.316624879837036
-4.690415859222412,-3
-4.690415859222412,-3
-4.690415859222412,-3
-4.690415859222412,-3
-4.690415859222412,-2.4494898319244385
-4.690415859222412,-2.4494898319244385
-4.690415859222412,-2.4494898319244385
-4.690415859222412,-2.2360680103302
-4.690415859222412,-1.4142135381698608
-4.690415859222412,-1.4142135381698608
-4.690415859222412,-1
-4.690415859222412,-1
-4.690415859222412,-1
-4.690415859222412,-1
-4.690415859222412,-1
-4.690415859222412,1
-4.690415859222412,1
-4.690415859222412,1
-4.690415859222412,1
-4.690415859222412,1
-4.690415859222412,1
-4.690415859222412,1.4142135381698608
-4.690415859222412,1.7320507764816284
-4.690415859222412,1.7320507764816284
-4.690415859222412,2
-4.690415859222412,2
-4.690415859222412,2
-4.690415859222412,2.2360680103302
-4.690415859222412,2.2360680103302
-4.690415859222412,2.2360680103302
-4.690415859222412,2.8284270763397217
-4.690415859222412,3.605551242828369
-4.690415859222412,4.123105525970459
-4.690415859222412,4.123105525970459
-4.690415859222412,4.123105525970459
-4.690415859222412,4.242640495300293
-4.690415859222412,4.582575798034668
-4.690415859222412,4.582575798034668
-4.690415859222412,5.196152210235596
-4.690415859222412,5.74456262588501
-4.690415859222412,6.164413928985596
-4.690415859222412,6.164413928985596
-4.690415859222412,7
-4.690415859222412,7.071067810058594
-4.690415859222412,7.141428470611572
-4.690415859222412,7.211102485656738
-4.690415859222412,8.306623458862305
-4.690415859222412,8.9442720413208
-4.690415859222412,9.110433578491211
-4.690415859222412,9.110433578491211
-4.690415859222412,9.273618698120117
-4.690415859222412,9.433980941772461
-4.690415859222412,9.433980941772461
-4.690415859222412,10
-4.690415859222412,10.049875259399414
-4.690415859222412,10.344079971313477
-4.690415859222412,10.816654205322266
-4.690415859222412,10.816654205322266
-4.690415859222412,11.48912525177002
-4.690415859222412,12.569805145263672
-4.690415859222412,14.456831932067871
-4.690415859222412,16.6433162689209
-4.690415859222412,18.193405151367188
-4.582575798034668,inf
-4.582575798034668,inf
-4.582575798034668,inf
-4.582575798034668,inf
-4.582575798034668,inf
-4.582575798034668,inf
-4.582575798034668,-4.4721360206604
-4.582575798034668,-4.4721360206604
-4.582575798034668,-4.4721360206604
-4.582575798034668,-4.4721360206604
-4.582575798034668,-4.4721360206604
-4.582575798034668,-4.4721360206604
-4.582575798034668,-4.4721360206604
-4.582575798034668,-4.4721360206604
-4.582575798034668,-4.4721360206604
-4.582575798034668,-4.4721360206604
-4.582575798034668,-4.4721360206604
-4.582575798034668,-4.358899116516113
-4.582575798034668,-4.358899116516113
-4.582575798034668,-4.358899116516113
-4.582575798034668,-4.358899116516113
-4.582575798034668,-4.358899116516113
-4.582575798034668,-4.358899116516113
-4.582575798034668,-4.358899116516113
-4.582575798034668,-4.242640495300293
-4.582575798034668,-4.242640495300293
-4.582575798034668,-4.242640495300293
-4.582575798034668,-4.242640495300293
-4.582575798034668,-4.242640495300293
-4.582575798034668,-4.242640495300293
-4.582575798034668,-4.123105525970459
-4.582575798034668,-4.123105525970459
-4.582575798034668,-4.123105525970459
-4.582575798034668,-4.123105525970459
-4.582575798034668,-4.123105525970459
-4.582575798034668,-4.123105525970459
-4.582575798034668,-4.123105525970459
-4.582575798034668,-4.123105525970459
-4.582575798034668,-4
-4.582575798034668,-4
-4.582575798034668,-4
-4.582575798034668,-4
-4.582575798034668,-4
-4.582575798034668,-4
-4.582575798034668,-4
-4.582575798034668,-4
-4.582575798034668,-4
-4.582575798034668,-4
-4.582575798034668,-4
-4.582575798034668,-3.7416574954986572
-4.582575798034668,-3.7416574954986572
-4.582575798034668,-3.7416574954986572
-4.582575798034668,-3.7416574954986572
-4.582575798034668,-3.7416574954986572
-4.582575798034668,-3.7416574954986572
-4.582575798034668,-3.7416574954986572
-4.582575798034668,-3.7416574954986572
-4.582575798034668,-3.7416574954986572
-4.582575798034668,-3.7416574954986572
-4.582575798034668,-3.7416574954986572
-4.582575798034668,-3.605551242828369
-4.582575798034668,-3.605551242828369
-4.582575798034668,-3.605551242828369
-4.582575798034668,-3.605551242828369
-4.582575798034668,-3.316624879837036
-4.582575798034668,-3.316624879837036
-4.582575798034668,-3
-4.582575798034668,-3
-4.582575798034668,-2.8284270763397217
-4.582575798034668,-2.8284270763397217
-4.582575798034668,-2.8284270763397217
-4.582575798034668,-2.4494898319244385
-4.582575798034668,-2.4494898319244385
-4.582575798034668,-2.2360680103302
-4.582575798034668,-2.2360680103302
-4.582575798034668,-2
-4.582575798034668,-1.7320507764816284
-4.582575798034668,-1.4142135381698608
-4.582575798034668,-1.4142135381698608
-4.582575798034668,-1.4142135381698608
-4.582575798034668,-1.4142135381698608
-4.582575798034668,-1.4142135381698608
-4.582575798034668,-1
-4.582575798034668,-1
-4.582575798034668,-1
-4.582575798034668,-1
-4.582575798034668,-1
-4.582575798034668,-1
-4.582575798034668,-1
-4.582575798034668,-1
-4.582575798034668,-1
-4.582575798034668,-1
-4.582575798034668,-1
-4.582575798034668,-1
-4.582575798034668,-1
-4.582575798034668,1
-4.582575798034668,1
-4.582575798034668,1
-4.582575798034668,1
-4.582575798034668,1
-4.582575798034668,1
-4.582575798034668,1
-4.582575798034668,1.4142135381698608
-4.582575798034668,1.4142135381698608
-4.582575798034668,1.4142135381698608
-4.582575798034668,1.4142135381698608
-4.582575798034668,1.4142135381698608
-4.582575798034668,1.7320507764816284
-4.582575798034668,2
-4.582575798034668,2.2360680103302
-4.582575798034668,2.2360680103302
-4.582575798034668,2.2360680103302
-4.582575798034668,2.2360680103302
-4.582575798034668,2.2360680103302
-4.582575798034668,2.4494898319244385
-4.582575798034668,2.8284270763397217
-4.582575798034668,2.8284270763397217
-4.582575798034668,2.8284270763397217
-4.582575798034668,2.8284270763397217
-4.582575798034668,3
-4.582575798034668,3
-4.582575798034668,3.1622776985168457
-4.582575798034668,3.1622776985168457
-4.582575798034668,3.1622776985168457
-4.582575798034668,3.1622776985168457
-4.582575798034668,3.316624879837036
-4.582575798034668,3.605551242828369
-4.582575798034668,3.7416574954986572
-4.582575798034668,3.7416574954986572
-4.582575798034668,3.7416574954986572
-4.582575798034668,4
-4.582575798034668,4.242640495300293
-4.582575798034668,4.358899116516113
-4.582575798034668,4.4721360206604
-4.582575798034668,4.582575798034668
-4.582575798034668,4.690415859222412
-4.582575798034668,4.898979663848877
-4.582575798034668,5
-4.582575798034668,5
-4.582575798034668,5.099019527435303
-4.582575798034668,5.196152210235596
-4.582575798034668,5.196152210235596
-4.582575798034668,5.196152210235596
-4.582575798034668,5.196152210235596
-4.582575798034668,5.656854152679443
-4.582575798034668,5.656854152679443
-4.582575798034668,5.74456262588501
-4.582575798034668,5.74456262588501
-4.582575798034668,5.830951690673828
-4.582575798034668,5.916079998016357
-4.582575798034668,6
-4.582575798034668,6
-4.582575798034668,6
-4.582575798034668,6
-4.582575798034668,6.164413928985596
-4.582575798034668,6.324555397033691
-4.582575798034668,6.4031243324279785
-4.582575798034668,6.480740547180176
-4.582575798034668,6.480740547180176
-4.582575798034668,6.7082037925720215
-4.582575798034668,6.78233003616333
-4.582575798034668,7
-4.582575798034668,7.211102485656738
-4.582575798034668,7.211102485656738
-4.582575798034668,7.211102485656738
-4.582575798034668,7.211102485656738
-4.582575798034668,7.280109882354736
-4.582575798034668,7.4833149909973145
-4.582575798034668,7.549834251403809
-4.582575798034668,7.549834251403809
-4.582575798034668,7.6157732009887695
-4.582575798034668,7.681145668029785
-4.582575798034668,7.681145668029785
-4.582575798034668,7.681145668029785
-4.582575798034668,7.8102498054504395
-4.582575798034668,7.8102498054504395
-4.582575798034668,7.8102498054504395
-4.582575798034668,8
-4.582575798034668,8.124038696289063
-4.582575798034668,8.246211051940918
-4.582575798034668,8.246211051940918
-4.582575798034668,8.485280990600586
-4.582575798034668,8.5440034866333
-4.582575798034668,8.602325439453125
-4.582575798034668,8.602325439453125
-4.582575798034668,8.66025447845459
-4.582575798034668,8.717798233032227
-4.582575798034668,8.774964332580566
-4.582575798034668,8.774964332580566
-4.582575798034668,8.9442720413208
-4.582575798034668,9.110433578491211
-4.582575798034668,9.165151596069336
-4.582575798034668,9.219544410705566
-4.582575798034668,9.273618698120117
-4.582575798034668,9.380831718444824
-4.582575798034668,9.380831718444824
-4.582575798034668,9.643651008605957
-4.582575798034668,9.899495124816895
-4.582575798034668,9.949873924255371
-4.582575798034668,10.049875259399414
-4.582575798034668,10.049875259399414
-4.582575798034668,10.049875259399414
-4.582575798034668,10.29563045501709
-4.582575798034668,10.29563045501709
-4.582575798034668,10.344079971313477
-4.582575798034668,10.440306663513184
-4.582575798034668,10.488088607788086
-4.582575798034668,10.630146026611328
-4.582575798034668,10.770329475402832
-4.582575798034668,12.569805145263672
-4.582575798034668,13.638181686401367
-4.582575798034668,14.247806549072266
-4.582575798034668,14.317821502685547
-4.582575798034668,15.68438720703125
-4.4721360206604,inf
-4.4721360206604,inf
-4.4721360206604,inf
-4.4721360206604,inf
-4.4721360206604,inf
-4.4721360206604,inf
-4.4721360206604,inf
-4.4721360206604,inf
-4.4721360206604,inf
-4.4721360206604,inf
-4.4721360206604,inf
-4.4721360206604,inf
-4.4721360206604,-4.358899116516113
-4.4721360206604,-4.358899116516113
-4.4721360206604,-4.358899116516113
-4.4721360206604,-4.358899116516113
-4.4721360206604,-4.358899116516113
-4.4721360206604,-4.358899116516113
-4.4721360206604,-4.358899116516113
-4.4721360206604,-4.358899116516113
-4.4721360206604,-4.358899116516113
-4.4721360206604,-4.358899116516113
-4.4721360206604,-4.358899116516113
-4.4721360206604,-4.358899116516113
-4.4721360206604,-4.358899116516113
-4.4721360206604,-4.242640495300293
-4.4721360206604,-4.242640495300293
-4.4721360206604,-4.242640495300293
-4.4721360206604,-4.242640495300293
-4.4721360206604,-4.242640495300293
-4.4721360206604,-4.242640495300293
-4.4721360206604,-4.242640495300293
-4.4721360206604,-4.242640495300293
-4.4721360206604,-4.242640495300293
-4.4721360206604,-4.242640495300293
-4.4721360206604,-4.123105525970459
-4.4721360206604,-4.123105525970459
-4.4721360206604,-4.123105525970459
-4.4721360206604,-4
-4.4721360206604,-4
-4.4721360206604,-4
-4.4721360206604,-4
-4.4721360206604,-4
-4.4721360206604,-4
-4.4721360206604,-4
-4.4721360206604,-4
-4.4721360206604,-4
-4.4721360206604,-4
-4.4721360206604,-4
-4.4721360206604,-4
-4.4721360206604,-4
-4.4721360206604,-4
-4.4721360206604,-4
-4.4721360206604,-4
-4.4721360206604,-4
-4.4721360206604,-3.7416574954986572
-4.4721360206604,-3.7416574954986572
-4.4721360206604,-3.7416574954986572
-4.4721360206604,-3.7416574954986572
-4.4721360206604,-3.7416574954986572
-4.4721360206604,-3.7416574954986572
-4.4721360206604,-3.316624879837036
-4.4721360206604,-3.1622776985168457
-4.4721360206604,-3
-4.4721360206604,-3
-4.4721360206604,-3
-4.4721360206604,-3
-4.4721360206604,-3
-4.4721360206604,-2.8284270763397217
-4.4721360206604,-2.8284270763397217
-4.4721360206604,-2.2360680103302
-4.4721360206604,-2
-4.4721360206604,-1.7320507764816284
-4.4721360206604,-1.7320507764816284
-4.4721360206604,-1.7320507764816284
-4.4721360206604,-1.4142135381698608
-4.4721360206604,-1.4142135381698608
-4.4721360206604,-1
-4.4721360206604,-1
-4.4721360206604,-1
-4.4721360206604,-1
-4.4721360206604,-1
-4.4721360206604,1
-4.4721360206604,1
-4.4721360206604,1
-4.4721360206604,1
-4.4721360206604,1
-4.4721360206604,1
-4.4721360206604,1
-4.4721360206604,1.4142135381698608
-4.4721360206604,1.4142135381698608
-4.4721360206604,2
-4.4721360206604,2
-4.4721360206604,2.2360680103302
-4.4721360206604,2.2360680103302
-4.4721360206604,2.4494898319244385
-4.4721360206604,2.4494898319244385
-4.4721360206604,2.4494898319244385
-4.4721360206604,2.8284270763397217
-4.4721360206604,2.8284270763397217
-4.4721360206604,2.8284270763397217
-4.4721360206604,3
-4.4721360206604,3
-4.4721360206604,3
-4.4721360206604,3.1622776985168457
-4.4721360206604,3.1622776985168457
-4.4721360206604,3.316624879837036
-4.4721360206604,3.464101552963257
-4.4721360206604,3.464101552963257
-4.4721360206604,3.605551242828369
-4.4721360206604,3.7416574954986572
-4.4721360206604,3.7416574954986572
-4.4721360206604,4.123105525970459
-4.4721360206604,4.123105525970459
-4.4721360206604,4.123105525970459
-4.4721360206604,4.242640495300293
-4.4721360206604,4.690415859222412
-4.4721360206604,4.898979663848877
-4.4721360206604,5
-4.4721360206604,5
-4.4721360206604,5.099019527435303
-4.4721360206604,5.196152210235596
-4.4721360206604,5.385164737701416
-4.4721360206604,5.830951690673828
-4.4721360206604,6
-4.4721360206604,6.164413928985596
-4.4721360206604,6.164413928985596
-4.4721360206604,6.324555397033691
-4.4721360206604,6.4031243324279785
-4.4721360206604,6.4031243324279785
-4.4721360206604,6.633249759674072
-4.4721360206604,6.7082037925720215
-4.4721360206604,6.7082037925720215
-4.4721360206604,6.928203105926514
-4.4721360206604,7.071067810058594
-4.4721360206604,7.141428470611572
-4.4721360206604,7.141428470611572
-4.4721360206604,7.280109882354736
-4.4721360206604,7.6157732009887695
-4.4721360206604,7.8102498054504395
-4.4721360206604,7.8102498054504395
-4.4721360206604,8.062257766723633
-4.4721360206604,8.062257766723633
-4.4721360206604,8.062257766723633
-4.4721360206604,8.124038696289063
-4.4721360206604,8.124038696289063
-4.4721360206604,8.246211051940918
-4.4721360206604,8.246211051940918
-4.4721360206604,8.306623458862305
-4.4721360206604,8.306623458862305
-4.4721360206604,8.306623458862305
-4.4721360206604,8.306623458862305
-4.4721360206604,8.485280990600586
-4.4721360206604,8.602325439453125
-4.4721360206604,8.602325439453125
-4.4721360206604,8.66025447845459
-4.4721360206604,8.66025447845459
-4.4721360206604,8.774964332580566
-4.4721360206604,8.774964332580566
-4.4721360206604,9
-4.4721360206604,9.380831718444824
-4.4721360206604,9.433980941772461
-4.4721360206604,9.486832618713379
-4.4721360206604,9.797959327697754
-4.4721360206604,9.949873924255371
-4.4721360206604,10.099504470825195
-4.4721360206604,10.392304420471191
-4.4721360206604,11.401754379272461
-4.4721360206604,13.152946472167969
-4.4721360206604,13.45362377166748
-4.4721360206604,13.601470947265625
-4.4721360206604,15.29705810546875
-4.4721360206604,15.65247631072998
-4.4721360206604,19.339078903198242
-4.358899116516113,inf
-4.358899116516113,inf
-4.358899116516113,inf
-4.358899116516113,inf
-4.358899116516113,inf
-4.358899116516113,inf
-4.358899116516113,-4.242640495300293
-4.358899116516113,-4.242640495300293
-4.358899116516113,-4.242640495300293
-4.358899116516113,-4.242640495300293
-4.358899116516113,-4.242640495300293
-4.358899116516113,-4.242640495300293
-4.358899116516113,-4.242640495300293
-4.358899116516113,-4.242640495300293
-4.358899116516113,-4.242640495300293
-4.358899116516113,-4.242640495300293
-4.358899116516113,-4.242640495300293
-4.358899116516113,-4.242640495300293
-4.358899116516113,-4.242640495300293
-4.358899116516113,-4.242640495300293
-4.358899116516113,-4.242640495300293
-4.358899116516113,-4.242640495300293
-4.358899116516113,-4.242640495300293
-4.358899116516113,-4.242640495300293
-4.358899116516113,-4.242640495300293
-4.358899116516113,-4.242640495300293
-4.358899116516113,-4.242640495300293
-4.358899116516113,-4.242640495300293
-4.358899116516113,-4.242640495300293
-4.358899116516113,-4.242640495300293
-4.358899116516113,-4.242640495300293
-4.358899116516113,-4.242640495300293
-4.358899116516113,-4.242640495300293
-4.358899116516113,-4.242640495300293
-4.358899116516113,-4.242640495300293
-4.358899116516113,-4.123105525970459
-4.358899116516113,-4.123105525970459
-4.358899116516113,-4.123105525970459
-4.358899116516113,-4.123105525970459
-4.358899116516113,-4.123105525970459
-4.358899116516113,-4.123105525970459
-4.358899116516113,-4.123105525970459
-4.358899116516113,-4.123105525970459
-4.358899116516113,-4.123105525970459
-4.358899116516113,-4.123105525970459
-4.358899116516113,-4.123105525970459
-4.358899116516113,-4
-4.358899116516113,-4
-4.358899116516113,-4
-4.358899116516113,-4
-4.358899116516113,-4
-4.358899116516113,-4
-4.358899116516113,-4
-4.358899116516113,-4
-4.358899116516113,-4
-4.358899116516113,-3.7416574954986572
-4.358899116516113,-3.7416574954986572
-4.358899116516113,-3.7416574954986572
-4.358899116516113,-3.7416574954986572
-4.358899116516113,-3.7416574954986572
-4.358899116516113,-3.7416574954986572
-4.358899116516113,-3.7416574954986572
-4.358899116516113,-3.7416574954986572
-4.358899116516113,-3.7416574954986572
-4.358899116516113,-3.7416574954986572
-4.358899116516113,-3.605551242828369
-4.358899116516113,-3.605551242828369
-4.358899116516113,-3.464101552963257
-4.358899116516113,-3.316624879837036
-4.358899116516113,-3
-4.358899116516113,-3
-4.358899116516113,-3
-4.358899116516113,-3
-4.358899116516113,-2.8284270763397217
-4.358899116516113,-2.8284270763397217
-4.358899116516113,-2.8284270763397217
-4.358899116516113,-2.4494898319244385
-4.358899116516113,-2.4494898319244385
-4.358899116516113,-2.2360680103302
-4.358899116516113,-2.2360680103302
-4.358899116516113,-2.2360680103302
-4.358899116516113,-2.2360680103302
-4.358899116516113,-2.2360680103302
-4.358899116516113,-2
-4.358899116516113,-2
-4.358899116516113,-1.7320507764816284
-4.358899116516113,-1.7320507764816284
-4.358899116516113,-1.4142135381698608
-4.358899116516113,-1.4142135381698608
-4.358899116516113,-1.4142135381698608
-4.358899116516113,-1.4142135381698608
-4.358899116516113,-1
-4.358899116516113,-1
-4.358899116516113,-1
-4.358899116516113,-1
-4.358899116516113,-1
-4.358899116516113,-1
-4.358899116516113,-1
-4.358899116516113,1
-4.358899116516113,1
-4.358899116516113,1
-4.358899116516113,1
-4.358899116516113,1
-4.358899116516113,1
-4.358899116516113,1
-4.358899116516113,1
-4.358899116516113,1.4142135381698608
-4.358899116516113,1.4142135381698608
-4.358899116516113,2
-4.358899116516113,2
-4.358899116516113,2
-4.358899116516113,2.2360680103302
-4.358899116516113,2.2360680103302
-4.358899116516113,2.2360680103302
-4.358899116516113,2.4494898319244385
-4.358899116516113,2.4494898319244385
-4.358899116516113,2.4494898319244385
-4.358899116516113,2.8284270763397217
-4.358899116516113,2.8284270763397217
-4.358899116516113,3
-4.358899116516113,3
-4.358899116516113,3
-4.358899116516113,3
-4.358899116516113,3
-4.358899116516113,3.1622776985168457
-4.358899116516113,3.1622776985168457
-4.358899116516113,3.316624879837036
-4.358899116516113,3.316624879837036
-4.358899116516113,3.316624879837036
-4.358899116516113,3.316624879837036
-4.358899116516113,3.464101552963257
-4.358899116516113,3.605551242828369
-4.358899116516113,3.605551242828369
-4.358899116516113,3.7416574954986572
-4.358899116516113,4.123105525970459
-4.358899116516113,4.123105525970459
-4.358899116516113,4.582575798034668
-4.358899116516113,4.690415859222412
-4.358899116516113,4.690415859222412
-4.358899116516113,4.690415859222412
-4.358899116516113,5
-4.358899116516113,5
-4.358899116516113,5.099019527435303
-4.358899116516113,5.099019527435303
-4.358899116516113,5.099019527435303
-4.358899116516113,5.099019527435303
-4.358899116516113,5.196152210235596
-4.358899116516113,5.4772257804870605
-4.358899116516113,5.656854152679443
-4.358899116516113,5.830951690673828
-4.358899116516113,5.830951690673828
-4.358899116516113,6
-4.358899116516113,6
-4.358899116516113,6
-4.358899116516113,6
-4.358899116516113,6.082762718200684
-4.358899116516113,6.164413928985596
-4.358899116516113,6.4031243324279785
-4.358899116516113,6.4031243324279785
-4.358899116516113,6.4031243324279785
-4.358899116516113,6.4031243324279785
-4.358899116516113,6.557438373565674
-4.358899116516113,6.7082037925720215
-4.358899116516113,6.7082037925720215
-4.358899116516113,6.78233003616333
-4.358899116516113,7
-4.358899116516113,7.141428470611572
-4.358899116516113,7.141428470611572
-4.358899116516113,7.280109882354736
-4.358899116516113,7.348469257354736
-4.358899116516113,7.348469257354736
-4.358899116516113,7.4833149909973145
-4.358899116516113,7.549834251403809
-4.358899116516113,7.6157732009887695
-4.358899116516113,8.062257766723633
-4.358899116516113,8.062257766723633
-4.358899116516113,8.062257766723633
-4.358899116516113,8.185352325439453
-4.358899116516113,8.246211051940918
-4.358899116516113,8.306623458862305
-4.358899116516113,8.366600036621094
-4.358899116516113,8.5440034866333
-4.358899116516113,8.5440034866333
-4.358899116516113,8.602325439453125
-4.358899116516113,8.602325439453125
-4.358899116516113,8.66025447845459
-4.358899116516113,9
-4.358899116516113,9
-4.358899116516113,9
-4.358899116516113,9
-4.358899116516113,9
-4.358899116516113,9.165151596069336
-4.358899116516113,9.219544410705566
-4.358899116516113,9.273618698120117
-4.358899116516113,9.380831718444824
-4.358899116516113,9.433980941772461
-4.358899116516113,9.539392471313477
-4.358899116516113,9.643651008605957
-4.358899116516113,9.899495124816895
-4.358899116516113,9.899495124816895
-4.358899116516113,10
-4.358899116516113,10
-4.358899116516113,10.049875259399414
-4.358899116516113,10.049875259399414
-4.358899116516113,10.049875259399414
-4.358899116516113,10.049875259399414
-4.358899116516113,10.198039054870605
-4.358899116516113,10.24695110321045
-4.358899116516113,10.29563045501709
-4.358899116516113,10.488088607788086
-4.358899116516113,10.954451560974121
-4.358899116516113,11.357816696166992
-4.358899116516113,11.357816696166992
-4.358899116516113,11.357816696166992
-4.358899116516113,12.569805145263672
-4.358899116516113,12.884099006652832
-4.358899116516113,13.03840446472168
-4.358899116516113,15.55634880065918
-4.358899116516113,15.779733657836914
-4.358899116516113,15.842979431152344
-4.358899116516113,16.031219482421875
-4.358899116516113,16.309507369995117
-4.358899116516113,16.309507369995117
-4.358899116516113,17.549928665161133
-4.358899116516113,18.357559204101563
-4.358899116516113,18.466184616088867
-4.242640495300293,inf
-4.242640495300293,inf
-4.242640495300293,inf
-4.242640495300293,inf
-4.242640495300293,inf
-4.242640495300293,inf
-4.242640495300293,inf
-4.242640495300293,inf
-4.242640495300293,inf
-4.242640495300293,inf
-4.242640495300293,inf
-4.242640495300293,inf
-4.242640495300293,inf
-4.242640495300293,inf
-4.242640495300293,inf
-4.242640495300293,inf
-4.242640495300293,inf
-4.242640495300293,inf
-4.242640495300293,inf
-4.242640495300293,inf
-4.242640495300293,inf
-4.242640495300293,inf
-4.242640495300293,inf
-4.242640495300293,inf
-4.242640495300293,inf
-4.242640495300293,inf
-4.242640495300293,inf
-4.242640495300293,inf
-4.242640495300293,inf
-4.242640495300293,inf
-4.242640495300293,inf
-4.242640495300293,inf
-4.242640495300293,inf
-4.242640495300293,inf
-4.242640495300293,inf
-4.242640495300293,inf
-4.242640495300293,inf
-4.242640495300293,inf
-4.242640495300293,inf
-4.242640495300293,-4.123105525970459
-4.242640495300293,-4.123105525970459
-4.242640495300293,-4.123105525970459
-4.242640495300293,-4.123105525970459
-4.242640495300293,-4.123105525970459
-4.242640495300293,-4.123105525970459
-4.242640495300293,-4.123105525970459
-4.242640495300293,-4.123105525970459
-4.242640495300293,-4.123105525970459
-4.242640495300293,-4.123105525970459
-4.242640495300293,-4.123105525970459
-4.242640495300293,-4.123105525970459
-4.242640495300293,-4.123105525970459
-4.242640495300293,-4.123105525970459
-4.242640495300293,-4.123105525970459
-4.242640495300293,-4.123105525970459
-4.242640495300293,-4.123105525970459
-4.242640495300293,-4.123105525970459
-4.242640495300293,-4.123105525970459
-4.242640495300293,-4.123105525970459
-4.242640495300293,-4.123105525970459
-4.242640495300293,-4.123105525970459
-4.242640495300293,-4.123105525970459
-4.242640495300293,-4.123105525970459
-4.242640495300293,-4.123105525970459
-4.242640495300293,-4.123105525970459
-4.242640495300293,-4.123105525970459
-4.242640495300293,-4.123105525970459
-4.242640495300293,-4.123105525970459
-4.242640495300293,-4.123105525970459
-4.242640495300293,-4.123105525970459
-4.242640495300293,-4.123105525970459
-4.242640495300293,-4.123105525970459
-4.242640495300293,-4.123105525970459
-4.242640495300293,-4.123105525970459
-4.242640495300293,-4.123105525970459
-4.242640495300293,-4.123105525970459
-4.242640495300293,-4.123105525970459
-4.242640495300293,-4.123105525970459
-4.242640495300293,-4.123105525970459
-4.242640495300293,-4.123105525970459
-4.242640495300293,-4.123105525970459
-4.242640495300293,-4.123105525970459
-4.242640495300293,-4.123105525970459
-4.242640495300293,-4.123105525970459
-4.242640495300293,-4.123105525970459
-4.242640495300293,-4.123105525970459
-4.242640495300293,-4.123105525970459
-4.242640495300293,-4.123105525970459
-4.242640495300293,-4.123105525970459
-4.242640495300293,-4.123105525970459
-4.242640495300293,-4.123105525970459
-4.242640495300293,-4.123105525970459
-4.242640495300293,-4.123105525970459
-4.242640495300293,-4.123105525970459
-4.242640495300293,-4.123105525970459
-4.242640495300293,-4.123105525970459
-4.242640495300293,-4.123105525970459
-4.242640495300293,-4.123105525970459
-4.242640495300293,-4.123105525970459
-4.242640495300293,-4.123105525970459
-4.242640495300293,-4.123105525970459
-4.242640495300293,-4.123105525970459
-4.242640495300293,-4.123105525970459
-4.242640495300293,-4.123105525970459
-4.242640495300293,-4.123105525970459
-4.242640495300293,-4.123105525970459
-4.242640495300293,-4.123105525970459
-4.242640495300293,-4.123105525970459
-4.242640495300293,-4.123105525970459
-4.242640495300293,-4.123105525970459
-4.242640495300293,-4.123105525970459
-4.242640495300293,-4.123105525970459
-4.242640495300293,-4.123105525970459
-4.242640495300293,-4.123105525970459
-4.242640495300293,-4.123105525970459
-4.242640495300293,-4.123105525970459
-4.242640495300293,-4.123105525970459
-4.242640495300293,-4.123105525970459
-4.242640495300293,-4.123105525970459
-4.242640495300293,-4.123105525970459
-4.242640495300293,-4.123105525970459
-4.242640495300293,-4.123105525970459
-4.242640495300293,-4.123105525970459
-4.242640495300293,-4.123105525970459
-4.242640495300293,-4.123105525970459
-4.242640495300293,-4.123105525970459
-4.242640495300293,-4.123105525970459
-4.242640495300293,-4.123105525970459
-4.242640495300293,-4.123105525970459
-4.242640495300293,-4.123105525970459
-4.242640495300293,-4.123105525970459
-4.242640495300293,-4.123105525970459
-4.242640495300293,-4.123105525970459
-4.242640495300293,-4.123105525970459
-4.242640495300293,-4.123105525970459
-4.242640495300293,-4.123105525970459
-4.242640495300293,-4.123105525970459
-4.242640495300293,-4.123105525970459
-4.242640495300293,-4.123105525970459
-4.242640495300293,-4.123105525970459
-4.242640495300293,-4.123105525970459
-4.242640495300293,-4.123105525970459
-4.242640495300293,-4.123105525970459
-4.242640495300293,-4.123105525970459
-4.242640495300293,-4.123105525970459
-4.242640495300293,-4.123105525970459
-4.242640495300293,-4.123105525970459
-4.242640495300293,-4.123105525970459
-4.242640495300293,-4.123105525970459
-4.242640495300293,-4.123105525970459
-4.242640495300293,-4.123105525970459
-4.242640495300293,-4.123105525970459
-4.242640495300293,-4.123105525970459
-4.242640495300293,-4.123105525970459
-4.242640495300293,-4.123105525970459
-4.242640495300293,-4.123105525970459
-4.242640495300293,-4.123105525970459
-4.242640495300293,-4.123105525970459
-4.242640495300293,-4.123105525970459
-4.242640495300293,-4.123105525970459
-4.242640495300293,-4.123105525970459
-4.242640495300293,-4.123105525970459
-4.242640495300293,-4.123105525970459
-4.242640495300293,-4.123105525970459
-4.242640495300293,-4.123105525970459
-4.242640495300293,-4.123105525970459
-4.242640495300293,-4.123105525970459
-4.242640495300293,-4.123105525970459
-4.242640495300293,-4.123105525970459
-4.242640495300293,-4.123105525970459
-4.242640495300293,-4.123105525970459
-4.242640495300293,-4.123105525970459
-4.242640495300293,-4.123105525970459
-4.242640495300293,-4.123105525970459
-4.242640495300293,-4.123105525970459
-4.242640495300293,-4.123105525970459
-4.242640495300293,-4.123105525970459
-4.242640495300293,-4.123105525970459
-4.242640495300293,-4.123105525970459
-4.242640495300293,-4.123105525970459
-4.242640495300293,-4.123105525970459
-4.242640495300293,-4.123105525970459
-4.242640495300293,-4
-4.242640495300293,-4
-4.242640495300293,-4
-4.242640495300293,-4
-4.242640495300293,-4
-4.242640495300293,-4
-4.242640495300293,-4
-4.242640495300293,-4
-4.242640495300293,-4
-4.242640495300293,-4
-4.242640495300293,-4
-4.242640495300293,-4
-4.242640495300293,-4
-4.242640495300293,-4
-4.242640495300293,-4
-4.242640495300293,-4
-4.242640495300293,-4
-4.242640495300293,-4
-4.242640495300293,-4
-4.242640495300293,-4
-4.242640495300293,-4
-4.242640495300293,-4
-4.242640495300293,-4
-4.242640495300293,-4
-4.242640495300293,-4
-4.242640495300293,-4
-4.242640495300293,-4
-4.242640495300293,-4
-4.242640495300293,-4
-4.242640495300293,-4
-4.242640495300293,-4
-4.242640495300293,-4
-4.242640495300293,-4
-4.242640495300293,-4
-4.242640495300293,-4
-4.242640495300293,-4
-4.242640495300293,-4
-4.242640495300293,-4
-4.242640495300293,-4
-4.242640495300293,-4
-4.242640495300293,-4
-4.242640495300293,-4
-4.242640495300293,-4
-4.242640495300293,-4
-4.242640495300293,-4
-4.242640495300293,-3.7416574954986572
-4.242640495300293,-3.7416574954986572
-4.242640495300293,-3.7416574954986572
-4.242640495300293,-3.7416574954986572
-4.242640495300293,-3.7416574954986572
-4.242640495300293,-3.7416574954986572
-4.242640495300293,-3.7416574954986572
-4.242640495300293,-3.7416574954986572
-4.242640495300293,-3.7416574954986572
-4.242640495300293,-3.7416574954986572
-4.242640495300293,-3.7416574954986572
-4.242640495300293,-3.7416574954986572
-4.242640495300293,-3.7416574954986572
-4.242640495300293,-3.7416574954986572
-4.242640495300293,-3.7416574954986572
-4.242640495300293,-3.7416574954986572
-4.242640495300293,-3.7416574954986572
-4.242640495300293,-3.7416574954986572
-4.242640495300293,-3.7416574954986572
-4.242640495300293,-3.7416574954986572
-4.242640495300293,-3.7416574954986572
-4.242640495300293,-3.7416574954986572
-4.242640495300293,-3.7416574954986572
-4.242640495300293,-3.7416574954986572
-4.242640495300293,-3.7416574954986572
-4.242640495300293,-3.7416574954986572
-4.242640495300293,-3.7416574954986572
-4.242640495300293,-3.7416574954986572
-4.242640495300293,-3.7416574954986572
-4.242640495300293,-3.7416574954986572
-4.242640495300293,-3.7416574954986572
-4.242640495300293,-3.7416574954986572
-4.242640495300293,-3.7416574954986572
-4.242640495300293,-3.7416574954986572
-4.242640495300293,-3.7416574954986572
-4.242640495300293,-3.7416574954986572
-4.242640495300293,-3.7416574954986572
-4.242640495300293,-3.7416574954986572
-4.242640495300293,-3.7416574954986572
-4.242640495300293,-3.7416574954986572
-4.242640495300293,-3.7416574954986572
-4.242640495300293,-3.7416574954986572
-4.242640495300293,-3.7416574954986572
-4.242640495300293,-3.7416574954986572
-4.242640495300293,-3.7416574954986572
-4.242640495300293,-3.7416574954986572
-4.242640495300293,-3.7416574954986572
-4.242640495300293,-3.7416574954986572
-4.242640495300293,-3.7416574954986572
-4.242640495300293,-3.7416574954986572
-4.242640495300293,-3.7416574954986572
-4.242640495300293,-3.7416574954986572
-4.242640495300293,-3.7416574954986572
-4.242640495300293,-3.7416574954986572
-4.242640495300293,-3.7416574954986572
-4.242640495300293,-3.7416574954986572
-4.242640495300293,-3.7416574954986572
-4.242640495300293,-3.7416574954986572
-4.242640495300293,-3.7416574954986572
-4.242640495300293,-3.7416574954986572
-4.242640495300293,-3.7416574954986572
-4.242640495300293,-3.7416574954986572
-4.242640495300293,-3.7416574954986572
-4.242640495300293,-3.7416574954986572
-4.242640495300293,-3.7416574954986572
-4.242640495300293,-3.7416574954986572
-4.242640495300293,-3.7416574954986572
-4.242640495300293,-3.7416574954986572
-4.242640495300293,-3.7416574954986572
-4.242640495300293,-3.7416574954986572
-4.242640495300293,-3.7416574954986572
-4.242640495300293,-3.7416574954986572
-4.242640495300293,-3.7416574954986572
-4.242640495300293,-3.7416574954986572
-4.242640495300293,-3.7416574954986572
-4.242640495300293,-3.7416574954986572
-4.242640495300293,-3.7416574954986572
-4.242640495300293,-3.605551242828369
-4.242640495300293,-3.605551242828369
-4.242640495300293,-3.605551242828369
-4.242640495300293,-3.605551242828369
-4.242640495300293,-3.605551242828369
-4.242640495300293,-3.605551242828369
-4.242640495300293,-3.605551242828369
-4.242640495300293,-3.605551242828369
-4.242640495300293,-3.605551242828369
-4.242640495300293,-3.605551242828369
-4.242640495300293,-3.605551242828369
-4.242640495300293,-3.605551242828369
-4.242640495300293,-3.605551242828369
-4.242640495300293,-3.605551242828369
-4.242640495300293,-3.464101552963257
-4.242640495300293,-3.464101552963257
-4.242640495300293,-3.464101552963257
-4.242640495300293,-3.464101552963257
-4.242640495300293,-3.316624879837036
-4.242640495300293,-3.316624879837036
-4.242640495300293,-3.316624879837036
-4.242640495300293,-3.316624879837036
-4.242640495300293,-3.316624879837036
-4.242640495300293,-3.316624879837036
-4.242640495300293,-3.316624879837036
-4.242640495300293,-3.316624879837036
-4.242640495300293,-3.316624879837036
-4.242640495300293,-3.316624879837036
-4.242640495300293,-3.1622776985168457
-4.242640495300293,-3.1622776985168457
-4.242640495300293,-3.1622776985168457
-4.242640495300293,-3.1622776985168457
-4.242640495300293,-3.1622776985168457
-4.242640495300293,-3.1622776985168457
-4.242640495300293,-3.1622776985168457
-4.242640495300293,-3.1622776985168457
-4.242640495300293,-3.1622776985168457
-4.242640495300293,-3.1622776985168457
-4.242640495300293,-3.1622776985168457
-4.242640495300293,-3.1622776985168457
-4.242640495300293,-3.1622776985168457
-4.242640495300293,-3
-4.242640495300293,-3
-4.242640495300293,-3
-4.242640495300293,-3
-4.242640495300293,-3
-4.242640495300293,-3
-4.242640495300293,-3
-4.242640495300293,-3
-4.242640495300293,-3
-4.242640495300293,-3
-4.242640495300293,-3
-4.242640495300293,-3
-4.242640495300293,-3
-4.242640495300293,-3
-4.242640495300293,-3
-4.242640495300293,-3
-4.242640495300293,-3
-4.242640495300293,-2.8284270763397217
-4.242640495300293,-2.8284270763397217
-4.242640495300293,-2.8284270763397217
-4.242640495300293,-2.8284270763397217
-4.242640495300293,-2.8284270763397217
-4.242640495300293,-2.8284270763397217
-4.242640495300293,-2.8284270763397217
-4.242640495300293,-2.8284270763397217
-4.242640495300293,-2.8284270763397217
-4.242640495300293,-2.8284270763397217
-4.242640495300293,-2.8284270763397217
-4.242640495300293,-2.8284270763397217
-4.242640495300293,-2.8284270763397217
-4.242640495300293,-2.8284270763397217
-4.242640495300293,-2.8284270763397217
-4.242640495300293,-2.8284270763397217
-4.242640495300293,-2.8284270763397217
-4.242640495300293,-2.4494898319244385
-4.242640495300293,-2.4494898319244385
-4.242640495300293,-2.4494898319244385
-4.242640495300293,-2.4494898319244385
-4.242640495300293,-2.4494898319244385
-4.242640495300293,-2.4494898319244385
-4.242640495300293,-2.4494898319244385
-4.242640495300293,-2.4494898319244385
-4.242640495300293,-2.4494898319244385
-4.242640495300293,-2.4494898319244385
-4.242640495300293,-2.4494898319244385
-4.242640495300293,-2.4494898319244385
-4.242640495300293,-2.4494898319244385
-4.242640495300293,-2.2360680103302
-4.242640495300293,-2.2360680103302
-4.242640495300293,-2.2360680103302
-4.242640495300293,-2.2360680103302
-4.242640495300293,-2.2360680103302
-4.242640495300293,-2.2360680103302
-4.242640495300293,-2.2360680103302
-4.242640495300293,-2.2360680103302
-4.242640495300293,-2.2360680103302
-4.242640495300293,-2.2360680103302
-4.242640495300293,-2.2360680103302
-4.242640495300293,-2.2360680103302
-4.242640495300293,-2.2360680103302
-4.242640495300293,-2.2360680103302
-4.242640495300293,-2.2360680103302
-4.242640495300293,-2.2360680103302
-4.242640495300293,-2.2360680103302
-4.242640495300293,-2.2360680103302
-4.242640495300293,-2.2360680103302
-4.242640495300293,-2.2360680103302
-4.242640495300293,-2.2360680103302
-4.242640495300293,-2
-4.242640495300293,-2
-4.242640495300293,-2
-4.242640495300293,-2
-4.242640495300293,-2
-4.242640495300293,-2
-4.242640495300293,-2
-4.242640495300293,-2
-4.242640495300293,-2
-4.242640495300293,-2
-4.242640495300293,-2
-4.242640495300293,-2
-4.242640495300293,-1.7320507764816284
-4.242640495300293,-1.7320507764816284
-4.242640495300293,-1.7320507764816284
-4.242640495300293,-1.7320507764816284
-4.242640495300293,-1.7320507764816284
-4.242640495300293,-1.7320507764816284
-4.242640495300293,-1.7320507764816284
-4.242640495300293,-1.7320507764816284
-4.242640495300293,-1.7320507764816284
-4.242640495300293,-1.7320507764816284
-4.242640495300293,-1.4142135381698608
-4.242640495300293,-1.4142135381698608
-4.242640495300293,-1.4142135381698608
-4.242640495300293,-1.4142135381698608
-4.242640495300293,-1.4142135381698608
-4.242640495300293,-1.4142135381698608
-4.242640495300293,-1.4142135381698608
-4.242640495300293,-1.4142135381698608
-4.242640495300293,-1.4142135381698608
-4.242640495300293,-1.4142135381698608
-4.242640495300293,-1.4142135381698608
-4.242640495300293,-1.4142135381698608
-4.242640495300293,-1.4142135381698608
-4.242640495300293,-1.4142135381698608
-4.242640495300293,-1.4142135381698608
-4.242640495300293,-1.4142135381698608
-4.242640495300293,-1.4142135381698608
-4.242640495300293,-1.4142135381698608
-4.242640495300293,-1.4142135381698608
-4.242640495300293,-1.4142135381698608
-4.242640495300293,-1.4142135381698608
-4.242640495300293,-1.4142135381698608
-4.242640495300293,-1.4142135381698608
-4.242640495300293,-1.4142135381698608
-4.242640495300293,-1.4142135381698608
-4.242640495300293,-1.4142135381698608
-4.242640495300293,-1.4142135381698608
-4.242640495300293,-1.4142135381698608
-4.242640495300293,-1.4142135381698608
-4.242640495300293,-1.4142135381698608
-4.242640495300293,-1.4142135381698608
-4.242640495300293,-1.4142135381698608
-4.242640495300293,-1.4142135381698608
-4.242640495300293,-1.4142135381698608
-4.242640495300293,-1.4142135381698608
-4.242640495300293,-1
-4.242640495300293,-1
-4.242640495300293,-1
-4.242640495300293,-1
-4.242640495300293,-1
-4.242640495300293,-1
-4.242640495300293,-1
-4.242640495300293,-1
-4.242640495300293,-1
-4.242640495300293,-1
-4.242640495300293,-1
-4.242640495300293,-1
-4.242640495300293,-1
-4.242640495300293,-1
-4.242640495300293,-1
-4.242640495300293,-1
-4.242640495300293,-1
-4.242640495300293,-1
-4.242640495300293,-1
-4.242640495300293,-1
-4.242640495300293,-1
-4.242640495300293,-1
-4.242640495300293,-1
-4.242640495300293,-1
-4.242640495300293,-1
-4.242640495300293,-1
-4.242640495300293,-1
-4.242640495300293,-1
-4.242640495300293,-1
-4.242640495300293,-1
-4.242640495300293,-1
-4.242640495300293,-1
-4.242640495300293,-1
-4.242640495300293,-1
-4.242640495300293,-1
-4.242640495300293,-1
-4.242640495300293,-1
-4.242640495300293,-1
-4.242640495300293,-1
-4.242640495300293,-1
-4.242640495300293,-1
-4.242640495300293,-1
-4.242640495300293,-1
-4.242640495300293,-1
-4.242640495300293,-1
-4.242640495300293,-1
-4.242640495300293,-1
-4.242640495300293,-1
-4.242640495300293,-1
-4.242640495300293,-1
-4.242640495300293,-1
-4.242640495300293,-1
-4.242640495300293,-1
-4.242640495300293,-1
-4.242640495300293,-1
-4.242640495300293,-1
-4.242640495300293,-1
-4.242640495300293,-1
-4.242640495300293,-1
-4.242640495300293,-1
-4.242640495300293,1
-4.242640495300293,1
-4.242640495300293,1
-4.242640495300293,1
-4.242640495300293,1
-4.242640495300293,1
-4.242640495300293,1
-4.242640495300293,1
-4.242640495300293,1
-4.242640495300293,1
-4.242640495300293,1
-4.242640495300293,1
-4.242640495300293,1
-4.242640495300293,1
-4.242640495300293,1
-4.242640495300293,1
-4.242640495300293,1
-4.242640495300293,1
-4.242640495300293,1
-4.242640495300293,1
-4.242640495300293,1
-4.242640495300293,1
-4.242640495300293,1
-4.242640495300293,1
-4.242640495300293,1
-4.242640495300293,1
-4.242640495300293,1
-4.242640495300293,1
-4.242640495300293,1
-4.242640495300293,1
-4.242640495300293,1
-4.242640495300293,1
-4.242640495300293,1
-4.242640495300293,1
-4.242640495300293,1
-4.242640495300293,1
-4.242640495300293,1
-4.242640495300293,1
-4.242640495300293,1
-4.242640495300293,1
-4.242640495300293,1
-4.242640495300293,1
-4.242640495300293,1
-4.242640495300293,1.4142135381698608
-4.242640495300293,1.4142135381698608
-4.242640495300293,1.4142135381698608
-4.242640495300293,1.4142135381698608
-4.242640495300293,1.4142135381698608
-4.242640495300293,1.4142135381698608
-4.242640495300293,1.4142135381698608
-4.242640495300293,1.4142135381698608
-4.242640495300293,1.4142135381698608
-4.242640495300293,1.4142135381698608
-4.242640495300293,1.4142135381698608
-4.242640495300293,1.4142135381698608
-4.242640495300293,1.4142135381698608
-4.242640495300293,1.4142135381698608
-4.242640495300293,1.4142135381698608
-4.242640495300293,1.4142135381698608
-4.242640495300293,1.4142135381698608
-4.242640495300293,1.4142135381698608
-4.242640495300293,1.4142135381698608
-4.242640495300293,1.4142135381698608
-4.242640495300293,1.4142135381698608
-4.242640495300293,1.4142135381698608
-4.242640495300293,1.4142135381698608
-4.242640495300293,1.4142135381698608
-4.242640495300293,1.4142135381698608
-4.242640495300293,1.4142135381698608
-4.242640495300293,1.4142135381698608
-4.242640495300293,1.7320507764816284
-4.242640495300293,1.7320507764816284
-4.242640495300293,1.7320507764816284
-4.242640495300293,1.7320507764816284
-4.242640495300293,1.7320507764816284
-4.242640495300293,1.7320507764816284
-4.242640495300293,1.7320507764816284
-4.242640495300293,1.7320507764816284
-4.242640495300293,1.7320507764816284
-4.242640495300293,1.7320507764816284
-4.242640495300293,1.7320507764816284
-4.242640495300293,2
-4.242640495300293,2
-4.242640495300293,2
-4.242640495300293,2
-4.242640495300293,2
-4.242640495300293,2
-4.242640495300293,2
-4.242640495300293,2
-4.242640495300293,2
-4.242640495300293,2
-4.242640495300293,2
-4.242640495300293,2
-4.242640495300293,2
-4.242640495300293,2
-4.242640495300293,2
-4.242640495300293,2.2360680103302
-4.242640495300293,2.2360680103302
-4.242640495300293,2.2360680103302
-4.242640495300293,2.2360680103302
-4.242640495300293,2.2360680103302
-4.242640495300293,2.2360680103302
-4.242640495300293,2.2360680103302
-4.242640495300293,2.2360680103302
-4.242640495300293,2.2360680103302
-4.242640495300293,2.2360680103302
-4.242640495300293,2.2360680103302
-4.242640495300293,2.2360680103302
-4.242640495300293,2.2360680103302
-4.242640495300293,2.2360680103302
-4.242640495300293,2.2360680103302
-4.242640495300293,2.2360680103302
-4.242640495300293,2.2360680103302
-4.242640495300293,2.2360680103302
-4.242640495300293,2.2360680103302
-4.242640495300293,2.2360680103302
-4.242640495300293,2.2360680103302
-4.242640495300293,2.2360680103302
-4.242640495300293,2.2360680103302
-4.242640495300293,2.2360680103302
-4.242640495300293,2.2360680103302
-4.242640495300293,2.4494898319244385
-4.242640495300293,2.4494898319244385
-4.242640495300293,2.4494898319244385
-4.242640495300293,2.4494898319244385
-4.242640495300293,2.4494898319244385
-4.242640495300293,2.4494898319244385
-4.242640495300293,2.8284270763397217
-4.242640495300293,2.8284270763397217
-4.242640495300293,2.8284270763397217
-4.242640495300293,2.8284270763397217
-4.242640495300293,2.8284270763397217
-4.242640495300293,2.8284270763397217
-4.242640495300293,2.8284270763397217
-4.242640495300293,2.8284270763397217
-4.242640495300293,2.8284270763397217
-4.242640495300293,2.8284270763397217
-4.242640495300293,2.8284270763397217
-4.242640495300293,2.8284270763397217
-4.242640495300293,2.8284270763397217
-4.242640495300293,3
-4.242640495300293,3
-4.242640495300293,3
-4.242640495300293,3
-4.242640495300293,3
-4.242640495300293,3
-4.242640495300293,3
-4.242640495300293,3
-4.242640495300293,3
-4.242640495300293,3
-4.242640495300293,3
-4.242640495300293,3
-4.242640495300293,3
-4.242640495300293,3
-4.242640495300293,3
-4.242640495300293,3
-4.242640495300293,3
-4.242640495300293,3
-4.242640495300293,3
-4.242640495300293,3
-4.242640495300293,3
-4.242640495300293,3
-4.242640495300293,3.1622776985168457
-4.242640495300293,3.1622776985168457
-4.242640495300293,3.1622776985168457
-4.242640495300293,3.1622776985168457
-4.242640495300293,3.1622776985168457
-4.242640495300293,3.316624879837036
-4.242640495300293,3.316624879837036
-4.242640495300293,3.316624879837036
-4.242640495300293,3.316624879837036
-4.242640495300293,3.316624879837036
-4.242640495300293,3.316624879837036
-4.242640495300293,3.464101552963257
-4.242640495300293,3.464101552963257
-4.242640495300293,3.464101552963257
-4.242640495300293,3.605551242828369
-4.242640495300293,3.605551242828369
-4.242640495300293,3.605551242828369
-4.242640495300293,3.605551242828369
-4.242640495300293,3.605551242828369
-4.242640495300293,3.605551242828369
-4.242640495300293,3.605551242828369
-4.242640495300293,3.605551242828369
-4.242640495300293,3.7416574954986572
-4.242640495300293,3.7416574954986572
-4.242640495300293,3.7416574954986572
-4.242640495300293,3.7416574954986572
-4.242640495300293,3.7416574954986572
-4.242640495300293,4
-4.242640495300293,4
-4.242640495300293,4
-4.242640495300293,4
-4.242640495300293,4
-4.242640495300293,4
-4.242640495300293,4
-4.242640495300293,4
-4.242640495300293,4
-4.242640495300293,4
-4.242640495300293,4
-4.242640495300293,4.123105525970459
-4.242640495300293,4.123105525970459
-4.242640495300293,4.123105525970459
-4.242640495300293,4.123105525970459
-4.242640495300293,4.123105525970459
-4.242640495300293,4.123105525970459
-4.242640495300293,4.123105525970459
-4.242640495300293,4.123105525970459
-4.242640495300293,4.123105525970459
-4.242640495300293,4.123105525970459
-4.242640495300293,4.123105525970459
-4.242640495300293,4.123105525970459
-4.242640495300293,4.123105525970459
-4.242640495300293,4.123105525970459
-4.242640495300293,4.123105525970459
-4.242640495300293,4.123105525970459
-4.242640495300293,4.242640495300293
-4.242640495300293,4.242640495300293
-4.242640495300293,4.242640495300293
-4.242640495300293,4.242640495300293
-4.242640495300293,4.242640495300293
-4.242640495300293,4.242640495300293
-4.242640495300293,4.242640495300293
-4.242640495300293,4.358899116516113
-4.242640495300293,4.358899116516113
-4.242640495300293,4.4721360206604
-4.242640495300293,4.4721360206604
-4.242640495300293,4.4721360206604
-4.242640495300293,4.4721360206604
-4.242640495300293,4.4721360206604
-4.242640495300293,4.4721360206604
-4.242640495300293,4.582575798034668
-4.242640495300293,4.582575798034668
-4.242640495300293,4.582575798034668
-4.242640495300293,4.582575798034668
-4.242640495300293,4.582575798034668
-4.242640495300293,4.582575798034668
-4.242640495300293,4.582575798034668
-4.242640495300293,4.582575798034668
-4.242640495300293,4.582575798034668
-4.242640495300293,4.690415859222412
-4.242640495300293,4.690415859222412
-4.242640495300293,4.690415859222412
-4.242640495300293,4.690415859222412
-4.242640495300293,4.690415859222412
-4.242640495300293,4.898979663848877
-4.242640495300293,5
-4.242640495300293,5
-4.242640495300293,5
-4.242640495300293,5
-4.242640495300293,5
-4.242640495300293,5
-4.242640495300293,5
-4.242640495300293,5
-4.242640495300293,5
-4.242640495300293,5
-4.242640495300293,5
-4.242640495300293,5
-4.242640495300293,5.099019527435303
-4.242640495300293,5.099019527435303
-4.242640495300293,5.099019527435303
-4.242640495300293,5.099019527435303
-4.242640495300293,5.099019527435303
-4.242640495300293,5.099019527435303
-4.242640495300293,5.099019527435303
-4.242640495300293,5.099019527435303
-4.242640495300293,5.099019527435303
-4.242640495300293,5.099019527435303
-4.242640495300293,5.099019527435303
-4.242640495300293,5.099019527435303
-4.242640495300293,5.099019527435303
-4.242640495300293,5.196152210235596
-4.242640495300293,5.196152210235596
-4.242640495300293,5.196152210235596
-4.242640495300293,5.196152210235596
-4.242640495300293,5.196152210235596
-4.242640495300293,5.385164737701416
-4.242640495300293,5.385164737701416
-4.242640495300293,5.385164737701416
-4.242640495300293,5.385164737701416
-4.242640495300293,5.385164737701416
-4.242640495300293,5.385164737701416
-4.242640495300293,5.385164737701416
-4.242640495300293,5.385164737701416
-4.242640495300293,5.385164737701416
-4.242640495300293,5.385164737701416
-4.242640495300293,5.385164737701416
-4.242640495300293,5.4772257804870605
-4.242640495300293,5.4772257804870605
-4.242640495300293,5.4772257804870605
-4.242640495300293,5.4772257804870605
-4.242640495300293,5.656854152679443
-4.242640495300293,5.656854152679443
-4.242640495300293,5.656854152679443
-4.242640495300293,5.656854152679443
-4.242640495300293,5.74456262588501
-4.242640495300293,5.74456262588501
-4.242640495300293,5.74456262588501
-4.242640495300293,5.74456262588501
-4.242640495300293,5.74456262588501
-4.242640495300293,5.74456262588501
-4.242640495300293,5.74456262588501
-4.242640495300293,5.830951690673828
-4.242640495300293,5.830951690673828
-4.242640495300293,5.830951690673828
-4.242640495300293,5.830951690673828
-4.242640495300293,5.830951690673828
-4.242640495300293,5.830951690673828
-4.242640495300293,5.830951690673828
-4.242640495300293,5.830951690673828
-4.242640495300293,5.830951690673828
-4.242640495300293,5.830951690673828
-4.242640495300293,5.830951690673828
-4.242640495300293,5.830951690673828
-4.242640495300293,5.830951690673828
-4.242640495300293,5.916079998016357
-4.242640495300293,5.916079998016357
-4.242640495300293,6
-4.242640495300293,6
-4.242640495300293,6
-4.242640495300293,6
-4.242640495300293,6
-4.242640495300293,6.082762718200684
-4.242640495300293,6.082762718200684
-4.242640495300293,6.082762718200684
-4.242640495300293,6.164413928985596
-4.242640495300293,6.164413928985596
-4.242640495300293,6.324555397033691
-4.242640495300293,6.324555397033691
-4.242640495300293,6.324555397033691
-4.242640495300293,6.4031243324279785
-4.242640495300293,6.4031243324279785
-4.242640495300293,6.4031243324279785
-4.242640495300293,6.4031243324279785
-4.242640495300293,6.4031243324279785
-4.242640495300293,6.4031243324279785
-4.242640495300293,6.4031243324279785
-4.242640495300293,6.4031243324279785
-4.242640495300293,6.4031243324279785
-4.242640495300293,6.4031243324279785
-4.242640495300293,6.4031243324279785
-4.242640495300293,6.480740547180176
-4.242640495300293,6.480740547180176
-4.242640495300293,6.480740547180176
-4.242640495300293,6.480740547180176
-4.242640495300293,6.480740547180176
-4.242640495300293,6.557438373565674
-4.242640495300293,6.557438373565674
-4.242640495300293,6.557438373565674
-4.242640495300293,6.633249759674072
-4.242640495300293,6.633249759674072
-4.242640495300293,6.633249759674072
-4.242640495300293,6.633249759674072
-4.242640495300293,6.633249759674072
-4.242640495300293,6.7082037925720215
-4.242640495300293,6.7082037925720215
-4.242640495300293,6.7082037925720215
-4.242640495300293,6.7082037925720215
-4.242640495300293,6.7082037925720215
-4.242640495300293,6.7082037925720215
-4.242640495300293,6.7082037925720215
-4.242640495300293,6.7082037925720215
-4.242640495300293,6.78233003616333
-4.242640495300293,6.78233003616333
-4.242640495300293,6.78233003616333
-4.242640495300293,6.78233003616333
-4.242640495300293,6.78233003616333
-4.242640495300293,6.78233003616333
-4.242640495300293,6.78233003616333
-4.242640495300293,6.78233003616333
-4.242640495300293,6.78233003616333
-4.242640495300293,7
-4.242640495300293,7
-4.242640495300293,7
-4.242640495300293,7
-4.242640495300293,7
-4.242640495300293,7
-4.242640495300293,7
-4.242640495300293,7
-4.242640495300293,7
-4.242640495300293,7
-4.242640495300293,7
-4.242640495300293,7
-4.242640495300293,7.071067810058594
-4.242640495300293,7.071067810058594
-4.242640495300293,7.071067810058594
-4.242640495300293,7.071067810058594
-4.242640495300293,7.071067810058594
-4.242640495300293,7.071067810058594
-4.242640495300293,7.071067810058594
-4.242640495300293,7.071067810058594
-4.242640495300293,7.071067810058594
-4.242640495300293,7.071067810058594
-4.242640495300293,7.141428470611572
-4.242640495300293,7.141428470611572
-4.242640495300293,7.141428470611572
-4.242640495300293,7.141428470611572
-4.242640495300293,7.141428470611572
-4.242640495300293,7.141428470611572
-4.242640495300293,7.141428470611572
-4.242640495300293,7.211102485656738
-4.242640495300293,7.211102485656738
-4.242640495300293,7.211102485656738
-4.242640495300293,7.211102485656738
-4.242640495300293,7.280109882354736
-4.242640495300293,7.280109882354736
-4.242640495300293,7.280109882354736
-4.242640495300293,7.280109882354736
-4.242640495300293,7.280109882354736
-4.242640495300293,7.280109882354736
-4.242640495300293,7.280109882354736
-4.242640495300293,7.280109882354736
-4.242640495300293,7.348469257354736
-4.242640495300293,7.348469257354736
-4.242640495300293,7.348469257354736
-4.242640495300293,7.348469257354736
-4.242640495300293,7.348469257354736
-4.242640495300293,7.348469257354736
-4.242640495300293,7.348469257354736
-4.242640495300293,7.348469257354736
-4.242640495300293,7.348469257354736
-4.242640495300293,7.348469257354736
-4.242640495300293,7.4833149909973145
-4.242640495300293,7.4833149909973145
-4.242640495300293,7.4833149909973145
-4.242640495300293,7.549834251403809
-4.242640495300293,7.549834251403809
-4.242640495300293,7.549834251403809
-4.242640495300293,7.549834251403809
-4.242640495300293,7.6157732009887695
-4.242640495300293,7.6157732009887695
-4.242640495300293,7.681145668029785
-4.242640495300293,7.681145668029785
-4.242640495300293,7.681145668029785
-4.242640495300293,7.681145668029785
-4.242640495300293,7.8102498054504395
-4.242640495300293,7.8102498054504395
-4.242640495300293,7.8102498054504395
-4.242640495300293,7.8102498054504395
-4.242640495300293,7.8102498054504395
-4.242640495300293,7.874007701873779
-4.242640495300293,7.874007701873779
-4.242640495300293,7.874007701873779
-4.242640495300293,7.874007701873779
-4.242640495300293,8
-4.242640495300293,8.062257766723633
-4.242640495300293,8.062257766723633
-4.242640495300293,8.062257766723633
-4.242640495300293,8.062257766723633
-4.242640495300293,8.062257766723633
-4.242640495300293,8.062257766723633
-4.242640495300293,8.062257766723633
-4.242640495300293,8.062257766723633
-4.242640495300293,8.124038696289063
-4.242640495300293,8.124038696289063
-4.242640495300293,8.124038696289063
-4.242640495300293,8.124038696289063
-4.242640495300293,8.124038696289063
-4.242640495300293,8.185352325439453
-4.242640495300293,8.185352325439453
-4.242640495300293,8.185352325439453
-4.242640495300293,8.185352325439453
-4.242640495300293,8.185352325439453
-4.242640495300293,8.246211051940918
-4.242640495300293,8.246211051940918
-4.242640495300293,8.246211051940918
-4.242640495300293,8.246211051940918
-4.242640495300293,8.246211051940918
-4.242640495300293,8.306623458862305
-4.242640495300293,8.306623458862305
-4.242640495300293,8.306623458862305
-4.242640495300293,8.306623458862305
-4.242640495300293,8.306623458862305
-4.242640495300293,8.306623458862305
-4.242640495300293,8.306623458862305
-4.242640495300293,8.366600036621094
-4.242640495300293,8.366600036621094
-4.242640495300293,8.485280990600586
-4.242640495300293,8.5440034866333
-4.242640495300293,8.5440034866333
-4.242640495300293,8.5440034866333
-4.242640495300293,8.5440034866333
-4.242640495300293,8.602325439453125
-4.242640495300293,8.602325439453125
-4.242640495300293,8.602325439453125
-4.242640495300293,8.602325439453125
-4.242640495300293,8.602325439453125
-4.242640495300293,8.717798233032227
-4.242640495300293,8.774964332580566
-4.242640495300293,8.774964332580566
-4.242640495300293,8.774964332580566
-4.242640495300293,8.774964332580566
-4.242640495300293,8.774964332580566
-4.242640495300293,8.774964332580566
-4.242640495300293,8.774964332580566
-4.242640495300293,8.774964332580566
-4.242640495300293,8.774964332580566
-4.242640495300293,8.774964332580566
-4.242640495300293,8.83176040649414
-4.242640495300293,8.83176040649414
-4.242640495300293,8.9442720413208
-4.242640495300293,8.9442720413208
-4.242640495300293,8.9442720413208
-4.242640495300293,8.9442720413208
-4.242640495300293,9
-4.242640495300293,9
-4.242640495300293,9
-4.242640495300293,9
-4.242640495300293,9.05538558959961
-4.242640495300293,9.05538558959961
-4.242640495300293,9.05538558959961
-4.242640495300293,9.05538558959961
-4.242640495300293,9.05538558959961
-4.242640495300293,9.05538558959961
-4.242640495300293,9.110433578491211
-4.242640495300293,9.110433578491211
-4.242640495300293,9.110433578491211
-4.242640495300293,9.110433578491211
-4.242640495300293,9.110433578491211
-4.242640495300293,9.110433578491211
-4.242640495300293,9.110433578491211
-4.242640495300293,9.165151596069336
-4.242640495300293,9.165151596069336
-4.242640495300293,9.165151596069336
-4.242640495300293,9.219544410705566
-4.242640495300293,9.219544410705566
-4.242640495300293,9.219544410705566
-4.242640495300293,9.273618698120117
-4.242640495300293,9.380831718444824
-4.242640495300293,9.380831718444824
-4.242640495300293,9.380831718444824
-4.242640495300293,9.433980941772461
-4.242640495300293,9.433980941772461
-4.242640495300293,9.433980941772461
-4.242640495300293,9.433980941772461
-4.242640495300293,9.486832618713379
-4.242640495300293,9.486832618713379
-4.242640495300293,9.539392471313477
-4.242640495300293,9.539392471313477
-4.242640495300293,9.643651008605957
-4.242640495300293,9.69536018371582
-4.242640495300293,9.69536018371582
-4.242640495300293,9.69536018371582
-4.242640495300293,9.69536018371582
-4.242640495300293,9.797959327697754
-4.242640495300293,9.797959327697754
-4.242640495300293,9.797959327697754
-4.242640495300293,9.848857879638672
-4.242640495300293,9.848857879638672
-4.242640495300293,9.848857879638672
-4.242640495300293,9.848857879638672
-4.242640495300293,9.848857879638672
-4.242640495300293,9.899495124816895
-4.242640495300293,9.899495124816895
-4.242640495300293,9.899495124816895
-4.242640495300293,9.899495124816895
-4.242640495300293,9.899495124816895
-4.242640495300293,9.899495124816895
-4.242640495300293,9.899495124816895
-4.242640495300293,9.899495124816895
-4.242640495300293,9.899495124816895
-4.242640495300293,9.949873924255371
-4.242640495300293,9.949873924255371
-4.242640495300293,10
-4.242640495300293,10.049875259399414
-4.242640495300293,10.049875259399414
-4.242640495300293,10.049875259399414
-4.242640495300293,10.049875259399414
-4.242640495300293,10.049875259399414
-4.242640495300293,10.099504470825195
-4.242640495300293,10.198039054870605
-4.242640495300293,10.198039054870605
-4.242640495300293,10.198039054870605
-4.242640495300293,10.198039054870605
-4.242640495300293,10.24695110321045
-4.242640495300293,10.24695110321045
-4.242640495300293,10.24695110321045
-4.242640495300293,10.24695110321045
-4.242640495300293,10.24695110321045
-4.242640495300293,10.24695110321045
-4.242640495300293,10.24695110321045
-4.242640495300293,10.29563045501709
-4.242640495300293,10.29563045501709
-4.242640495300293,10.29563045501709
-4.242640495300293,10.29563045501709
-4.242640495300293,10.29563045501709
-4.242640495300293,10.344079971313477
-4.242640495300293,10.440306663513184
-4.242640495300293,10.488088607788086
-4.242640495300293,10.630146026611328
-4.242640495300293,10.630146026611328
-4.242640495300293,10.630146026611328
-4.242640495300293,10.677078247070313
-4.242640495300293,10.72380542755127
-4.242640495300293,10.770329475402832
-4.242640495300293,10.816654205322266
-4.242640495300293,10.816654205322266
-4.242640495300293,10.862780570983887
-4.242640495300293,10.862780570983887
-4.242640495300293,10.862780570983887
-4.242640495300293,10.954451560974121
-4.242640495300293,10.954451560974121
-4.242640495300293,11
-4.242640495300293,11.045360565185547
-4.242640495300293,11.045360565185547
-4.242640495300293,11.045360565185547
-4.242640495300293,11.045360565185547
-4.242640495300293,11.090536117553711
-4.242640495300293,11.180339813232422
-4.242640495300293,11.224971771240234
-4.242640495300293,11.357816696166992
-4.242640495300293,11.401754379272461
-4.242640495300293,11.445523262023926
-4.242640495300293,11.48912525177002
-4.242640495300293,11.48912525177002
-4.242640495300293,11.48912525177002
-4.242640495300293,11.48912525177002
-4.242640495300293,11.532562255859375
-4.242640495300293,11.575837135314941
-4.242640495300293,11.704699516296387
-4.242640495300293,11.747340202331543
-4.242640495300293,11.747340202331543
-4.242640495300293,11.747340202331543
-4.242640495300293,11.87434196472168
-4.242640495300293,11.87434196472168
-4.242640495300293,12.041594505310059
-4.242640495300293,12.083045959472656
-4.242640495300293,12.083045959472656
-4.242640495300293,12.12435531616211
-4.242640495300293,12.369317054748535
-4.242640495300293,12.688577651977539
-4.242640495300293,12.688577651977539
-4.242640495300293,12.727922439575195
-4.242640495300293,12.767145156860352
-4.242640495300293,12.767145156860352
-4.242640495300293,12.845232963562012
-4.242640495300293,12.884099006652832
-4.242640495300293,12.961481094360352
-4.242640495300293,13.03840446472168
-4.242640495300293,13.266499519348145
-4.242640495300293,13.304134368896484
-4.242640495300293,13.45362377166748
-4.242640495300293,13.490737915039063
-4.242640495300293,13.490737915039063
-4.242640495300293,13.601470947265625
-4.242640495300293,13.928388595581055
-4.242640495300293,14.03566837310791
-4.242640495300293,14.177447319030762
-4.242640495300293,14.422204971313477
-4.242640495300293,14.456831932067871
-4.242640495300293,14.525838851928711
-4.242640495300293,14.59451961517334
-4.242640495300293,14.798648834228516
-4.242640495300293,14.866068840026855
-4.242640495300293,15
-4.242640495300293,15.165750503540039
-4.242640495300293,15.68438720703125
-4.242640495300293,15.779733657836914
-4.242640495300293,15.937376976013184
-4.242640495300293,16.124515533447266
-4.242640495300293,16.155494689941406
-4.242640495300293,16.248077392578125
-4.242640495300293,16.309507369995117
-4.242640495300293,16.76305389404297
-4.242640495300293,16.911535263061523
-4.242640495300293,17.32050895690918
-4.242640495300293,17.34935188293457
-4.242640495300293,17.37814712524414
-4.242640495300293,17.464248657226563
-4.242640495300293,17.492855072021484
-4.242640495300293,17.492855072021484
-4.242640495300293,17.69180679321289
-4.242640495300293,17.804492950439453
-4.242640495300293,18.055469512939453
-4.242640495300293,18.384777069091797
-4.242640495300293,19.646883010864258
-4.123105525970459,inf
-4.123105525970459,inf
-4.123105525970459,inf
-4.123105525970459,inf
-4.123105525970459,inf
-4.123105525970459,inf
-4.123105525970459,inf
-4.123105525970459,inf
-4.123105525970459,inf
-4.123105525970459,inf
-4.123105525970459,inf
-4.123105525970459,inf
-4.123105525970459,inf
-4.123105525970459,inf
-4.123105525970459,inf
-4.123105525970459,inf
-4.123105525970459,inf
-4.123105525970459,inf
-4.123105525970459,inf
-4.123105525970459,inf
-4.123105525970459,inf
-4.123105525970459,inf
-4.123105525970459,inf
-4.123105525970459,inf
-4.123105525970459,inf
-4.123105525970459,inf
-4.123105525970459,inf
-4.123105525970459,inf
-4.123105525970459,inf
-4.123105525970459,inf
-4.123105525970459,inf
-4.123105525970459,inf
-4.123105525970459,inf
-4.123105525970459,inf
-4.123105525970459,inf
-4.123105525970459,inf
-4.123105525970459,inf
-4.123105525970459,inf
-4.123105525970459,inf
-4.123105525970459,inf
-4.123105525970459,inf
-4.123105525970459,inf
-4.123105525970459,inf
-4.123105525970459,inf
-4.123105525970459,inf
-4.123105525970459,inf
-4.123105525970459,inf
-4.123105525970459,inf
-4.123105525970459,inf
-4.123105525970459,inf
-4.123105525970459,inf
-4.123105525970459,inf
-4.123105525970459,inf
-4.123105525970459,inf
-4.123105525970459,inf
-4.123105525970459,inf
-4.123105525970459,inf
-4.123105525970459,inf
-4.123105525970459,inf
-4.123105525970459,inf
-4.123105525970459,inf
-4.123105525970459,inf
-4.123105525970459,inf
-4.123105525970459,inf
-4.123105525970459,inf
-4.123105525970459,inf
-4.123105525970459,inf
-4.123105525970459,inf
-4.123105525970459,inf
-4.123105525970459,inf
-4.123105525970459,inf
-4.123105525970459,inf
-4.123105525970459,inf
-4.123105525970459,inf
-4.123105525970459,inf
-4.123105525970459,inf
-4.123105525970459,inf
-4.123105525970459,inf
-4.123105525970459,inf
-4.123105525970459,inf
-4.123105525970459,inf
-4.123105525970459,inf
-4.123105525970459,inf
-4.123105525970459,inf
-4.123105525970459,inf
-4.123105525970459,inf
-4.123105525970459,inf
-4.123105525970459,inf
-4.123105525970459,inf
-4.123105525970459,inf
-4.123105525970459,-4
-4.123105525970459,-4
-4.123105525970459,-4
-4.123105525970459,-4
-4.123105525970459,-4
-4.123105525970459,-4
-4.123105525970459,-4
-4.123105525970459,-4
-4.123105525970459,-4
-4.123105525970459,-4
-4.123105525970459,-4
-4.123105525970459,-4
-4.123105525970459,-4
-4.123105525970459,-4
-4.123105525970459,-4
-4.123105525970459,-4
-4.123105525970459,-4
-4.123105525970459,-4
-4.123105525970459,-4
-4.123105525970459,-4
-4.123105525970459,-4
-4.123105525970459,-4
-4.123105525970459,-4
-4.123105525970459,-4
-4.123105525970459,-4
-4.123105525970459,-4
-4.123105525970459,-4
-4.123105525970459,-4
-4.123105525970459,-4
-4.123105525970459,-4
-4.123105525970459,-4
-4.123105525970459,-4
-4.123105525970459,-4
-4.123105525970459,-4
-4.123105525970459,-4
-4.123105525970459,-4
-4.123105525970459,-4
-4.123105525970459,-4
-4.123105525970459,-4
-4.123105525970459,-4
-4.123105525970459,-4
-4.123105525970459,-4
-4.123105525970459,-4
-4.123105525970459,-4
-4.123105525970459,-4
-4.123105525970459,-4
-4.123105525970459,-4
-4.123105525970459,-4
-4.123105525970459,-4
-4.123105525970459,-4
-4.123105525970459,-4
-4.123105525970459,-4
-4.123105525970459,-4
-4.123105525970459,-4
-4.123105525970459,-4
-4.123105525970459,-4
-4.123105525970459,-4
-4.123105525970459,-4
-4.123105525970459,-4
-4.123105525970459,-4
-4.123105525970459,-4
-4.123105525970459,-4
-4.123105525970459,-4
-4.123105525970459,-4
-4.123105525970459,-4
-4.123105525970459,-4
-4.123105525970459,-4
-4.123105525970459,-4
-4.123105525970459,-4
-4.123105525970459,-4
-4.123105525970459,-4
-4.123105525970459,-4
-4.123105525970459,-4
-4.123105525970459,-4
-4.123105525970459,-4
-4.123105525970459,-4
-4.123105525970459,-4
-4.123105525970459,-4
-4.123105525970459,-4
-4.123105525970459,-4
-4.123105525970459,-4
-4.123105525970459,-4
-4.123105525970459,-4
-4.123105525970459,-4
-4.123105525970459,-4
-4.123105525970459,-4
-4.123105525970459,-4
-4.123105525970459,-4
-4.123105525970459,-4
-4.123105525970459,-4
-4.123105525970459,-4
-4.123105525970459,-4
-4.123105525970459,-4
-4.123105525970459,-4
-4.123105525970459,-4
-4.123105525970459,-4
-4.123105525970459,-4
-4.123105525970459,-4
-4.123105525970459,-4
-4.123105525970459,-4
-4.123105525970459,-4
-4.123105525970459,-4
-4.123105525970459,-4
-4.123105525970459,-4
-4.123105525970459,-4
-4.123105525970459,-4
-4.123105525970459,-4
-4.123105525970459,-4
-4.123105525970459,-4
-4.123105525970459,-4
-4.123105525970459,-4
-4.123105525970459,-4
-4.123105525970459,-4
-4.123105525970459,-4
-4.123105525970459,-4
-4.123105525970459,-4
-4.123105525970459,-4
-4.123105525970459,-4
-4.123105525970459,-4
-4.123105525970459,-4
-4.123105525970459,-4
-4.123105525970459,-4
-4.123105525970459,-4
-4.123105525970459,-4
-4.123105525970459,-4
-4.123105525970459,-4
-4.123105525970459,-4
-4.123105525970459,-4
-4.123105525970459,-4
-4.123105525970459,-4
-4.123105525970459,-4
-4.123105525970459,-4
-4.123105525970459,-4
-4.123105525970459,-4
-4.123105525970459,-4
-4.123105525970459,-4
-4.123105525970459,-4
-4.123105525970459,-4
-4.123105525970459,-4
-4.123105525970459,-4
-4.123105525970459,-4
-4.123105525970459,-4
-4.123105525970459,-4
-4.123105525970459,-4
-4.123105525970459,-4
-4.123105525970459,-4
-4.123105525970459,-4
-4.123105525970459,-4
-4.123105525970459,-4
-4.123105525970459,-4
-4.123105525970459,-4
-4.123105525970459,-4
-4.123105525970459,-4
-4.123105525970459,-4
-4.123105525970459,-4
-4.123105525970459,-4
-4.123105525970459,-4
-4.123105525970459,-4
-4.123105525970459,-4
-4.123105525970459,-4
-4.123105525970459,-4
-4.123105525970459,-4
-4.123105525970459,-4
-4.123105525970459,-4
-4.123105525970459,-4
-4.123105525970459,-4
-4.123105525970459,-4
-4.123105525970459,-4
-4.123105525970459,-4
-4.123105525970459,-4
-4.123105525970459,-4
-4.123105525970459,-4
-4.123105525970459,-4
-4.123105525970459,-4
-4.123105525970459,-4
-4.123105525970459,-4
-4.123105525970459,-4
-4.123105525970459,-4
-4.123105525970459,-4
-4.123105525970459,-4
-4.123105525970459,-4
-4.123105525970459,-4
-4.123105525970459,-4
-4.123105525970459,-4
-4.123105525970459,-4
-4.123105525970459,-4
-4.123105525970459,-4
-4.123105525970459,-4
-4.123105525970459,-4
-4.123105525970459,-4
-4.123105525970459,-4
-4.123105525970459,-4
-4.123105525970459,-4
-4.123105525970459,-4
-4.123105525970459,-4
-4.123105525970459,-4
-4.123105525970459,-4
-4.123105525970459,-4
-4.123105525970459,-4
-4.123105525970459,-4
-4.123105525970459,-4
-4.123105525970459,-4
-4.123105525970459,-4
-4.123105525970459,-4
-4.123105525970459,-4
-4.123105525970459,-4
-4.123105525970459,-4
-4.123105525970459,-4
-4.123105525970459,-4
-4.123105525970459,-4
-4.123105525970459,-4
-4.123105525970459,-4
-4.123105525970459,-4
-4.123105525970459,-4
-4.123105525970459,-4
-4.123105525970459,-4
-4.123105525970459,-4
-4.123105525970459,-4
-4.123105525970459,-4
-4.123105525970459,-4
-4.123105525970459,-4
-4.123105525970459,-4
-4.123105525970459,-4
-4.123105525970459,-4
-4.123105525970459,-4
-4.123105525970459,-4
-4.123105525970459,-4
-4.123105525970459,-4
-4.123105525970459,-4
-4.123105525970459,-4
-4.123105525970459,-4
-4.123105525970459,-4
-4.123105525970459,-4
-4.123105525970459,-4
-4.123105525970459,-4
-4.123105525970459,-4
-4.123105525970459,-4
-4.123105525970459,-4
-4.123105525970459,-4
-4.123105525970459,-4
-4.123105525970459,-4
-4.123105525970459,-4
-4.123105525970459,-4
-4.123105525970459,-4
-4.123105525970459,-4
-4.123105525970459,-4
-4.123105525970459,-4
-4.123105525970459,-4
-4.123105525970459,-4
-4.123105525970459,-4
-4.123105525970459,-4
-4.123105525970459,-4
-4.123105525970459,-4
-4.123105525970459,-4
-4.123105525970459,-4
-4.123105525970459,-4
-4.123105525970459,-4
-4.123105525970459,-4
-4.123105525970459,-4
-4.123105525970459,-4
-4.123105525970459,-4
-4.123105525970459,-4
-4.123105525970459,-4
-4.123105525970459,-4
-4.123105525970459,-4
-4.123105525970459,-4
-4.123105525970459,-4
-4.123105525970459,-4
-4.123105525970459,-4
-4.123105525970459,-4
-4.123105525970459,-4
-4.123105525970459,-4
-4.123105525970459,-4
-4.123105525970459,-4
-4.123105525970459,-4
-4.123105525970459,-4
-4.123105525970459,-4
-4.123105525970459,-4
-4.123105525970459,-4
-4.123105525970459,-4
-4.123105525970459,-4
-4.123105525970459,-4
-4.123105525970459,-4
-4.123105525970459,-4
-4.123105525970459,-4
-4.123105525970459,-4
-4.123105525970459,-4
-4.123105525970459,-4
-4.123105525970459,-4
-4.123105525970459,-4
-4.123105525970459,-4
-4.123105525970459,-4
-4.123105525970459,-4
-4.123105525970459,-4
-4.123105525970459,-4
-4.123105525970459,-4
-4.123105525970459,-4
-4.123105525970459,-4
-4.123105525970459,-4
-4.123105525970459,-4
-4.123105525970459,-4
-4.123105525970459,-4
-4.123105525970459,-4
-4.123105525970459,-4
-4.123105525970459,-4
-4.123105525970459,-4
-4.123105525970459,-4
-4.123105525970459,-4
-4.123105525970459,-4
-4.123105525970459,-4
-4.123105525970459,-4
-4.123105525970459,-4
-4.123105525970459,-4
-4.123105525970459,-4
-4.123105525970459,-4
-4.123105525970459,-4
-4.123105525970459,-4
-4.123105525970459,-4
-4.123105525970459,-4
-4.123105525970459,-4
-4.123105525970459,-4
-4.123105525970459,-4
-4.123105525970459,-4
-4.123105525970459,-4
-4.123105525970459,-4
-4.123105525970459,-4
-4.123105525970459,-4
-4.123105525970459,-4
-4.123105525970459,-4
-4.123105525970459,-4
-4.123105525970459,-4
-4.123105525970459,-4
-4.123105525970459,-4
-4.123105525970459,-4
-4.123105525970459,-4
-4.123105525970459,-4
-4.123105525970459,-4
-4.123105525970459,-4
-4.123105525970459,-4
-4.123105525970459,-4
-4.123105525970459,-4
-4.123105525970459,-4
-4.123105525970459,-4
-4.123105525970459,-4
-4.123105525970459,-4
-4.123105525970459,-4
-4.123105525970459,-4
-4.123105525970459,-4
-4.123105525970459,-4
-4.123105525970459,-4
-4.123105525970459,-4
-4.123105525970459,-4
-4.123105525970459,-4
-4.123105525970459,-4
-4.123105525970459,-4
-4.123105525970459,-4
-4.123105525970459,-4
-4.123105525970459,-4
-4.123105525970459,-4
-4.123105525970459,-4
-4.123105525970459,-4
-4.123105525970459,-4
-4.123105525970459,-4
-4.123105525970459,-4
-4.123105525970459,-4
-4.123105525970459,-4
-4.123105525970459,-4
-4.123105525970459,-4
-4.123105525970459,-4
-4.123105525970459,-4
-4.123105525970459,-4
-4.123105525970459,-4
-4.123105525970459,-4
-4.123105525970459,-4
-4.123105525970459,-4
-4.123105525970459,-4
-4.123105525970459,-4
-4.123105525970459,-4
-4.123105525970459,-4
-4.123105525970459,-4
-4.123105525970459,-4
-4.123105525970459,-4
-4.123105525970459,-4
-4.123105525970459,-4
-4.123105525970459,-4
-4.123105525970459,-4
-4.123105525970459,-4
-4.123105525970459,-4
-4.123105525970459,-4
-4.123105525970459,-4
-4.123105525970459,-4
-4.123105525970459,-4
-4.123105525970459,-4
-4.123105525970459,-4
-4.123105525970459,-4
-4.123105525970459,-4
-4.123105525970459,-4
-4.123105525970459,-4
-4.123105525970459,-4
-4.123105525970459,-4
-4.123105525970459,-4
-4.123105525970459,-4
-4.123105525970459,-4
-4.123105525970459,-4
-4.123105525970459,-4
-4.123105525970459,-4
-4.123105525970459,-4
-4.123105525970459,-4
-4.123105525970459,-4
-4.123105525970459,-4
-4.123105525970459,-4
-4.123105525970459,-4
-4.123105525970459,-4
-4.123105525970459,-4
-4.123105525970459,-4
-4.123105525970459,-4
-4.123105525970459,-4
-4.123105525970459,-4
-4.123105525970459,-4
-4.123105525970459,-4
-4.123105525970459,-4
-4.123105525970459,-4
-4.123105525970459,-4
-4.123105525970459,-4
-4.123105525970459,-4
-4.123105525970459,-4
-4.123105525970459,-4
-4.123105525970459,-4
-4.123105525970459,-4
-4.123105525970459,-4
-4.123105525970459,-4
-4.123105525970459,-4
-4.123105525970459,-4
-4.123105525970459,-4
-4.123105525970459,-4
-4.123105525970459,-4
-4.123105525970459,-4
-4.123105525970459,-4
-4.123105525970459,-4
-4.123105525970459,-4
-4.123105525970459,-4
-4.123105525970459,-4
-4.123105525970459,-4
-4.123105525970459,-4
-4.123105525970459,-4
-4.123105525970459,-4
-4.123105525970459,-4
-4.123105525970459,-4
-4.123105525970459,-4
-4.123105525970459,-4
-4.123105525970459,-4
-4.123105525970459,-4
-4.123105525970459,-4
-4.123105525970459,-4
-4.123105525970459,-4
-4.123105525970459,-4
-4.123105525970459,-4
-4.123105525970459,-4
-4.123105525970459,-4
-4.123105525970459,-4
-4.123105525970459,-4
-4.123105525970459,-4
-4.123105525970459,-4
-4.123105525970459,-4
-4.123105525970459,-4
-4.123105525970459,-4
-4.123105525970459,-4
-4.123105525970459,-4
-4.123105525970459,-4
-4.123105525970459,-4
-4.123105525970459,-4
-4.123105525970459,-4
-4.123105525970459,-4
-4.123105525970459,-4
-4.123105525970459,-4
-4.123105525970459,-4
-4.123105525970459,-4
-4.123105525970459,-4
-4.123105525970459,-4
-4.123105525970459,-4
-4.123105525970459,-4
-4.123105525970459,-4
-4.123105525970459,-4
-4.123105525970459,-4
-4.123105525970459,-4
-4.123105525970459,-4
-4.123105525970459,-4
-4.123105525970459,-4
-4.123105525970459,-4
-4.123105525970459,-4
-4.123105525970459,-4
-4.123105525970459,-4
-4.123105525970459,-4
-4.123105525970459,-4
-4.123105525970459,-4
-4.123105525970459,-4
-4.123105525970459,-4
-4.123105525970459,-4
-4.123105525970459,-4
-4.123105525970459,-4
-4.123105525970459,-4
-4.123105525970459,-4
-4.123105525970459,-4
-4.123105525970459,-4
-4.123105525970459,-4
-4.123105525970459,-4
-4.123105525970459,-4
-4.123105525970459,-4
-4.123105525970459,-4
-4.123105525970459,-4
-4.123105525970459,-4
-4.123105525970459,-4
-4.123105525970459,-4
-4.123105525970459,-4
-4.123105525970459,-4
-4.123105525970459,-4
-4.123105525970459,-4
-4.123105525970459,-4
-4.123105525970459,-4
-4.123105525970459,-4
-4.123105525970459,-4
-4.123105525970459,-4
-4.123105525970459,-4
-4.123105525970459,-4
-4.123105525970459,-4
-4.123105525970459,-4
-4.123105525970459,-4
-4.123105525970459,-4
-4.123105525970459,-4
-4.123105525970459,-4
-4.123105525970459,-4
-4.123105525970459,-4
-4.123105525970459,-4
-4.123105525970459,-4
-4.123105525970459,-4
-4.123105525970459,-4
-4.123105525970459,-4
-4.123105525970459,-4
-4.123105525970459,-4
-4.123105525970459,-4
-4.123105525970459,-4
-4.123105525970459,-4
-4.123105525970459,-4
-4.123105525970459,-4
-4.123105525970459,-4
-4.123105525970459,-4
-4.123105525970459,-4
-4.123105525970459,-4
-4.123105525970459,-4
-4.123105525970459,-4
-4.123105525970459,-4
-4.123105525970459,-4
-4.123105525970459,-4
-4.123105525970459,-4
-4.123105525970459,-4
-4.123105525970459,-4
-4.123105525970459,-4
-4.123105525970459,-4
-4.123105525970459,-4
-4.123105525970459,-4
-4.123105525970459,-4
-4.123105525970459,-4
-4.123105525970459,-4
-4.123105525970459,-4
-4.123105525970459,-4
-4.123105525970459,-4
-4.123105525970459,-4
-4.123105525970459,-4
-4.123105525970459,-4
-4.123105525970459,-4
-4.123105525970459,-4
-4.123105525970459,-4
-4.123105525970459,-4
-4.123105525970459,-4
-4.123105525970459,-4
-4.123105525970459,-4
-4.123105525970459,-4
-4.123105525970459,-4
-4.123105525970459,-4
-4.123105525970459,-4
-4.123105525970459,-4
-4.123105525970459,-4
-4.123105525970459,-4
-4.123105525970459,-4
-4.123105525970459,-4
-4.123105525970459,-4
-4.123105525970459,-4
-4.123105525970459,-4
-4.123105525970459,-4
-4.123105525970459,-4
-4.123105525970459,-4
-4.123105525970459,-4
-4.123105525970459,-4
-4.123105525970459,-4
-4.123105525970459,-4
-4.123105525970459,-4
-4.123105525970459,-4
-4.123105525970459,-4
-4.123105525970459,-4
-4.123105525970459,-4
-4.123105525970459,-4
-4.123105525970459,-4
-4.123105525970459,-4
-4.123105525970459,-4
-4.123105525970459,-4
-4.123105525970459,-4
-4.123105525970459,-4
-4.123105525970459,-4
-4.123105525970459,-4
-4.123105525970459,-4
-4.123105525970459,-4
-4.123105525970459,-4
-4.123105525970459,-4
-4.123105525970459,-4
-4.123105525970459,-4
-4.123105525970459,-4
-4.123105525970459,-4
-4.123105525970459,-4
-4.123105525970459,-4
-4.123105525970459,-4
-4.123105525970459,-4
-4.123105525970459,-4
-4.123105525970459,-4
-4.123105525970459,-4
-4.123105525970459,-4
-4.123105525970459,-4
-4.123105525970459,-4
-4.123105525970459,-4
-4.123105525970459,-4
-4.123105525970459,-4
-4.123105525970459,-4
-4.123105525970459,-4
-4.123105525970459,-4
-4.123105525970459,-4
-4.123105525970459,-4
-4.123105525970459,-4
-4.123105525970459,-4
-4.123105525970459,-4
-4.123105525970459,-4
-4.123105525970459,-4
-4.123105525970459,-4
-4.123105525970459,-4
-4.123105525970459,-4
-4.123105525970459,-4
-4.123105525970459,-4
-4.123105525970459,-4
-4.123105525970459,-4
-4.123105525970459,-4
-4.123105525970459,-4
-4.123105525970459,-4
-4.123105525970459,-4
-4.123105525970459,-4
-4.123105525970459,-4
-4.123105525970459,-4
-4.123105525970459,-4
-4.123105525970459,-4
-4.123105525970459,-4
-4.123105525970459,-4
-4.123105525970459,-4
-4.123105525970459,-4
-4.123105525970459,-4
-4.123105525970459,-4
-4.123105525970459,-4
-4.123105525970459,-4
-4.123105525970459,-4
-4.123105525970459,-4
-4.123105525970459,-4
-4.123105525970459,-4
-4.123105525970459,-4
-4.123105525970459,-4
-4.123105525970459,-4
-4.123105525970459,-4
-4.123105525970459,-4
-4.123105525970459,-4
-4.123105525970459,-4
-4.123105525970459,-4
-4.123105525970459,-4
-4.123105525970459,-4
-4.123105525970459,-4
-4.123105525970459,-4
-4.123105525970459,-4
-4.123105525970459,-4
-4.123105525970459,-4
-4.123105525970459,-4
-4.123105525970459,-4
-4.123105525970459,-4
-4.123105525970459,-4
-4.123105525970459,-4
-4.123105525970459,-4
-4.123105525970459,-4
-4.123105525970459,-4
-4.123105525970459,-4
-4.123105525970459,-4
-4.123105525970459,-4
-4.123105525970459,-4
-4.123105525970459,-4
-4.123105525970459,-4
-4.123105525970459,-4
-4.123105525970459,-4
-4.123105525970459,-4
-4.123105525970459,-4
-4.123105525970459,-4
-4.123105525970459,-4
-4.123105525970459,-4
-4.123105525970459,-4
-4.123105525970459,-4
-4.123105525970459,-4
-4.123105525970459,-4
-4.123105525970459,-4
-4.123105525970459,-4
-4.123105525970459,-4
-4.123105525970459,-4
-4.123105525970459,-4
-4.123105525970459,-4
-4.123105525970459,-4
-4.123105525970459,-4
-4.123105525970459,-4
-4.123105525970459,-4
-4.123105525970459,-4
-4.123105525970459,-4
-4.123105525970459,-4
-4.123105525970459,-4
-4.123105525970459,-4
-4.123105525970459,-4
-4.123105525970459,-4
-4.123105525970459,-4
-4.123105525970459,-4
-4.123105525970459,-4
-4.123105525970459,-4
-4.123105525970459,-4
-4.123105525970459,-4
-4.123105525970459,-4
-4.123105525970459,-4
-4.123105525970459,-4
-4.123105525970459,-4
-4.123105525970459,-4
-4.123105525970459,-4
-4.123105525970459,-4
-4.123105525970459,-4
-4.123105525970459,-4
-4.123105525970459,-4
-4.123105525970459,-4
-4.123105525970459,-4
-4.123105525970459,-4
-4.123105525970459,-4
-4.123105525970459,-4
-4.123105525970459,-4
-4.123105525970459,-4
-4.123105525970459,-4
-4.123105525970459,-4
-4.123105525970459,-4
-4.123105525970459,-4
-4.123105525970459,-4
-4.123105525970459,-4
-4.123105525970459,-4
-4.123105525970459,-4
-4.123105525970459,-4
-4.123105525970459,-4
-4.123105525970459,-4
-4.123105525970459,-4
-4.123105525970459,-4
-4.123105525970459,-4
-4.123105525970459,-4
-4.123105525970459,-4
-4.123105525970459,-4
-4.123105525970459,-4
-4.123105525970459,-4
-4.123105525970459,-4
-4.123105525970459,-4
-4.123105525970459,-4
-4.123105525970459,-4
-4.123105525970459,-4
-4.123105525970459,-4
-4.123105525970459,-4
-4.123105525970459,-4
-4.123105525970459,-4
-4.123105525970459,-4
-4.123105525970459,-4
-4.123105525970459,-4
-4.123105525970459,-4
-4.123105525970459,-4
-4.123105525970459,-4
-4.123105525970459,-4
-4.123105525970459,-4
-4.123105525970459,-4
-4.123105525970459,-4
-4.123105525970459,-4
-4.123105525970459,-4
-4.123105525970459,-4
-4.123105525970459,-4
-4.123105525970459,-4
-4.123105525970459,-4
-4.123105525970459,-4
-4.123105525970459,-4
-4.123105525970459,-4
-4.123105525970459,-4
-4.123105525970459,-4
-4.123105525970459,-4
-4.123105525970459,-4
-4.123105525970459,-4
-4.123105525970459,-4
-4.123105525970459,-4
-4.123105525970459,-4
-4.123105525970459,-4
-4.123105525970459,-4
-4.123105525970459,-4
-4.123105525970459,-4
-4.123105525970459,-4
-4.123105525970459,-4
-4.123105525970459,-4
-4.123105525970459,-4
-4.123105525970459,-4
-4.123105525970459,-4
-4.123105525970459,-4
-4.123105525970459,-4
-4.123105525970459,-4
-4.123105525970459,-4
-4.123105525970459,-4
-4.123105525970459,-4
-4.123105525970459,-4
-4.123105525970459,-4
-4.123105525970459,-4
-4.123105525970459,-4
-4.123105525970459,-4
-4.123105525970459,-4
-4.123105525970459,-4
-4.123105525970459,-4
-4.123105525970459,-4
-4.123105525970459,-4
-4.123105525970459,-4
-4.123105525970459,-4
-4.123105525970459,-4
-4.123105525970459,-4
-4.123105525970459,-4
-4.123105525970459,-4
-4.123105525970459,-4
-4.123105525970459,-4
-4.123105525970459,-4
-4.123105525970459,-4
-4.123105525970459,-4
-4.123105525970459,-4
-4.123105525970459,-4
-4.123105525970459,-4
-4.123105525970459,-4
-4.123105525970459,-4
-4.123105525970459,-4
-4.123105525970459,-4
-4.123105525970459,-4
-4.123105525970459,-4
-4.123105525970459,-4
-4.123105525970459,-4
-4.123105525970459,-4
-4.123105525970459,-4
-4.123105525970459,-4
-4.123105525970459,-4
-4.123105525970459,-4
-4.123105525970459,-4
-4.123105525970459,-4
-4.123105525970459,-4
-4.123105525970459,-4
-4.123105525970459,-4
-4.123105525970459,-4
-4.123105525970459,-4
-4.123105525970459,-4
-4.123105525970459,-4
-4.123105525970459,-4
-4.123105525970459,-4
-4.123105525970459,-4
-4.123105525970459,-4
-4.123105525970459,-4
-4.123105525970459,-4
-4.123105525970459,-4
-4.123105525970459,-4
-4.123105525970459,-4
-4.123105525970459,-4
-4.123105525970459,-4
-4.123105525970459,-4
-4.123105525970459,-4
-4.123105525970459,-4
-4.123105525970459,-4
-4.123105525970459,-4
-4.123105525970459,-4
-4.123105525970459,-4
-4.123105525970459,-4
-4.123105525970459,-4
-4.123105525970459,-4
-4.123105525970459,-4
-4.123105525970459,-4
-4.123105525970459,-4
-4.123105525970459,-4
-4.123105525970459,-4
-4.123105525970459,-4
-4.123105525970459,-4
-4.123105525970459,-4
-4.123105525970459,-4
-4.123105525970459,-4
-4.123105525970459,-4
-4.123105525970459,-4
-4.123105525970459,-4
-4.123105525970459,-4
-4.123105525970459,-4
-4.123105525970459,-4
-4.123105525970459,-4
-4.123105525970459,-4
-4.123105525970459,-4
-4.123105525970459,-4
-4.123105525970459,-4
-4.123105525970459,-4
-4.123105525970459,-4
-4.123105525970459,-4
-4.123105525970459,-4
-4.123105525970459,-4
-4.123105525970459,-4
-4.123105525970459,-4
-4.123105525970459,-4
-4.123105525970459,-4
-4.123105525970459,-4
-4.123105525970459,-4
-4.123105525970459,-4
-4.123105525970459,-4
-4.123105525970459,-4
-4.123105525970459,-4
-4.123105525970459,-4
-4.123105525970459,-4
-4.123105525970459,-4
-4.123105525970459,-4
-4.123105525970459,-4
-4.123105525970459,-4
-4.123105525970459,-4
-4.123105525970459,-4
-4.123105525970459,-4
-4.123105525970459,-4
-4.123105525970459,-4
-4.123105525970459,-4
-4.123105525970459,-4
-4.123105525970459,-4
-4.123105525970459,-4
-4.123105525970459,-4
-4.123105525970459,-4
-4.123105525970459,-4
-4.123105525970459,-4
-4.123105525970459,-4
-4.123105525970459,-4
-4.123105525970459,-4
-4.123105525970459,-4
-4.123105525970459,-4
-4.123105525970459,-4
-4.123105525970459,-4
-4.123105525970459,-4
-4.123105525970459,-4
-4.123105525970459,-4
-4.123105525970459,-4
-4.123105525970459,-4
-4.123105525970459,-4
-4.123105525970459,-4
-4.123105525970459,-4
-4.123105525970459,-4
-4.123105525970459,-4
-4.123105525970459,-4
-4.123105525970459,-4
-4.123105525970459,-4
-4.123105525970459,-4
-4.123105525970459,-4
-4.123105525970459,-4
-4.123105525970459,-4
-4.123105525970459,-4
-4.123105525970459,-4
-4.123105525970459,-4
-4.123105525970459,-4
-4.123105525970459,-4
-4.123105525970459,-4
-4.123105525970459,-4
-4.123105525970459,-4
-4.123105525970459,-4
-4.123105525970459,-4
-4.123105525970459,-4
-4.123105525970459,-4
-4.123105525970459,-4
-4.123105525970459,-4
-4.123105525970459,-4
-4.123105525970459,-4
-4.123105525970459,-4
-4.123105525970459,-4
-4.123105525970459,-4
-4.123105525970459,-4
-4.123105525970459,-4
-4.123105525970459,-4
-4.123105525970459,-4
-4.123105525970459,-4
-4.123105525970459,-4
-4.123105525970459,-4
-4.123105525970459,-4
-4.123105525970459,-4
-4.123105525970459,-4
-4.123105525970459,-4
-4.123105525970459,-4
-4.123105525970459,-4
-4.123105525970459,-4
-4.123105525970459,-4
-4.123105525970459,-4
-4.123105525970459,-4
-4.123105525970459,-4
-4.123105525970459,-4
-4.123105525970459,-4
-4.123105525970459,-4
-4.123105525970459,-4
-4.123105525970459,-4
-4.123105525970459,-4
-4.123105525970459,-4
-4.123105525970459,-4
-4.123105525970459,-4
-4.123105525970459,-4
-4.123105525970459,-4
-4.123105525970459,-4
-4.123105525970459,-4
-4.123105525970459,-4
-4.123105525970459,-4
-4.123105525970459,-4
-4.123105525970459,-4
-4.123105525970459,-4
-4.123105525970459,-4
-4.123105525970459,-4
-4.123105525970459,-4
-4.123105525970459,-4
-4.123105525970459,-4
-4.123105525970459,-4
-4.123105525970459,-4
-4.123105525970459,-4
-4.123105525970459,-4
-4.123105525970459,-4
-4.123105525970459,-4
-4.123105525970459,-4
-4.123105525970459,-4
-4.123105525970459,-4
-4.123105525970459,-4
-4.123105525970459,-4
-4.123105525970459,-4
-4.123105525970459,-4
-4.123105525970459,-4
-4.123105525970459,-4
-4.123105525970459,-4
-4.123105525970459,-4
-4.123105525970459,-4
-4.123105525970459,-4
-4.123105525970459,-4
-4.123105525970459,-4
-4.123105525970459,-4
-4.123105525970459,-4
-4.123105525970459,-4
-4.123105525970459,-4
-4.123105525970459,-4
-4.123105525970459,-4
-4.123105525970459,-4
-4.123105525970459,-4
-4.123105525970459,-4
-4.123105525970459,-4
-4.123105525970459,-4
-4.123105525970459,-4
-4.123105525970459,-4
-4.123105525970459,-4
-4.123105525970459,-4
-4.123105525970459,-4
-4.123105525970459,-4
-4.123105525970459,-4
-4.123105525970459,-4
-4.123105525970459,-4
-4.123105525970459,-4
-4.123105525970459,-4
-4.123105525970459,-4
-4.123105525970459,-4
-4.123105525970459,-4
-4.123105525970459,-4
-4.123105525970459,-4
-4.123105525970459,-4
-4.123105525970459,-4
-4.123105525970459,-4
-4.123105525970459,-4
-4.123105525970459,-4
-4.123105525970459,-4
-4.123105525970459,-4
-4.123105525970459,-4
-4.123105525970459,-4
-4.123105525970459,-4
-4.123105525970459,-4
-4.123105525970459,-4
-4.123105525970459,-4
-4.123105525970459,-4
-4.123105525970459,-4
-4.123105525970459,-4
-4.123105525970459,-4
-4.123105525970459,-4
-4.123105525970459,-4
-4.123105525970459,-4
-4.123105525970459,-4
-4.123105525970459,-4
-4.123105525970459,-4
-4.123105525970459,-4
-4.123105525970459,-4
-4.123105525970459,-4
-4.123105525970459,-4
-4.123105525970459,-4
-4.123105525970459,-4
-4.123105525970459,-4
-4.123105525970459,-4
-4.123105525970459,-4
-4.123105525970459,-4
-4.123105525970459,-4
-4.123105525970459,-4
-4.123105525970459,-4
-4.123105525970459,-4
-4.123105525970459,-4
-4.123105525970459,-4
-4.123105525970459,-4
-4.123105525970459,-4
-4.123105525970459,-4
-4.123105525970459,-4
-4.123105525970459,-4
-4.123105525970459,-4
-4.123105525970459,-4
-4.123105525970459,-4
-4.123105525970459,-4
-4.123105525970459,-4
-4.123105525970459,-4
-4.123105525970459,-4
-4.123105525970459,-4
-4.123105525970459,-4
-4.123105525970459,-4
-4.123105525970459,-4
-4.123105525970459,-4
-4.123105525970459,-4
-4.123105525970459,-4
-4.123105525970459,-4
-4.123105525970459,-4
-4.123105525970459,-4
-4.123105525970459,-4
-4.123105525970459,-4
-4.123105525970459,-4
-4.123105525970459,-4
-4.123105525970459,-4
-4.123105525970459,-4
-4.123105525970459,-4
-4.123105525970459,-4
-4.123105525970459,-4
-4.123105525970459,-4
-4.123105525970459,-4
-4.123105525970459,-4
-4.123105525970459,-4
-4.123105525970459,-4
-4.123105525970459,-4
-4.123105525970459,-4
-4.123105525970459,-4
-4.123105525970459,-4
-4.123105525970459,-4
-4.123105525970459,-4
-4.123105525970459,-4
-4.123105525970459,-4
-4.123105525970459,-4
-4.123105525970459,-4
-4.123105525970459,-4
-4.123105525970459,-4
-4.123105525970459,-4
-4.123105525970459,-4
-4.123105525970459,-4
-4.123105525970459,-4
-4.123105525970459,-4
-4.123105525970459,-4
-4.123105525970459,-4
-4.123105525970459,-4
-4.123105525970459,-4
-4.123105525970459,-4
-4.123105525970459,-4
-4.123105525970459,-4
-4.123105525970459,-4
-4.123105525970459,-4
-4.123105525970459,-4
-4.123105525970459,-4
-4.123105525970459,-4
-4.123105525970459,-4
-4.123105525970459,-4
-4.123105525970459,-4
-4.123105525970459,-4
-4.123105525970459,-4
-4.123105525970459,-4
-4.123105525970459,-4
-4.123105525970459,-4
-4.123105525970459,-4
-4.123105525970459,-4
-4.123105525970459,-4
-4.123105525970459,-4
-4.123105525970459,-4
-4.123105525970459,-4
-4.123105525970459,-4
-4.123105525970459,-4
-4.123105525970459,-4
-4.123105525970459,-4
-4.123105525970459,-4
-4.123105525970459,-4
-4.123105525970459,-4
-4.123105525970459,-4
-4.123105525970459,-4
-4.123105525970459,-4
-4.123105525970459,-4
-4.123105525970459,-4
-4.123105525970459,-4
-4.123105525970459,-4
-4.123105525970459,-4
-4.123105525970459,-4
-4.123105525970459,-4
-4.123105525970459,-4
-4.123105525970459,-4
-4.123105525970459,-4
-4.123105525970459,-4
-4.123105525970459,-4
-4.123105525970459,-4
-4.123105525970459,-4
-4.123105525970459,-4
-4.123105525970459,-4
-4.123105525970459,-4
-4.123105525970459,-4
-4.123105525970459,-4
-4.123105525970459,-4
-4.123105525970459,-4
-4.123105525970459,-4
-4.123105525970459,-4
-4.123105525970459,-4
-4.123105525970459,-4
-4.123105525970459,-4
-4.123105525970459,-4
-4.123105525970459,-4
-4.123105525970459,-4
-4.123105525970459,-4
-4.123105525970459,-4
-4.123105525970459,-4
-4.123105525970459,-4
-4.123105525970459,-4
-4.123105525970459,-4
-4.123105525970459,-4
-4.123105525970459,-4
-4.123105525970459,-4
-4.123105525970459,-4
-4.123105525970459,-4
-4.123105525970459,-4
-4.123105525970459,-4
-4.123105525970459,-4
-4.123105525970459,-4
-4.123105525970459,-4
-4.123105525970459,-4
-4.123105525970459,-4
-4.123105525970459,-4
-4.123105525970459,-4
-4.123105525970459,-4
-4.123105525970459,-4
-4.123105525970459,-4
-4.123105525970459,-4
-4.123105525970459,-4
-4.123105525970459,-4
-4.123105525970459,-4
-4.123105525970459,-4
-4.123105525970459,-4
-4.123105525970459,-4
-4.123105525970459,-4
-4.123105525970459,-4
-4.123105525970459,-4
-4.123105525970459,-4
-4.123105525970459,-4
-4.123105525970459,-4
-4.123105525970459,-4
-4.123105525970459,-4
-4.123105525970459,-4
-4.123105525970459,-4
-4.123105525970459,-4
-4.123105525970459,-4
-4.123105525970459,-4
-4.123105525970459,-4
-4.123105525970459,-4
-4.123105525970459,-4
-4.123105525970459,-4
-4.123105525970459,-4
-4.123105525970459,-4
-4.123105525970459,-4
-4.123105525970459,-4
-4.123105525970459,-4
-4.123105525970459,-4
-4.123105525970459,-4
-4.123105525970459,-4
-4.123105525970459,-4
-4.123105525970459,-4
-4.123105525970459,-4
-4.123105525970459,-4
-4.123105525970459,-4
-4.123105525970459,-4
-4.123105525970459,-4
-4.123105525970459,-4
-4.123105525970459,-4
-4.123105525970459,-4
-4.123105525970459,-4
-4.123105525970459,-4
-4.123105525970459,-4
-4.123105525970459,-4
-4.123105525970459,-4
-4.123105525970459,-4
-4.123105525970459,-4
-4.123105525970459,-4
-4.123105525970459,-4
-4.123105525970459,-4
-4.123105525970459,-4
-4.123105525970459,-4
-4.123105525970459,-4
-4.123105525970459,-4
-4.123105525970459,-4
-4.123105525970459,-4
-4.123105525970459,-4
-4.123105525970459,-4
-4.123105525970459,-4
-4.123105525970459,-4
-4.123105525970459,-4
-4.123105525970459,-4
-4.123105525970459,-4
-4.123105525970459,-4
-4.123105525970459,-4
-4.123105525970459,-4
-4.123105525970459,-4
-4.123105525970459,-4
-4.123105525970459,-4
-4.123105525970459,-4
-4.123105525970459,-4
-4.123105525970459,-4
-4.123105525970459,-4
-4.123105525970459,-4
-4.123105525970459,-4
-4.123105525970459,-4
-4.123105525970459,-4
-4.123105525970459,-4
-4.123105525970459,-4
-4.123105525970459,-4
-4.123105525970459,-4
-4.123105525970459,-4
-4.123105525970459,-4
-4.123105525970459,-4
-4.123105525970459,-4
-4.123105525970459,-4
-4.123105525970459,-4
-4.123105525970459,-4
-4.123105525970459,-4
-4.123105525970459,-4
-4.123105525970459,-4
-4.123105525970459,-4
-4.123105525970459,-4
-4.123105525970459,-4
-4.123105525970459,-4
-4.123105525970459,-4
-4.123105525970459,-4
-4.123105525970459,-4
-4.123105525970459,-4
-4.123105525970459,-4
-4.123105525970459,-4
-4.123105525970459,-4
-4.123105525970459,-4
-4.123105525970459,-4
-4.123105525970459,-4
-4.123105525970459,-4
-4.123105525970459,-4
-4.123105525970459,-4
-4.123105525970459,-4
-4.123105525970459,-4
-4.123105525970459,-4
-4.123105525970459,-4
-4.123105525970459,-4
-4.123105525970459,-4
-4.123105525970459,-4
-4.123105525970459,-4
-4.123105525970459,-4
-4.123105525970459,-4
-4.123105525970459,-4
-4.123105525970459,-4
-4.123105525970459,-4
-4.123105525970459,-4
-4.123105525970459,-4
-4.123105525970459,-4
-4.123105525970459,-4
-4.123105525970459,-4
-4.123105525970459,-4
-4.123105525970459,-4
-4.123105525970459,-4
-4.123105525970459,-4
-4.123105525970459,-4
-4.123105525970459,-4
-4.123105525970459,-4
-4.123105525970459,-4
-4.123105525970459,-4
-4.123105525970459,-4
-4.123105525970459,-4
-4.123105525970459,-4
-4.123105525970459,-4
-4.123105525970459,-4
-4.123105525970459,-4
-4.123105525970459,-4
-4.123105525970459,-4
-4.123105525970459,-4
-4.123105525970459,-4
-4.123105525970459,-4
-4.123105525970459,-4
-4.123105525970459,-4
-4.123105525970459,-4
-4.123105525970459,-4
-4.123105525970459,-4
-4.123105525970459,-4
-4.123105525970459,-4
-4.123105525970459,-4
-4.123105525970459,-4
-4.123105525970459,-4
-4.123105525970459,-4
-4.123105525970459,-4
-4.123105525970459,-4
-4.123105525970459,-4
-4.123105525970459,-4
-4.123105525970459,-4
-4.123105525970459,-4
-4.123105525970459,-4
-4.123105525970459,-4
-4.123105525970459,-4
-4.123105525970459,-4
-4.123105525970459,-4
-4.123105525970459,-4
-4.123105525970459,-4
-4.123105525970459,-4
-4.123105525970459,-4
-4.123105525970459,-4
-4.123105525970459,-4
-4.123105525970459,-4
-4.123105525970459,-4
-4.123105525970459,-4
-4.123105525970459,-4
-4.123105525970459,-4
-4.123105525970459,-4
-4.123105525970459,-4
-4.123105525970459,-4
-4.123105525970459,-4
-4.123105525970459,-4
-4.123105525970459,-4
-4.123105525970459,-4
-4.123105525970459,-4
-4.123105525970459,-4
-4.123105525970459,-4
-4.123105525970459,-4
-4.123105525970459,-4
-4.123105525970459,-4
-4.123105525970459,-4
-4.123105525970459,-4
-4.123105525970459,-4
-4.123105525970459,-4
-4.123105525970459,-4
-4.123105525970459,-4
-4.123105525970459,-4
-4.123105525970459,-4
-4.123105525970459,-4
-4.123105525970459,-4
-4.123105525970459,-4
-4.123105525970459,-4
-4.123105525970459,-4
-4.123105525970459,-4
-4.123105525970459,-4
-4.123105525970459,-4
-4.123105525970459,-4
-4.123105525970459,-4
-4.123105525970459,-4
-4.123105525970459,-4
-4.123105525970459,-4
-4.123105525970459,-4
-4.123105525970459,-4
-4.123105525970459,-4
-4.123105525970459,-4
-4.123105525970459,-4
-4.123105525970459,-4
-4.123105525970459,-4
-4.123105525970459,-4
-4.123105525970459,-4
-4.123105525970459,-4
-4.123105525970459,-4
-4.123105525970459,-4
-4.123105525970459,-4
-4.123105525970459,-4
-4.123105525970459,-4
-4.123105525970459,-4
-4.123105525970459,-4
-4.123105525970459,-4
-4.123105525970459,-4
-4.123105525970459,-4
-4.123105525970459,-4
-4.123105525970459,-4
-4.123105525970459,-4
-4.123105525970459,-4
-4.123105525970459,-4
-4.123105525970459,-4
-4.123105525970459,-4
-4.123105525970459,-4
-4.123105525970459,-4
-4.123105525970459,-4
-4.123105525970459,-4
-4.123105525970459,-4
-4.123105525970459,-4
-4.123105525970459,-4
-4.123105525970459,-4
-4.123105525970459,-4
-4.123105525970459,-4
-4.123105525970459,-4
-4.123105525970459,-4
-4.123105525970459,-4
-4.123105525970459,-4
-4.123105525970459,-4
-4.123105525970459,-4
-4.123105525970459,-4
-4.123105525970459,-4
-4.123105525970459,-4
-4.123105525970459,-4
-4.123105525970459,-4
-4.123105525970459,-4
-4.123105525970459,-4
-4.123105525970459,-4
-4.123105525970459,-4
-4.123105525970459,-4
-4.123105525970459,-4
-4.123105525970459,-4
-4.123105525970459,-4
-4.123105525970459,-4
-4.123105525970459,-4
-4.123105525970459,-4
-4.123105525970459,-4
-4.123105525970459,-4
-4.123105525970459,-4
-4.123105525970459,-4
-4.123105525970459,-4
-4.123105525970459,-4
-4.123105525970459,-4
-4.123105525970459,-4
-4.123105525970459,-4
-4.123105525970459,-4
-4.123105525970459,-4
-4.123105525970459,-4
-4.123105525970459,-4
-4.123105525970459,-4
-4.123105525970459,-4
-4.123105525970459,-4
-4.123105525970459,-4
-4.123105525970459,-4
-4.123105525970459,-4
-4.123105525970459,-4
-4.123105525970459,-4
-4.123105525970459,-4
-4.123105525970459,-4
-4.123105525970459,-4
-4.123105525970459,-4
-4.123105525970459,-4
-4.123105525970459,-4
-4.123105525970459,-4
-4.123105525970459,-4
-4.123105525970459,-4
-4.123105525970459,-4
-4.123105525970459,-4
-4.123105525970459,-4
-4.123105525970459,-4
-4.123105525970459,-4
-4.123105525970459,-4
-4.123105525970459,-4
-4.123105525970459,-4
-4.123105525970459,-4
-4.123105525970459,-4
-4.123105525970459,-4
-4.123105525970459,-4
-4.123105525970459,-4
-4.123105525970459,-4
-4.123105525970459,-4
-4.123105525970459,-4
-4.123105525970459,-4
-4.123105525970459,-4
-4.123105525970459,-4
-4.123105525970459,-4
-4.123105525970459,-4
-4.123105525970459,-4
-4.123105525970459,-4
-4.123105525970459,-4
-4.123105525970459,-4
-4.123105525970459,-4
-4.123105525970459,-4
-4.123105525970459,-4
-4.123105525970459,-4
-4.123105525970459,-4
-4.123105525970459,-4
-4.123105525970459,-4
-4.123105525970459,-4
-4.123105525970459,-4
-4.123105525970459,-4
-4.123105525970459,-4
-4.123105525970459,-4
-4.123105525970459,-4
-4.123105525970459,-4
-4.123105525970459,-4
-4.123105525970459,-4
-4.123105525970459,-4
-4.123105525970459,-4
-4.123105525970459,-4
-4.123105525970459,-4
-4.123105525970459,-4
-4.123105525970459,-4
-4.123105525970459,-4
-4.123105525970459,-4
-4.123105525970459,-4
-4.123105525970459,-4
-4.123105525970459,-4
-4.123105525970459,-4
-4.123105525970459,-4
-4.123105525970459,-4
-4.123105525970459,-4
-4.123105525970459,-4
-4.123105525970459,-4
-4.123105525970459,-4
-4.123105525970459,-4
-4.123105525970459,-4
-4.123105525970459,-4
-4.123105525970459,-4
-4.123105525970459,-4
-4.123105525970459,-4
-4.123105525970459,-4
-4.123105525970459,-4
-4.123105525970459,-4
-4.123105525970459,-4
-4.123105525970459,-4
-4.123105525970459,-4
-4.123105525970459,-4
-4.123105525970459,-4
-4.123105525970459,-4
-4.123105525970459,-4
-4.123105525970459,-4
-4.123105525970459,-4
-4.123105525970459,-4
-4.123105525970459,-4
-4.123105525970459,-4
-4.123105525970459,-4
-4.123105525970459,-4
-4.123105525970459,-4
-4.123105525970459,-4
-4.123105525970459,-4
-4.123105525970459,-4
-4.123105525970459,-4
-4.123105525970459,-4
-4.123105525970459,-4
-4.123105525970459,-4
-4.123105525970459,-4
-4.123105525970459,-4
-4.123105525970459,-4
-4.123105525970459,-4
-4.123105525970459,-4
-4.123105525970459,-4
-4.123105525970459,-4
-4.123105525970459,-4
-4.123105525970459,-4
-4.123105525970459,-4
-4.123105525970459,-4
-4.123105525970459,-4
-4.123105525970459,-4
-4.123105525970459,-4
-4.123105525970459,-4
-4.123105525970459,-4
-4.123105525970459,-4
-4.123105525970459,-4
-4.123105525970459,-4
-4.123105525970459,-4
-4.123105525970459,-4
-4.123105525970459,-4
-4.123105525970459,-4
-4.123105525970459,-4
-4.123105525970459,-4
-4.123105525970459,-4
-4.123105525970459,-4
-4.123105525970459,-4
-4.123105525970459,-4
-4.123105525970459,-4
-4.123105525970459,-4
-4.123105525970459,-4
-4.123105525970459,-4
-4.123105525970459,-4
-4.123105525970459,-4
-4.123105525970459,-4
-4.123105525970459,-4
-4.123105525970459,-4
-4.123105525970459,-4
-4.123105525970459,-4
-4.123105525970459,-4
-4.123105525970459,-4
-4.123105525970459,-4
-4.123105525970459,-4
-4.123105525970459,-4
-4.123105525970459,-4
-4.123105525970459,-4
-4.123105525970459,-4
-4.123105525970459,-4
-4.123105525970459,-4
-4.123105525970459,-4
-4.123105525970459,-4
-4.123105525970459,-4
-4.123105525970459,-4
-4.123105525970459,-4
-4.123105525970459,-4
-4.123105525970459,-4
-4.123105525970459,-4
-4.123105525970459,-4
-4.123105525970459,-4
-4.123105525970459,-4
-4.123105525970459,-4
-4.123105525970459,-4
-4.123105525970459,-4
-4.123105525970459,-4
-4.123105525970459,-4
-4.123105525970459,-4
-4.123105525970459,-4
-4.123105525970459,-4
-4.123105525970459,-4
-4.123105525970459,-4
-4.123105525970459,-4
-4.123105525970459,-4
-4.123105525970459,-4
-4.123105525970459,-4
-4.123105525970459,-4
-4.123105525970459,-4
-4.123105525970459,-4
-4.123105525970459,-4
-4.123105525970459,-4
-4.123105525970459,-4
-4.123105525970459,-4
-4.123105525970459,-4
-4.123105525970459,-4
-4.123105525970459,-4
-4.123105525970459,-4
-4.123105525970459,-4
-4.123105525970459,-4
-4.123105525970459,-4
-4.123105525970459,-4
-4.123105525970459,-4
-4.123105525970459,-4
-4.123105525970459,-4
-4.123105525970459,-4
-4.123105525970459,-4
-4.123105525970459,-4
-4.123105525970459,-4
-4.123105525970459,-4
-4.123105525970459,-4
-4.123105525970459,-4
-4.123105525970459,-4
-4.123105525970459,-4
-4.123105525970459,-4
-4.123105525970459,-4
-4.123105525970459,-4
-4.123105525970459,-4
-4.123105525970459,-4
-4.123105525970459,-4
-4.123105525970459,-4
-4.123105525970459,-4
-4.123105525970459,-4
-4.123105525970459,-4
-4.123105525970459,-4
-4.123105525970459,-4
-4.123105525970459,-4
-4.123105525970459,-4
-4.123105525970459,-4
-4.123105525970459,-4
-4.123105525970459,-4
-4.123105525970459,-4
-4.123105525970459,-4
-4.123105525970459,-4
-4.123105525970459,-4
-4.123105525970459,-4
-4.123105525970459,-4
-4.123105525970459,-4
-4.123105525970459,-4
-4.123105525970459,-4
-4.123105525970459,-4
-4.123105525970459,-4
-4.123105525970459,-4
-4.123105525970459,-4
-4.123105525970459,-4
-4.123105525970459,-4
-4.123105525970459,-4
-4.123105525970459,-4
-4.123105525970459,-4
-4.123105525970459,-4
-4.123105525970459,-4
-4.123105525970459,-4
-4.123105525970459,-4
-4.123105525970459,-4
-4.123105525970459,-4
-4.123105525970459,-4
-4.123105525970459,-4
-4.123105525970459,-4
-4.123105525970459,-4
-4.123105525970459,-4
-4.123105525970459,-4
-4.123105525970459,-4
-4.123105525970459,-4
-4.123105525970459,-4
-4.123105525970459,-4
-4.123105525970459,-4
-4.123105525970459,-4
-4.123105525970459,-4
-4.123105525970459,-4
-4.123105525970459,-4
-4.123105525970459,-4
-4.123105525970459,-4
-4.123105525970459,-4
-4.123105525970459,-4
-4.123105525970459,-4
-4.123105525970459,-4
-4.123105525970459,-4
-4.123105525970459,-4
-4.123105525970459,-4
-4.123105525970459,-4
-4.123105525970459,-4
-4.123105525970459,-4
-4.123105525970459,-4
-4.123105525970459,-4
-4.123105525970459,-4
-4.123105525970459,-4
-4.123105525970459,-4
-4.123105525970459,-4
-4.123105525970459,-4
-4.123105525970459,-4
-4.123105525970459,-4
-4.123105525970459,-4
-4.123105525970459,-4
-4.123105525970459,-4
-4.123105525970459,-4
-4.123105525970459,-4
-4.123105525970459,-4
-4.123105525970459,-4
-4.123105525970459,-4
-4.123105525970459,-4
-4.123105525970459,-4
-4.123105525970459,-4
-4.123105525970459,-4
-4.123105525970459,-4
-4.123105525970459,-4
-4.123105525970459,-4
-4.123105525970459,-4
-4.123105525970459,-4
-4.123105525970459,-4
-4.123105525970459,-4
-4.123105525970459,-4
-4.123105525970459,-4
-4.123105525970459,-4
-4.123105525970459,-4
-4.123105525970459,-4
-4.123105525970459,-4
-4.123105525970459,-4
-4.123105525970459,-4
-4.123105525970459,-4
-4.123105525970459,-4
-4.123105525970459,-4
-4.123105525970459,-4
-4.123105525970459,-4
-4.123105525970459,-4
-4.123105525970459,-4
-4.123105525970459,-4
-4.123105525970459,-4
-4.123105525970459,-4
-4.123105525970459,-4
-4.123105525970459,-4
-4.123105525970459,-4
-4.123105525970459,-4
-4.123105525970459,-4
-4.123105525970459,-4
-4.123105525970459,-4
-4.123105525970459,-4
-4.123105525970459,-4
-4.123105525970459,-4
-4.123105525970459,-4
-4.123105525970459,-4
-4.123105525970459,-4
-4.123105525970459,-4
-4.123105525970459,-4
-4.123105525970459,-4
-4.123105525970459,-4
-4.123105525970459,-4
-4.123105525970459,-4
-4.123105525970459,-4
-4.123105525970459,-4
-4.123105525970459,-4
-4.123105525970459,-4
-4.123105525970459,-4
-4.123105525970459,-4
-4.123105525970459,-4
-4.123105525970459,-4
-4.123105525970459,-4
-4.123105525970459,-4
-4.123105525970459,-4
-4.123105525970459,-4
-4.123105525970459,-4
-4.123105525970459,-4
-4.123105525970459,-4
-4.123105525970459,-4
-4.123105525970459,-4
-4.123105525970459,-4
-4.123105525970459,-4
-4.123105525970459,-4
-4.123105525970459,-4
-4.123105525970459,-4
-4.123105525970459,-4
-4.123105525970459,-4
-4.123105525970459,-4
-4.123105525970459,-4
-4.123105525970459,-4
-4.123105525970459,-4
-4.123105525970459,-4
-4.123105525970459,-4
-4.123105525970459,-4
-4.123105525970459,-4
-4.123105525970459,-4
-4.123105525970459,-4
-4.123105525970459,-4
-4.123105525970459,-4
-4.123105525970459,-4
-4.123105525970459,-4
-4.123105525970459,-4
-4.123105525970459,-4
-4.123105525970459,-4
-4.123105525970459,-4
-4.123105525970459,-4
-4.123105525970459,-4
-4.123105525970459,-4
-4.123105525970459,-4
-4.123105525970459,-4
-4.123105525970459,-4
-4.123105525970459,-4
-4.123105525970459,-4
-4.123105525970459,-4
-4.123105525970459,-4
-4.123105525970459,-4
-4.123105525970459,-4
-4.123105525970459,-4
-4.123105525970459,-4
-4.123105525970459,-4
-4.123105525970459,-4
-4.123105525970459,-4
-4.123105525970459,-4
-4.123105525970459,-4
-4.123105525970459,-4
-4.123105525970459,-4
-4.123105525970459,-4
-4.123105525970459,-4
-4.123105525970459,-4
-4.123105525970459,-4
-4.123105525970459,-4
-4.123105525970459,-4
-4.123105525970459,-4
-4.123105525970459,-4
-4.123105525970459,-4
-4.123105525970459,-4
-4.123105525970459,-4
-4.123105525970459,-4
-4.123105525970459,-4
-4.123105525970459,-4
-4.123105525970459,-4
-4.123105525970459,-4
-4.123105525970459,-4
-4.123105525970459,-4
-4.123105525970459,-4
-4.123105525970459,-4
-4.123105525970459,-4
-4.123105525970459,-4
-4.123105525970459,-4
-4.123105525970459,-4
-4.123105525970459,-4
-4.123105525970459,-4
-4.123105525970459,-4
-4.123105525970459,-4
-4.123105525970459,-4
-4.123105525970459,-4
-4.123105525970459,-4
-4.123105525970459,-4
-4.123105525970459,-4
-4.123105525970459,-4
-4.123105525970459,-4
-4.123105525970459,-4
-4.123105525970459,-4
-4.123105525970459,-4
-4.123105525970459,-4
-4.123105525970459,-4
-4.123105525970459,-4
-4.123105525970459,-4
-4.123105525970459,-4
-4.123105525970459,-4
-4.123105525970459,-4
-4.123105525970459,-4
-4.123105525970459,-4
-4.123105525970459,-4
-4.123105525970459,-4
-4.123105525970459,-4
-4.123105525970459,-4
-4.123105525970459,-4
-4.123105525970459,-4
-4.123105525970459,-4
-4.123105525970459,-4
-4.123105525970459,-4
-4.123105525970459,-4
-4.123105525970459,-4
-4.123105525970459,-4
-4.123105525970459,-4
-4.123105525970459,-4
-4.123105525970459,-4
-4.123105525970459,-4
-4.123105525970459,-4
-4.123105525970459,-4
-4.123105525970459,-4
-4.123105525970459,-4
-4.123105525970459,-4
-4.123105525970459,-4
-4.123105525970459,-4
-4.123105525970459,-4
-4.123105525970459,-4
-4.123105525970459,-4
-4.123105525970459,-4
-4.123105525970459,-4
-4.123105525970459,-4
-4.123105525970459,-4
-4.123105525970459,-4
-4.123105525970459,-4
-4.123105525970459,-4
-4.123105525970459,-4
-4.123105525970459,-4
-4.123105525970459,-4
-4.123105525970459,-4
-4.123105525970459,-4
-4.123105525970459,-4
-4.123105525970459,-4
-4.123105525970459,-4
-4.123105525970459,-4
-4.123105525970459,-4
-4.123105525970459,-4
-4.123105525970459,-4
-4.123105525970459,-4
-4.123105525970459,-4
-4.123105525970459,-4
-4.123105525970459,-4
-4.123105525970459,-4
-4.123105525970459,-4
-4.123105525970459,-4
-4.123105525970459,-4
-4.123105525970459,-4
-4.123105525970459,-4
-4.123105525970459,-4
-4.123105525970459,-4
-4.123105525970459,-4
-4.123105525970459,-4
-4.123105525970459,-4
-4.123105525970459,-4
-4.123105525970459,-4
-4.123105525970459,-4
-4.123105525970459,-4
-4.123105525970459,-4
-4.123105525970459,-4
-4.123105525970459,-4
-4.123105525970459,-4
-4.123105525970459,-4
-4.123105525970459,-4
-4.123105525970459,-4
-4.123105525970459,-4
-4.123105525970459,-4
-4.123105525970459,-4
-4.123105525970459,-4
-4.123105525970459,-4
-4.123105525970459,-4
-4.123105525970459,-4
-4.123105525970459,-4
-4.123105525970459,-4
-4.123105525970459,-4
-4.123105525970459,-4
-4.123105525970459,-4
-4.123105525970459,-4
-4.123105525970459,-4
-4.123105525970459,-4
-4.123105525970459,-4
-4.123105525970459,-4
-4.123105525970459,-4
-4.123105525970459,-4
-4.123105525970459,-4
-4.123105525970459,-4
-4.123105525970459,-4
-4.123105525970459,-4
-4.123105525970459,-4
-4.123105525970459,-4
-4.123105525970459,-4
-4.123105525970459,-4
-4.123105525970459,-4
-4.123105525970459,-4
-4.123105525970459,-4
-4.123105525970459,-4
-4.123105525970459,-4
-4.123105525970459,-4
-4.123105525970459,-4
-4.123105525970459,-4
-4.123105525970459,-4
-4.123105525970459,-4
-4.123105525970459,-4
-4.123105525970459,-4
-4.123105525970459,-4
-4.123105525970459,-4
-4.123105525970459,-4
-4.123105525970459,-4
-4.123105525970459,-4
-4.123105525970459,-4
-4.123105525970459,-4
-4.123105525970459,-4
-4.123105525970459,-4
-4.123105525970459,-4
-4.123105525970459,-4
-4.123105525970459,-4
-4.123105525970459,-4
-4.123105525970459,-4
-4.123105525970459,-4
-4.123105525970459,-4
-4.123105525970459,-4
-4.123105525970459,-4
-4.123105525970459,-4
-4.123105525970459,-4
-4.123105525970459,-4
-4.123105525970459,-4
-4.123105525970459,-4
-4.123105525970459,-4
-4.123105525970459,-4
-4.123105525970459,-4
-4.123105525970459,-4
-4.123105525970459,-4
-4.123105525970459,-4
-4.123105525970459,-4
-4.123105525970459,-4
-4.123105525970459,-4
-4.123105525970459,-4
-4.123105525970459,-4
-4.123105525970459,-4
-4.123105525970459,-4
-4.123105525970459,-4
-4.123105525970459,-4
-4.123105525970459,-4
-4.123105525970459,-4
-4.123105525970459,-4
-4.123105525970459,-4
-4.123105525970459,-4
-4.123105525970459,-4
-4.123105525970459,-4
-4.123105525970459,-4
-4.123105525970459,-4
-4.123105525970459,-4
-4.123105525970459,-4
-4.123105525970459,-4
-4.123105525970459,-4
-4.123105525970459,-4
-4.123105525970459,-4
-4.123105525970459,-4
-4.123105525970459,-4
-4.123105525970459,-4
-4.123105525970459,-4
-4.123105525970459,-4
-4.123105525970459,-4
-4.123105525970459,-4
-4.123105525970459,-4
-4.123105525970459,-4
-4.123105525970459,-4
-4.123105525970459,-4
-4.123105525970459,-4
-4.123105525970459,-4
-4.123105525970459,-4
-4.123105525970459,-4
-4.123105525970459,-4
-4.123105525970459,-4
-4.123105525970459,-4
-4.123105525970459,-4
-4.123105525970459,-4
-4.123105525970459,-4
-4.123105525970459,-4
-4.123105525970459,-4
-4.123105525970459,-4
-4.123105525970459,-4
-4.123105525970459,-4
-4.123105525970459,-4
-4.123105525970459,-4
-4.123105525970459,-4
-4.123105525970459,-4
-4.123105525970459,-4
-4.123105525970459,-4
-4.123105525970459,-4
-4.123105525970459,-4
-4.123105525970459,-4
-4.123105525970459,-4
-4.123105525970459,-4
-4.123105525970459,-4
-4.123105525970459,-4
-4.123105525970459,-4
-4.123105525970459,-4
-4.123105525970459,-4
-4.123105525970459,-4
-4.123105525970459,-4
-4.123105525970459,-4
-4.123105525970459,-4
-4.123105525970459,-4
-4.123105525970459,-4
-4.123105525970459,-4
-4.123105525970459,-4
-4.123105525970459,-4
-4.123105525970459,-4
-4.123105525970459,-4
-4.123105525970459,-4
-4.123105525970459,-4
-4.123105525970459,-4
-4.123105525970459,-4
-4.123105525970459,-4
-4.123105525970459,-4
-4.123105525970459,-4
-4.123105525970459,-4
-4.123105525970459,-4
-4.123105525970459,-4
-4.123105525970459,-4
-4.123105525970459,-4
-4.123105525970459,-4
-4.123105525970459,-4
-4.123105525970459,-4
-4.123105525970459,-4
-4.123105525970459,-4
-4.123105525970459,-4
-4.123105525970459,-4
-4.123105525970459,-4
-4.123105525970459,-4
-4.123105525970459,-4
-4.123105525970459,-4
-4.123105525970459,-4
-4.123105525970459,-4
-4.123105525970459,-4
-4.123105525970459,-4
-4.123105525970459,-4
-4.123105525970459,-4
-4.123105525970459,-4
-4.123105525970459,-4
-4.123105525970459,-4
-4.123105525970459,-4
-4.123105525970459,-4
-4.123105525970459,-4
-4.123105525970459,-4
-4.123105525970459,-4
-4.123105525970459,-4
-4.123105525970459,-4
-4.123105525970459,-4
-4.123105525970459,-4
-4.123105525970459,-4
-4.123105525970459,-4
-4.123105525970459,-4
-4.123105525970459,-4
-4.123105525970459,-4
-4.123105525970459,-4
-4.123105525970459,-4
-4.123105525970459,-4
-4.123105525970459,-4
-4.123105525970459,-4
-4.123105525970459,-4
-4.123105525970459,-4
-4.123105525970459,-4
-4.123105525970459,-4
-4.123105525970459,-4
-4.123105525970459,-4
-4.123105525970459,-4
-4.123105525970459,-4
-4.123105525970459,-4
-4.123105525970459,-4
-4.123105525970459,-4
-4.123105525970459,-4
-4.123105525970459,-4
-4.123105525970459,-4
-4.123105525970459,-4
-4.123105525970459,-4
-4.123105525970459,-4
-4.123105525970459,-4
-4.123105525970459,-4
-4.123105525970459,-4
-4.123105525970459,-4
-4.123105525970459,-4
-4.123105525970459,-4
-4.123105525970459,-4
-4.123105525970459,-4
-4.123105525970459,-4
-4.123105525970459,-4
-4.123105525970459,-4
-4.123105525970459,-4
-4.123105525970459,-4
-4.123105525970459,-4
-4.123105525970459,-4
-4.123105525970459,-4
-4.123105525970459,-4
-4.123105525970459,-4
-4.123105525970459,-4
-4.123105525970459,-4
-4.123105525970459,-4
-4.123105525970459,-4
-4.123105525970459,-4
-4.123105525970459,-4
-4.123105525970459,-4
-4.123105525970459,-4
-4.123105525970459,-4
-4.123105525970459,-4
-4.123105525970459,-4
-4.123105525970459,-4
-4.123105525970459,-4
-4.123105525970459,-4
-4.123105525970459,-4
-4.123105525970459,-4
-4.123105525970459,-4
-4.123105525970459,-4
-4.123105525970459,-4
-4.123105525970459,-4
-4.123105525970459,-4
-4.123105525970459,-4
-4.123105525970459,-4
-4.123105525970459,-4
-4.123105525970459,-4
-4.123105525970459,-4
-4.123105525970459,-4
-4.123105525970459,-4
-4.123105525970459,-4
-4.123105525970459,-4
-4.123105525970459,-4
-4.123105525970459,-4
-4.123105525970459,-4
-4.123105525970459,-4
-4.123105525970459,-4
-4.123105525970459,-4
-4.123105525970459,-4
-4.123105525970459,-4
-4.123105525970459,-4
-4.123105525970459,-4
-4.123105525970459,-4
-4.123105525970459,-4
-4.123105525970459,-4
-4.123105525970459,-4
-4.123105525970459,-4
-4.123105525970459,-4
-4.123105525970459,-4
-4.123105525970459,-4
-4.123105525970459,-4
-4.123105525970459,-4
-4.123105525970459,-4
-4.123105525970459,-4
-4.123105525970459,-4
-4.123105525970459,-4
-4.123105525970459,-4
-4.123105525970459,-4
-4.123105525970459,-4
-4.123105525970459,-4
-4.123105525970459,-4
-4.123105525970459,-4
-4.123105525970459,-4
-4.123105525970459,-4
-4.123105525970459,-4
-4.123105525970459,-4
-4.123105525970459,-4
-4.123105525970459,-4
-4.123105525970459,-4
-4.123105525970459,-4
-4.123105525970459,-4
-4.123105525970459,-4
-4.123105525970459,-4
-4.123105525970459,-4
-4.123105525970459,-4
-4.123105525970459,-4
-4.123105525970459,-4
-4.123105525970459,-4
-4.123105525970459,-4
-4.123105525970459,-4
-4.123105525970459,-4
-4.123105525970459,-4
-4.123105525970459,-4
-4.123105525970459,-4
-4.123105525970459,-4
-4.123105525970459,-4
-4.123105525970459,-4
-4.123105525970459,-4
-4.123105525970459,-4
-4.123105525970459,-4
-4.123105525970459,-4
-4.123105525970459,-4
-4.123105525970459,-4
-4.123105525970459,-4
-4.123105525970459,-4
-4.123105525970459,-4
-4.123105525970459,-4
-4.123105525970459,-4
-4.123105525970459,-4
-4.123105525970459,-4
-4.123105525970459,-4
-4.123105525970459,-4
-4.123105525970459,-4
-4.123105525970459,-4
-4.123105525970459,-4
-4.123105525970459,-4
-4.123105525970459,-4
-4.123105525970459,-4
-4.123105525970459,-4
-4.123105525970459,-4
-4.123105525970459,-4
-4.123105525970459,-4
-4.123105525970459,-4
-4.123105525970459,-4
-4.123105525970459,-4
-4.123105525970459,-4
-4.123105525970459,-4
-4.123105525970459,-4
-4.123105525970459,-4
-4.123105525970459,-4
-4.123105525970459,-4
-4.123105525970459,-4
-4.123105525970459,-4
-4.123105525970459,-4
-4.123105525970459,-4
-4.123105525970459,-4
-4.123105525970459,-4
-4.123105525970459,-4
-4.123105525970459,-4
-4.123105525970459,-4
-4.123105525970459,-4
-4.123105525970459,-4
-4.123105525970459,-4
-4.123105525970459,-4
-4.123105525970459,-4
-4.123105525970459,-4
-4.123105525970459,-4
-4.123105525970459,-4
-4.123105525970459,-4
-4.123105525970459,-4
-4.123105525970459,-4
-4.123105525970459,-4
-4.123105525970459,-4
-4.123105525970459,-4
-4.123105525970459,-4
-4.123105525970459,-4
-4.123105525970459,-4
-4.123105525970459,-4
-4.123105525970459,-4
-4.123105525970459,-4
-4.123105525970459,-4
-4.123105525970459,-4
-4.123105525970459,-4
-4.123105525970459,-4
-4.123105525970459,-4
-4.123105525970459,-4
-4.123105525970459,-4
-4.123105525970459,-4
-4.123105525970459,-4
-4.123105525970459,-4
-4.123105525970459,-4
-4.123105525970459,-4
-4.123105525970459,-4
-4.123105525970459,-4
-4.123105525970459,-4
-4.123105525970459,-4
-4.123105525970459,-4
-4.123105525970459,-4
-4.123105525970459,-4
-4.123105525970459,-4
-4.123105525970459,-4
-4.123105525970459,-4
-4.123105525970459,-4
-4.123105525970459,-4
-4.123105525970459,-4
-4.123105525970459,-4
-4.123105525970459,-4
-4.123105525970459,-4
-4.123105525970459,-4
-4.123105525970459,-4
-4.123105525970459,-4
-4.123105525970459,-4
-4.123105525970459,-4
-4.123105525970459,-4
-4.123105525970459,-4
-4.123105525970459,-4
-4.123105525970459,-4
-4.123105525970459,-4
-4.123105525970459,-4
-4.123105525970459,-4
-4.123105525970459,-4
-4.123105525970459,-4
-4.123105525970459,-4
-4.123105525970459,-4
-4.123105525970459,-4
-4.123105525970459,-4
-4.123105525970459,-4
-4.123105525970459,-4
-4.123105525970459,-4
-4.123105525970459,-4
-4.123105525970459,-4
-4.123105525970459,-4
-4.123105525970459,-4
-4.123105525970459,-4
-4.123105525970459,-4
-4.123105525970459,-4
-4.123105525970459,-4
-4.123105525970459,-4
-4.123105525970459,-4
-4.123105525970459,-4
-4.123105525970459,-4
-4.123105525970459,-4
-4.123105525970459,-4
-4.123105525970459,-4
-4.123105525970459,-4
-4.123105525970459,-4
-4.123105525970459,-4
-4.123105525970459,-4
-4.123105525970459,-4
-4.123105525970459,-4
-4.123105525970459,-4
-4.123105525970459,-4
-4.123105525970459,-4
-4.123105525970459,-4
-4.123105525970459,-4
-4.123105525970459,-4
-4.123105525970459,-4
-4.123105525970459,-4
-4.123105525970459,-4
-4.123105525970459,-4
-4.123105525970459,-4
-4.123105525970459,-4
-4.123105525970459,-4
-4.123105525970459,-4
-4.123105525970459,-4
-4.123105525970459,-4
-4.123105525970459,-4
-4.123105525970459,-4
-4.123105525970459,-4
-4.123105525970459,-4
-4.123105525970459,-4
-4.123105525970459,-4
-4.123105525970459,-4
-4.123105525970459,-4
-4.123105525970459,-4
-4.123105525970459,-4
-4.123105525970459,-4
-4.123105525970459,-4
-4.123105525970459,-4
-4.123105525970459,-4
-4.123105525970459,-4
-4.123105525970459,-4
-4.123105525970459,-4
-4.123105525970459,-4
-4.123105525970459,-4
-4.123105525970459,-4
-4.123105525970459,-4
-4.123105525970459,-4
-4.123105525970459,-4
-4.123105525970459,-4
-4.123105525970459,-4
-4.123105525970459,-4
-4.123105525970459,-4
-4.123105525970459,-4
-4.123105525970459,-4
-4.123105525970459,-4
-4.123105525970459,-4
-4.123105525970459,-4
-4.123105525970459,-4
-4.123105525970459,-4
-4.123105525970459,-4
-4.123105525970459,-4
-4.123105525970459,-3.7416574954986572
-4.123105525970459,-3.7416574954986572
-4.123105525970459,-3.7416574954986572
-4.123105525970459,-3.7416574954986572
-4.123105525970459,-3.7416574954986572
-4.123105525970459,-3.7416574954986572
-4.123105525970459,-3.7416574954986572
-4.123105525970459,-3.7416574954986572
-4.123105525970459,-3.7416574954986572
-4.123105525970459,-3.7416574954986572
-4.123105525970459,-3.7416574954986572
-4.123105525970459,-3.7416574954986572
-4.123105525970459,-3.7416574954986572
-4.123105525970459,-3.7416574954986572
-4.123105525970459,-3.7416574954986572
-4.123105525970459,-3.7416574954986572
-4.123105525970459,-3.7416574954986572
-4.123105525970459,-3.7416574954986572
-4.123105525970459,-3.7416574954986572
-4.123105525970459,-3.7416574954986572
-4.123105525970459,-3.7416574954986572
-4.123105525970459,-3.7416574954986572
-4.123105525970459,-3.7416574954986572
-4.123105525970459,-3.7416574954986572
-4.123105525970459,-3.7416574954986572
-4.123105525970459,-3.7416574954986572
-4.123105525970459,-3.7416574954986572
-4.123105525970459,-3.7416574954986572
-4.123105525970459,-3.7416574954986572
-4.123105525970459,-3.7416574954986572
-4.123105525970459,-3.7416574954986572
-4.123105525970459,-3.7416574954986572
-4.123105525970459,-3.7416574954986572
-4.123105525970459,-3.7416574954986572
-4.123105525970459,-3.7416574954986572
-4.123105525970459,-3.7416574954986572
-4.123105525970459,-3.7416574954986572
-4.123105525970459,-3.7416574954986572
-4.123105525970459,-3.7416574954986572
-4.123105525970459,-3.7416574954986572
-4.123105525970459,-3.7416574954986572
-4.123105525970459,-3.7416574954986572
-4.123105525970459,-3.7416574954986572
-4.123105525970459,-3.7416574954986572
-4.123105525970459,-3.7416574954986572
-4.123105525970459,-3.7416574954986572
-4.123105525970459,-3.7416574954986572
-4.123105525970459,-3.7416574954986572
-4.123105525970459,-3.7416574954986572
-4.123105525970459,-3.7416574954986572
-4.123105525970459,-3.7416574954986572
-4.123105525970459,-3.7416574954986572
-4.123105525970459,-3.7416574954986572
-4.123105525970459,-3.7416574954986572
-4.123105525970459,-3.7416574954986572
-4.123105525970459,-3.7416574954986572
-4.123105525970459,-3.7416574954986572
-4.123105525970459,-3.7416574954986572
-4.123105525970459,-3.7416574954986572
-4.123105525970459,-3.7416574954986572
-4.123105525970459,-3.7416574954986572
-4.123105525970459,-3.7416574954986572
-4.123105525970459,-3.7416574954986572
-4.123105525970459,-3.7416574954986572
-4.123105525970459,-3.7416574954986572
-4.123105525970459,-3.7416574954986572
-4.123105525970459,-3.7416574954986572
-4.123105525970459,-3.7416574954986572
-4.123105525970459,-3.7416574954986572
-4.123105525970459,-3.7416574954986572
-4.123105525970459,-3.7416574954986572
-4.123105525970459,-3.7416574954986572
-4.123105525970459,-3.7416574954986572
-4.123105525970459,-3.7416574954986572
-4.123105525970459,-3.7416574954986572
-4.123105525970459,-3.7416574954986572
-4.123105525970459,-3.7416574954986572
-4.123105525970459,-3.7416574954986572
-4.123105525970459,-3.7416574954986572
-4.123105525970459,-3.7416574954986572
-4.123105525970459,-3.7416574954986572
-4.123105525970459,-3.7416574954986572
-4.123105525970459,-3.7416574954986572
-4.123105525970459,-3.7416574954986572
-4.123105525970459,-3.7416574954986572
-4.123105525970459,-3.7416574954986572
-4.123105525970459,-3.7416574954986572
-4.123105525970459,-3.7416574954986572
-4.123105525970459,-3.7416574954986572
-4.123105525970459,-3.7416574954986572
-4.123105525970459,-3.7416574954986572
-4.123105525970459,-3.7416574954986572
-4.123105525970459,-3.7416574954986572
-4.123105525970459,-3.7416574954986572
-4.123105525970459,-3.7416574954986572
-4.123105525970459,-3.7416574954986572
-4.123105525970459,-3.7416574954986572
-4.123105525970459,-3.7416574954986572
-4.123105525970459,-3.7416574954986572
-4.123105525970459,-3.7416574954986572
-4.123105525970459,-3.7416574954986572
-4.123105525970459,-3.7416574954986572
-4.123105525970459,-3.7416574954986572
-4.123105525970459,-3.7416574954986572
-4.123105525970459,-3.7416574954986572
-4.123105525970459,-3.7416574954986572
-4.123105525970459,-3.7416574954986572
-4.123105525970459,-3.7416574954986572
-4.123105525970459,-3.7416574954986572
-4.123105525970459,-3.7416574954986572
-4.123105525970459,-3.7416574954986572
-4.123105525970459,-3.7416574954986572
-4.123105525970459,-3.7416574954986572
-4.123105525970459,-3.7416574954986572
-4.123105525970459,-3.7416574954986572
-4.123105525970459,-3.7416574954986572
-4.123105525970459,-3.7416574954986572
-4.123105525970459,-3.7416574954986572
-4.123105525970459,-3.7416574954986572
-4.123105525970459,-3.7416574954986572
-4.123105525970459,-3.7416574954986572
-4.123105525970459,-3.7416574954986572
-4.123105525970459,-3.7416574954986572
-4.123105525970459,-3.7416574954986572
-4.123105525970459,-3.7416574954986572
-4.123105525970459,-3.7416574954986572
-4.123105525970459,-3.7416574954986572
-4.123105525970459,-3.7416574954986572
-4.123105525970459,-3.7416574954986572
-4.123105525970459,-3.7416574954986572
-4.123105525970459,-3.7416574954986572
-4.123105525970459,-3.7416574954986572
-4.123105525970459,-3.7416574954986572
-4.123105525970459,-3.7416574954986572
-4.123105525970459,-3.7416574954986572
-4.123105525970459,-3.7416574954986572
-4.123105525970459,-3.7416574954986572
-4.123105525970459,-3.7416574954986572
-4.123105525970459,-3.7416574954986572
-4.123105525970459,-3.7416574954986572
-4.123105525970459,-3.7416574954986572
-4.123105525970459,-3.7416574954986572
-4.123105525970459,-3.7416574954986572
-4.123105525970459,-3.7416574954986572
-4.123105525970459,-3.7416574954986572
-4.123105525970459,-3.7416574954986572
-4.123105525970459,-3.7416574954986572
-4.123105525970459,-3.7416574954986572
-4.123105525970459,-3.7416574954986572
-4.123105525970459,-3.7416574954986572
-4.123105525970459,-3.7416574954986572
-4.123105525970459,-3.7416574954986572
-4.123105525970459,-3.7416574954986572
-4.123105525970459,-3.7416574954986572
-4.123105525970459,-3.7416574954986572
-4.123105525970459,-3.7416574954986572
-4.123105525970459,-3.7416574954986572
-4.123105525970459,-3.7416574954986572
-4.123105525970459,-3.7416574954986572
-4.123105525970459,-3.7416574954986572
-4.123105525970459,-3.7416574954986572
-4.123105525970459,-3.7416574954986572
-4.123105525970459,-3.7416574954986572
-4.123105525970459,-3.7416574954986572
-4.123105525970459,-3.7416574954986572
-4.123105525970459,-3.7416574954986572
-4.123105525970459,-3.7416574954986572
-4.123105525970459,-3.7416574954986572
-4.123105525970459,-3.7416574954986572
-4.123105525970459,-3.7416574954986572
-4.123105525970459,-3.7416574954986572
-4.123105525970459,-3.7416574954986572
-4.123105525970459,-3.7416574954986572
-4.123105525970459,-3.7416574954986572
-4.123105525970459,-3.7416574954986572
-4.123105525970459,-3.7416574954986572
-4.123105525970459,-3.7416574954986572
-4.123105525970459,-3.7416574954986572
-4.123105525970459,-3.7416574954986572
-4.123105525970459,-3.7416574954986572
-4.123105525970459,-3.7416574954986572
-4.123105525970459,-3.7416574954986572
-4.123105525970459,-3.7416574954986572
-4.123105525970459,-3.7416574954986572
-4.123105525970459,-3.7416574954986572
-4.123105525970459,-3.7416574954986572
-4.123105525970459,-3.7416574954986572
-4.123105525970459,-3.7416574954986572
-4.123105525970459,-3.7416574954986572
-4.123105525970459,-3.7416574954986572
-4.123105525970459,-3.7416574954986572
-4.123105525970459,-3.7416574954986572
-4.123105525970459,-3.7416574954986572
-4.123105525970459,-3.7416574954986572
-4.123105525970459,-3.7416574954986572
-4.123105525970459,-3.7416574954986572
-4.123105525970459,-3.7416574954986572
-4.123105525970459,-3.7416574954986572
-4.123105525970459,-3.7416574954986572
-4.123105525970459,-3.7416574954986572
-4.123105525970459,-3.7416574954986572
-4.123105525970459,-3.7416574954986572
-4.123105525970459,-3.7416574954986572
-4.123105525970459,-3.7416574954986572
-4.123105525970459,-3.7416574954986572
-4.123105525970459,-3.7416574954986572
-4.123105525970459,-3.7416574954986572
-4.123105525970459,-3.7416574954986572
-4.123105525970459,-3.7416574954986572
-4.123105525970459,-3.7416574954986572
-4.123105525970459,-3.7416574954986572
-4.123105525970459,-3.7416574954986572
-4.123105525970459,-3.7416574954986572
-4.123105525970459,-3.7416574954986572
-4.123105525970459,-3.7416574954986572
-4.123105525970459,-3.7416574954986572
-4.123105525970459,-3.7416574954986572
-4.123105525970459,-3.7416574954986572
-4.123105525970459,-3.7416574954986572
-4.123105525970459,-3.7416574954986572
-4.123105525970459,-3.7416574954986572
-4.123105525970459,-3.7416574954986572
-4.123105525970459,-3.7416574954986572
-4.123105525970459,-3.7416574954986572
-4.123105525970459,-3.7416574954986572
-4.123105525970459,-3.7416574954986572
-4.123105525970459,-3.7416574954986572
-4.123105525970459,-3.7416574954986572
-4.123105525970459,-3.7416574954986572
-4.123105525970459,-3.7416574954986572
-4.123105525970459,-3.7416574954986572
-4.123105525970459,-3.7416574954986572
-4.123105525970459,-3.7416574954986572
-4.123105525970459,-3.7416574954986572
-4.123105525970459,-3.7416574954986572
-4.123105525970459,-3.7416574954986572
-4.123105525970459,-3.7416574954986572
-4.123105525970459,-3.7416574954986572
-4.123105525970459,-3.7416574954986572
-4.123105525970459,-3.7416574954986572
-4.123105525970459,-3.7416574954986572
-4.123105525970459,-3.7416574954986572
-4.123105525970459,-3.7416574954986572
-4.123105525970459,-3.7416574954986572
-4.123105525970459,-3.7416574954986572
-4.123105525970459,-3.7416574954986572
-4.123105525970459,-3.7416574954986572
-4.123105525970459,-3.7416574954986572
-4.123105525970459,-3.7416574954986572
-4.123105525970459,-3.7416574954986572
-4.123105525970459,-3.7416574954986572
-4.123105525970459,-3.7416574954986572
-4.123105525970459,-3.7416574954986572
-4.123105525970459,-3.7416574954986572
-4.123105525970459,-3.7416574954986572
-4.123105525970459,-3.7416574954986572
-4.123105525970459,-3.7416574954986572
-4.123105525970459,-3.7416574954986572
-4.123105525970459,-3.7416574954986572
-4.123105525970459,-3.7416574954986572
-4.123105525970459,-3.7416574954986572
-4.123105525970459,-3.7416574954986572
-4.123105525970459,-3.7416574954986572
-4.123105525970459,-3.7416574954986572
-4.123105525970459,-3.7416574954986572
-4.123105525970459,-3.7416574954986572
-4.123105525970459,-3.7416574954986572
-4.123105525970459,-3.7416574954986572
-4.123105525970459,-3.7416574954986572
-4.123105525970459,-3.7416574954986572
-4.123105525970459,-3.7416574954986572
-4.123105525970459,-3.7416574954986572
-4.123105525970459,-3.7416574954986572
-4.123105525970459,-3.7416574954986572
-4.123105525970459,-3.7416574954986572
-4.123105525970459,-3.7416574954986572
-4.123105525970459,-3.7416574954986572
-4.123105525970459,-3.7416574954986572
-4.123105525970459,-3.7416574954986572
-4.123105525970459,-3.7416574954986572
-4.123105525970459,-3.7416574954986572
-4.123105525970459,-3.7416574954986572
-4.123105525970459,-3.7416574954986572
-4.123105525970459,-3.7416574954986572
-4.123105525970459,-3.7416574954986572
-4.123105525970459,-3.7416574954986572
-4.123105525970459,-3.7416574954986572
-4.123105525970459,-3.7416574954986572
-4.123105525970459,-3.7416574954986572
-4.123105525970459,-3.7416574954986572
-4.123105525970459,-3.7416574954986572
-4.123105525970459,-3.7416574954986572
-4.123105525970459,-3.7416574954986572
-4.123105525970459,-3.7416574954986572
-4.123105525970459,-3.7416574954986572
-4.123105525970459,-3.7416574954986572
-4.123105525970459,-3.7416574954986572
-4.123105525970459,-3.7416574954986572
-4.123105525970459,-3.7416574954986572
-4.123105525970459,-3.7416574954986572
-4.123105525970459,-3.7416574954986572
-4.123105525970459,-3.7416574954986572
-4.123105525970459,-3.7416574954986572
-4.123105525970459,-3.7416574954986572
-4.123105525970459,-3.7416574954986572
-4.123105525970459,-3.7416574954986572
-4.123105525970459,-3.7416574954986572
-4.123105525970459,-3.7416574954986572
-4.123105525970459,-3.7416574954986572
-4.123105525970459,-3.7416574954986572
-4.123105525970459,-3.7416574954986572
-4.123105525970459,-3.7416574954986572
-4.123105525970459,-3.7416574954986572
-4.123105525970459,-3.7416574954986572
-4.123105525970459,-3.7416574954986572
-4.123105525970459,-3.7416574954986572
-4.123105525970459,-3.7416574954986572
-4.123105525970459,-3.7416574954986572
-4.123105525970459,-3.7416574954986572
-4.123105525970459,-3.7416574954986572
-4.123105525970459,-3.7416574954986572
-4.123105525970459,-3.7416574954986572
-4.123105525970459,-3.7416574954986572
-4.123105525970459,-3.7416574954986572
-4.123105525970459,-3.7416574954986572
-4.123105525970459,-3.7416574954986572
-4.123105525970459,-3.7416574954986572
-4.123105525970459,-3.7416574954986572
-4.123105525970459,-3.7416574954986572
-4.123105525970459,-3.7416574954986572
-4.123105525970459,-3.7416574954986572
-4.123105525970459,-3.7416574954986572
-4.123105525970459,-3.7416574954986572
-4.123105525970459,-3.7416574954986572
-4.123105525970459,-3.7416574954986572
-4.123105525970459,-3.7416574954986572
-4.123105525970459,-3.7416574954986572
-4.123105525970459,-3.7416574954986572
-4.123105525970459,-3.7416574954986572
-4.123105525970459,-3.7416574954986572
-4.123105525970459,-3.7416574954986572
-4.123105525970459,-3.7416574954986572
-4.123105525970459,-3.7416574954986572
-4.123105525970459,-3.7416574954986572
-4.123105525970459,-3.7416574954986572
-4.123105525970459,-3.7416574954986572
-4.123105525970459,-3.7416574954986572
-4.123105525970459,-3.7416574954986572
-4.123105525970459,-3.7416574954986572
-4.123105525970459,-3.7416574954986572
-4.123105525970459,-3.7416574954986572
-4.123105525970459,-3.7416574954986572
-4.123105525970459,-3.7416574954986572
-4.123105525970459,-3.7416574954986572
-4.123105525970459,-3.7416574954986572
-4.123105525970459,-3.7416574954986572
-4.123105525970459,-3.7416574954986572
-4.123105525970459,-3.7416574954986572
-4.123105525970459,-3.7416574954986572
-4.123105525970459,-3.7416574954986572
-4.123105525970459,-3.7416574954986572
-4.123105525970459,-3.7416574954986572
-4.123105525970459,-3.7416574954986572
-4.123105525970459,-3.7416574954986572
-4.123105525970459,-3.7416574954986572
-4.123105525970459,-3.7416574954986572
-4.123105525970459,-3.7416574954986572
-4.123105525970459,-3.7416574954986572
-4.123105525970459,-3.7416574954986572
-4.123105525970459,-3.7416574954986572
-4.123105525970459,-3.7416574954986572
-4.123105525970459,-3.7416574954986572
-4.123105525970459,-3.7416574954986572
-4.123105525970459,-3.7416574954986572
-4.123105525970459,-3.7416574954986572
-4.123105525970459,-3.7416574954986572
-4.123105525970459,-3.7416574954986572
-4.123105525970459,-3.7416574954986572
-4.123105525970459,-3.7416574954986572
-4.123105525970459,-3.7416574954986572
-4.123105525970459,-3.7416574954986572
-4.123105525970459,-3.7416574954986572
-4.123105525970459,-3.7416574954986572
-4.123105525970459,-3.7416574954986572
-4.123105525970459,-3.7416574954986572
-4.123105525970459,-3.7416574954986572
-4.123105525970459,-3.7416574954986572
-4.123105525970459,-3.7416574954986572
-4.123105525970459,-3.7416574954986572
-4.123105525970459,-3.7416574954986572
-4.123105525970459,-3.7416574954986572
-4.123105525970459,-3.7416574954986572
-4.123105525970459,-3.7416574954986572
-4.123105525970459,-3.7416574954986572
-4.123105525970459,-3.7416574954986572
-4.123105525970459,-3.7416574954986572
-4.123105525970459,-3.7416574954986572
-4.123105525970459,-3.7416574954986572
-4.123105525970459,-3.7416574954986572
-4.123105525970459,-3.7416574954986572
-4.123105525970459,-3.7416574954986572
-4.123105525970459,-3.7416574954986572
-4.123105525970459,-3.7416574954986572
-4.123105525970459,-3.7416574954986572
-4.123105525970459,-3.7416574954986572
-4.123105525970459,-3.7416574954986572
-4.123105525970459,-3.7416574954986572
-4.123105525970459,-3.7416574954986572
-4.123105525970459,-3.7416574954986572
-4.123105525970459,-3.7416574954986572
-4.123105525970459,-3.7416574954986572
-4.123105525970459,-3.7416574954986572
-4.123105525970459,-3.7416574954986572
-4.123105525970459,-3.7416574954986572
-4.123105525970459,-3.7416574954986572
-4.123105525970459,-3.7416574954986572
-4.123105525970459,-3.7416574954986572
-4.123105525970459,-3.7416574954986572
-4.123105525970459,-3.7416574954986572
-4.123105525970459,-3.7416574954986572
-4.123105525970459,-3.7416574954986572
-4.123105525970459,-3.7416574954986572
-4.123105525970459,-3.7416574954986572
-4.123105525970459,-3.7416574954986572
-4.123105525970459,-3.7416574954986572
-4.123105525970459,-3.7416574954986572
-4.123105525970459,-3.7416574954986572
-4.123105525970459,-3.7416574954986572
-4.123105525970459,-3.7416574954986572
-4.123105525970459,-3.7416574954986572
-4.123105525970459,-3.7416574954986572
-4.123105525970459,-3.7416574954986572
-4.123105525970459,-3.7416574954986572
-4.123105525970459,-3.7416574954986572
-4.123105525970459,-3.7416574954986572
-4.123105525970459,-3.7416574954986572
-4.123105525970459,-3.7416574954986572
-4.123105525970459,-3.7416574954986572
-4.123105525970459,-3.7416574954986572
-4.123105525970459,-3.7416574954986572
-4.123105525970459,-3.7416574954986572
-4.123105525970459,-3.7416574954986572
-4.123105525970459,-3.7416574954986572
-4.123105525970459,-3.7416574954986572
-4.123105525970459,-3.7416574954986572
-4.123105525970459,-3.7416574954986572
-4.123105525970459,-3.7416574954986572
-4.123105525970459,-3.7416574954986572
-4.123105525970459,-3.7416574954986572
-4.123105525970459,-3.7416574954986572
-4.123105525970459,-3.7416574954986572
-4.123105525970459,-3.7416574954986572
-4.123105525970459,-3.7416574954986572
-4.123105525970459,-3.7416574954986572
-4.123105525970459,-3.7416574954986572
-4.123105525970459,-3.7416574954986572
-4.123105525970459,-3.7416574954986572
-4.123105525970459,-3.7416574954986572
-4.123105525970459,-3.7416574954986572
-4.123105525970459,-3.7416574954986572
-4.123105525970459,-3.7416574954986572
-4.123105525970459,-3.7416574954986572
-4.123105525970459,-3.7416574954986572
-4.123105525970459,-3.7416574954986572
-4.123105525970459,-3.7416574954986572
-4.123105525970459,-3.7416574954986572
-4.123105525970459,-3.7416574954986572
-4.123105525970459,-3.7416574954986572
-4.123105525970459,-3.7416574954986572
-4.123105525970459,-3.7416574954986572
-4.123105525970459,-3.7416574954986572
-4.123105525970459,-3.7416574954986572
-4.123105525970459,-3.7416574954986572
-4.123105525970459,-3.7416574954986572
-4.123105525970459,-3.7416574954986572
-4.123105525970459,-3.7416574954986572
-4.123105525970459,-3.7416574954986572
-4.123105525970459,-3.7416574954986572
-4.123105525970459,-3.7416574954986572
-4.123105525970459,-3.7416574954986572
-4.123105525970459,-3.7416574954986572
-4.123105525970459,-3.7416574954986572
-4.123105525970459,-3.7416574954986572
-4.123105525970459,-3.7416574954986572
-4.123105525970459,-3.7416574954986572
-4.123105525970459,-3.7416574954986572
-4.123105525970459,-3.7416574954986572
-4.123105525970459,-3.7416574954986572
-4.123105525970459,-3.7416574954986572
-4.123105525970459,-3.7416574954986572
-4.123105525970459,-3.7416574954986572
-4.123105525970459,-3.7416574954986572
-4.123105525970459,-3.7416574954986572
-4.123105525970459,-3.7416574954986572
-4.123105525970459,-3.7416574954986572
-4.123105525970459,-3.7416574954986572
-4.123105525970459,-3.7416574954986572
-4.123105525970459,-3.7416574954986572
-4.123105525970459,-3.7416574954986572
-4.123105525970459,-3.7416574954986572
-4.123105525970459,-3.7416574954986572
-4.123105525970459,-3.7416574954986572
-4.123105525970459,-3.7416574954986572
-4.123105525970459,-3.7416574954986572
-4.123105525970459,-3.7416574954986572
-4.123105525970459,-3.7416574954986572
-4.123105525970459,-3.7416574954986572
-4.123105525970459,-3.7416574954986572
-4.123105525970459,-3.7416574954986572
-4.123105525970459,-3.7416574954986572
-4.123105525970459,-3.7416574954986572
-4.123105525970459,-3.7416574954986572
-4.123105525970459,-3.7416574954986572
-4.123105525970459,-3.7416574954986572
-4.123105525970459,-3.7416574954986572
-4.123105525970459,-3.7416574954986572
-4.123105525970459,-3.7416574954986572
-4.123105525970459,-3.7416574954986572
-4.123105525970459,-3.7416574954986572
-4.123105525970459,-3.7416574954986572
-4.123105525970459,-3.7416574954986572
-4.123105525970459,-3.7416574954986572
-4.123105525970459,-3.7416574954986572
-4.123105525970459,-3.7416574954986572
-4.123105525970459,-3.7416574954986572
-4.123105525970459,-3.7416574954986572
-4.123105525970459,-3.7416574954986572
-4.123105525970459,-3.7416574954986572
-4.123105525970459,-3.7416574954986572
-4.123105525970459,-3.7416574954986572
-4.123105525970459,-3.7416574954986572
-4.123105525970459,-3.7416574954986572
-4.123105525970459,-3.7416574954986572
-4.123105525970459,-3.7416574954986572
-4.123105525970459,-3.7416574954986572
-4.123105525970459,-3.7416574954986572
-4.123105525970459,-3.7416574954986572
-4.123105525970459,-3.7416574954986572
-4.123105525970459,-3.7416574954986572
-4.123105525970459,-3.7416574954986572
-4.123105525970459,-3.7416574954986572
-4.123105525970459,-3.7416574954986572
-4.123105525970459,-3.7416574954986572
-4.123105525970459,-3.7416574954986572
-4.123105525970459,-3.7416574954986572
-4.123105525970459,-3.7416574954986572
-4.123105525970459,-3.7416574954986572
-4.123105525970459,-3.7416574954986572
-4.123105525970459,-3.7416574954986572
-4.123105525970459,-3.7416574954986572
-4.123105525970459,-3.7416574954986572
-4.123105525970459,-3.7416574954986572
-4.123105525970459,-3.7416574954986572
-4.123105525970459,-3.7416574954986572
-4.123105525970459,-3.7416574954986572
-4.123105525970459,-3.7416574954986572
-4.123105525970459,-3.7416574954986572
-4.123105525970459,-3.7416574954986572
-4.123105525970459,-3.7416574954986572
-4.123105525970459,-3.7416574954986572
-4.123105525970459,-3.7416574954986572
-4.123105525970459,-3.7416574954986572
-4.123105525970459,-3.7416574954986572
-4.123105525970459,-3.7416574954986572
-4.123105525970459,-3.7416574954986572
-4.123105525970459,-3.7416574954986572
-4.123105525970459,-3.7416574954986572
-4.123105525970459,-3.7416574954986572
-4.123105525970459,-3.7416574954986572
-4.123105525970459,-3.7416574954986572
-4.123105525970459,-3.7416574954986572
-4.123105525970459,-3.7416574954986572
-4.123105525970459,-3.7416574954986572
-4.123105525970459,-3.7416574954986572
-4.123105525970459,-3.7416574954986572
-4.123105525970459,-3.7416574954986572
-4.123105525970459,-3.7416574954986572
-4.123105525970459,-3.7416574954986572
-4.123105525970459,-3.7416574954986572
-4.123105525970459,-3.7416574954986572
-4.123105525970459,-3.7416574954986572
-4.123105525970459,-3.7416574954986572
-4.123105525970459,-3.7416574954986572
-4.123105525970459,-3.7416574954986572
-4.123105525970459,-3.7416574954986572
-4.123105525970459,-3.7416574954986572
-4.123105525970459,-3.7416574954986572
-4.123105525970459,-3.7416574954986572
-4.123105525970459,-3.7416574954986572
-4.123105525970459,-3.7416574954986572
-4.123105525970459,-3.7416574954986572
-4.123105525970459,-3.7416574954986572
-4.123105525970459,-3.7416574954986572
-4.123105525970459,-3.7416574954986572
-4.123105525970459,-3.7416574954986572
-4.123105525970459,-3.7416574954986572
-4.123105525970459,-3.7416574954986572
-4.123105525970459,-3.7416574954986572
-4.123105525970459,-3.7416574954986572
-4.123105525970459,-3.7416574954986572
-4.123105525970459,-3.7416574954986572
-4.123105525970459,-3.7416574954986572
-4.123105525970459,-3.7416574954986572
-4.123105525970459,-3.7416574954986572
-4.123105525970459,-3.7416574954986572
-4.123105525970459,-3.7416574954986572
-4.123105525970459,-3.7416574954986572
-4.123105525970459,-3.7416574954986572
-4.123105525970459,-3.7416574954986572
-4.123105525970459,-3.7416574954986572
-4.123105525970459,-3.7416574954986572
-4.123105525970459,-3.7416574954986572
-4.123105525970459,-3.7416574954986572
-4.123105525970459,-3.7416574954986572
-4.123105525970459,-3.7416574954986572
-4.123105525970459,-3.7416574954986572
-4.123105525970459,-3.7416574954986572
-4.123105525970459,-3.7416574954986572
-4.123105525970459,-3.7416574954986572
-4.123105525970459,-3.7416574954986572
-4.123105525970459,-3.7416574954986572
-4.123105525970459,-3.7416574954986572
-4.123105525970459,-3.7416574954986572
-4.123105525970459,-3.7416574954986572
-4.123105525970459,-3.7416574954986572
-4.123105525970459,-3.7416574954986572
-4.123105525970459,-3.7416574954986572
-4.123105525970459,-3.7416574954986572
-4.123105525970459,-3.7416574954986572
-4.123105525970459,-3.7416574954986572
-4.123105525970459,-3.7416574954986572
-4.123105525970459,-3.7416574954986572
-4.123105525970459,-3.7416574954986572
-4.123105525970459,-3.7416574954986572
-4.123105525970459,-3.7416574954986572
-4.123105525970459,-3.7416574954986572
-4.123105525970459,-3.7416574954986572
-4.123105525970459,-3.7416574954986572
-4.123105525970459,-3.7416574954986572
-4.123105525970459,-3.7416574954986572
-4.123105525970459,-3.7416574954986572
-4.123105525970459,-3.7416574954986572
-4.123105525970459,-3.7416574954986572
-4.123105525970459,-3.7416574954986572
-4.123105525970459,-3.7416574954986572
-4.123105525970459,-3.7416574954986572
-4.123105525970459,-3.7416574954986572
-4.123105525970459,-3.7416574954986572
-4.123105525970459,-3.7416574954986572
-4.123105525970459,-3.7416574954986572
-4.123105525970459,-3.7416574954986572
-4.123105525970459,-3.7416574954986572
-4.123105525970459,-3.7416574954986572
-4.123105525970459,-3.7416574954986572
-4.123105525970459,-3.7416574954986572
-4.123105525970459,-3.7416574954986572
-4.123105525970459,-3.7416574954986572
-4.123105525970459,-3.7416574954986572
-4.123105525970459,-3.7416574954986572
-4.123105525970459,-3.7416574954986572
-4.123105525970459,-3.7416574954986572
-4.123105525970459,-3.7416574954986572
-4.123105525970459,-3.7416574954986572
-4.123105525970459,-3.7416574954986572
-4.123105525970459,-3.7416574954986572
-4.123105525970459,-3.7416574954986572
-4.123105525970459,-3.7416574954986572
-4.123105525970459,-3.7416574954986572
-4.123105525970459,-3.7416574954986572
-4.123105525970459,-3.7416574954986572
-4.123105525970459,-3.7416574954986572
-4.123105525970459,-3.7416574954986572
-4.123105525970459,-3.7416574954986572
-4.123105525970459,-3.7416574954986572
-4.123105525970459,-3.7416574954986572
-4.123105525970459,-3.7416574954986572
-4.123105525970459,-3.7416574954986572
-4.123105525970459,-3.7416574954986572
-4.123105525970459,-3.7416574954986572
-4.123105525970459,-3.7416574954986572
-4.123105525970459,-3.7416574954986572
-4.123105525970459,-3.7416574954986572
-4.123105525970459,-3.7416574954986572
-4.123105525970459,-3.7416574954986572
-4.123105525970459,-3.7416574954986572
-4.123105525970459,-3.7416574954986572
-4.123105525970459,-3.7416574954986572
-4.123105525970459,-3.7416574954986572
-4.123105525970459,-3.7416574954986572
-4.123105525970459,-3.7416574954986572
-4.123105525970459,-3.7416574954986572
-4.123105525970459,-3.7416574954986572
-4.123105525970459,-3.7416574954986572
-4.123105525970459,-3.7416574954986572
-4.123105525970459,-3.7416574954986572
-4.123105525970459,-3.7416574954986572
-4.123105525970459,-3.7416574954986572
-4.123105525970459,-3.7416574954986572
-4.123105525970459,-3.7416574954986572
-4.123105525970459,-3.7416574954986572
-4.123105525970459,-3.7416574954986572
-4.123105525970459,-3.7416574954986572
-4.123105525970459,-3.7416574954986572
-4.123105525970459,-3.7416574954986572
-4.123105525970459,-3.7416574954986572
-4.123105525970459,-3.7416574954986572
-4.123105525970459,-3.7416574954986572
-4.123105525970459,-3.7416574954986572
-4.123105525970459,-3.7416574954986572
-4.123105525970459,-3.7416574954986572
-4.123105525970459,-3.7416574954986572
-4.123105525970459,-3.7416574954986572
-4.123105525970459,-3.7416574954986572
-4.123105525970459,-3.7416574954986572
-4.123105525970459,-3.7416574954986572
-4.123105525970459,-3.7416574954986572
-4.123105525970459,-3.7416574954986572
-4.123105525970459,-3.7416574954986572
-4.123105525970459,-3.7416574954986572
-4.123105525970459,-3.7416574954986572
-4.123105525970459,-3.7416574954986572
-4.123105525970459,-3.7416574954986572
-4.123105525970459,-3.7416574954986572
-4.123105525970459,-3.7416574954986572
-4.123105525970459,-3.7416574954986572
-4.123105525970459,-3.7416574954986572
-4.123105525970459,-3.7416574954986572
-4.123105525970459,-3.7416574954986572
-4.123105525970459,-3.7416574954986572
-4.123105525970459,-3.7416574954986572
-4.123105525970459,-3.7416574954986572
-4.123105525970459,-3.7416574954986572
-4.123105525970459,-3.7416574954986572
-4.123105525970459,-3.7416574954986572
-4.123105525970459,-3.7416574954986572
-4.123105525970459,-3.7416574954986572
-4.123105525970459,-3.7416574954986572
-4.123105525970459,-3.7416574954986572
-4.123105525970459,-3.7416574954986572
-4.123105525970459,-3.7416574954986572
-4.123105525970459,-3.7416574954986572
-4.123105525970459,-3.7416574954986572
-4.123105525970459,-3.7416574954986572
-4.123105525970459,-3.7416574954986572
-4.123105525970459,-3.7416574954986572
-4.123105525970459,-3.7416574954986572
-4.123105525970459,-3.7416574954986572
-4.123105525970459,-3.7416574954986572
-4.123105525970459,-3.7416574954986572
-4.123105525970459,-3.7416574954986572
-4.123105525970459,-3.7416574954986572
-4.123105525970459,-3.7416574954986572
-4.123105525970459,-3.7416574954986572
-4.123105525970459,-3.7416574954986572
-4.123105525970459,-3.7416574954986572
-4.123105525970459,-3.7416574954986572
-4.123105525970459,-3.7416574954986572
-4.123105525970459,-3.7416574954986572
-4.123105525970459,-3.7416574954986572
-4.123105525970459,-3.7416574954986572
-4.123105525970459,-3.7416574954986572
-4.123105525970459,-3.7416574954986572
-4.123105525970459,-3.7416574954986572
-4.123105525970459,-3.7416574954986572
-4.123105525970459,-3.7416574954986572
-4.123105525970459,-3.7416574954986572
-4.123105525970459,-3.7416574954986572
-4.123105525970459,-3.7416574954986572
-4.123105525970459,-3.7416574954986572
-4.123105525970459,-3.7416574954986572
-4.123105525970459,-3.7416574954986572
-4.123105525970459,-3.7416574954986572
-4.123105525970459,-3.7416574954986572
-4.123105525970459,-3.7416574954986572
-4.123105525970459,-3.7416574954986572
-4.123105525970459,-3.7416574954986572
-4.123105525970459,-3.7416574954986572
-4.123105525970459,-3.7416574954986572
-4.123105525970459,-3.7416574954986572
-4.123105525970459,-3.7416574954986572
-4.123105525970459,-3.7416574954986572
-4.123105525970459,-3.7416574954986572
-4.123105525970459,-3.7416574954986572
-4.123105525970459,-3.7416574954986572
-4.123105525970459,-3.7416574954986572
-4.123105525970459,-3.7416574954986572
-4.123105525970459,-3.7416574954986572
-4.123105525970459,-3.7416574954986572
-4.123105525970459,-3.7416574954986572
-4.123105525970459,-3.7416574954986572
-4.123105525970459,-3.7416574954986572
-4.123105525970459,-3.7416574954986572
-4.123105525970459,-3.7416574954986572
-4.123105525970459,-3.7416574954986572
-4.123105525970459,-3.7416574954986572
-4.123105525970459,-3.7416574954986572
-4.123105525970459,-3.7416574954986572
-4.123105525970459,-3.7416574954986572
-4.123105525970459,-3.7416574954986572
-4.123105525970459,-3.7416574954986572
-4.123105525970459,-3.7416574954986572
-4.123105525970459,-3.7416574954986572
-4.123105525970459,-3.7416574954986572
-4.123105525970459,-3.7416574954986572
-4.123105525970459,-3.7416574954986572
-4.123105525970459,-3.7416574954986572
-4.123105525970459,-3.7416574954986572
-4.123105525970459,-3.7416574954986572
-4.123105525970459,-3.7416574954986572
-4.123105525970459,-3.7416574954986572
-4.123105525970459,-3.7416574954986572
-4.123105525970459,-3.7416574954986572
-4.123105525970459,-3.7416574954986572
-4.123105525970459,-3.7416574954986572
-4.123105525970459,-3.7416574954986572
-4.123105525970459,-3.7416574954986572
-4.123105525970459,-3.7416574954986572
-4.123105525970459,-3.7416574954986572
-4.123105525970459,-3.7416574954986572
-4.123105525970459,-3.7416574954986572
-4.123105525970459,-3.7416574954986572
-4.123105525970459,-3.7416574954986572
-4.123105525970459,-3.7416574954986572
-4.123105525970459,-3.7416574954986572
-4.123105525970459,-3.7416574954986572
-4.123105525970459,-3.7416574954986572
-4.123105525970459,-3.7416574954986572
-4.123105525970459,-3.7416574954986572
-4.123105525970459,-3.7416574954986572
-4.123105525970459,-3.7416574954986572
-4.123105525970459,-3.7416574954986572
-4.123105525970459,-3.7416574954986572
-4.123105525970459,-3.7416574954986572
-4.123105525970459,-3.7416574954986572
-4.123105525970459,-3.7416574954986572
-4.123105525970459,-3.7416574954986572
-4.123105525970459,-3.7416574954986572
-4.123105525970459,-3.7416574954986572
-4.123105525970459,-3.7416574954986572
-4.123105525970459,-3.7416574954986572
-4.123105525970459,-3.7416574954986572
-4.123105525970459,-3.7416574954986572
-4.123105525970459,-3.7416574954986572
-4.123105525970459,-3.7416574954986572
-4.123105525970459,-3.7416574954986572
-4.123105525970459,-3.7416574954986572
-4.123105525970459,-3.7416574954986572
-4.123105525970459,-3.7416574954986572
-4.123105525970459,-3.7416574954986572
-4.123105525970459,-3.7416574954986572
-4.123105525970459,-3.7416574954986572
-4.123105525970459,-3.7416574954986572
-4.123105525970459,-3.7416574954986572
-4.123105525970459,-3.7416574954986572
-4.123105525970459,-3.7416574954986572
-4.123105525970459,-3.7416574954986572
-4.123105525970459,-3.7416574954986572
-4.123105525970459,-3.7416574954986572
-4.123105525970459,-3.7416574954986572
-4.123105525970459,-3.7416574954986572
-4.123105525970459,-3.7416574954986572
-4.123105525970459,-3.7416574954986572
-4.123105525970459,-3.7416574954986572
-4.123105525970459,-3.7416574954986572
-4.123105525970459,-3.7416574954986572
-4.123105525970459,-3.7416574954986572
-4.123105525970459,-3.7416574954986572
-4.123105525970459,-3.7416574954986572
-4.123105525970459,-3.7416574954986572
-4.123105525970459,-3.7416574954986572
-4.123105525970459,-3.7416574954986572
-4.123105525970459,-3.7416574954986572
-4.123105525970459,-3.7416574954986572
-4.123105525970459,-3.7416574954986572
-4.123105525970459,-3.7416574954986572
-4.123105525970459,-3.7416574954986572
-4.123105525970459,-3.7416574954986572
-4.123105525970459,-3.7416574954986572
-4.123105525970459,-3.7416574954986572
-4.123105525970459,-3.7416574954986572
-4.123105525970459,-3.7416574954986572
-4.123105525970459,-3.7416574954986572
-4.123105525970459,-3.7416574954986572
-4.123105525970459,-3.7416574954986572
-4.123105525970459,-3.7416574954986572
-4.123105525970459,-3.7416574954986572
-4.123105525970459,-3.7416574954986572
-4.123105525970459,-3.7416574954986572
-4.123105525970459,-3.7416574954986572
-4.123105525970459,-3.7416574954986572
-4.123105525970459,-3.7416574954986572
-4.123105525970459,-3.7416574954986572
-4.123105525970459,-3.7416574954986572
-4.123105525970459,-3.7416574954986572
-4.123105525970459,-3.7416574954986572
-4.123105525970459,-3.7416574954986572
-4.123105525970459,-3.7416574954986572
-4.123105525970459,-3.7416574954986572
-4.123105525970459,-3.7416574954986572
-4.123105525970459,-3.7416574954986572
-4.123105525970459,-3.7416574954986572
-4.123105525970459,-3.7416574954986572
-4.123105525970459,-3.7416574954986572
-4.123105525970459,-3.7416574954986572
-4.123105525970459,-3.7416574954986572
-4.123105525970459,-3.7416574954986572
-4.123105525970459,-3.7416574954986572
-4.123105525970459,-3.7416574954986572
-4.123105525970459,-3.7416574954986572
-4.123105525970459,-3.7416574954986572
-4.123105525970459,-3.7416574954986572
-4.123105525970459,-3.7416574954986572
-4.123105525970459,-3.7416574954986572
-4.123105525970459,-3.7416574954986572
-4.123105525970459,-3.7416574954986572
-4.123105525970459,-3.7416574954986572
-4.123105525970459,-3.7416574954986572
-4.123105525970459,-3.7416574954986572
-4.123105525970459,-3.7416574954986572
-4.123105525970459,-3.7416574954986572
-4.123105525970459,-3.7416574954986572
-4.123105525970459,-3.7416574954986572
-4.123105525970459,-3.7416574954986572
-4.123105525970459,-3.7416574954986572
-4.123105525970459,-3.7416574954986572
-4.123105525970459,-3.7416574954986572
-4.123105525970459,-3.7416574954986572
-4.123105525970459,-3.7416574954986572
-4.123105525970459,-3.7416574954986572
-4.123105525970459,-3.7416574954986572
-4.123105525970459,-3.7416574954986572
-4.123105525970459,-3.7416574954986572
-4.123105525970459,-3.7416574954986572
-4.123105525970459,-3.7416574954986572
-4.123105525970459,-3.7416574954986572
-4.123105525970459,-3.7416574954986572
-4.123105525970459,-3.7416574954986572
-4.123105525970459,-3.7416574954986572
-4.123105525970459,-3.7416574954986572
-4.123105525970459,-3.7416574954986572
-4.123105525970459,-3.7416574954986572
-4.123105525970459,-3.7416574954986572
-4.123105525970459,-3.7416574954986572
-4.123105525970459,-3.7416574954986572
-4.123105525970459,-3.7416574954986572
-4.123105525970459,-3.7416574954986572
-4.123105525970459,-3.7416574954986572
-4.123105525970459,-3.7416574954986572
-4.123105525970459,-3.7416574954986572
-4.123105525970459,-3.7416574954986572
-4.123105525970459,-3.7416574954986572
-4.123105525970459,-3.7416574954986572
-4.123105525970459,-3.7416574954986572
-4.123105525970459,-3.7416574954986572
-4.123105525970459,-3.7416574954986572
-4.123105525970459,-3.7416574954986572
-4.123105525970459,-3.7416574954986572
-4.123105525970459,-3.7416574954986572
-4.123105525970459,-3.7416574954986572
-4.123105525970459,-3.7416574954986572
-4.123105525970459,-3.7416574954986572
-4.123105525970459,-3.7416574954986572
-4.123105525970459,-3.7416574954986572
-4.123105525970459,-3.7416574954986572
-4.123105525970459,-3.7416574954986572
-4.123105525970459,-3.7416574954986572
-4.123105525970459,-3.7416574954986572
-4.123105525970459,-3.7416574954986572
-4.123105525970459,-3.7416574954986572
-4.123105525970459,-3.7416574954986572
-4.123105525970459,-3.7416574954986572
-4.123105525970459,-3.7416574954986572
-4.123105525970459,-3.7416574954986572
-4.123105525970459,-3.7416574954986572
-4.123105525970459,-3.7416574954986572
-4.123105525970459,-3.7416574954986572
-4.123105525970459,-3.7416574954986572
-4.123105525970459,-3.7416574954986572
-4.123105525970459,-3.7416574954986572
-4.123105525970459,-3.7416574954986572
-4.123105525970459,-3.7416574954986572
-4.123105525970459,-3.7416574954986572
-4.123105525970459,-3.7416574954986572
-4.123105525970459,-3.7416574954986572
-4.123105525970459,-3.7416574954986572
-4.123105525970459,-3.7416574954986572
-4.123105525970459,-3.7416574954986572
-4.123105525970459,-3.7416574954986572
-4.123105525970459,-3.7416574954986572
-4.123105525970459,-3.7416574954986572
-4.123105525970459,-3.7416574954986572
-4.123105525970459,-3.7416574954986572
-4.123105525970459,-3.7416574954986572
-4.123105525970459,-3.7416574954986572
-4.123105525970459,-3.7416574954986572
-4.123105525970459,-3.7416574954986572
-4.123105525970459,-3.7416574954986572
-4.123105525970459,-3.7416574954986572
-4.123105525970459,-3.7416574954986572
-4.123105525970459,-3.7416574954986572
-4.123105525970459,-3.7416574954986572
-4.123105525970459,-3.7416574954986572
-4.123105525970459,-3.7416574954986572
-4.123105525970459,-3.7416574954986572
-4.123105525970459,-3.7416574954986572
-4.123105525970459,-3.7416574954986572
-4.123105525970459,-3.7416574954986572
-4.123105525970459,-3.7416574954986572
-4.123105525970459,-3.7416574954986572
-4.123105525970459,-3.7416574954986572
-4.123105525970459,-3.7416574954986572
-4.123105525970459,-3.7416574954986572
-4.123105525970459,-3.7416574954986572
-4.123105525970459,-3.7416574954986572
-4.123105525970459,-3.7416574954986572
-4.123105525970459,-3.7416574954986572
-4.123105525970459,-3.7416574954986572
-4.123105525970459,-3.7416574954986572
-4.123105525970459,-3.7416574954986572
-4.123105525970459,-3.7416574954986572
-4.123105525970459,-3.7416574954986572
-4.123105525970459,-3.7416574954986572
-4.123105525970459,-3.7416574954986572
-4.123105525970459,-3.7416574954986572
-4.123105525970459,-3.7416574954986572
-4.123105525970459,-3.7416574954986572
-4.123105525970459,-3.7416574954986572
-4.123105525970459,-3.7416574954986572
-4.123105525970459,-3.7416574954986572
-4.123105525970459,-3.7416574954986572
-4.123105525970459,-3.7416574954986572
-4.123105525970459,-3.7416574954986572
-4.123105525970459,-3.7416574954986572
-4.123105525970459,-3.7416574954986572
-4.123105525970459,-3.7416574954986572
-4.123105525970459,-3.7416574954986572
-4.123105525970459,-3.7416574954986572
-4.123105525970459,-3.7416574954986572
-4.123105525970459,-3.7416574954986572
-4.123105525970459,-3.7416574954986572
-4.123105525970459,-3.7416574954986572
-4.123105525970459,-3.7416574954986572
-4.123105525970459,-3.7416574954986572
-4.123105525970459,-3.7416574954986572
-4.123105525970459,-3.7416574954986572
-4.123105525970459,-3.7416574954986572
-4.123105525970459,-3.7416574954986572
-4.123105525970459,-3.7416574954986572
-4.123105525970459,-3.7416574954986572
-4.123105525970459,-3.7416574954986572
-4.123105525970459,-3.7416574954986572
-4.123105525970459,-3.7416574954986572
-4.123105525970459,-3.7416574954986572
-4.123105525970459,-3.7416574954986572
-4.123105525970459,-3.7416574954986572
-4.123105525970459,-3.7416574954986572
-4.123105525970459,-3.7416574954986572
-4.123105525970459,-3.7416574954986572
-4.123105525970459,-3.7416574954986572
-4.123105525970459,-3.7416574954986572
-4.123105525970459,-3.7416574954986572
-4.123105525970459,-3.7416574954986572
-4.123105525970459,-3.7416574954986572
-4.123105525970459,-3.7416574954986572
-4.123105525970459,-3.7416574954986572
-4.123105525970459,-3.7416574954986572
-4.123105525970459,-3.7416574954986572
-4.123105525970459,-3.7416574954986572
-4.123105525970459,-3.7416574954986572
-4.123105525970459,-3.7416574954986572
-4.123105525970459,-3.7416574954986572
-4.123105525970459,-3.7416574954986572
-4.123105525970459,-3.7416574954986572
-4.123105525970459,-3.7416574954986572
-4.123105525970459,-3.7416574954986572
-4.123105525970459,-3.7416574954986572
-4.123105525970459,-3.7416574954986572
-4.123105525970459,-3.7416574954986572
-4.123105525970459,-3.7416574954986572
-4.123105525970459,-3.7416574954986572
-4.123105525970459,-3.7416574954986572
-4.123105525970459,-3.7416574954986572
-4.123105525970459,-3.7416574954986572
-4.123105525970459,-3.7416574954986572
-4.123105525970459,-3.7416574954986572
-4.123105525970459,-3.7416574954986572
-4.123105525970459,-3.7416574954986572
-4.123105525970459,-3.7416574954986572
-4.123105525970459,-3.7416574954986572
-4.123105525970459,-3.7416574954986572
-4.123105525970459,-3.7416574954986572
-4.123105525970459,-3.7416574954986572
-4.123105525970459,-3.7416574954986572
-4.123105525970459,-3.7416574954986572
-4.123105525970459,-3.7416574954986572
-4.123105525970459,-3.7416574954986572
-4.123105525970459,-3.7416574954986572
-4.123105525970459,-3.7416574954986572
-4.123105525970459,-3.7416574954986572
-4.123105525970459,-3.7416574954986572
-4.123105525970459,-3.7416574954986572
-4.123105525970459,-3.7416574954986572
-4.123105525970459,-3.7416574954986572
-4.123105525970459,-3.7416574954986572
-4.123105525970459,-3.7416574954986572
-4.123105525970459,-3.7416574954986572
-4.123105525970459,-3.7416574954986572
-4.123105525970459,-3.7416574954986572
-4.123105525970459,-3.7416574954986572
-4.123105525970459,-3.7416574954986572
-4.123105525970459,-3.7416574954986572
-4.123105525970459,-3.7416574954986572
-4.123105525970459,-3.7416574954986572
-4.123105525970459,-3.7416574954986572
-4.123105525970459,-3.7416574954986572
-4.123105525970459,-3.7416574954986572
-4.123105525970459,-3.7416574954986572
-4.123105525970459,-3.7416574954986572
-4.123105525970459,-3.7416574954986572
-4.123105525970459,-3.7416574954986572
-4.123105525970459,-3.7416574954986572
-4.123105525970459,-3.7416574954986572
-4.123105525970459,-3.7416574954986572
-4.123105525970459,-3.7416574954986572
-4.123105525970459,-3.7416574954986572
-4.123105525970459,-3.7416574954986572
-4.123105525970459,-3.7416574954986572
-4.123105525970459,-3.7416574954986572
-4.123105525970459,-3.7416574954986572
-4.123105525970459,-3.7416574954986572
-4.123105525970459,-3.7416574954986572
-4.123105525970459,-3.7416574954986572
-4.123105525970459,-3.7416574954986572
-4.123105525970459,-3.7416574954986572
-4.123105525970459,-3.7416574954986572
-4.123105525970459,-3.7416574954986572
-4.123105525970459,-3.7416574954986572
-4.123105525970459,-3.7416574954986572
-4.123105525970459,-3.7416574954986572
-4.123105525970459,-3.7416574954986572
-4.123105525970459,-3.7416574954986572
-4.123105525970459,-3.7416574954986572
-4.123105525970459,-3.7416574954986572
-4.123105525970459,-3.7416574954986572
-4.123105525970459,-3.7416574954986572
-4.123105525970459,-3.7416574954986572
-4.123105525970459,-3.7416574954986572
-4.123105525970459,-3.7416574954986572
-4.123105525970459,-3.7416574954986572
-4.123105525970459,-3.7416574954986572
-4.123105525970459,-3.7416574954986572
-4.123105525970459,-3.7416574954986572
-4.123105525970459,-3.7416574954986572
-4.123105525970459,-3.7416574954986572
-4.123105525970459,-3.7416574954986572
-4.123105525970459,-3.7416574954986572
-4.123105525970459,-3.7416574954986572
-4.123105525970459,-3.7416574954986572
-4.123105525970459,-3.7416574954986572
-4.123105525970459,-3.7416574954986572
-4.123105525970459,-3.7416574954986572
-4.123105525970459,-3.7416574954986572
-4.123105525970459,-3.7416574954986572
-4.123105525970459,-3.7416574954986572
-4.123105525970459,-3.7416574954986572
-4.123105525970459,-3.7416574954986572
-4.123105525970459,-3.7416574954986572
-4.123105525970459,-3.7416574954986572
-4.123105525970459,-3.7416574954986572
-4.123105525970459,-3.7416574954986572
-4.123105525970459,-3.7416574954986572
-4.123105525970459,-3.7416574954986572
-4.123105525970459,-3.7416574954986572
-4.123105525970459,-3.7416574954986572
-4.123105525970459,-3.7416574954986572
-4.123105525970459,-3.7416574954986572
-4.123105525970459,-3.7416574954986572
-4.123105525970459,-3.7416574954986572
-4.123105525970459,-3.7416574954986572
-4.123105525970459,-3.7416574954986572
-4.123105525970459,-3.7416574954986572
-4.123105525970459,-3.7416574954986572
-4.123105525970459,-3.7416574954986572
-4.123105525970459,-3.7416574954986572
-4.123105525970459,-3.7416574954986572
-4.123105525970459,-3.7416574954986572
-4.123105525970459,-3.7416574954986572
-4.123105525970459,-3.7416574954986572
-4.123105525970459,-3.7416574954986572
-4.123105525970459,-3.7416574954986572
-4.123105525970459,-3.7416574954986572
-4.123105525970459,-3.7416574954986572
-4.123105525970459,-3.7416574954986572
-4.123105525970459,-3.7416574954986572
-4.123105525970459,-3.7416574954986572
-4.123105525970459,-3.7416574954986572
-4.123105525970459,-3.7416574954986572
-4.123105525970459,-3.7416574954986572
-4.123105525970459,-3.7416574954986572
-4.123105525970459,-3.7416574954986572
-4.123105525970459,-3.7416574954986572
-4.123105525970459,-3.7416574954986572
-4.123105525970459,-3.7416574954986572
-4.123105525970459,-3.7416574954986572
-4.123105525970459,-3.7416574954986572
-4.123105525970459,-3.7416574954986572
-4.123105525970459,-3.7416574954986572
-4.123105525970459,-3.7416574954986572
-4.123105525970459,-3.7416574954986572
-4.123105525970459,-3.7416574954986572
-4.123105525970459,-3.7416574954986572
-4.123105525970459,-3.7416574954986572
-4.123105525970459,-3.7416574954986572
-4.123105525970459,-3.7416574954986572
-4.123105525970459,-3.7416574954986572
-4.123105525970459,-3.7416574954986572
-4.123105525970459,-3.7416574954986572
-4.123105525970459,-3.7416574954986572
-4.123105525970459,-3.7416574954986572
-4.123105525970459,-3.7416574954986572
-4.123105525970459,-3.7416574954986572
-4.123105525970459,-3.7416574954986572
-4.123105525970459,-3.7416574954986572
-4.123105525970459,-3.7416574954986572
-4.123105525970459,-3.7416574954986572
-4.123105525970459,-3.7416574954986572
-4.123105525970459,-3.7416574954986572
-4.123105525970459,-3.7416574954986572
-4.123105525970459,-3.7416574954986572
-4.123105525970459,-3.7416574954986572
-4.123105525970459,-3.7416574954986572
-4.123105525970459,-3.7416574954986572
-4.123105525970459,-3.7416574954986572
-4.123105525970459,-3.7416574954986572
-4.123105525970459,-3.7416574954986572
-4.123105525970459,-3.7416574954986572
-4.123105525970459,-3.7416574954986572
-4.123105525970459,-3.7416574954986572
-4.123105525970459,-3.7416574954986572
-4.123105525970459,-3.7416574954986572
-4.123105525970459,-3.7416574954986572
-4.123105525970459,-3.7416574954986572
-4.123105525970459,-3.7416574954986572
-4.123105525970459,-3.7416574954986572
-4.123105525970459,-3.7416574954986572
-4.123105525970459,-3.7416574954986572
-4.123105525970459,-3.7416574954986572
-4.123105525970459,-3.7416574954986572
-4.123105525970459,-3.7416574954986572
-4.123105525970459,-3.7416574954986572
-4.123105525970459,-3.7416574954986572
-4.123105525970459,-3.7416574954986572
-4.123105525970459,-3.7416574954986572
-4.123105525970459,-3.7416574954986572
-4.123105525970459,-3.7416574954986572
-4.123105525970459,-3.7416574954986572
-4.123105525970459,-3.7416574954986572
-4.123105525970459,-3.7416574954986572
-4.123105525970459,-3.7416574954986572
-4.123105525970459,-3.7416574954986572
-4.123105525970459,-3.7416574954986572
-4.123105525970459,-3.7416574954986572
-4.123105525970459,-3.7416574954986572
-4.123105525970459,-3.7416574954986572
-4.123105525970459,-3.7416574954986572
-4.123105525970459,-3.7416574954986572
-4.123105525970459,-3.7416574954986572
-4.123105525970459,-3.7416574954986572
-4.123105525970459,-3.7416574954986572
-4.123105525970459,-3.7416574954986572
-4.123105525970459,-3.7416574954986572
-4.123105525970459,-3.7416574954986572
-4.123105525970459,-3.7416574954986572
-4.123105525970459,-3.7416574954986572
-4.123105525970459,-3.7416574954986572
-4.123105525970459,-3.7416574954986572
-4.123105525970459,-3.7416574954986572
-4.123105525970459,-3.7416574954986572
-4.123105525970459,-3.7416574954986572
-4.123105525970459,-3.7416574954986572
-4.123105525970459,-3.7416574954986572
-4.123105525970459,-3.7416574954986572
-4.123105525970459,-3.7416574954986572
-4.123105525970459,-3.7416574954986572
-4.123105525970459,-3.7416574954986572
-4.123105525970459,-3.7416574954986572
-4.123105525970459,-3.7416574954986572
-4.123105525970459,-3.7416574954986572
-4.123105525970459,-3.7416574954986572
-4.123105525970459,-3.7416574954986572
-4.123105525970459,-3.7416574954986572
-4.123105525970459,-3.7416574954986572
-4.123105525970459,-3.7416574954986572
-4.123105525970459,-3.7416574954986572
-4.123105525970459,-3.7416574954986572
-4.123105525970459,-3.7416574954986572
-4.123105525970459,-3.7416574954986572
-4.123105525970459,-3.7416574954986572
-4.123105525970459,-3.7416574954986572
-4.123105525970459,-3.7416574954986572
-4.123105525970459,-3.7416574954986572
-4.123105525970459,-3.7416574954986572
-4.123105525970459,-3.7416574954986572
-4.123105525970459,-3.7416574954986572
-4.123105525970459,-3.7416574954986572
-4.123105525970459,-3.7416574954986572
-4.123105525970459,-3.7416574954986572
-4.123105525970459,-3.7416574954986572
-4.123105525970459,-3.7416574954986572
-4.123105525970459,-3.7416574954986572
-4.123105525970459,-3.7416574954986572
-4.123105525970459,-3.7416574954986572
-4.123105525970459,-3.7416574954986572
-4.123105525970459,-3.7416574954986572
-4.123105525970459,-3.7416574954986572
-4.123105525970459,-3.7416574954986572
-4.123105525970459,-3.7416574954986572
-4.123105525970459,-3.7416574954986572
-4.123105525970459,-3.7416574954986572
-4.123105525970459,-3.7416574954986572
-4.123105525970459,-3.7416574954986572
-4.123105525970459,-3.7416574954986572
-4.123105525970459,-3.7416574954986572
-4.123105525970459,-3.7416574954986572
-4.123105525970459,-3.7416574954986572
-4.123105525970459,-3.7416574954986572
-4.123105525970459,-3.7416574954986572
-4.123105525970459,-3.7416574954986572
-4.123105525970459,-3.7416574954986572
-4.123105525970459,-3.7416574954986572
-4.123105525970459,-3.7416574954986572
-4.123105525970459,-3.7416574954986572
-4.123105525970459,-3.7416574954986572
-4.123105525970459,-3.7416574954986572
-4.123105525970459,-3.7416574954986572
-4.123105525970459,-3.7416574954986572
-4.123105525970459,-3.7416574954986572
-4.123105525970459,-3.7416574954986572
-4.123105525970459,-3.7416574954986572
-4.123105525970459,-3.7416574954986572
-4.123105525970459,-3.7416574954986572
-4.123105525970459,-3.7416574954986572
-4.123105525970459,-3.7416574954986572
-4.123105525970459,-3.7416574954986572
-4.123105525970459,-3.7416574954986572
-4.123105525970459,-3.7416574954986572
-4.123105525970459,-3.7416574954986572
-4.123105525970459,-3.7416574954986572
-4.123105525970459,-3.7416574954986572
-4.123105525970459,-3.7416574954986572
-4.123105525970459,-3.7416574954986572
-4.123105525970459,-3.7416574954986572
-4.123105525970459,-3.7416574954986572
-4.123105525970459,-3.7416574954986572
-4.123105525970459,-3.7416574954986572
-4.123105525970459,-3.7416574954986572
-4.123105525970459,-3.7416574954986572
-4.123105525970459,-3.7416574954986572
-4.123105525970459,-3.7416574954986572
-4.123105525970459,-3.7416574954986572
-4.123105525970459,-3.7416574954986572
-4.123105525970459,-3.7416574954986572
-4.123105525970459,-3.7416574954986572
-4.123105525970459,-3.7416574954986572
-4.123105525970459,-3.7416574954986572
-4.123105525970459,-3.7416574954986572
-4.123105525970459,-3.7416574954986572
-4.123105525970459,-3.7416574954986572
-4.123105525970459,-3.7416574954986572
-4.123105525970459,-3.7416574954986572
-4.123105525970459,-3.7416574954986572
-4.123105525970459,-3.7416574954986572
-4.123105525970459,-3.7416574954986572
-4.123105525970459,-3.7416574954986572
-4.123105525970459,-3.7416574954986572
-4.123105525970459,-3.7416574954986572
-4.123105525970459,-3.7416574954986572
-4.123105525970459,-3.7416574954986572
-4.123105525970459,-3.7416574954986572
-4.123105525970459,-3.7416574954986572
-4.123105525970459,-3.7416574954986572
-4.123105525970459,-3.7416574954986572
-4.123105525970459,-3.7416574954986572
-4.123105525970459,-3.7416574954986572
-4.123105525970459,-3.7416574954986572
-4.123105525970459,-3.7416574954986572
-4.123105525970459,-3.7416574954986572
-4.123105525970459,-3.7416574954986572
-4.123105525970459,-3.7416574954986572
-4.123105525970459,-3.7416574954986572
-4.123105525970459,-3.7416574954986572
-4.123105525970459,-3.7416574954986572
-4.123105525970459,-3.7416574954986572
-4.123105525970459,-3.7416574954986572
-4.123105525970459,-3.7416574954986572
-4.123105525970459,-3.7416574954986572
-4.123105525970459,-3.7416574954986572
-4.123105525970459,-3.7416574954986572
-4.123105525970459,-3.7416574954986572
-4.123105525970459,-3.7416574954986572
-4.123105525970459,-3.7416574954986572
-4.123105525970459,-3.7416574954986572
-4.123105525970459,-3.7416574954986572
-4.123105525970459,-3.7416574954986572
-4.123105525970459,-3.7416574954986572
-4.123105525970459,-3.7416574954986572
-4.123105525970459,-3.7416574954986572
-4.123105525970459,-3.7416574954986572
-4.123105525970459,-3.7416574954986572
-4.123105525970459,-3.7416574954986572
-4.123105525970459,-3.7416574954986572
-4.123105525970459,-3.7416574954986572
-4.123105525970459,-3.7416574954986572
-4.123105525970459,-3.7416574954986572
-4.123105525970459,-3.7416574954986572
-4.123105525970459,-3.7416574954986572
-4.123105525970459,-3.7416574954986572
-4.123105525970459,-3.7416574954986572
-4.123105525970459,-3.7416574954986572
-4.123105525970459,-3.7416574954986572
-4.123105525970459,-3.7416574954986572
-4.123105525970459,-3.7416574954986572
-4.123105525970459,-3.7416574954986572
-4.123105525970459,-3.7416574954986572
-4.123105525970459,-3.7416574954986572
-4.123105525970459,-3.7416574954986572
-4.123105525970459,-3.7416574954986572
-4.123105525970459,-3.7416574954986572
-4.123105525970459,-3.7416574954986572
-4.123105525970459,-3.7416574954986572
-4.123105525970459,-3.7416574954986572
-4.123105525970459,-3.7416574954986572
-4.123105525970459,-3.7416574954986572
-4.123105525970459,-3.7416574954986572
-4.123105525970459,-3.7416574954986572
-4.123105525970459,-3.7416574954986572
-4.123105525970459,-3.7416574954986572
-4.123105525970459,-3.7416574954986572
-4.123105525970459,-3.7416574954986572
-4.123105525970459,-3.7416574954986572
-4.123105525970459,-3.7416574954986572
-4.123105525970459,-3.7416574954986572
-4.123105525970459,-3.7416574954986572
-4.123105525970459,-3.7416574954986572
-4.123105525970459,-3.7416574954986572
-4.123105525970459,-3.7416574954986572
-4.123105525970459,-3.7416574954986572
-4.123105525970459,-3.7416574954986572
-4.123105525970459,-3.7416574954986572
-4.123105525970459,-3.7416574954986572
-4.123105525970459,-3.7416574954986572
-4.123105525970459,-3.7416574954986572
-4.123105525970459,-3.7416574954986572
-4.123105525970459,-3.7416574954986572
-4.123105525970459,-3.7416574954986572
-4.123105525970459,-3.7416574954986572
-4.123105525970459,-3.7416574954986572
-4.123105525970459,-3.7416574954986572
-4.123105525970459,-3.7416574954986572
-4.123105525970459,-3.7416574954986572
-4.123105525970459,-3.7416574954986572
-4.123105525970459,-3.7416574954986572
-4.123105525970459,-3.7416574954986572
-4.123105525970459,-3.7416574954986572
-4.123105525970459,-3.7416574954986572
-4.123105525970459,-3.7416574954986572
-4.123105525970459,-3.7416574954986572
-4.123105525970459,-3.7416574954986572
-4.123105525970459,-3.7416574954986572
-4.123105525970459,-3.7416574954986572
-4.123105525970459,-3.7416574954986572
-4.123105525970459,-3.7416574954986572
-4.123105525970459,-3.7416574954986572
-4.123105525970459,-3.7416574954986572
-4.123105525970459,-3.7416574954986572
-4.123105525970459,-3.7416574954986572
-4.123105525970459,-3.7416574954986572
-4.123105525970459,-3.7416574954986572
-4.123105525970459,-3.7416574954986572
-4.123105525970459,-3.7416574954986572
-4.123105525970459,-3.7416574954986572
-4.123105525970459,-3.7416574954986572
-4.123105525970459,-3.7416574954986572
-4.123105525970459,-3.7416574954986572
-4.123105525970459,-3.7416574954986572
-4.123105525970459,-3.7416574954986572
-4.123105525970459,-3.7416574954986572
-4.123105525970459,-3.7416574954986572
-4.123105525970459,-3.7416574954986572
-4.123105525970459,-3.7416574954986572
-4.123105525970459,-3.7416574954986572
-4.123105525970459,-3.7416574954986572
-4.123105525970459,-3.7416574954986572
-4.123105525970459,-3.7416574954986572
-4.123105525970459,-3.7416574954986572
-4.123105525970459,-3.7416574954986572
-4.123105525970459,-3.7416574954986572
-4.123105525970459,-3.7416574954986572
-4.123105525970459,-3.7416574954986572
-4.123105525970459,-3.7416574954986572
-4.123105525970459,-3.7416574954986572
-4.123105525970459,-3.7416574954986572
-4.123105525970459,-3.7416574954986572
-4.123105525970459,-3.7416574954986572
-4.123105525970459,-3.7416574954986572
-4.123105525970459,-3.7416574954986572
-4.123105525970459,-3.7416574954986572
-4.123105525970459,-3.7416574954986572
-4.123105525970459,-3.7416574954986572
-4.123105525970459,-3.7416574954986572
-4.123105525970459,-3.7416574954986572
-4.123105525970459,-3.7416574954986572
-4.123105525970459,-3.7416574954986572
-4.123105525970459,-3.7416574954986572
-4.123105525970459,-3.7416574954986572
-4.123105525970459,-3.7416574954986572
-4.123105525970459,-3.7416574954986572
-4.123105525970459,-3.7416574954986572
-4.123105525970459,-3.7416574954986572
-4.123105525970459,-3.7416574954986572
-4.123105525970459,-3.7416574954986572
-4.123105525970459,-3.7416574954986572
-4.123105525970459,-3.7416574954986572
-4.123105525970459,-3.7416574954986572
-4.123105525970459,-3.7416574954986572
-4.123105525970459,-3.7416574954986572
-4.123105525970459,-3.7416574954986572
-4.123105525970459,-3.7416574954986572
-4.123105525970459,-3.7416574954986572
-4.123105525970459,-3.7416574954986572
-4.123105525970459,-3.7416574954986572
-4.123105525970459,-3.7416574954986572
-4.123105525970459,-3.7416574954986572
-4.123105525970459,-3.7416574954986572
-4.123105525970459,-3.7416574954986572
-4.123105525970459,-3.7416574954986572
-4.123105525970459,-3.7416574954986572
-4.123105525970459,-3.7416574954986572
-4.123105525970459,-3.7416574954986572
-4.123105525970459,-3.7416574954986572
-4.123105525970459,-3.7416574954986572
-4.123105525970459,-3.7416574954986572
-4.123105525970459,-3.7416574954986572
-4.123105525970459,-3.7416574954986572
-4.123105525970459,-3.7416574954986572
-4.123105525970459,-3.7416574954986572
-4.123105525970459,-3.7416574954986572
-4.123105525970459,-3.7416574954986572
-4.123105525970459,-3.7416574954986572
-4.123105525970459,-3.7416574954986572
-4.123105525970459,-3.7416574954986572
-4.123105525970459,-3.7416574954986572
-4.123105525970459,-3.7416574954986572
-4.123105525970459,-3.7416574954986572
-4.123105525970459,-3.7416574954986572
-4.123105525970459,-3.7416574954986572
-4.123105525970459,-3.7416574954986572
-4.123105525970459,-3.7416574954986572
-4.123105525970459,-3.7416574954986572
-4.123105525970459,-3.7416574954986572
-4.123105525970459,-3.7416574954986572
-4.123105525970459,-3.7416574954986572
-4.123105525970459,-3.7416574954986572
-4.123105525970459,-3.7416574954986572
-4.123105525970459,-3.7416574954986572
-4.123105525970459,-3.7416574954986572
-4.123105525970459,-3.7416574954986572
-4.123105525970459,-3.7416574954986572
-4.123105525970459,-3.7416574954986572
-4.123105525970459,-3.7416574954986572
-4.123105525970459,-3.7416574954986572
-4.123105525970459,-3.7416574954986572
-4.123105525970459,-3.7416574954986572
-4.123105525970459,-3.7416574954986572
-4.123105525970459,-3.7416574954986572
-4.123105525970459,-3.7416574954986572
-4.123105525970459,-3.7416574954986572
-4.123105525970459,-3.7416574954986572
-4.123105525970459,-3.7416574954986572
-4.123105525970459,-3.7416574954986572
-4.123105525970459,-3.7416574954986572
-4.123105525970459,-3.7416574954986572
-4.123105525970459,-3.7416574954986572
-4.123105525970459,-3.7416574954986572
-4.123105525970459,-3.7416574954986572
-4.123105525970459,-3.7416574954986572
-4.123105525970459,-3.7416574954986572
-4.123105525970459,-3.7416574954986572
-4.123105525970459,-3.7416574954986572
-4.123105525970459,-3.7416574954986572
-4.123105525970459,-3.7416574954986572
-4.123105525970459,-3.7416574954986572
-4.123105525970459,-3.7416574954986572
-4.123105525970459,-3.7416574954986572
-4.123105525970459,-3.7416574954986572
-4.123105525970459,-3.7416574954986572
-4.123105525970459,-3.7416574954986572
-4.123105525970459,-3.7416574954986572
-4.123105525970459,-3.7416574954986572
-4.123105525970459,-3.7416574954986572
-4.123105525970459,-3.7416574954986572
-4.123105525970459,-3.7416574954986572
-4.123105525970459,-3.7416574954986572
-4.123105525970459,-3.7416574954986572
-4.123105525970459,-3.7416574954986572
-4.123105525970459,-3.7416574954986572
-4.123105525970459,-3.7416574954986572
-4.123105525970459,-3.7416574954986572
-4.123105525970459,-3.7416574954986572
-4.123105525970459,-3.7416574954986572
-4.123105525970459,-3.7416574954986572
-4.123105525970459,-3.7416574954986572
-4.123105525970459,-3.7416574954986572
-4.123105525970459,-3.7416574954986572
-4.123105525970459,-3.7416574954986572
-4.123105525970459,-3.7416574954986572
-4.123105525970459,-3.7416574954986572
-4.123105525970459,-3.7416574954986572
-4.123105525970459,-3.7416574954986572
-4.123105525970459,-3.7416574954986572
-4.123105525970459,-3.7416574954986572
-4.123105525970459,-3.7416574954986572
-4.123105525970459,-3.7416574954986572
-4.123105525970459,-3.7416574954986572
-4.123105525970459,-3.7416574954986572
-4.123105525970459,-3.7416574954986572
-4.123105525970459,-3.7416574954986572
-4.123105525970459,-3.7416574954986572
-4.123105525970459,-3.7416574954986572
-4.123105525970459,-3.7416574954986572
-4.123105525970459,-3.7416574954986572
-4.123105525970459,-3.7416574954986572
-4.123105525970459,-3.7416574954986572
-4.123105525970459,-3.7416574954986572
-4.123105525970459,-3.7416574954986572
-4.123105525970459,-3.7416574954986572
-4.123105525970459,-3.7416574954986572
-4.123105525970459,-3.7416574954986572
-4.123105525970459,-3.7416574954986572
-4.123105525970459,-3.7416574954986572
-4.123105525970459,-3.7416574954986572
-4.123105525970459,-3.7416574954986572
-4.123105525970459,-3.7416574954986572
-4.123105525970459,-3.7416574954986572
-4.123105525970459,-3.7416574954986572
-4.123105525970459,-3.7416574954986572
-4.123105525970459,-3.7416574954986572
-4.123105525970459,-3.7416574954986572
-4.123105525970459,-3.7416574954986572
-4.123105525970459,-3.7416574954986572
-4.123105525970459,-3.7416574954986572
-4.123105525970459,-3.7416574954986572
-4.123105525970459,-3.7416574954986572
-4.123105525970459,-3.7416574954986572
-4.123105525970459,-3.7416574954986572
-4.123105525970459,-3.7416574954986572
-4.123105525970459,-3.7416574954986572
-4.123105525970459,-3.7416574954986572
-4.123105525970459,-3.7416574954986572
-4.123105525970459,-3.7416574954986572
-4.123105525970459,-3.7416574954986572
-4.123105525970459,-3.7416574954986572
-4.123105525970459,-3.7416574954986572
-4.123105525970459,-3.7416574954986572
-4.123105525970459,-3.7416574954986572
-4.123105525970459,-3.7416574954986572
-4.123105525970459,-3.7416574954986572
-4.123105525970459,-3.7416574954986572
-4.123105525970459,-3.7416574954986572
-4.123105525970459,-3.7416574954986572
-4.123105525970459,-3.7416574954986572
-4.123105525970459,-3.7416574954986572
-4.123105525970459,-3.7416574954986572
-4.123105525970459,-3.7416574954986572
-4.123105525970459,-3.7416574954986572
-4.123105525970459,-3.7416574954986572
-4.123105525970459,-3.7416574954986572
-4.123105525970459,-3.7416574954986572
-4.123105525970459,-3.7416574954986572
-4.123105525970459,-3.7416574954986572
-4.123105525970459,-3.7416574954986572
-4.123105525970459,-3.7416574954986572
-4.123105525970459,-3.7416574954986572
-4.123105525970459,-3.7416574954986572
-4.123105525970459,-3.7416574954986572
-4.123105525970459,-3.7416574954986572
-4.123105525970459,-3.7416574954986572
-4.123105525970459,-3.7416574954986572
-4.123105525970459,-3.7416574954986572
-4.123105525970459,-3.7416574954986572
-4.123105525970459,-3.7416574954986572
-4.123105525970459,-3.7416574954986572
-4.123105525970459,-3.7416574954986572
-4.123105525970459,-3.7416574954986572
-4.123105525970459,-3.7416574954986572
-4.123105525970459,-3.7416574954986572
-4.123105525970459,-3.7416574954986572
-4.123105525970459,-3.7416574954986572
-4.123105525970459,-3.7416574954986572
-4.123105525970459,-3.7416574954986572
-4.123105525970459,-3.7416574954986572
-4.123105525970459,-3.7416574954986572
-4.123105525970459,-3.7416574954986572
-4.123105525970459,-3.7416574954986572
-4.123105525970459,-3.7416574954986572
-4.123105525970459,-3.7416574954986572
-4.123105525970459,-3.7416574954986572
-4.123105525970459,-3.7416574954986572
-4.123105525970459,-3.7416574954986572
-4.123105525970459,-3.7416574954986572
-4.123105525970459,-3.7416574954986572
-4.123105525970459,-3.7416574954986572
-4.123105525970459,-3.7416574954986572
-4.123105525970459,-3.7416574954986572
-4.123105525970459,-3.7416574954986572
-4.123105525970459,-3.7416574954986572
-4.123105525970459,-3.7416574954986572
-4.123105525970459,-3.7416574954986572
-4.123105525970459,-3.7416574954986572
-4.123105525970459,-3.7416574954986572
-4.123105525970459,-3.7416574954986572
-4.123105525970459,-3.7416574954986572
-4.123105525970459,-3.7416574954986572
-4.123105525970459,-3.7416574954986572
-4.123105525970459,-3.7416574954986572
-4.123105525970459,-3.7416574954986572
-4.123105525970459,-3.7416574954986572
-4.123105525970459,-3.7416574954986572
-4.123105525970459,-3.7416574954986572
-4.123105525970459,-3.7416574954986572
-4.123105525970459,-3.7416574954986572
-4.123105525970459,-3.7416574954986572
-4.123105525970459,-3.7416574954986572
-4.123105525970459,-3.7416574954986572
-4.123105525970459,-3.7416574954986572
-4.123105525970459,-3.7416574954986572
-4.123105525970459,-3.7416574954986572
-4.123105525970459,-3.7416574954986572
-4.123105525970459,-3.7416574954986572
-4.123105525970459,-3.7416574954986572
-4.123105525970459,-3.7416574954986572
-4.123105525970459,-3.7416574954986572
-4.123105525970459,-3.7416574954986572
-4.123105525970459,-3.7416574954986572
-4.123105525970459,-3.7416574954986572
-4.123105525970459,-3.7416574954986572
-4.123105525970459,-3.7416574954986572
-4.123105525970459,-3.7416574954986572
-4.123105525970459,-3.7416574954986572
-4.123105525970459,-3.7416574954986572
-4.123105525970459,-3.7416574954986572
-4.123105525970459,-3.7416574954986572
-4.123105525970459,-3.7416574954986572
-4.123105525970459,-3.7416574954986572
-4.123105525970459,-3.7416574954986572
-4.123105525970459,-3.7416574954986572
-4.123105525970459,-3.7416574954986572
-4.123105525970459,-3.7416574954986572
-4.123105525970459,-3.7416574954986572
-4.123105525970459,-3.7416574954986572
-4.123105525970459,-3.7416574954986572
-4.123105525970459,-3.7416574954986572
-4.123105525970459,-3.7416574954986572
-4.123105525970459,-3.7416574954986572
-4.123105525970459,-3.7416574954986572
-4.123105525970459,-3.7416574954986572
-4.123105525970459,-3.7416574954986572
-4.123105525970459,-3.7416574954986572
-4.123105525970459,-3.7416574954986572
-4.123105525970459,-3.7416574954986572
-4.123105525970459,-3.7416574954986572
-4.123105525970459,-3.7416574954986572
-4.123105525970459,-3.7416574954986572
-4.123105525970459,-3.7416574954986572
-4.123105525970459,-3.7416574954986572
-4.123105525970459,-3.7416574954986572
-4.123105525970459,-3.7416574954986572
-4.123105525970459,-3.7416574954986572
-4.123105525970459,-3.7416574954986572
-4.123105525970459,-3.7416574954986572
-4.123105525970459,-3.7416574954986572
-4.123105525970459,-3.7416574954986572
-4.123105525970459,-3.7416574954986572
-4.123105525970459,-3.7416574954986572
-4.123105525970459,-3.7416574954986572
-4.123105525970459,-3.7416574954986572
-4.123105525970459,-3.7416574954986572
-4.123105525970459,-3.7416574954986572
-4.123105525970459,-3.7416574954986572
-4.123105525970459,-3.7416574954986572
-4.123105525970459,-3.7416574954986572
-4.123105525970459,-3.7416574954986572
-4.123105525970459,-3.7416574954986572
-4.123105525970459,-3.7416574954986572
-4.123105525970459,-3.7416574954986572
-4.123105525970459,-3.7416574954986572
-4.123105525970459,-3.7416574954986572
-4.123105525970459,-3.7416574954986572
-4.123105525970459,-3.7416574954986572
-4.123105525970459,-3.7416574954986572
-4.123105525970459,-3.7416574954986572
-4.123105525970459,-3.7416574954986572
-4.123105525970459,-3.7416574954986572
-4.123105525970459,-3.7416574954986572
-4.123105525970459,-3.7416574954986572
-4.123105525970459,-3.7416574954986572
-4.123105525970459,-3.7416574954986572
-4.123105525970459,-3.7416574954986572
-4.123105525970459,-3.7416574954986572
-4.123105525970459,-3.7416574954986572
-4.123105525970459,-3.7416574954986572
-4.123105525970459,-3.7416574954986572
-4.123105525970459,-3.7416574954986572
-4.123105525970459,-3.7416574954986572
-4.123105525970459,-3.7416574954986572
-4.123105525970459,-3.7416574954986572
-4.123105525970459,-3.7416574954986572
-4.123105525970459,-3.7416574954986572
-4.123105525970459,-3.7416574954986572
-4.123105525970459,-3.7416574954986572
-4.123105525970459,-3.7416574954986572
-4.123105525970459,-3.7416574954986572
-4.123105525970459,-3.7416574954986572
-4.123105525970459,-3.7416574954986572
-4.123105525970459,-3.7416574954986572
-4.123105525970459,-3.7416574954986572
-4.123105525970459,-3.7416574954986572
-4.123105525970459,-3.7416574954986572
-4.123105525970459,-3.7416574954986572
-4.123105525970459,-3.7416574954986572
-4.123105525970459,-3.7416574954986572
-4.123105525970459,-3.7416574954986572
-4.123105525970459,-3.7416574954986572
-4.123105525970459,-3.7416574954986572
-4.123105525970459,-3.7416574954986572
-4.123105525970459,-3.7416574954986572
-4.123105525970459,-3.7416574954986572
-4.123105525970459,-3.7416574954986572
-4.123105525970459,-3.7416574954986572
-4.123105525970459,-3.7416574954986572
-4.123105525970459,-3.7416574954986572
-4.123105525970459,-3.7416574954986572
-4.123105525970459,-3.7416574954986572
-4.123105525970459,-3.7416574954986572
-4.123105525970459,-3.7416574954986572
-4.123105525970459,-3.7416574954986572
-4.123105525970459,-3.7416574954986572
-4.123105525970459,-3.7416574954986572
-4.123105525970459,-3.7416574954986572
-4.123105525970459,-3.7416574954986572
-4.123105525970459,-3.7416574954986572
-4.123105525970459,-3.7416574954986572
-4.123105525970459,-3.7416574954986572
-4.123105525970459,-3.7416574954986572
-4.123105525970459,-3.7416574954986572
-4.123105525970459,-3.7416574954986572
-4.123105525970459,-3.7416574954986572
-4.123105525970459,-3.7416574954986572
-4.123105525970459,-3.7416574954986572
-4.123105525970459,-3.7416574954986572
-4.123105525970459,-3.7416574954986572
-4.123105525970459,-3.7416574954986572
-4.123105525970459,-3.7416574954986572
-4.123105525970459,-3.7416574954986572
-4.123105525970459,-3.7416574954986572
-4.123105525970459,-3.7416574954986572
-4.123105525970459,-3.7416574954986572
-4.123105525970459,-3.7416574954986572
-4.123105525970459,-3.7416574954986572
-4.123105525970459,-3.7416574954986572
-4.123105525970459,-3.7416574954986572
-4.123105525970459,-3.7416574954986572
-4.123105525970459,-3.7416574954986572
-4.123105525970459,-3.7416574954986572
-4.123105525970459,-3.7416574954986572
-4.123105525970459,-3.7416574954986572
-4.123105525970459,-3.7416574954986572
-4.123105525970459,-3.7416574954986572
-4.123105525970459,-3.7416574954986572
-4.123105525970459,-3.7416574954986572
-4.123105525970459,-3.7416574954986572
-4.123105525970459,-3.7416574954986572
-4.123105525970459,-3.7416574954986572
-4.123105525970459,-3.7416574954986572
-4.123105525970459,-3.7416574954986572
-4.123105525970459,-3.7416574954986572
-4.123105525970459,-3.7416574954986572
-4.123105525970459,-3.7416574954986572
-4.123105525970459,-3.7416574954986572
-4.123105525970459,-3.7416574954986572
-4.123105525970459,-3.7416574954986572
-4.123105525970459,-3.7416574954986572
-4.123105525970459,-3.7416574954986572
-4.123105525970459,-3.7416574954986572
-4.123105525970459,-3.7416574954986572
-4.123105525970459,-3.7416574954986572
-4.123105525970459,-3.7416574954986572
-4.123105525970459,-3.7416574954986572
-4.123105525970459,-3.7416574954986572
-4.123105525970459,-3.7416574954986572
-4.123105525970459,-3.7416574954986572
-4.123105525970459,-3.7416574954986572
-4.123105525970459,-3.7416574954986572
-4.123105525970459,-3.7416574954986572
-4.123105525970459,-3.7416574954986572
-4.123105525970459,-3.7416574954986572
-4.123105525970459,-3.7416574954986572
-4.123105525970459,-3.7416574954986572
-4.123105525970459,-3.7416574954986572
-4.123105525970459,-3.7416574954986572
-4.123105525970459,-3.7416574954986572
-4.123105525970459,-3.7416574954986572
-4.123105525970459,-3.7416574954986572
-4.123105525970459,-3.7416574954986572
-4.123105525970459,-3.7416574954986572
-4.123105525970459,-3.7416574954986572
-4.123105525970459,-3.7416574954986572
-4.123105525970459,-3.7416574954986572
-4.123105525970459,-3.7416574954986572
-4.123105525970459,-3.7416574954986572
-4.123105525970459,-3.7416574954986572
-4.123105525970459,-3.7416574954986572
-4.123105525970459,-3.7416574954986572
-4.123105525970459,-3.7416574954986572
-4.123105525970459,-3.7416574954986572
-4.123105525970459,-3.7416574954986572
-4.123105525970459,-3.7416574954986572
-4.123105525970459,-3.7416574954986572
-4.123105525970459,-3.7416574954986572
-4.123105525970459,-3.7416574954986572
-4.123105525970459,-3.7416574954986572
-4.123105525970459,-3.7416574954986572
-4.123105525970459,-3.7416574954986572
-4.123105525970459,-3.7416574954986572
-4.123105525970459,-3.7416574954986572
-4.123105525970459,-3.7416574954986572
-4.123105525970459,-3.7416574954986572
-4.123105525970459,-3.7416574954986572
-4.123105525970459,-3.7416574954986572
-4.123105525970459,-3.7416574954986572
-4.123105525970459,-3.7416574954986572
-4.123105525970459,-3.7416574954986572
-4.123105525970459,-3.7416574954986572
-4.123105525970459,-3.7416574954986572
-4.123105525970459,-3.7416574954986572
-4.123105525970459,-3.7416574954986572
-4.123105525970459,-3.7416574954986572
-4.123105525970459,-3.7416574954986572
-4.123105525970459,-3.7416574954986572
-4.123105525970459,-3.7416574954986572
-4.123105525970459,-3.7416574954986572
-4.123105525970459,-3.7416574954986572
-4.123105525970459,-3.7416574954986572
-4.123105525970459,-3.7416574954986572
-4.123105525970459,-3.7416574954986572
-4.123105525970459,-3.7416574954986572
-4.123105525970459,-3.7416574954986572
-4.123105525970459,-3.7416574954986572
-4.123105525970459,-3.7416574954986572
-4.123105525970459,-3.7416574954986572
-4.123105525970459,-3.7416574954986572
-4.123105525970459,-3.7416574954986572
-4.123105525970459,-3.7416574954986572
-4.123105525970459,-3.7416574954986572
-4.123105525970459,-3.7416574954986572
-4.123105525970459,-3.7416574954986572
-4.123105525970459,-3.7416574954986572
-4.123105525970459,-3.7416574954986572
-4.123105525970459,-3.7416574954986572
-4.123105525970459,-3.7416574954986572
-4.123105525970459,-3.7416574954986572
-4.123105525970459,-3.7416574954986572
-4.123105525970459,-3.7416574954986572
-4.123105525970459,-3.7416574954986572
-4.123105525970459,-3.7416574954986572
-4.123105525970459,-3.7416574954986572
-4.123105525970459,-3.7416574954986572
-4.123105525970459,-3.7416574954986572
-4.123105525970459,-3.7416574954986572
-4.123105525970459,-3.7416574954986572
-4.123105525970459,-3.7416574954986572
-4.123105525970459,-3.7416574954986572
-4.123105525970459,-3.7416574954986572
-4.123105525970459,-3.7416574954986572
-4.123105525970459,-3.7416574954986572
-4.123105525970459,-3.7416574954986572
-4.123105525970459,-3.7416574954986572
-4.123105525970459,-3.7416574954986572
-4.123105525970459,-3.7416574954986572
-4.123105525970459,-3.7416574954986572
-4.123105525970459,-3.7416574954986572
-4.123105525970459,-3.7416574954986572
-4.123105525970459,-3.7416574954986572
-4.123105525970459,-3.7416574954986572
-4.123105525970459,-3.7416574954986572
-4.123105525970459,-3.7416574954986572
-4.123105525970459,-3.7416574954986572
-4.123105525970459,-3.7416574954986572
-4.123105525970459,-3.7416574954986572
-4.123105525970459,-3.7416574954986572
-4.123105525970459,-3.7416574954986572
-4.123105525970459,-3.7416574954986572
-4.123105525970459,-3.7416574954986572
-4.123105525970459,-3.7416574954986572
-4.123105525970459,-3.7416574954986572
-4.123105525970459,-3.7416574954986572
-4.123105525970459,-3.7416574954986572
-4.123105525970459,-3.7416574954986572
-4.123105525970459,-3.7416574954986572
-4.123105525970459,-3.7416574954986572
-4.123105525970459,-3.7416574954986572
-4.123105525970459,-3.7416574954986572
-4.123105525970459,-3.7416574954986572
-4.123105525970459,-3.7416574954986572
-4.123105525970459,-3.7416574954986572
-4.123105525970459,-3.7416574954986572
-4.123105525970459,-3.7416574954986572
-4.123105525970459,-3.7416574954986572
-4.123105525970459,-3.7416574954986572
-4.123105525970459,-3.7416574954986572
-4.123105525970459,-3.7416574954986572
-4.123105525970459,-3.7416574954986572
-4.123105525970459,-3.7416574954986572
-4.123105525970459,-3.7416574954986572
-4.123105525970459,-3.7416574954986572
-4.123105525970459,-3.7416574954986572
-4.123105525970459,-3.7416574954986572
-4.123105525970459,-3.7416574954986572
-4.123105525970459,-3.7416574954986572
-4.123105525970459,-3.7416574954986572
-4.123105525970459,-3.7416574954986572
-4.123105525970459,-3.7416574954986572
-4.123105525970459,-3.7416574954986572
-4.123105525970459,-3.7416574954986572
-4.123105525970459,-3.7416574954986572
-4.123105525970459,-3.7416574954986572
-4.123105525970459,-3.7416574954986572
-4.123105525970459,-3.7416574954986572
-4.123105525970459,-3.7416574954986572
-4.123105525970459,-3.7416574954986572
-4.123105525970459,-3.7416574954986572
-4.123105525970459,-3.7416574954986572
-4.123105525970459,-3.7416574954986572
-4.123105525970459,-3.7416574954986572
-4.123105525970459,-3.7416574954986572
-4.123105525970459,-3.7416574954986572
-4.123105525970459,-3.7416574954986572
-4.123105525970459,-3.7416574954986572
-4.123105525970459,-3.7416574954986572
-4.123105525970459,-3.7416574954986572
-4.123105525970459,-3.7416574954986572
-4.123105525970459,-3.7416574954986572
-4.123105525970459,-3.7416574954986572
-4.123105525970459,-3.7416574954986572
-4.123105525970459,-3.7416574954986572
-4.123105525970459,-3.7416574954986572
-4.123105525970459,-3.7416574954986572
-4.123105525970459,-3.7416574954986572
-4.123105525970459,-3.7416574954986572
-4.123105525970459,-3.7416574954986572
-4.123105525970459,-3.7416574954986572
-4.123105525970459,-3.7416574954986572
-4.123105525970459,-3.7416574954986572
-4.123105525970459,-3.7416574954986572
-4.123105525970459,-3.7416574954986572
-4.123105525970459,-3.7416574954986572
-4.123105525970459,-3.7416574954986572
-4.123105525970459,-3.7416574954986572
-4.123105525970459,-3.7416574954986572
-4.123105525970459,-3.7416574954986572
-4.123105525970459,-3.7416574954986572
-4.123105525970459,-3.7416574954986572
-4.123105525970459,-3.7416574954986572
-4.123105525970459,-3.7416574954986572
-4.123105525970459,-3.7416574954986572
-4.123105525970459,-3.7416574954986572
-4.123105525970459,-3.7416574954986572
-4.123105525970459,-3.7416574954986572
-4.123105525970459,-3.7416574954986572
-4.123105525970459,-3.7416574954986572
-4.123105525970459,-3.7416574954986572
-4.123105525970459,-3.7416574954986572
-4.123105525970459,-3.7416574954986572
-4.123105525970459,-3.7416574954986572
-4.123105525970459,-3.7416574954986572
-4.123105525970459,-3.7416574954986572
-4.123105525970459,-3.7416574954986572
-4.123105525970459,-3.7416574954986572
-4.123105525970459,-3.7416574954986572
-4.123105525970459,-3.7416574954986572
-4.123105525970459,-3.7416574954986572
-4.123105525970459,-3.7416574954986572
-4.123105525970459,-3.7416574954986572
-4.123105525970459,-3.7416574954986572
-4.123105525970459,-3.7416574954986572
-4.123105525970459,-3.7416574954986572
-4.123105525970459,-3.7416574954986572
-4.123105525970459,-3.7416574954986572
-4.123105525970459,-3.7416574954986572
-4.123105525970459,-3.7416574954986572
-4.123105525970459,-3.7416574954986572
-4.123105525970459,-3.7416574954986572
-4.123105525970459,-3.7416574954986572
-4.123105525970459,-3.7416574954986572
-4.123105525970459,-3.7416574954986572
-4.123105525970459,-3.7416574954986572
-4.123105525970459,-3.7416574954986572
-4.123105525970459,-3.7416574954986572
-4.123105525970459,-3.7416574954986572
-4.123105525970459,-3.7416574954986572
-4.123105525970459,-3.7416574954986572
-4.123105525970459,-3.7416574954986572
-4.123105525970459,-3.7416574954986572
-4.123105525970459,-3.7416574954986572
-4.123105525970459,-3.7416574954986572
-4.123105525970459,-3.7416574954986572
-4.123105525970459,-3.7416574954986572
-4.123105525970459,-3.7416574954986572
-4.123105525970459,-3.7416574954986572
-4.123105525970459,-3.7416574954986572
-4.123105525970459,-3.7416574954986572
-4.123105525970459,-3.7416574954986572
-4.123105525970459,-3.7416574954986572
-4.123105525970459,-3.7416574954986572
-4.123105525970459,-3.7416574954986572
-4.123105525970459,-3.7416574954986572
-4.123105525970459,-3.7416574954986572
-4.123105525970459,-3.7416574954986572
-4.123105525970459,-3.7416574954986572
-4.123105525970459,-3.7416574954986572
-4.123105525970459,-3.7416574954986572
-4.123105525970459,-3.7416574954986572
-4.123105525970459,-3.7416574954986572
-4.123105525970459,-3.7416574954986572
-4.123105525970459,-3.7416574954986572
-4.123105525970459,-3.7416574954986572
-4.123105525970459,-3.7416574954986572
-4.123105525970459,-3.7416574954986572
-4.123105525970459,-3.7416574954986572
-4.123105525970459,-3.7416574954986572
-4.123105525970459,-3.7416574954986572
-4.123105525970459,-3.7416574954986572
-4.123105525970459,-3.7416574954986572
-4.123105525970459,-3.7416574954986572
-4.123105525970459,-3.7416574954986572
-4.123105525970459,-3.7416574954986572
-4.123105525970459,-3.7416574954986572
-4.123105525970459,-3.7416574954986572
-4.123105525970459,-3.7416574954986572
-4.123105525970459,-3.7416574954986572
-4.123105525970459,-3.7416574954986572
-4.123105525970459,-3.7416574954986572
-4.123105525970459,-3.7416574954986572
-4.123105525970459,-3.7416574954986572
-4.123105525970459,-3.7416574954986572
-4.123105525970459,-3.7416574954986572
-4.123105525970459,-3.7416574954986572
-4.123105525970459,-3.7416574954986572
-4.123105525970459,-3.7416574954986572
-4.123105525970459,-3.7416574954986572
-4.123105525970459,-3.7416574954986572
-4.123105525970459,-3.7416574954986572
-4.123105525970459,-3.7416574954986572
-4.123105525970459,-3.7416574954986572
-4.123105525970459,-3.7416574954986572
-4.123105525970459,-3.7416574954986572
-4.123105525970459,-3.7416574954986572
-4.123105525970459,-3.7416574954986572
-4.123105525970459,-3.7416574954986572
-4.123105525970459,-3.7416574954986572
-4.123105525970459,-3.7416574954986572
-4.123105525970459,-3.7416574954986572
-4.123105525970459,-3.7416574954986572
-4.123105525970459,-3.7416574954986572
-4.123105525970459,-3.7416574954986572
-4.123105525970459,-3.7416574954986572
-4.123105525970459,-3.7416574954986572
-4.123105525970459,-3.7416574954986572
-4.123105525970459,-3.7416574954986572
-4.123105525970459,-3.7416574954986572
-4.123105525970459,-3.7416574954986572
-4.123105525970459,-3.7416574954986572
-4.123105525970459,-3.7416574954986572
-4.123105525970459,-3.7416574954986572
-4.123105525970459,-3.7416574954986572
-4.123105525970459,-3.7416574954986572
-4.123105525970459,-3.7416574954986572
-4.123105525970459,-3.7416574954986572
-4.123105525970459,-3.7416574954986572
-4.123105525970459,-3.7416574954986572
-4.123105525970459,-3.7416574954986572
-4.123105525970459,-3.7416574954986572
-4.123105525970459,-3.7416574954986572
-4.123105525970459,-3.7416574954986572
-4.123105525970459,-3.7416574954986572
-4.123105525970459,-3.7416574954986572
-4.123105525970459,-3.7416574954986572
-4.123105525970459,-3.7416574954986572
-4.123105525970459,-3.7416574954986572
-4.123105525970459,-3.7416574954986572
-4.123105525970459,-3.7416574954986572
-4.123105525970459,-3.7416574954986572
-4.123105525970459,-3.7416574954986572
-4.123105525970459,-3.7416574954986572
-4.123105525970459,-3.7416574954986572
-4.123105525970459,-3.7416574954986572
-4.123105525970459,-3.7416574954986572
-4.123105525970459,-3.7416574954986572
-4.123105525970459,-3.7416574954986572
-4.123105525970459,-3.7416574954986572
-4.123105525970459,-3.7416574954986572
-4.123105525970459,-3.7416574954986572
-4.123105525970459,-3.7416574954986572
-4.123105525970459,-3.7416574954986572
-4.123105525970459,-3.7416574954986572
-4.123105525970459,-3.7416574954986572
-4.123105525970459,-3.7416574954986572
-4.123105525970459,-3.7416574954986572
-4.123105525970459,-3.7416574954986572
-4.123105525970459,-3.7416574954986572
-4.123105525970459,-3.7416574954986572
-4.123105525970459,-3.7416574954986572
-4.123105525970459,-3.7416574954986572
-4.123105525970459,-3.7416574954986572
-4.123105525970459,-3.7416574954986572
-4.123105525970459,-3.7416574954986572
-4.123105525970459,-3.7416574954986572
-4.123105525970459,-3.7416574954986572
-4.123105525970459,-3.7416574954986572
-4.123105525970459,-3.7416574954986572
-4.123105525970459,-3.7416574954986572
-4.123105525970459,-3.7416574954986572
-4.123105525970459,-3.7416574954986572
-4.123105525970459,-3.7416574954986572
-4.123105525970459,-3.7416574954986572
-4.123105525970459,-3.7416574954986572
-4.123105525970459,-3.7416574954986572
-4.123105525970459,-3.7416574954986572
-4.123105525970459,-3.7416574954986572
-4.123105525970459,-3.7416574954986572
-4.123105525970459,-3.7416574954986572
-4.123105525970459,-3.7416574954986572
-4.123105525970459,-3.7416574954986572
-4.123105525970459,-3.7416574954986572
-4.123105525970459,-3.7416574954986572
-4.123105525970459,-3.7416574954986572
-4.123105525970459,-3.7416574954986572
-4.123105525970459,-3.7416574954986572
-4.123105525970459,-3.7416574954986572
-4.123105525970459,-3.7416574954986572
-4.123105525970459,-3.7416574954986572
-4.123105525970459,-3.7416574954986572
-4.123105525970459,-3.7416574954986572
-4.123105525970459,-3.7416574954986572
-4.123105525970459,-3.7416574954986572
-4.123105525970459,-3.7416574954986572
-4.123105525970459,-3.7416574954986572
-4.123105525970459,-3.7416574954986572
-4.123105525970459,-3.7416574954986572
-4.123105525970459,-3.7416574954986572
-4.123105525970459,-3.7416574954986572
-4.123105525970459,-3.7416574954986572
-4.123105525970459,-3.7416574954986572
-4.123105525970459,-3.7416574954986572
-4.123105525970459,-3.7416574954986572
-4.123105525970459,-3.7416574954986572
-4.123105525970459,-3.7416574954986572
-4.123105525970459,-3.7416574954986572
-4.123105525970459,-3.7416574954986572
-4.123105525970459,-3.7416574954986572
-4.123105525970459,-3.7416574954986572
-4.123105525970459,-3.7416574954986572
-4.123105525970459,-3.7416574954986572
-4.123105525970459,-3.7416574954986572
-4.123105525970459,-3.7416574954986572
-4.123105525970459,-3.7416574954986572
-4.123105525970459,-3.7416574954986572
-4.123105525970459,-3.7416574954986572
-4.123105525970459,-3.7416574954986572
-4.123105525970459,-3.7416574954986572
-4.123105525970459,-3.7416574954986572
-4.123105525970459,-3.7416574954986572
-4.123105525970459,-3.7416574954986572
-4.123105525970459,-3.7416574954986572
-4.123105525970459,-3.7416574954986572
-4.123105525970459,-3.7416574954986572
-4.123105525970459,-3.7416574954986572
-4.123105525970459,-3.7416574954986572
-4.123105525970459,-3.7416574954986572
-4.123105525970459,-3.7416574954986572
-4.123105525970459,-3.7416574954986572
-4.123105525970459,-3.7416574954986572
-4.123105525970459,-3.7416574954986572
-4.123105525970459,-3.7416574954986572
-4.123105525970459,-3.7416574954986572
-4.123105525970459,-3.7416574954986572
-4.123105525970459,-3.7416574954986572
-4.123105525970459,-3.7416574954986572
-4.123105525970459,-3.7416574954986572
-4.123105525970459,-3.7416574954986572
-4.123105525970459,-3.7416574954986572
-4.123105525970459,-3.7416574954986572
-4.123105525970459,-3.7416574954986572
-4.123105525970459,-3.7416574954986572
-4.123105525970459,-3.7416574954986572
-4.123105525970459,-3.7416574954986572
-4.123105525970459,-3.7416574954986572
-4.123105525970459,-3.7416574954986572
-4.123105525970459,-3.7416574954986572
-4.123105525970459,-3.7416574954986572
-4.123105525970459,-3.7416574954986572
-4.123105525970459,-3.7416574954986572
-4.123105525970459,-3.7416574954986572
-4.123105525970459,-3.7416574954986572
-4.123105525970459,-3.7416574954986572
-4.123105525970459,-3.7416574954986572
-4.123105525970459,-3.7416574954986572
-4.123105525970459,-3.7416574954986572
-4.123105525970459,-3.7416574954986572
-4.123105525970459,-3.7416574954986572
-4.123105525970459,-3.7416574954986572
-4.123105525970459,-3.7416574954986572
-4.123105525970459,-3.7416574954986572
-4.123105525970459,-3.7416574954986572
-4.123105525970459,-3.7416574954986572
-4.123105525970459,-3.7416574954986572
-4.123105525970459,-3.7416574954986572
-4.123105525970459,-3.7416574954986572
-4.123105525970459,-3.7416574954986572
-4.123105525970459,-3.7416574954986572
-4.123105525970459,-3.7416574954986572
-4.123105525970459,-3.7416574954986572
-4.123105525970459,-3.7416574954986572
-4.123105525970459,-3.7416574954986572
-4.123105525970459,-3.7416574954986572
-4.123105525970459,-3.7416574954986572
-4.123105525970459,-3.7416574954986572
-4.123105525970459,-3.7416574954986572
-4.123105525970459,-3.7416574954986572
-4.123105525970459,-3.7416574954986572
-4.123105525970459,-3.7416574954986572
-4.123105525970459,-3.7416574954986572
-4.123105525970459,-3.7416574954986572
-4.123105525970459,-3.7416574954986572
-4.123105525970459,-3.7416574954986572
-4.123105525970459,-3.7416574954986572
-4.123105525970459,-3.7416574954986572
-4.123105525970459,-3.7416574954986572
-4.123105525970459,-3.7416574954986572
-4.123105525970459,-3.7416574954986572
-4.123105525970459,-3.7416574954986572
-4.123105525970459,-3.7416574954986572
-4.123105525970459,-3.7416574954986572
-4.123105525970459,-3.7416574954986572
-4.123105525970459,-3.7416574954986572
-4.123105525970459,-3.7416574954986572
-4.123105525970459,-3.7416574954986572
-4.123105525970459,-3.7416574954986572
-4.123105525970459,-3.7416574954986572
-4.123105525970459,-3.7416574954986572
-4.123105525970459,-3.7416574954986572
-4.123105525970459,-3.7416574954986572
-4.123105525970459,-3.7416574954986572
-4.123105525970459,-3.7416574954986572
-4.123105525970459,-3.7416574954986572
-4.123105525970459,-3.7416574954986572
-4.123105525970459,-3.7416574954986572
-4.123105525970459,-3.7416574954986572
-4.123105525970459,-3.7416574954986572
-4.123105525970459,-3.7416574954986572
-4.123105525970459,-3.7416574954986572
-4.123105525970459,-3.7416574954986572
-4.123105525970459,-3.7416574954986572
-4.123105525970459,-3.7416574954986572
-4.123105525970459,-3.7416574954986572
-4.123105525970459,-3.7416574954986572
-4.123105525970459,-3.7416574954986572
-4.123105525970459,-3.7416574954986572
-4.123105525970459,-3.7416574954986572
-4.123105525970459,-3.7416574954986572
-4.123105525970459,-3.7416574954986572
-4.123105525970459,-3.7416574954986572
-4.123105525970459,-3.7416574954986572
-4.123105525970459,-3.7416574954986572
-4.123105525970459,-3.7416574954986572
-4.123105525970459,-3.7416574954986572
-4.123105525970459,-3.7416574954986572
-4.123105525970459,-3.7416574954986572
-4.123105525970459,-3.7416574954986572
-4.123105525970459,-3.7416574954986572
-4.123105525970459,-3.7416574954986572
-4.123105525970459,-3.7416574954986572
-4.123105525970459,-3.7416574954986572
-4.123105525970459,-3.7416574954986572
-4.123105525970459,-3.7416574954986572
-4.123105525970459,-3.7416574954986572
-4.123105525970459,-3.7416574954986572
-4.123105525970459,-3.7416574954986572
-4.123105525970459,-3.7416574954986572
-4.123105525970459,-3.7416574954986572
-4.123105525970459,-3.7416574954986572
-4.123105525970459,-3.7416574954986572
-4.123105525970459,-3.7416574954986572
-4.123105525970459,-3.7416574954986572
-4.123105525970459,-3.7416574954986572
-4.123105525970459,-3.7416574954986572
-4.123105525970459,-3.7416574954986572
-4.123105525970459,-3.7416574954986572
-4.123105525970459,-3.7416574954986572
-4.123105525970459,-3.7416574954986572
-4.123105525970459,-3.7416574954986572
-4.123105525970459,-3.7416574954986572
-4.123105525970459,-3.7416574954986572
-4.123105525970459,-3.7416574954986572
-4.123105525970459,-3.7416574954986572
-4.123105525970459,-3.7416574954986572
-4.123105525970459,-3.7416574954986572
-4.123105525970459,-3.7416574954986572
-4.123105525970459,-3.7416574954986572
-4.123105525970459,-3.7416574954986572
-4.123105525970459,-3.7416574954986572
-4.123105525970459,-3.7416574954986572
-4.123105525970459,-3.7416574954986572
-4.123105525970459,-3.7416574954986572
-4.123105525970459,-3.7416574954986572
-4.123105525970459,-3.7416574954986572
-4.123105525970459,-3.7416574954986572
-4.123105525970459,-3.7416574954986572
-4.123105525970459,-3.7416574954986572
-4.123105525970459,-3.7416574954986572
-4.123105525970459,-3.7416574954986572
-4.123105525970459,-3.7416574954986572
-4.123105525970459,-3.7416574954986572
-4.123105525970459,-3.7416574954986572
-4.123105525970459,-3.7416574954986572
-4.123105525970459,-3.7416574954986572
-4.123105525970459,-3.7416574954986572
-4.123105525970459,-3.7416574954986572
-4.123105525970459,-3.7416574954986572
-4.123105525970459,-3.7416574954986572
-4.123105525970459,-3.7416574954986572
-4.123105525970459,-3.7416574954986572
-4.123105525970459,-3.7416574954986572
-4.123105525970459,-3.7416574954986572
-4.123105525970459,-3.7416574954986572
-4.123105525970459,-3.7416574954986572
-4.123105525970459,-3.7416574954986572
-4.123105525970459,-3.7416574954986572
-4.123105525970459,-3.7416574954986572
-4.123105525970459,-3.7416574954986572
-4.123105525970459,-3.7416574954986572
-4.123105525970459,-3.7416574954986572
-4.123105525970459,-3.7416574954986572
-4.123105525970459,-3.7416574954986572
-4.123105525970459,-3.7416574954986572
-4.123105525970459,-3.7416574954986572
-4.123105525970459,-3.7416574954986572
-4.123105525970459,-3.7416574954986572
-4.123105525970459,-3.7416574954986572
-4.123105525970459,-3.7416574954986572
-4.123105525970459,-3.7416574954986572
-4.123105525970459,-3.7416574954986572
-4.123105525970459,-3.7416574954986572
-4.123105525970459,-3.7416574954986572
-4.123105525970459,-3.7416574954986572
-4.123105525970459,-3.7416574954986572
-4.123105525970459,-3.7416574954986572
-4.123105525970459,-3.7416574954986572
-4.123105525970459,-3.7416574954986572
-4.123105525970459,-3.7416574954986572
-4.123105525970459,-3.7416574954986572
-4.123105525970459,-3.7416574954986572
-4.123105525970459,-3.7416574954986572
-4.123105525970459,-3.7416574954986572
-4.123105525970459,-3.7416574954986572
-4.123105525970459,-3.7416574954986572
-4.123105525970459,-3.7416574954986572
-4.123105525970459,-3.7416574954986572
-4.123105525970459,-3.7416574954986572
-4.123105525970459,-3.7416574954986572
-4.123105525970459,-3.7416574954986572
-4.123105525970459,-3.7416574954986572
-4.123105525970459,-3.7416574954986572
-4.123105525970459,-3.7416574954986572
-4.123105525970459,-3.7416574954986572
-4.123105525970459,-3.7416574954986572
-4.123105525970459,-3.7416574954986572
-4.123105525970459,-3.7416574954986572
-4.123105525970459,-3.7416574954986572
-4.123105525970459,-3.7416574954986572
-4.123105525970459,-3.7416574954986572
-4.123105525970459,-3.7416574954986572
-4.123105525970459,-3.7416574954986572
-4.123105525970459,-3.7416574954986572
-4.123105525970459,-3.7416574954986572
-4.123105525970459,-3.7416574954986572
-4.123105525970459,-3.7416574954986572
-4.123105525970459,-3.7416574954986572
-4.123105525970459,-3.7416574954986572
-4.123105525970459,-3.7416574954986572
-4.123105525970459,-3.7416574954986572
-4.123105525970459,-3.7416574954986572
-4.123105525970459,-3.7416574954986572
-4.123105525970459,-3.7416574954986572
-4.123105525970459,-3.7416574954986572
-4.123105525970459,-3.7416574954986572
-4.123105525970459,-3.7416574954986572
-4.123105525970459,-3.7416574954986572
-4.123105525970459,-3.7416574954986572
-4.123105525970459,-3.7416574954986572
-4.123105525970459,-3.7416574954986572
-4.123105525970459,-3.7416574954986572
-4.123105525970459,-3.7416574954986572
-4.123105525970459,-3.7416574954986572
-4.123105525970459,-3.7416574954986572
-4.123105525970459,-3.7416574954986572
-4.123105525970459,-3.7416574954986572
-4.123105525970459,-3.7416574954986572
-4.123105525970459,-3.7416574954986572
-4.123105525970459,-3.7416574954986572
-4.123105525970459,-3.7416574954986572
-4.123105525970459,-3.7416574954986572
-4.123105525970459,-3.7416574954986572
-4.123105525970459,-3.7416574954986572
-4.123105525970459,-3.7416574954986572
-4.123105525970459,-3.7416574954986572
-4.123105525970459,-3.7416574954986572
-4.123105525970459,-3.7416574954986572
-4.123105525970459,-3.7416574954986572
-4.123105525970459,-3.7416574954986572
-4.123105525970459,-3.7416574954986572
-4.123105525970459,-3.7416574954986572
-4.123105525970459,-3.7416574954986572
-4.123105525970459,-3.7416574954986572
-4.123105525970459,-3.7416574954986572
-4.123105525970459,-3.7416574954986572
-4.123105525970459,-3.7416574954986572
-4.123105525970459,-3.7416574954986572
-4.123105525970459,-3.7416574954986572
-4.123105525970459,-3.7416574954986572
-4.123105525970459,-3.7416574954986572
-4.123105525970459,-3.7416574954986572
-4.123105525970459,-3.7416574954986572
-4.123105525970459,-3.7416574954986572
-4.123105525970459,-3.7416574954986572
-4.123105525970459,-3.7416574954986572
-4.123105525970459,-3.7416574954986572
-4.123105525970459,-3.7416574954986572
-4.123105525970459,-3.7416574954986572
-4.123105525970459,-3.7416574954986572
-4.123105525970459,-3.7416574954986572
-4.123105525970459,-3.7416574954986572
-4.123105525970459,-3.7416574954986572
-4.123105525970459,-3.7416574954986572
-4.123105525970459,-3.7416574954986572
-4.123105525970459,-3.7416574954986572
-4.123105525970459,-3.7416574954986572
-4.123105525970459,-3.7416574954986572
-4.123105525970459,-3.7416574954986572
-4.123105525970459,-3.7416574954986572
-4.123105525970459,-3.7416574954986572
-4.123105525970459,-3.7416574954986572
-4.123105525970459,-3.7416574954986572
-4.123105525970459,-3.7416574954986572
-4.123105525970459,-3.7416574954986572
-4.123105525970459,-3.7416574954986572
-4.123105525970459,-3.7416574954986572
-4.123105525970459,-3.7416574954986572
-4.123105525970459,-3.7416574954986572
-4.123105525970459,-3.7416574954986572
-4.123105525970459,-3.7416574954986572
-4.123105525970459,-3.7416574954986572
-4.123105525970459,-3.7416574954986572
-4.123105525970459,-3.7416574954986572
-4.123105525970459,-3.7416574954986572
-4.123105525970459,-3.7416574954986572
-4.123105525970459,-3.7416574954986572
-4.123105525970459,-3.7416574954986572
-4.123105525970459,-3.7416574954986572
-4.123105525970459,-3.7416574954986572
-4.123105525970459,-3.7416574954986572
-4.123105525970459,-3.7416574954986572
-4.123105525970459,-3.7416574954986572
-4.123105525970459,-3.7416574954986572
-4.123105525970459,-3.7416574954986572
-4.123105525970459,-3.7416574954986572
-4.123105525970459,-3.7416574954986572
-4.123105525970459,-3.7416574954986572
-4.123105525970459,-3.7416574954986572
-4.123105525970459,-3.7416574954986572
-4.123105525970459,-3.7416574954986572
-4.123105525970459,-3.7416574954986572
-4.123105525970459,-3.7416574954986572
-4.123105525970459,-3.7416574954986572
-4.123105525970459,-3.7416574954986572
-4.123105525970459,-3.7416574954986572
-4.123105525970459,-3.7416574954986572
-4.123105525970459,-3.7416574954986572
-4.123105525970459,-3.7416574954986572
-4.123105525970459,-3.7416574954986572
-4.123105525970459,-3.7416574954986572
-4.123105525970459,-3.7416574954986572
-4.123105525970459,-3.7416574954986572
-4.123105525970459,-3.7416574954986572
-4.123105525970459,-3.7416574954986572
-4.123105525970459,-3.7416574954986572
-4.123105525970459,-3.7416574954986572
-4.123105525970459,-3.7416574954986572
-4.123105525970459,-3.7416574954986572
-4.123105525970459,-3.7416574954986572
-4.123105525970459,-3.7416574954986572
-4.123105525970459,-3.7416574954986572
-4.123105525970459,-3.7416574954986572
-4.123105525970459,-3.7416574954986572
-4.123105525970459,-3.7416574954986572
-4.123105525970459,-3.7416574954986572
-4.123105525970459,-3.7416574954986572
-4.123105525970459,-3.7416574954986572
-4.123105525970459,-3.7416574954986572
-4.123105525970459,-3.7416574954986572
-4.123105525970459,-3.7416574954986572
-4.123105525970459,-3.7416574954986572
-4.123105525970459,-3.7416574954986572
-4.123105525970459,-3.7416574954986572
-4.123105525970459,-3.7416574954986572
-4.123105525970459,-3.7416574954986572
-4.123105525970459,-3.7416574954986572
-4.123105525970459,-3.7416574954986572
-4.123105525970459,-3.7416574954986572
-4.123105525970459,-3.7416574954986572
-4.123105525970459,-3.7416574954986572
-4.123105525970459,-3.7416574954986572
-4.123105525970459,-3.7416574954986572
-4.123105525970459,-3.7416574954986572
-4.123105525970459,-3.7416574954986572
-4.123105525970459,-3.7416574954986572
-4.123105525970459,-3.7416574954986572
-4.123105525970459,-3.7416574954986572
-4.123105525970459,-3.7416574954986572
-4.123105525970459,-3.7416574954986572
-4.123105525970459,-3.7416574954986572
-4.123105525970459,-3.7416574954986572
-4.123105525970459,-3.7416574954986572
-4.123105525970459,-3.7416574954986572
-4.123105525970459,-3.7416574954986572
-4.123105525970459,-3.7416574954986572
-4.123105525970459,-3.7416574954986572
-4.123105525970459,-3.7416574954986572
-4.123105525970459,-3.7416574954986572
-4.123105525970459,-3.7416574954986572
-4.123105525970459,-3.7416574954986572
-4.123105525970459,-3.7416574954986572
-4.123105525970459,-3.7416574954986572
-4.123105525970459,-3.7416574954986572
-4.123105525970459,-3.7416574954986572
-4.123105525970459,-3.7416574954986572
-4.123105525970459,-3.7416574954986572
-4.123105525970459,-3.7416574954986572
-4.123105525970459,-3.7416574954986572
-4.123105525970459,-3.7416574954986572
-4.123105525970459,-3.7416574954986572
-4.123105525970459,-3.7416574954986572
-4.123105525970459,-3.7416574954986572
-4.123105525970459,-3.7416574954986572
-4.123105525970459,-3.7416574954986572
-4.123105525970459,-3.7416574954986572
-4.123105525970459,-3.7416574954986572
-4.123105525970459,-3.7416574954986572
-4.123105525970459,-3.7416574954986572
-4.123105525970459,-3.7416574954986572
-4.123105525970459,-3.7416574954986572
-4.123105525970459,-3.7416574954986572
-4.123105525970459,-3.7416574954986572
-4.123105525970459,-3.7416574954986572
-4.123105525970459,-3.7416574954986572
-4.123105525970459,-3.7416574954986572
-4.123105525970459,-3.7416574954986572
-4.123105525970459,-3.7416574954986572
-4.123105525970459,-3.7416574954986572
-4.123105525970459,-3.7416574954986572
-4.123105525970459,-3.7416574954986572
-4.123105525970459,-3.7416574954986572
-4.123105525970459,-3.7416574954986572
-4.123105525970459,-3.7416574954986572
-4.123105525970459,-3.7416574954986572
-4.123105525970459,-3.7416574954986572
-4.123105525970459,-3.7416574954986572
-4.123105525970459,-3.7416574954986572
-4.123105525970459,-3.7416574954986572
-4.123105525970459,-3.7416574954986572
-4.123105525970459,-3.7416574954986572
-4.123105525970459,-3.7416574954986572
-4.123105525970459,-3.7416574954986572
-4.123105525970459,-3.7416574954986572
-4.123105525970459,-3.7416574954986572
-4.123105525970459,-3.7416574954986572
-4.123105525970459,-3.7416574954986572
-4.123105525970459,-3.7416574954986572
-4.123105525970459,-3.7416574954986572
-4.123105525970459,-3.7416574954986572
-4.123105525970459,-3.7416574954986572
-4.123105525970459,-3.7416574954986572
-4.123105525970459,-3.7416574954986572
-4.123105525970459,-3.7416574954986572
-4.123105525970459,-3.7416574954986572
-4.123105525970459,-3.7416574954986572
-4.123105525970459,-3.7416574954986572
-4.123105525970459,-3.7416574954986572
-4.123105525970459,-3.7416574954986572
-4.123105525970459,-3.7416574954986572
-4.123105525970459,-3.7416574954986572
-4.123105525970459,-3.7416574954986572
-4.123105525970459,-3.7416574954986572
-4.123105525970459,-3.7416574954986572
-4.123105525970459,-3.7416574954986572
-4.123105525970459,-3.7416574954986572
-4.123105525970459,-3.7416574954986572
-4.123105525970459,-3.7416574954986572
-4.123105525970459,-3.7416574954986572
-4.123105525970459,-3.7416574954986572
-4.123105525970459,-3.7416574954986572
-4.123105525970459,-3.7416574954986572
-4.123105525970459,-3.7416574954986572
-4.123105525970459,-3.7416574954986572
-4.123105525970459,-3.7416574954986572
-4.123105525970459,-3.7416574954986572
-4.123105525970459,-3.7416574954986572
-4.123105525970459,-3.7416574954986572
-4.123105525970459,-3.7416574954986572
-4.123105525970459,-3.7416574954986572
-4.123105525970459,-3.7416574954986572
-4.123105525970459,-3.7416574954986572
-4.123105525970459,-3.7416574954986572
-4.123105525970459,-3.7416574954986572
-4.123105525970459,-3.7416574954986572
-4.123105525970459,-3.7416574954986572
-4.123105525970459,-3.7416574954986572
-4.123105525970459,-3.7416574954986572
-4.123105525970459,-3.7416574954986572
-4.123105525970459,-3.7416574954986572
-4.123105525970459,-3.7416574954986572
-4.123105525970459,-3.7416574954986572
-4.123105525970459,-3.7416574954986572
-4.123105525970459,-3.7416574954986572
-4.123105525970459,-3.7416574954986572
-4.123105525970459,-3.7416574954986572
-4.123105525970459,-3.7416574954986572
-4.123105525970459,-3.7416574954986572
-4.123105525970459,-3.7416574954986572
-4.123105525970459,-3.7416574954986572
-4.123105525970459,-3.7416574954986572
-4.123105525970459,-3.7416574954986572
-4.123105525970459,-3.7416574954986572
-4.123105525970459,-3.7416574954986572
-4.123105525970459,-3.7416574954986572
-4.123105525970459,-3.7416574954986572
-4.123105525970459,-3.7416574954986572
-4.123105525970459,-3.7416574954986572
-4.123105525970459,-3.7416574954986572
-4.123105525970459,-3.7416574954986572
-4.123105525970459,-3.7416574954986572
-4.123105525970459,-3.7416574954986572
-4.123105525970459,-3.7416574954986572
-4.123105525970459,-3.7416574954986572
-4.123105525970459,-3.7416574954986572
-4.123105525970459,-3.7416574954986572
-4.123105525970459,-3.7416574954986572
-4.123105525970459,-3.7416574954986572
-4.123105525970459,-3.7416574954986572
-4.123105525970459,-3.7416574954986572
-4.123105525970459,-3.7416574954986572
-4.123105525970459,-3.7416574954986572
-4.123105525970459,-3.7416574954986572
-4.123105525970459,-3.7416574954986572
-4.123105525970459,-3.7416574954986572
-4.123105525970459,-3.7416574954986572
-4.123105525970459,-3.7416574954986572
-4.123105525970459,-3.7416574954986572
-4.123105525970459,-3.7416574954986572
-4.123105525970459,-3.7416574954986572
-4.123105525970459,-3.7416574954986572
-4.123105525970459,-3.7416574954986572
-4.123105525970459,-3.7416574954986572
-4.123105525970459,-3.7416574954986572
-4.123105525970459,-3.7416574954986572
-4.123105525970459,-3.7416574954986572
-4.123105525970459,-3.7416574954986572
-4.123105525970459,-3.7416574954986572
-4.123105525970459,-3.7416574954986572
-4.123105525970459,-3.7416574954986572
-4.123105525970459,-3.7416574954986572
-4.123105525970459,-3.7416574954986572
-4.123105525970459,-3.7416574954986572
-4.123105525970459,-3.7416574954986572
-4.123105525970459,-3.7416574954986572
-4.123105525970459,-3.7416574954986572
-4.123105525970459,-3.7416574954986572
-4.123105525970459,-3.7416574954986572
-4.123105525970459,-3.7416574954986572
-4.123105525970459,-3.7416574954986572
-4.123105525970459,-3.7416574954986572
-4.123105525970459,-3.7416574954986572
-4.123105525970459,-3.7416574954986572
-4.123105525970459,-3.7416574954986572
-4.123105525970459,-3.7416574954986572
-4.123105525970459,-3.7416574954986572
-4.123105525970459,-3.7416574954986572
-4.123105525970459,-3.7416574954986572
-4.123105525970459,-3.7416574954986572
-4.123105525970459,-3.7416574954986572
-4.123105525970459,-3.7416574954986572
-4.123105525970459,-3.7416574954986572
-4.123105525970459,-3.7416574954986572
-4.123105525970459,-3.7416574954986572
-4.123105525970459,-3.7416574954986572
-4.123105525970459,-3.7416574954986572
-4.123105525970459,-3.7416574954986572
-4.123105525970459,-3.7416574954986572
-4.123105525970459,-3.7416574954986572
-4.123105525970459,-3.7416574954986572
-4.123105525970459,-3.7416574954986572
-4.123105525970459,-3.7416574954986572
-4.123105525970459,-3.7416574954986572
-4.123105525970459,-3.7416574954986572
-4.123105525970459,-3.7416574954986572
-4.123105525970459,-3.7416574954986572
-4.123105525970459,-3.7416574954986572
-4.123105525970459,-3.7416574954986572
-4.123105525970459,-3.7416574954986572
-4.123105525970459,-3.7416574954986572
-4.123105525970459,-3.7416574954986572
-4.123105525970459,-3.7416574954986572
-4.123105525970459,-3.7416574954986572
-4.123105525970459,-3.7416574954986572
-4.123105525970459,-3.7416574954986572
-4.123105525970459,-3.7416574954986572
-4.123105525970459,-3.7416574954986572
-4.123105525970459,-3.7416574954986572
-4.123105525970459,-3.7416574954986572
-4.123105525970459,-3.7416574954986572
-4.123105525970459,-3.7416574954986572
-4.123105525970459,-3.7416574954986572
-4.123105525970459,-3.7416574954986572
-4.123105525970459,-3.7416574954986572
-4.123105525970459,-3.7416574954986572
-4.123105525970459,-3.7416574954986572
-4.123105525970459,-3.7416574954986572
-4.123105525970459,-3.7416574954986572
-4.123105525970459,-3.7416574954986572
-4.123105525970459,-3.7416574954986572
-4.123105525970459,-3.7416574954986572
-4.123105525970459,-3.7416574954986572
-4.123105525970459,-3.7416574954986572
-4.123105525970459,-3.7416574954986572
-4.123105525970459,-3.7416574954986572
-4.123105525970459,-3.7416574954986572
-4.123105525970459,-3.7416574954986572
-4.123105525970459,-3.7416574954986572
-4.123105525970459,-3.7416574954986572
-4.123105525970459,-3.7416574954986572
-4.123105525970459,-3.7416574954986572
-4.123105525970459,-3.7416574954986572
-4.123105525970459,-3.7416574954986572
-4.123105525970459,-3.7416574954986572
-4.123105525970459,-3.7416574954986572
-4.123105525970459,-3.7416574954986572
-4.123105525970459,-3.7416574954986572
-4.123105525970459,-3.7416574954986572
-4.123105525970459,-3.7416574954986572
-4.123105525970459,-3.7416574954986572
-4.123105525970459,-3.7416574954986572
-4.123105525970459,-3.7416574954986572
-4.123105525970459,-3.7416574954986572
-4.123105525970459,-3.7416574954986572
-4.123105525970459,-3.7416574954986572
-4.123105525970459,-3.7416574954986572
-4.123105525970459,-3.7416574954986572
-4.123105525970459,-3.7416574954986572
-4.123105525970459,-3.7416574954986572
-4.123105525970459,-3.7416574954986572
-4.123105525970459,-3.7416574954986572
-4.123105525970459,-3.7416574954986572
-4.123105525970459,-3.7416574954986572
-4.123105525970459,-3.7416574954986572
-4.123105525970459,-3.7416574954986572
-4.123105525970459,-3.7416574954986572
-4.123105525970459,-3.7416574954986572
-4.123105525970459,-3.7416574954986572
-4.123105525970459,-3.7416574954986572
-4.123105525970459,-3.7416574954986572
-4.123105525970459,-3.7416574954986572
-4.123105525970459,-3.7416574954986572
-4.123105525970459,-3.7416574954986572
-4.123105525970459,-3.7416574954986572
-4.123105525970459,-3.7416574954986572
-4.123105525970459,-3.7416574954986572
-4.123105525970459,-3.7416574954986572
-4.123105525970459,-3.7416574954986572
-4.123105525970459,-3.7416574954986572
-4.123105525970459,-3.7416574954986572
-4.123105525970459,-3.7416574954986572
-4.123105525970459,-3.7416574954986572
-4.123105525970459,-3.7416574954986572
-4.123105525970459,-3.7416574954986572
-4.123105525970459,-3.7416574954986572
-4.123105525970459,-3.7416574954986572
-4.123105525970459,-3.7416574954986572
-4.123105525970459,-3.7416574954986572
-4.123105525970459,-3.7416574954986572
-4.123105525970459,-3.7416574954986572
-4.123105525970459,-3.7416574954986572
-4.123105525970459,-3.7416574954986572
-4.123105525970459,-3.7416574954986572
-4.123105525970459,-3.7416574954986572
-4.123105525970459,-3.7416574954986572
-4.123105525970459,-3.7416574954986572
-4.123105525970459,-3.7416574954986572
-4.123105525970459,-3.7416574954986572
-4.123105525970459,-3.7416574954986572
-4.123105525970459,-3.7416574954986572
-4.123105525970459,-3.7416574954986572
-4.123105525970459,-3.7416574954986572
-4.123105525970459,-3.7416574954986572
-4.123105525970459,-3.7416574954986572
-4.123105525970459,-3.7416574954986572
-4.123105525970459,-3.7416574954986572
-4.123105525970459,-3.7416574954986572
-4.123105525970459,-3.7416574954986572
-4.123105525970459,-3.7416574954986572
-4.123105525970459,-3.7416574954986572
-4.123105525970459,-3.7416574954986572
-4.123105525970459,-3.7416574954986572
-4.123105525970459,-3.7416574954986572
-4.123105525970459,-3.7416574954986572
-4.123105525970459,-3.7416574954986572
-4.123105525970459,-3.7416574954986572
-4.123105525970459,-3.7416574954986572
-4.123105525970459,-3.7416574954986572
-4.123105525970459,-3.7416574954986572
-4.123105525970459,-3.7416574954986572
-4.123105525970459,-3.7416574954986572
-4.123105525970459,-3.7416574954986572
-4.123105525970459,-3.605551242828369
-4.123105525970459,-3.605551242828369
-4.123105525970459,-3.605551242828369
-4.123105525970459,-3.605551242828369
-4.123105525970459,-3.605551242828369
-4.123105525970459,-3.605551242828369
-4.123105525970459,-3.605551242828369
-4.123105525970459,-3.605551242828369
-4.123105525970459,-3.605551242828369
-4.123105525970459,-3.605551242828369
-4.123105525970459,-3.605551242828369
-4.123105525970459,-3.605551242828369
-4.123105525970459,-3.605551242828369
-4.123105525970459,-3.605551242828369
-4.123105525970459,-3.605551242828369
-4.123105525970459,-3.605551242828369
-4.123105525970459,-3.605551242828369
-4.123105525970459,-3.605551242828369
-4.123105525970459,-3.605551242828369
-4.123105525970459,-3.605551242828369
-4.123105525970459,-3.605551242828369
-4.123105525970459,-3.605551242828369
-4.123105525970459,-3.605551242828369
-4.123105525970459,-3.605551242828369
-4.123105525970459,-3.605551242828369
-4.123105525970459,-3.605551242828369
-4.123105525970459,-3.605551242828369
-4.123105525970459,-3.605551242828369
-4.123105525970459,-3.605551242828369
-4.123105525970459,-3.605551242828369
-4.123105525970459,-3.605551242828369
-4.123105525970459,-3.605551242828369
-4.123105525970459,-3.605551242828369
-4.123105525970459,-3.605551242828369
-4.123105525970459,-3.605551242828369
-4.123105525970459,-3.605551242828369
-4.123105525970459,-3.605551242828369
-4.123105525970459,-3.605551242828369
-4.123105525970459,-3.605551242828369
-4.123105525970459,-3.605551242828369
-4.123105525970459,-3.605551242828369
-4.123105525970459,-3.605551242828369
-4.123105525970459,-3.605551242828369
-4.123105525970459,-3.605551242828369
-4.123105525970459,-3.605551242828369
-4.123105525970459,-3.605551242828369
-4.123105525970459,-3.605551242828369
-4.123105525970459,-3.605551242828369
-4.123105525970459,-3.605551242828369
-4.123105525970459,-3.605551242828369
-4.123105525970459,-3.605551242828369
-4.123105525970459,-3.605551242828369
-4.123105525970459,-3.605551242828369
-4.123105525970459,-3.605551242828369
-4.123105525970459,-3.605551242828369
-4.123105525970459,-3.605551242828369
-4.123105525970459,-3.605551242828369
-4.123105525970459,-3.605551242828369
-4.123105525970459,-3.605551242828369
-4.123105525970459,-3.605551242828369
-4.123105525970459,-3.605551242828369
-4.123105525970459,-3.605551242828369
-4.123105525970459,-3.464101552963257
-4.123105525970459,-3.464101552963257
-4.123105525970459,-3.464101552963257
-4.123105525970459,-3.464101552963257
-4.123105525970459,-3.464101552963257
-4.123105525970459,-3.464101552963257
-4.123105525970459,-3.464101552963257
-4.123105525970459,-3.464101552963257
-4.123105525970459,-3.464101552963257
-4.123105525970459,-3.464101552963257
-4.123105525970459,-3.464101552963257
-4.123105525970459,-3.464101552963257
-4.123105525970459,-3.464101552963257
-4.123105525970459,-3.464101552963257
-4.123105525970459,-3.316624879837036
-4.123105525970459,-3.316624879837036
-4.123105525970459,-3.316624879837036
-4.123105525970459,-3.316624879837036
-4.123105525970459,-3.316624879837036
-4.123105525970459,-3.316624879837036
-4.123105525970459,-3.316624879837036
-4.123105525970459,-3.316624879837036
-4.123105525970459,-3.316624879837036
-4.123105525970459,-3.316624879837036
-4.123105525970459,-3.316624879837036
-4.123105525970459,-3.316624879837036
-4.123105525970459,-3.316624879837036
-4.123105525970459,-3.316624879837036
-4.123105525970459,-3.316624879837036
-4.123105525970459,-3.316624879837036
-4.123105525970459,-3.316624879837036
-4.123105525970459,-3.316624879837036
-4.123105525970459,-3.316624879837036
-4.123105525970459,-3.316624879837036
-4.123105525970459,-3.316624879837036
-4.123105525970459,-3.316624879837036
-4.123105525970459,-3.316624879837036
-4.123105525970459,-3.316624879837036
-4.123105525970459,-3.316624879837036
-4.123105525970459,-3.316624879837036
-4.123105525970459,-3.316624879837036
-4.123105525970459,-3.316624879837036
-4.123105525970459,-3.316624879837036
-4.123105525970459,-3.316624879837036
-4.123105525970459,-3.316624879837036
-4.123105525970459,-3.316624879837036
-4.123105525970459,-3.316624879837036
-4.123105525970459,-3.316624879837036
-4.123105525970459,-3.316624879837036
-4.123105525970459,-3.316624879837036
-4.123105525970459,-3.316624879837036
-4.123105525970459,-3.316624879837036
-4.123105525970459,-3.316624879837036
-4.123105525970459,-3.316624879837036
-4.123105525970459,-3.316624879837036
-4.123105525970459,-3.316624879837036
-4.123105525970459,-3.316624879837036
-4.123105525970459,-3.316624879837036
-4.123105525970459,-3.1622776985168457
-4.123105525970459,-3.1622776985168457
-4.123105525970459,-3.1622776985168457
-4.123105525970459,-3.1622776985168457
-4.123105525970459,-3.1622776985168457
-4.123105525970459,-3.1622776985168457
-4.123105525970459,-3.1622776985168457
-4.123105525970459,-3.1622776985168457
-4.123105525970459,-3.1622776985168457
-4.123105525970459,-3.1622776985168457
-4.123105525970459,-3.1622776985168457
-4.123105525970459,-3.1622776985168457
-4.123105525970459,-3.1622776985168457
-4.123105525970459,-3.1622776985168457
-4.123105525970459,-3.1622776985168457
-4.123105525970459,-3.1622776985168457
-4.123105525970459,-3.1622776985168457
-4.123105525970459,-3.1622776985168457
-4.123105525970459,-3.1622776985168457
-4.123105525970459,-3.1622776985168457
-4.123105525970459,-3.1622776985168457
-4.123105525970459,-3.1622776985168457
-4.123105525970459,-3.1622776985168457
-4.123105525970459,-3.1622776985168457
-4.123105525970459,-3.1622776985168457
-4.123105525970459,-3.1622776985168457
-4.123105525970459,-3.1622776985168457
-4.123105525970459,-3.1622776985168457
-4.123105525970459,-3.1622776985168457
-4.123105525970459,-3.1622776985168457
-4.123105525970459,-3.1622776985168457
-4.123105525970459,-3.1622776985168457
-4.123105525970459,-3.1622776985168457
-4.123105525970459,-3.1622776985168457
-4.123105525970459,-3.1622776985168457
-4.123105525970459,-3.1622776985168457
-4.123105525970459,-3.1622776985168457
-4.123105525970459,-3.1622776985168457
-4.123105525970459,-3.1622776985168457
-4.123105525970459,-3.1622776985168457
-4.123105525970459,-3.1622776985168457
-4.123105525970459,-3.1622776985168457
-4.123105525970459,-3.1622776985168457
-4.123105525970459,-3.1622776985168457
-4.123105525970459,-3.1622776985168457
-4.123105525970459,-3
-4.123105525970459,-3
-4.123105525970459,-3
-4.123105525970459,-3
-4.123105525970459,-3
-4.123105525970459,-3
-4.123105525970459,-3
-4.123105525970459,-3
-4.123105525970459,-3
-4.123105525970459,-3
-4.123105525970459,-3
-4.123105525970459,-3
-4.123105525970459,-3
-4.123105525970459,-3
-4.123105525970459,-3
-4.123105525970459,-3
-4.123105525970459,-3
-4.123105525970459,-3
-4.123105525970459,-3
-4.123105525970459,-3
-4.123105525970459,-3
-4.123105525970459,-3
-4.123105525970459,-3
-4.123105525970459,-3
-4.123105525970459,-3
-4.123105525970459,-3
-4.123105525970459,-3
-4.123105525970459,-3
-4.123105525970459,-3
-4.123105525970459,-3
-4.123105525970459,-3
-4.123105525970459,-3
-4.123105525970459,-3
-4.123105525970459,-3
-4.123105525970459,-3
-4.123105525970459,-3
-4.123105525970459,-3
-4.123105525970459,-3
-4.123105525970459,-3
-4.123105525970459,-3
-4.123105525970459,-3
-4.123105525970459,-3
-4.123105525970459,-3
-4.123105525970459,-3
-4.123105525970459,-3
-4.123105525970459,-3
-4.123105525970459,-3
-4.123105525970459,-3
-4.123105525970459,-3
-4.123105525970459,-3
-4.123105525970459,-3
-4.123105525970459,-3
-4.123105525970459,-3
-4.123105525970459,-3
-4.123105525970459,-3
-4.123105525970459,-3
-4.123105525970459,-3
-4.123105525970459,-3
-4.123105525970459,-3
-4.123105525970459,-3
-4.123105525970459,-3
-4.123105525970459,-3
-4.123105525970459,-3
-4.123105525970459,-3
-4.123105525970459,-3
-4.123105525970459,-3
-4.123105525970459,-2.8284270763397217
-4.123105525970459,-2.8284270763397217
-4.123105525970459,-2.8284270763397217
-4.123105525970459,-2.8284270763397217
-4.123105525970459,-2.8284270763397217
-4.123105525970459,-2.8284270763397217
-4.123105525970459,-2.8284270763397217
-4.123105525970459,-2.8284270763397217
-4.123105525970459,-2.8284270763397217
-4.123105525970459,-2.8284270763397217
-4.123105525970459,-2.8284270763397217
-4.123105525970459,-2.8284270763397217
-4.123105525970459,-2.8284270763397217
-4.123105525970459,-2.8284270763397217
-4.123105525970459,-2.8284270763397217
-4.123105525970459,-2.8284270763397217
-4.123105525970459,-2.8284270763397217
-4.123105525970459,-2.8284270763397217
-4.123105525970459,-2.8284270763397217
-4.123105525970459,-2.8284270763397217
-4.123105525970459,-2.8284270763397217
-4.123105525970459,-2.8284270763397217
-4.123105525970459,-2.8284270763397217
-4.123105525970459,-2.8284270763397217
-4.123105525970459,-2.8284270763397217
-4.123105525970459,-2.8284270763397217
-4.123105525970459,-2.8284270763397217
-4.123105525970459,-2.8284270763397217
-4.123105525970459,-2.8284270763397217
-4.123105525970459,-2.8284270763397217
-4.123105525970459,-2.8284270763397217
-4.123105525970459,-2.8284270763397217
-4.123105525970459,-2.8284270763397217
-4.123105525970459,-2.8284270763397217
-4.123105525970459,-2.8284270763397217
-4.123105525970459,-2.8284270763397217
-4.123105525970459,-2.8284270763397217
-4.123105525970459,-2.8284270763397217
-4.123105525970459,-2.8284270763397217
-4.123105525970459,-2.8284270763397217
-4.123105525970459,-2.8284270763397217
-4.123105525970459,-2.8284270763397217
-4.123105525970459,-2.8284270763397217
-4.123105525970459,-2.8284270763397217
-4.123105525970459,-2.8284270763397217
-4.123105525970459,-2.8284270763397217
-4.123105525970459,-2.8284270763397217
-4.123105525970459,-2.8284270763397217
-4.123105525970459,-2.8284270763397217
-4.123105525970459,-2.8284270763397217
-4.123105525970459,-2.8284270763397217
-4.123105525970459,-2.8284270763397217
-4.123105525970459,-2.8284270763397217
-4.123105525970459,-2.8284270763397217
-4.123105525970459,-2.8284270763397217
-4.123105525970459,-2.8284270763397217
-4.123105525970459,-2.8284270763397217
-4.123105525970459,-2.8284270763397217
-4.123105525970459,-2.8284270763397217
-4.123105525970459,-2.8284270763397217
-4.123105525970459,-2.4494898319244385
-4.123105525970459,-2.4494898319244385
-4.123105525970459,-2.4494898319244385
-4.123105525970459,-2.4494898319244385
-4.123105525970459,-2.4494898319244385
-4.123105525970459,-2.4494898319244385
-4.123105525970459,-2.4494898319244385
-4.123105525970459,-2.4494898319244385
-4.123105525970459,-2.4494898319244385
-4.123105525970459,-2.4494898319244385
-4.123105525970459,-2.4494898319244385
-4.123105525970459,-2.4494898319244385
-4.123105525970459,-2.4494898319244385
-4.123105525970459,-2.4494898319244385
-4.123105525970459,-2.4494898319244385
-4.123105525970459,-2.4494898319244385
-4.123105525970459,-2.4494898319244385
-4.123105525970459,-2.4494898319244385
-4.123105525970459,-2.4494898319244385
-4.123105525970459,-2.4494898319244385
-4.123105525970459,-2.4494898319244385
-4.123105525970459,-2.4494898319244385
-4.123105525970459,-2.4494898319244385
-4.123105525970459,-2.4494898319244385
-4.123105525970459,-2.4494898319244385
-4.123105525970459,-2.4494898319244385
-4.123105525970459,-2.4494898319244385
-4.123105525970459,-2.4494898319244385
-4.123105525970459,-2.4494898319244385
-4.123105525970459,-2.4494898319244385
-4.123105525970459,-2.4494898319244385
-4.123105525970459,-2.4494898319244385
-4.123105525970459,-2.4494898319244385
-4.123105525970459,-2.4494898319244385
-4.123105525970459,-2.4494898319244385
-4.123105525970459,-2.4494898319244385
-4.123105525970459,-2.4494898319244385
-4.123105525970459,-2.4494898319244385
-4.123105525970459,-2.4494898319244385
-4.123105525970459,-2.4494898319244385
-4.123105525970459,-2.4494898319244385
-4.123105525970459,-2.4494898319244385
-4.123105525970459,-2.4494898319244385
-4.123105525970459,-2.4494898319244385
-4.123105525970459,-2.4494898319244385
-4.123105525970459,-2.4494898319244385
-4.123105525970459,-2.4494898319244385
-4.123105525970459,-2.2360680103302
-4.123105525970459,-2.2360680103302
-4.123105525970459,-2.2360680103302
-4.123105525970459,-2.2360680103302
-4.123105525970459,-2.2360680103302
-4.123105525970459,-2.2360680103302
-4.123105525970459,-2.2360680103302
-4.123105525970459,-2.2360680103302
-4.123105525970459,-2.2360680103302
-4.123105525970459,-2.2360680103302
-4.123105525970459,-2.2360680103302
-4.123105525970459,-2.2360680103302
-4.123105525970459,-2.2360680103302
-4.123105525970459,-2.2360680103302
-4.123105525970459,-2.2360680103302
-4.123105525970459,-2.2360680103302
-4.123105525970459,-2.2360680103302
-4.123105525970459,-2.2360680103302
-4.123105525970459,-2.2360680103302
-4.123105525970459,-2.2360680103302
-4.123105525970459,-2.2360680103302
-4.123105525970459,-2.2360680103302
-4.123105525970459,-2.2360680103302
-4.123105525970459,-2.2360680103302
-4.123105525970459,-2.2360680103302
-4.123105525970459,-2.2360680103302
-4.123105525970459,-2.2360680103302
-4.123105525970459,-2.2360680103302
-4.123105525970459,-2.2360680103302
-4.123105525970459,-2.2360680103302
-4.123105525970459,-2.2360680103302
-4.123105525970459,-2.2360680103302
-4.123105525970459,-2.2360680103302
-4.123105525970459,-2.2360680103302
-4.123105525970459,-2.2360680103302
-4.123105525970459,-2.2360680103302
-4.123105525970459,-2.2360680103302
-4.123105525970459,-2.2360680103302
-4.123105525970459,-2.2360680103302
-4.123105525970459,-2.2360680103302
-4.123105525970459,-2.2360680103302
-4.123105525970459,-2.2360680103302
-4.123105525970459,-2.2360680103302
-4.123105525970459,-2.2360680103302
-4.123105525970459,-2.2360680103302
-4.123105525970459,-2.2360680103302
-4.123105525970459,-2.2360680103302
-4.123105525970459,-2.2360680103302
-4.123105525970459,-2.2360680103302
-4.123105525970459,-2.2360680103302
-4.123105525970459,-2.2360680103302
-4.123105525970459,-2.2360680103302
-4.123105525970459,-2.2360680103302
-4.123105525970459,-2.2360680103302
-4.123105525970459,-2.2360680103302
-4.123105525970459,-2.2360680103302
-4.123105525970459,-2.2360680103302
-4.123105525970459,-2.2360680103302
-4.123105525970459,-2.2360680103302
-4.123105525970459,-2.2360680103302
-4.123105525970459,-2.2360680103302
-4.123105525970459,-2.2360680103302
-4.123105525970459,-2.2360680103302
-4.123105525970459,-2.2360680103302
-4.123105525970459,-2.2360680103302
-4.123105525970459,-2.2360680103302
-4.123105525970459,-2.2360680103302
-4.123105525970459,-2.2360680103302
-4.123105525970459,-2.2360680103302
-4.123105525970459,-2.2360680103302
-4.123105525970459,-2.2360680103302
-4.123105525970459,-2.2360680103302
-4.123105525970459,-2.2360680103302
-4.123105525970459,-2.2360680103302
-4.123105525970459,-2.2360680103302
-4.123105525970459,-2.2360680103302
-4.123105525970459,-2.2360680103302
-4.123105525970459,-2.2360680103302
-4.123105525970459,-2.2360680103302
-4.123105525970459,-2.2360680103302
-4.123105525970459,-2.2360680103302
-4.123105525970459,-2.2360680103302
-4.123105525970459,-2.2360680103302
-4.123105525970459,-2
-4.123105525970459,-2
-4.123105525970459,-2
-4.123105525970459,-2
-4.123105525970459,-2
-4.123105525970459,-2
-4.123105525970459,-2
-4.123105525970459,-2
-4.123105525970459,-2
-4.123105525970459,-2
-4.123105525970459,-2
-4.123105525970459,-2
-4.123105525970459,-2
-4.123105525970459,-2
-4.123105525970459,-2
-4.123105525970459,-2
-4.123105525970459,-2
-4.123105525970459,-2
-4.123105525970459,-2
-4.123105525970459,-2
-4.123105525970459,-2
-4.123105525970459,-2
-4.123105525970459,-2
-4.123105525970459,-2
-4.123105525970459,-2
-4.123105525970459,-2
-4.123105525970459,-2
-4.123105525970459,-2
-4.123105525970459,-2
-4.123105525970459,-2
-4.123105525970459,-2
-4.123105525970459,-2
-4.123105525970459,-2
-4.123105525970459,-2
-4.123105525970459,-2
-4.123105525970459,-2
-4.123105525970459,-2
-4.123105525970459,-2
-4.123105525970459,-2
-4.123105525970459,-2
-4.123105525970459,-2
-4.123105525970459,-2
-4.123105525970459,-2
-4.123105525970459,-2
-4.123105525970459,-2
-4.123105525970459,-2
-4.123105525970459,-2
-4.123105525970459,-2
-4.123105525970459,-2
-4.123105525970459,-2
-4.123105525970459,-2
-4.123105525970459,-2
-4.123105525970459,-2
-4.123105525970459,-2
-4.123105525970459,-2
-4.123105525970459,-2
-4.123105525970459,-2
-4.123105525970459,-2
-4.123105525970459,-1.7320507764816284
-4.123105525970459,-1.7320507764816284
-4.123105525970459,-1.7320507764816284
-4.123105525970459,-1.7320507764816284
-4.123105525970459,-1.7320507764816284
-4.123105525970459,-1.7320507764816284
-4.123105525970459,-1.7320507764816284
-4.123105525970459,-1.7320507764816284
-4.123105525970459,-1.7320507764816284
-4.123105525970459,-1.7320507764816284
-4.123105525970459,-1.7320507764816284
-4.123105525970459,-1.7320507764816284
-4.123105525970459,-1.7320507764816284
-4.123105525970459,-1.7320507764816284
-4.123105525970459,-1.7320507764816284
-4.123105525970459,-1.7320507764816284
-4.123105525970459,-1.7320507764816284
-4.123105525970459,-1.7320507764816284
-4.123105525970459,-1.7320507764816284
-4.123105525970459,-1.7320507764816284
-4.123105525970459,-1.7320507764816284
-4.123105525970459,-1.7320507764816284
-4.123105525970459,-1.7320507764816284
-4.123105525970459,-1.7320507764816284
-4.123105525970459,-1.7320507764816284
-4.123105525970459,-1.7320507764816284
-4.123105525970459,-1.7320507764816284
-4.123105525970459,-1.7320507764816284
-4.123105525970459,-1.7320507764816284
-4.123105525970459,-1.7320507764816284
-4.123105525970459,-1.7320507764816284
-4.123105525970459,-1.7320507764816284
-4.123105525970459,-1.7320507764816284
-4.123105525970459,-1.7320507764816284
-4.123105525970459,-1.7320507764816284
-4.123105525970459,-1.7320507764816284
-4.123105525970459,-1.7320507764816284
-4.123105525970459,-1.7320507764816284
-4.123105525970459,-1.7320507764816284
-4.123105525970459,-1.7320507764816284
-4.123105525970459,-1.7320507764816284
-4.123105525970459,-1.7320507764816284
-4.123105525970459,-1.7320507764816284
-4.123105525970459,-1.7320507764816284
-4.123105525970459,-1.4142135381698608
-4.123105525970459,-1.4142135381698608
-4.123105525970459,-1.4142135381698608
-4.123105525970459,-1.4142135381698608
-4.123105525970459,-1.4142135381698608
-4.123105525970459,-1.4142135381698608
-4.123105525970459,-1.4142135381698608
-4.123105525970459,-1.4142135381698608
-4.123105525970459,-1.4142135381698608
-4.123105525970459,-1.4142135381698608
-4.123105525970459,-1.4142135381698608
-4.123105525970459,-1.4142135381698608
-4.123105525970459,-1.4142135381698608
-4.123105525970459,-1.4142135381698608
-4.123105525970459,-1.4142135381698608
-4.123105525970459,-1.4142135381698608
-4.123105525970459,-1.4142135381698608
-4.123105525970459,-1.4142135381698608
-4.123105525970459,-1.4142135381698608
-4.123105525970459,-1.4142135381698608
-4.123105525970459,-1.4142135381698608
-4.123105525970459,-1.4142135381698608
-4.123105525970459,-1.4142135381698608
-4.123105525970459,-1.4142135381698608
-4.123105525970459,-1.4142135381698608
-4.123105525970459,-1.4142135381698608
-4.123105525970459,-1.4142135381698608
-4.123105525970459,-1.4142135381698608
-4.123105525970459,-1.4142135381698608
-4.123105525970459,-1.4142135381698608
-4.123105525970459,-1.4142135381698608
-4.123105525970459,-1.4142135381698608
-4.123105525970459,-1.4142135381698608
-4.123105525970459,-1.4142135381698608
-4.123105525970459,-1.4142135381698608
-4.123105525970459,-1.4142135381698608
-4.123105525970459,-1.4142135381698608
-4.123105525970459,-1.4142135381698608
-4.123105525970459,-1.4142135381698608
-4.123105525970459,-1.4142135381698608
-4.123105525970459,-1.4142135381698608
-4.123105525970459,-1.4142135381698608
-4.123105525970459,-1.4142135381698608
-4.123105525970459,-1.4142135381698608
-4.123105525970459,-1.4142135381698608
-4.123105525970459,-1.4142135381698608
-4.123105525970459,-1.4142135381698608
-4.123105525970459,-1.4142135381698608
-4.123105525970459,-1.4142135381698608
-4.123105525970459,-1.4142135381698608
-4.123105525970459,-1.4142135381698608
-4.123105525970459,-1.4142135381698608
-4.123105525970459,-1.4142135381698608
-4.123105525970459,-1.4142135381698608
-4.123105525970459,-1.4142135381698608
-4.123105525970459,-1.4142135381698608
-4.123105525970459,-1.4142135381698608
-4.123105525970459,-1.4142135381698608
-4.123105525970459,-1.4142135381698608
-4.123105525970459,-1.4142135381698608
-4.123105525970459,-1.4142135381698608
-4.123105525970459,-1.4142135381698608
-4.123105525970459,-1.4142135381698608
-4.123105525970459,-1.4142135381698608
-4.123105525970459,-1.4142135381698608
-4.123105525970459,-1.4142135381698608
-4.123105525970459,-1.4142135381698608
-4.123105525970459,-1.4142135381698608
-4.123105525970459,-1.4142135381698608
-4.123105525970459,-1.4142135381698608
-4.123105525970459,-1.4142135381698608
-4.123105525970459,-1.4142135381698608
-4.123105525970459,-1.4142135381698608
-4.123105525970459,-1.4142135381698608
-4.123105525970459,-1.4142135381698608
-4.123105525970459,-1.4142135381698608
-4.123105525970459,-1.4142135381698608
-4.123105525970459,-1.4142135381698608
-4.123105525970459,-1.4142135381698608
-4.123105525970459,-1.4142135381698608
-4.123105525970459,-1.4142135381698608
-4.123105525970459,-1.4142135381698608
-4.123105525970459,-1.4142135381698608
-4.123105525970459,-1.4142135381698608
-4.123105525970459,-1.4142135381698608
-4.123105525970459,-1.4142135381698608
-4.123105525970459,-1.4142135381698608
-4.123105525970459,-1.4142135381698608
-4.123105525970459,-1.4142135381698608
-4.123105525970459,-1.4142135381698608
-4.123105525970459,-1.4142135381698608
-4.123105525970459,-1.4142135381698608
-4.123105525970459,-1.4142135381698608
-4.123105525970459,-1.4142135381698608
-4.123105525970459,-1.4142135381698608
-4.123105525970459,-1.4142135381698608
-4.123105525970459,-1.4142135381698608
-4.123105525970459,-1.4142135381698608
-4.123105525970459,-1.4142135381698608
-4.123105525970459,-1.4142135381698608
-4.123105525970459,-1.4142135381698608
-4.123105525970459,-1.4142135381698608
-4.123105525970459,-1.4142135381698608
-4.123105525970459,-1.4142135381698608
-4.123105525970459,-1.4142135381698608
-4.123105525970459,-1.4142135381698608
-4.123105525970459,-1.4142135381698608
-4.123105525970459,-1.4142135381698608
-4.123105525970459,-1.4142135381698608
-4.123105525970459,-1.4142135381698608
-4.123105525970459,-1.4142135381698608
-4.123105525970459,-1.4142135381698608
-4.123105525970459,-1.4142135381698608
-4.123105525970459,-1.4142135381698608
-4.123105525970459,-1.4142135381698608
-4.123105525970459,-1.4142135381698608
-4.123105525970459,-1.4142135381698608
-4.123105525970459,-1.4142135381698608
-4.123105525970459,-1.4142135381698608
-4.123105525970459,-1.4142135381698608
-4.123105525970459,-1.4142135381698608
-4.123105525970459,-1.4142135381698608
-4.123105525970459,-1.4142135381698608
-4.123105525970459,-1.4142135381698608
-4.123105525970459,-1.4142135381698608
-4.123105525970459,-1.4142135381698608
-4.123105525970459,-1.4142135381698608
-4.123105525970459,-1.4142135381698608
-4.123105525970459,-1.4142135381698608
-4.123105525970459,-1.4142135381698608
-4.123105525970459,-1
-4.123105525970459,-1
-4.123105525970459,-1
-4.123105525970459,-1
-4.123105525970459,-1
-4.123105525970459,-1
-4.123105525970459,-1
-4.123105525970459,-1
-4.123105525970459,-1
-4.123105525970459,-1
-4.123105525970459,-1
-4.123105525970459,-1
-4.123105525970459,-1
-4.123105525970459,-1
-4.123105525970459,-1
-4.123105525970459,-1
-4.123105525970459,-1
-4.123105525970459,-1
-4.123105525970459,-1
-4.123105525970459,-1
-4.123105525970459,-1
-4.123105525970459,-1
-4.123105525970459,-1
-4.123105525970459,-1
-4.123105525970459,-1
-4.123105525970459,-1
-4.123105525970459,-1
-4.123105525970459,-1
-4.123105525970459,-1
-4.123105525970459,-1
-4.123105525970459,-1
-4.123105525970459,-1
-4.123105525970459,-1
-4.123105525970459,-1
-4.123105525970459,-1
-4.123105525970459,-1
-4.123105525970459,-1
-4.123105525970459,-1
-4.123105525970459,-1
-4.123105525970459,-1
-4.123105525970459,-1
-4.123105525970459,-1
-4.123105525970459,-1
-4.123105525970459,-1
-4.123105525970459,-1
-4.123105525970459,-1
-4.123105525970459,-1
-4.123105525970459,-1
-4.123105525970459,-1
-4.123105525970459,-1
-4.123105525970459,-1
-4.123105525970459,-1
-4.123105525970459,-1
-4.123105525970459,-1
-4.123105525970459,-1
-4.123105525970459,-1
-4.123105525970459,-1
-4.123105525970459,-1
-4.123105525970459,-1
-4.123105525970459,-1
-4.123105525970459,-1
-4.123105525970459,-1
-4.123105525970459,-1
-4.123105525970459,-1
-4.123105525970459,-1
-4.123105525970459,-1
-4.123105525970459,-1
-4.123105525970459,-1
-4.123105525970459,-1
-4.123105525970459,-1
-4.123105525970459,-1
-4.123105525970459,-1
-4.123105525970459,-1
-4.123105525970459,-1
-4.123105525970459,-1
-4.123105525970459,-1
-4.123105525970459,-1
-4.123105525970459,-1
-4.123105525970459,-1
-4.123105525970459,-1
-4.123105525970459,-1
-4.123105525970459,-1
-4.123105525970459,-1
-4.123105525970459,-1
-4.123105525970459,-1
-4.123105525970459,-1
-4.123105525970459,-1
-4.123105525970459,-1
-4.123105525970459,-1
-4.123105525970459,-1
-4.123105525970459,-1
-4.123105525970459,-1
-4.123105525970459,-1
-4.123105525970459,-1
-4.123105525970459,-1
-4.123105525970459,-1
-4.123105525970459,-1
-4.123105525970459,-1
-4.123105525970459,-1
-4.123105525970459,-1
-4.123105525970459,-1
-4.123105525970459,-1
-4.123105525970459,-1
-4.123105525970459,-1
-4.123105525970459,-1
-4.123105525970459,-1
-4.123105525970459,-1
-4.123105525970459,-1
-4.123105525970459,-1
-4.123105525970459,-1
-4.123105525970459,-1
-4.123105525970459,-1
-4.123105525970459,-1
-4.123105525970459,-1
-4.123105525970459,-1
-4.123105525970459,-1
-4.123105525970459,-1
-4.123105525970459,-1
-4.123105525970459,-1
-4.123105525970459,-1
-4.123105525970459,-1
-4.123105525970459,-1
-4.123105525970459,-1
-4.123105525970459,-1
-4.123105525970459,-1
-4.123105525970459,-1
-4.123105525970459,-1
-4.123105525970459,-1
-4.123105525970459,-1
-4.123105525970459,-1
-4.123105525970459,-1
-4.123105525970459,-1
-4.123105525970459,-1
-4.123105525970459,-1
-4.123105525970459,-1
-4.123105525970459,-1
-4.123105525970459,-1
-4.123105525970459,-1
-4.123105525970459,-1
-4.123105525970459,-1
-4.123105525970459,-1
-4.123105525970459,-1
-4.123105525970459,-1
-4.123105525970459,-1
-4.123105525970459,-1
-4.123105525970459,-1
-4.123105525970459,-1
-4.123105525970459,-1
-4.123105525970459,-1
-4.123105525970459,-1
-4.123105525970459,-1
-4.123105525970459,-1
-4.123105525970459,-1
-4.123105525970459,-1
-4.123105525970459,-1
-4.123105525970459,-1
-4.123105525970459,-1
-4.123105525970459,-1
-4.123105525970459,-1
-4.123105525970459,-1
-4.123105525970459,-1
-4.123105525970459,-1
-4.123105525970459,-1
-4.123105525970459,-1
-4.123105525970459,-1
-4.123105525970459,-1
-4.123105525970459,-1
-4.123105525970459,-1
-4.123105525970459,-1
-4.123105525970459,-1
-4.123105525970459,-1
-4.123105525970459,1
-4.123105525970459,1
-4.123105525970459,1
-4.123105525970459,1
-4.123105525970459,1
-4.123105525970459,1
-4.123105525970459,1
-4.123105525970459,1
-4.123105525970459,1
-4.123105525970459,1
-4.123105525970459,1
-4.123105525970459,1
-4.123105525970459,1
-4.123105525970459,1
-4.123105525970459,1
-4.123105525970459,1
-4.123105525970459,1
-4.123105525970459,1
-4.123105525970459,1
-4.123105525970459,1
-4.123105525970459,1
-4.123105525970459,1
-4.123105525970459,1
-4.123105525970459,1
-4.123105525970459,1
-4.123105525970459,1
-4.123105525970459,1
-4.123105525970459,1
-4.123105525970459,1
-4.123105525970459,1
-4.123105525970459,1
-4.123105525970459,1
-4.123105525970459,1
-4.123105525970459,1
-4.123105525970459,1
-4.123105525970459,1
-4.123105525970459,1
-4.123105525970459,1
-4.123105525970459,1
-4.123105525970459,1
-4.123105525970459,1
-4.123105525970459,1
-4.123105525970459,1
-4.123105525970459,1
-4.123105525970459,1
-4.123105525970459,1
-4.123105525970459,1
-4.123105525970459,1
-4.123105525970459,1
-4.123105525970459,1
-4.123105525970459,1
-4.123105525970459,1
-4.123105525970459,1
-4.123105525970459,1
-4.123105525970459,1
-4.123105525970459,1
-4.123105525970459,1
-4.123105525970459,1
-4.123105525970459,1
-4.123105525970459,1
-4.123105525970459,1
-4.123105525970459,1
-4.123105525970459,1
-4.123105525970459,1
-4.123105525970459,1
-4.123105525970459,1
-4.123105525970459,1
-4.123105525970459,1
-4.123105525970459,1
-4.123105525970459,1
-4.123105525970459,1
-4.123105525970459,1
-4.123105525970459,1
-4.123105525970459,1
-4.123105525970459,1
-4.123105525970459,1
-4.123105525970459,1
-4.123105525970459,1
-4.123105525970459,1
-4.123105525970459,1
-4.123105525970459,1
-4.123105525970459,1
-4.123105525970459,1
-4.123105525970459,1
-4.123105525970459,1
-4.123105525970459,1
-4.123105525970459,1
-4.123105525970459,1
-4.123105525970459,1
-4.123105525970459,1
-4.123105525970459,1
-4.123105525970459,1
-4.123105525970459,1
-4.123105525970459,1
-4.123105525970459,1
-4.123105525970459,1
-4.123105525970459,1
-4.123105525970459,1
-4.123105525970459,1
-4.123105525970459,1
-4.123105525970459,1
-4.123105525970459,1
-4.123105525970459,1
-4.123105525970459,1
-4.123105525970459,1
-4.123105525970459,1
-4.123105525970459,1
-4.123105525970459,1
-4.123105525970459,1
-4.123105525970459,1
-4.123105525970459,1
-4.123105525970459,1
-4.123105525970459,1
-4.123105525970459,1
-4.123105525970459,1
-4.123105525970459,1
-4.123105525970459,1
-4.123105525970459,1
-4.123105525970459,1
-4.123105525970459,1
-4.123105525970459,1
-4.123105525970459,1
-4.123105525970459,1
-4.123105525970459,1
-4.123105525970459,1
-4.123105525970459,1
-4.123105525970459,1
-4.123105525970459,1
-4.123105525970459,1
-4.123105525970459,1
-4.123105525970459,1
-4.123105525970459,1
-4.123105525970459,1
-4.123105525970459,1
-4.123105525970459,1
-4.123105525970459,1
-4.123105525970459,1
-4.123105525970459,1
-4.123105525970459,1
-4.123105525970459,1
-4.123105525970459,1
-4.123105525970459,1
-4.123105525970459,1
-4.123105525970459,1
-4.123105525970459,1
-4.123105525970459,1
-4.123105525970459,1
-4.123105525970459,1
-4.123105525970459,1.4142135381698608
-4.123105525970459,1.4142135381698608
-4.123105525970459,1.4142135381698608
-4.123105525970459,1.4142135381698608
-4.123105525970459,1.4142135381698608
-4.123105525970459,1.4142135381698608
-4.123105525970459,1.4142135381698608
-4.123105525970459,1.4142135381698608
-4.123105525970459,1.4142135381698608
-4.123105525970459,1.4142135381698608
-4.123105525970459,1.4142135381698608
-4.123105525970459,1.4142135381698608
-4.123105525970459,1.4142135381698608
-4.123105525970459,1.4142135381698608
-4.123105525970459,1.4142135381698608
-4.123105525970459,1.4142135381698608
-4.123105525970459,1.4142135381698608
-4.123105525970459,1.4142135381698608
-4.123105525970459,1.4142135381698608
-4.123105525970459,1.4142135381698608
-4.123105525970459,1.4142135381698608
-4.123105525970459,1.4142135381698608
-4.123105525970459,1.4142135381698608
-4.123105525970459,1.4142135381698608
-4.123105525970459,1.4142135381698608
-4.123105525970459,1.4142135381698608
-4.123105525970459,1.4142135381698608
-4.123105525970459,1.4142135381698608
-4.123105525970459,1.4142135381698608
-4.123105525970459,1.4142135381698608
-4.123105525970459,1.4142135381698608
-4.123105525970459,1.4142135381698608
-4.123105525970459,1.4142135381698608
-4.123105525970459,1.4142135381698608
-4.123105525970459,1.4142135381698608
-4.123105525970459,1.4142135381698608
-4.123105525970459,1.4142135381698608
-4.123105525970459,1.4142135381698608
-4.123105525970459,1.4142135381698608
-4.123105525970459,1.4142135381698608
-4.123105525970459,1.4142135381698608
-4.123105525970459,1.4142135381698608
-4.123105525970459,1.4142135381698608
-4.123105525970459,1.4142135381698608
-4.123105525970459,1.4142135381698608
-4.123105525970459,1.4142135381698608
-4.123105525970459,1.4142135381698608
-4.123105525970459,1.4142135381698608
-4.123105525970459,1.4142135381698608
-4.123105525970459,1.4142135381698608
-4.123105525970459,1.4142135381698608
-4.123105525970459,1.4142135381698608
-4.123105525970459,1.7320507764816284
-4.123105525970459,1.7320507764816284
-4.123105525970459,1.7320507764816284
-4.123105525970459,1.7320507764816284
-4.123105525970459,1.7320507764816284
-4.123105525970459,1.7320507764816284
-4.123105525970459,1.7320507764816284
-4.123105525970459,1.7320507764816284
-4.123105525970459,1.7320507764816284
-4.123105525970459,1.7320507764816284
-4.123105525970459,1.7320507764816284
-4.123105525970459,1.7320507764816284
-4.123105525970459,1.7320507764816284
-4.123105525970459,1.7320507764816284
-4.123105525970459,1.7320507764816284
-4.123105525970459,1.7320507764816284
-4.123105525970459,1.7320507764816284
-4.123105525970459,1.7320507764816284
-4.123105525970459,1.7320507764816284
-4.123105525970459,1.7320507764816284
-4.123105525970459,1.7320507764816284
-4.123105525970459,1.7320507764816284
-4.123105525970459,1.7320507764816284
-4.123105525970459,1.7320507764816284
-4.123105525970459,2
-4.123105525970459,2
-4.123105525970459,2
-4.123105525970459,2
-4.123105525970459,2
-4.123105525970459,2
-4.123105525970459,2
-4.123105525970459,2
-4.123105525970459,2
-4.123105525970459,2
-4.123105525970459,2
-4.123105525970459,2
-4.123105525970459,2
-4.123105525970459,2
-4.123105525970459,2
-4.123105525970459,2
-4.123105525970459,2
-4.123105525970459,2
-4.123105525970459,2
-4.123105525970459,2
-4.123105525970459,2
-4.123105525970459,2
-4.123105525970459,2
-4.123105525970459,2
-4.123105525970459,2
-4.123105525970459,2
-4.123105525970459,2
-4.123105525970459,2
-4.123105525970459,2
-4.123105525970459,2
-4.123105525970459,2
-4.123105525970459,2
-4.123105525970459,2
-4.123105525970459,2
-4.123105525970459,2
-4.123105525970459,2
-4.123105525970459,2.2360680103302
-4.123105525970459,2.2360680103302
-4.123105525970459,2.2360680103302
-4.123105525970459,2.2360680103302
-4.123105525970459,2.2360680103302
-4.123105525970459,2.2360680103302
-4.123105525970459,2.2360680103302
-4.123105525970459,2.2360680103302
-4.123105525970459,2.2360680103302
-4.123105525970459,2.2360680103302
-4.123105525970459,2.2360680103302
-4.123105525970459,2.2360680103302
-4.123105525970459,2.2360680103302
-4.123105525970459,2.2360680103302
-4.123105525970459,2.2360680103302
-4.123105525970459,2.2360680103302
-4.123105525970459,2.2360680103302
-4.123105525970459,2.2360680103302
-4.123105525970459,2.2360680103302
-4.123105525970459,2.2360680103302
-4.123105525970459,2.2360680103302
-4.123105525970459,2.2360680103302
-4.123105525970459,2.2360680103302
-4.123105525970459,2.2360680103302
-4.123105525970459,2.2360680103302
-4.123105525970459,2.2360680103302
-4.123105525970459,2.2360680103302
-4.123105525970459,2.2360680103302
-4.123105525970459,2.2360680103302
-4.123105525970459,2.2360680103302
-4.123105525970459,2.2360680103302
-4.123105525970459,2.2360680103302
-4.123105525970459,2.2360680103302
-4.123105525970459,2.2360680103302
-4.123105525970459,2.2360680103302
-4.123105525970459,2.2360680103302
-4.123105525970459,2.2360680103302
-4.123105525970459,2.2360680103302
-4.123105525970459,2.2360680103302
-4.123105525970459,2.2360680103302
-4.123105525970459,2.2360680103302
-4.123105525970459,2.2360680103302
-4.123105525970459,2.2360680103302
-4.123105525970459,2.2360680103302
-4.123105525970459,2.2360680103302
-4.123105525970459,2.2360680103302
-4.123105525970459,2.2360680103302
-4.123105525970459,2.2360680103302
-4.123105525970459,2.2360680103302
-4.123105525970459,2.2360680103302
-4.123105525970459,2.2360680103302
-4.123105525970459,2.2360680103302
-4.123105525970459,2.2360680103302
-4.123105525970459,2.2360680103302
-4.123105525970459,2.2360680103302
-4.123105525970459,2.2360680103302
-4.123105525970459,2.2360680103302
-4.123105525970459,2.2360680103302
-4.123105525970459,2.2360680103302
-4.123105525970459,2.2360680103302
-4.123105525970459,2.2360680103302
-4.123105525970459,2.2360680103302
-4.123105525970459,2.2360680103302
-4.123105525970459,2.2360680103302
-4.123105525970459,2.2360680103302
-4.123105525970459,2.2360680103302
-4.123105525970459,2.2360680103302
-4.123105525970459,2.2360680103302
-4.123105525970459,2.2360680103302
-4.123105525970459,2.2360680103302
-4.123105525970459,2.2360680103302
-4.123105525970459,2.2360680103302
-4.123105525970459,2.2360680103302
-4.123105525970459,2.2360680103302
-4.123105525970459,2.2360680103302
-4.123105525970459,2.2360680103302
-4.123105525970459,2.2360680103302
-4.123105525970459,2.2360680103302
-4.123105525970459,2.2360680103302
-4.123105525970459,2.2360680103302
-4.123105525970459,2.2360680103302
-4.123105525970459,2.2360680103302
-4.123105525970459,2.2360680103302
-4.123105525970459,2.2360680103302
-4.123105525970459,2.2360680103302
-4.123105525970459,2.2360680103302
-4.123105525970459,2.2360680103302
-4.123105525970459,2.2360680103302
-4.123105525970459,2.2360680103302
-4.123105525970459,2.2360680103302
-4.123105525970459,2.4494898319244385
-4.123105525970459,2.4494898319244385
-4.123105525970459,2.4494898319244385
-4.123105525970459,2.4494898319244385
-4.123105525970459,2.4494898319244385
-4.123105525970459,2.4494898319244385
-4.123105525970459,2.4494898319244385
-4.123105525970459,2.4494898319244385
-4.123105525970459,2.4494898319244385
-4.123105525970459,2.4494898319244385
-4.123105525970459,2.4494898319244385
-4.123105525970459,2.4494898319244385
-4.123105525970459,2.4494898319244385
-4.123105525970459,2.4494898319244385
-4.123105525970459,2.4494898319244385
-4.123105525970459,2.4494898319244385
-4.123105525970459,2.4494898319244385
-4.123105525970459,2.4494898319244385
-4.123105525970459,2.4494898319244385
-4.123105525970459,2.4494898319244385
-4.123105525970459,2.4494898319244385
-4.123105525970459,2.4494898319244385
-4.123105525970459,2.4494898319244385
-4.123105525970459,2.4494898319244385
-4.123105525970459,2.4494898319244385
-4.123105525970459,2.4494898319244385
-4.123105525970459,2.4494898319244385
-4.123105525970459,2.4494898319244385
-4.123105525970459,2.4494898319244385
-4.123105525970459,2.4494898319244385
-4.123105525970459,2.4494898319244385
-4.123105525970459,2.4494898319244385
-4.123105525970459,2.4494898319244385
-4.123105525970459,2.4494898319244385
-4.123105525970459,2.4494898319244385
-4.123105525970459,2.4494898319244385
-4.123105525970459,2.4494898319244385
-4.123105525970459,2.4494898319244385
-4.123105525970459,2.4494898319244385
-4.123105525970459,2.8284270763397217
-4.123105525970459,2.8284270763397217
-4.123105525970459,2.8284270763397217
-4.123105525970459,2.8284270763397217
-4.123105525970459,2.8284270763397217
-4.123105525970459,2.8284270763397217
-4.123105525970459,2.8284270763397217
-4.123105525970459,2.8284270763397217
-4.123105525970459,2.8284270763397217
-4.123105525970459,2.8284270763397217
-4.123105525970459,2.8284270763397217
-4.123105525970459,2.8284270763397217
-4.123105525970459,2.8284270763397217
-4.123105525970459,2.8284270763397217
-4.123105525970459,2.8284270763397217
-4.123105525970459,2.8284270763397217
-4.123105525970459,2.8284270763397217
-4.123105525970459,2.8284270763397217
-4.123105525970459,2.8284270763397217
-4.123105525970459,2.8284270763397217
-4.123105525970459,2.8284270763397217
-4.123105525970459,2.8284270763397217
-4.123105525970459,2.8284270763397217
-4.123105525970459,2.8284270763397217
-4.123105525970459,2.8284270763397217
-4.123105525970459,2.8284270763397217
-4.123105525970459,2.8284270763397217
-4.123105525970459,2.8284270763397217
-4.123105525970459,2.8284270763397217
-4.123105525970459,2.8284270763397217
-4.123105525970459,2.8284270763397217
-4.123105525970459,2.8284270763397217
-4.123105525970459,2.8284270763397217
-4.123105525970459,2.8284270763397217
-4.123105525970459,2.8284270763397217
-4.123105525970459,2.8284270763397217
-4.123105525970459,2.8284270763397217
-4.123105525970459,2.8284270763397217
-4.123105525970459,2.8284270763397217
-4.123105525970459,2.8284270763397217
-4.123105525970459,2.8284270763397217
-4.123105525970459,2.8284270763397217
-4.123105525970459,2.8284270763397217
-4.123105525970459,2.8284270763397217
-4.123105525970459,3
-4.123105525970459,3
-4.123105525970459,3
-4.123105525970459,3
-4.123105525970459,3
-4.123105525970459,3
-4.123105525970459,3
-4.123105525970459,3
-4.123105525970459,3
-4.123105525970459,3
-4.123105525970459,3
-4.123105525970459,3
-4.123105525970459,3
-4.123105525970459,3
-4.123105525970459,3
-4.123105525970459,3
-4.123105525970459,3
-4.123105525970459,3
-4.123105525970459,3
-4.123105525970459,3
-4.123105525970459,3
-4.123105525970459,3
-4.123105525970459,3
-4.123105525970459,3
-4.123105525970459,3
-4.123105525970459,3
-4.123105525970459,3
-4.123105525970459,3
-4.123105525970459,3
-4.123105525970459,3
-4.123105525970459,3
-4.123105525970459,3
-4.123105525970459,3
-4.123105525970459,3
-4.123105525970459,3
-4.123105525970459,3
-4.123105525970459,3
-4.123105525970459,3
-4.123105525970459,3
-4.123105525970459,3
-4.123105525970459,3
-4.123105525970459,3
-4.123105525970459,3
-4.123105525970459,3
-4.123105525970459,3
-4.123105525970459,3
-4.123105525970459,3
-4.123105525970459,3
-4.123105525970459,3
-4.123105525970459,3
-4.123105525970459,3
-4.123105525970459,3
-4.123105525970459,3
-4.123105525970459,3
-4.123105525970459,3
-4.123105525970459,3
-4.123105525970459,3
-4.123105525970459,3
-4.123105525970459,3.1622776985168457
-4.123105525970459,3.1622776985168457
-4.123105525970459,3.1622776985168457
-4.123105525970459,3.1622776985168457
-4.123105525970459,3.1622776985168457
-4.123105525970459,3.1622776985168457
-4.123105525970459,3.1622776985168457
-4.123105525970459,3.1622776985168457
-4.123105525970459,3.1622776985168457
-4.123105525970459,3.1622776985168457
-4.123105525970459,3.1622776985168457
-4.123105525970459,3.1622776985168457
-4.123105525970459,3.1622776985168457
-4.123105525970459,3.1622776985168457
-4.123105525970459,3.1622776985168457
-4.123105525970459,3.1622776985168457
-4.123105525970459,3.1622776985168457
-4.123105525970459,3.1622776985168457
-4.123105525970459,3.1622776985168457
-4.123105525970459,3.1622776985168457
-4.123105525970459,3.1622776985168457
-4.123105525970459,3.1622776985168457
-4.123105525970459,3.1622776985168457
-4.123105525970459,3.1622776985168457
-4.123105525970459,3.1622776985168457
-4.123105525970459,3.1622776985168457
-4.123105525970459,3.1622776985168457
-4.123105525970459,3.1622776985168457
-4.123105525970459,3.1622776985168457
-4.123105525970459,3.1622776985168457
-4.123105525970459,3.1622776985168457
-4.123105525970459,3.1622776985168457
-4.123105525970459,3.1622776985168457
-4.123105525970459,3.1622776985168457
-4.123105525970459,3.1622776985168457
-4.123105525970459,3.1622776985168457
-4.123105525970459,3.1622776985168457
-4.123105525970459,3.1622776985168457
-4.123105525970459,3.1622776985168457
-4.123105525970459,3.1622776985168457
-4.123105525970459,3.1622776985168457
-4.123105525970459,3.1622776985168457
-4.123105525970459,3.316624879837036
-4.123105525970459,3.316624879837036
-4.123105525970459,3.316624879837036
-4.123105525970459,3.316624879837036
-4.123105525970459,3.316624879837036
-4.123105525970459,3.316624879837036
-4.123105525970459,3.316624879837036
-4.123105525970459,3.316624879837036
-4.123105525970459,3.316624879837036
-4.123105525970459,3.316624879837036
-4.123105525970459,3.316624879837036
-4.123105525970459,3.316624879837036
-4.123105525970459,3.316624879837036
-4.123105525970459,3.316624879837036
-4.123105525970459,3.316624879837036
-4.123105525970459,3.316624879837036
-4.123105525970459,3.316624879837036
-4.123105525970459,3.316624879837036
-4.123105525970459,3.464101552963257
-4.123105525970459,3.464101552963257
-4.123105525970459,3.464101552963257
-4.123105525970459,3.464101552963257
-4.123105525970459,3.464101552963257
-4.123105525970459,3.464101552963257
-4.123105525970459,3.464101552963257
-4.123105525970459,3.464101552963257
-4.123105525970459,3.464101552963257
-4.123105525970459,3.464101552963257
-4.123105525970459,3.464101552963257
-4.123105525970459,3.464101552963257
-4.123105525970459,3.464101552963257
-4.123105525970459,3.464101552963257
-4.123105525970459,3.464101552963257
-4.123105525970459,3.464101552963257
-4.123105525970459,3.605551242828369
-4.123105525970459,3.605551242828369
-4.123105525970459,3.605551242828369
-4.123105525970459,3.605551242828369
-4.123105525970459,3.605551242828369
-4.123105525970459,3.605551242828369
-4.123105525970459,3.605551242828369
-4.123105525970459,3.605551242828369
-4.123105525970459,3.605551242828369
-4.123105525970459,3.605551242828369
-4.123105525970459,3.605551242828369
-4.123105525970459,3.605551242828369
-4.123105525970459,3.605551242828369
-4.123105525970459,3.605551242828369
-4.123105525970459,3.605551242828369
-4.123105525970459,3.605551242828369
-4.123105525970459,3.605551242828369
-4.123105525970459,3.605551242828369
-4.123105525970459,3.605551242828369
-4.123105525970459,3.605551242828369
-4.123105525970459,3.605551242828369
-4.123105525970459,3.605551242828369
-4.123105525970459,3.605551242828369
-4.123105525970459,3.605551242828369
-4.123105525970459,3.605551242828369
-4.123105525970459,3.605551242828369
-4.123105525970459,3.605551242828369
-4.123105525970459,3.605551242828369
-4.123105525970459,3.605551242828369
-4.123105525970459,3.605551242828369
-4.123105525970459,3.605551242828369
-4.123105525970459,3.605551242828369
-4.123105525970459,3.605551242828369
-4.123105525970459,3.605551242828369
-4.123105525970459,3.605551242828369
-4.123105525970459,3.605551242828369
-4.123105525970459,3.605551242828369
-4.123105525970459,3.605551242828369
-4.123105525970459,3.605551242828369
-4.123105525970459,3.605551242828369
-4.123105525970459,3.605551242828369
-4.123105525970459,3.7416574954986572
-4.123105525970459,3.7416574954986572
-4.123105525970459,3.7416574954986572
-4.123105525970459,3.7416574954986572
-4.123105525970459,3.7416574954986572
-4.123105525970459,3.7416574954986572
-4.123105525970459,3.7416574954986572
-4.123105525970459,3.7416574954986572
-4.123105525970459,3.7416574954986572
-4.123105525970459,3.7416574954986572
-4.123105525970459,3.7416574954986572
-4.123105525970459,3.7416574954986572
-4.123105525970459,3.7416574954986572
-4.123105525970459,3.7416574954986572
-4.123105525970459,3.7416574954986572
-4.123105525970459,3.7416574954986572
-4.123105525970459,3.7416574954986572
-4.123105525970459,3.7416574954986572
-4.123105525970459,3.7416574954986572
-4.123105525970459,3.7416574954986572
-4.123105525970459,3.7416574954986572
-4.123105525970459,3.7416574954986572
-4.123105525970459,3.7416574954986572
-4.123105525970459,3.7416574954986572
-4.123105525970459,3.7416574954986572
-4.123105525970459,3.7416574954986572
-4.123105525970459,3.7416574954986572
-4.123105525970459,3.7416574954986572
-4.123105525970459,3.7416574954986572
-4.123105525970459,3.7416574954986572
-4.123105525970459,3.7416574954986572
-4.123105525970459,3.7416574954986572
-4.123105525970459,4
-4.123105525970459,4
-4.123105525970459,4
-4.123105525970459,4
-4.123105525970459,4
-4.123105525970459,4
-4.123105525970459,4
-4.123105525970459,4
-4.123105525970459,4
-4.123105525970459,4
-4.123105525970459,4
-4.123105525970459,4
-4.123105525970459,4
-4.123105525970459,4
-4.123105525970459,4
-4.123105525970459,4
-4.123105525970459,4
-4.123105525970459,4
-4.123105525970459,4
-4.123105525970459,4
-4.123105525970459,4
-4.123105525970459,4
-4.123105525970459,4
-4.123105525970459,4
-4.123105525970459,4
-4.123105525970459,4
-4.123105525970459,4
-4.123105525970459,4
-4.123105525970459,4
-4.123105525970459,4
-4.123105525970459,4.123105525970459
-4.123105525970459,4.123105525970459
-4.123105525970459,4.123105525970459
-4.123105525970459,4.123105525970459
-4.123105525970459,4.123105525970459
-4.123105525970459,4.123105525970459
-4.123105525970459,4.123105525970459
-4.123105525970459,4.123105525970459
-4.123105525970459,4.123105525970459
-4.123105525970459,4.123105525970459
-4.123105525970459,4.123105525970459
-4.123105525970459,4.123105525970459
-4.123105525970459,4.123105525970459
-4.123105525970459,4.123105525970459
-4.123105525970459,4.123105525970459
-4.123105525970459,4.123105525970459
-4.123105525970459,4.123105525970459
-4.123105525970459,4.123105525970459
-4.123105525970459,4.123105525970459
-4.123105525970459,4.123105525970459
-4.123105525970459,4.123105525970459
-4.123105525970459,4.123105525970459
-4.123105525970459,4.123105525970459
-4.123105525970459,4.123105525970459
-4.123105525970459,4.123105525970459
-4.123105525970459,4.123105525970459
-4.123105525970459,4.123105525970459
-4.123105525970459,4.123105525970459
-4.123105525970459,4.123105525970459
-4.123105525970459,4.123105525970459
-4.123105525970459,4.123105525970459
-4.123105525970459,4.123105525970459
-4.123105525970459,4.123105525970459
-4.123105525970459,4.123105525970459
-4.123105525970459,4.123105525970459
-4.123105525970459,4.123105525970459
-4.123105525970459,4.123105525970459
-4.123105525970459,4.123105525970459
-4.123105525970459,4.123105525970459
-4.123105525970459,4.123105525970459
-4.123105525970459,4.123105525970459
-4.123105525970459,4.123105525970459
-4.123105525970459,4.123105525970459
-4.123105525970459,4.123105525970459
-4.123105525970459,4.123105525970459
-4.123105525970459,4.123105525970459
-4.123105525970459,4.123105525970459
-4.123105525970459,4.123105525970459
-4.123105525970459,4.123105525970459
-4.123105525970459,4.123105525970459
-4.123105525970459,4.123105525970459
-4.123105525970459,4.123105525970459
-4.123105525970459,4.123105525970459
-4.123105525970459,4.123105525970459
-4.123105525970459,4.123105525970459
-4.123105525970459,4.123105525970459
-4.123105525970459,4.123105525970459
-4.123105525970459,4.123105525970459
-4.123105525970459,4.123105525970459
-4.123105525970459,4.242640495300293
-4.123105525970459,4.242640495300293
-4.123105525970459,4.242640495300293
-4.123105525970459,4.242640495300293
-4.123105525970459,4.242640495300293
-4.123105525970459,4.242640495300293
-4.123105525970459,4.242640495300293
-4.123105525970459,4.242640495300293
-4.123105525970459,4.242640495300293
-4.123105525970459,4.242640495300293
-4.123105525970459,4.242640495300293
-4.123105525970459,4.242640495300293
-4.123105525970459,4.242640495300293
-4.123105525970459,4.242640495300293
-4.123105525970459,4.242640495300293
-4.123105525970459,4.242640495300293
-4.123105525970459,4.242640495300293
-4.123105525970459,4.242640495300293
-4.123105525970459,4.242640495300293
-4.123105525970459,4.242640495300293
-4.123105525970459,4.242640495300293
-4.123105525970459,4.242640495300293
-4.123105525970459,4.242640495300293
-4.123105525970459,4.242640495300293
-4.123105525970459,4.242640495300293
-4.123105525970459,4.242640495300293
-4.123105525970459,4.242640495300293
-4.123105525970459,4.242640495300293
-4.123105525970459,4.242640495300293
-4.123105525970459,4.358899116516113
-4.123105525970459,4.358899116516113
-4.123105525970459,4.358899116516113
-4.123105525970459,4.358899116516113
-4.123105525970459,4.358899116516113
-4.123105525970459,4.358899116516113
-4.123105525970459,4.358899116516113
-4.123105525970459,4.358899116516113
-4.123105525970459,4.358899116516113
-4.123105525970459,4.358899116516113
-4.123105525970459,4.358899116516113
-4.123105525970459,4.358899116516113
-4.123105525970459,4.4721360206604
-4.123105525970459,4.4721360206604
-4.123105525970459,4.4721360206604
-4.123105525970459,4.4721360206604
-4.123105525970459,4.4721360206604
-4.123105525970459,4.4721360206604
-4.123105525970459,4.4721360206604
-4.123105525970459,4.4721360206604
-4.123105525970459,4.4721360206604
-4.123105525970459,4.4721360206604
-4.123105525970459,4.4721360206604
-4.123105525970459,4.4721360206604
-4.123105525970459,4.4721360206604
-4.123105525970459,4.4721360206604
-4.123105525970459,4.4721360206604
-4.123105525970459,4.4721360206604
-4.123105525970459,4.4721360206604
-4.123105525970459,4.4721360206604
-4.123105525970459,4.4721360206604
-4.123105525970459,4.4721360206604
-4.123105525970459,4.4721360206604
-4.123105525970459,4.4721360206604
-4.123105525970459,4.4721360206604
-4.123105525970459,4.582575798034668
-4.123105525970459,4.582575798034668
-4.123105525970459,4.582575798034668
-4.123105525970459,4.582575798034668
-4.123105525970459,4.582575798034668
-4.123105525970459,4.582575798034668
-4.123105525970459,4.582575798034668
-4.123105525970459,4.582575798034668
-4.123105525970459,4.582575798034668
-4.123105525970459,4.582575798034668
-4.123105525970459,4.582575798034668
-4.123105525970459,4.582575798034668
-4.123105525970459,4.582575798034668
-4.123105525970459,4.582575798034668
-4.123105525970459,4.582575798034668
-4.123105525970459,4.582575798034668
-4.123105525970459,4.582575798034668
-4.123105525970459,4.582575798034668
-4.123105525970459,4.582575798034668
-4.123105525970459,4.582575798034668
-4.123105525970459,4.582575798034668
-4.123105525970459,4.582575798034668
-4.123105525970459,4.582575798034668
-4.123105525970459,4.582575798034668
-4.123105525970459,4.582575798034668
-4.123105525970459,4.582575798034668
-4.123105525970459,4.582575798034668
-4.123105525970459,4.582575798034668
-4.123105525970459,4.690415859222412
-4.123105525970459,4.690415859222412
-4.123105525970459,4.690415859222412
-4.123105525970459,4.690415859222412
-4.123105525970459,4.690415859222412
-4.123105525970459,4.690415859222412
-4.123105525970459,4.690415859222412
-4.123105525970459,4.690415859222412
-4.123105525970459,4.690415859222412
-4.123105525970459,4.690415859222412
-4.123105525970459,4.690415859222412
-4.123105525970459,4.690415859222412
-4.123105525970459,4.690415859222412
-4.123105525970459,4.690415859222412
-4.123105525970459,4.690415859222412
-4.123105525970459,4.690415859222412
-4.123105525970459,4.690415859222412
-4.123105525970459,4.690415859222412
-4.123105525970459,4.690415859222412
-4.123105525970459,4.690415859222412
-4.123105525970459,4.690415859222412
-4.123105525970459,4.690415859222412
-4.123105525970459,4.898979663848877
-4.123105525970459,4.898979663848877
-4.123105525970459,4.898979663848877
-4.123105525970459,4.898979663848877
-4.123105525970459,4.898979663848877
-4.123105525970459,4.898979663848877
-4.123105525970459,4.898979663848877
-4.123105525970459,4.898979663848877
-4.123105525970459,4.898979663848877
-4.123105525970459,4.898979663848877
-4.123105525970459,4.898979663848877
-4.123105525970459,4.898979663848877
-4.123105525970459,4.898979663848877
-4.123105525970459,4.898979663848877
-4.123105525970459,4.898979663848877
-4.123105525970459,5
-4.123105525970459,5
-4.123105525970459,5
-4.123105525970459,5
-4.123105525970459,5
-4.123105525970459,5
-4.123105525970459,5
-4.123105525970459,5
-4.123105525970459,5
-4.123105525970459,5
-4.123105525970459,5
-4.123105525970459,5
-4.123105525970459,5
-4.123105525970459,5
-4.123105525970459,5
-4.123105525970459,5
-4.123105525970459,5
-4.123105525970459,5
-4.123105525970459,5
-4.123105525970459,5
-4.123105525970459,5
-4.123105525970459,5
-4.123105525970459,5
-4.123105525970459,5
-4.123105525970459,5
-4.123105525970459,5
-4.123105525970459,5
-4.123105525970459,5
-4.123105525970459,5
-4.123105525970459,5
-4.123105525970459,5
-4.123105525970459,5
-4.123105525970459,5
-4.123105525970459,5
-4.123105525970459,5
-4.123105525970459,5.099019527435303
-4.123105525970459,5.099019527435303
-4.123105525970459,5.099019527435303
-4.123105525970459,5.099019527435303
-4.123105525970459,5.099019527435303
-4.123105525970459,5.099019527435303
-4.123105525970459,5.099019527435303
-4.123105525970459,5.099019527435303
-4.123105525970459,5.099019527435303
-4.123105525970459,5.099019527435303
-4.123105525970459,5.099019527435303
-4.123105525970459,5.099019527435303
-4.123105525970459,5.099019527435303
-4.123105525970459,5.099019527435303
-4.123105525970459,5.099019527435303
-4.123105525970459,5.099019527435303
-4.123105525970459,5.099019527435303
-4.123105525970459,5.099019527435303
-4.123105525970459,5.099019527435303
-4.123105525970459,5.099019527435303
-4.123105525970459,5.099019527435303
-4.123105525970459,5.099019527435303
-4.123105525970459,5.099019527435303
-4.123105525970459,5.099019527435303
-4.123105525970459,5.099019527435303
-4.123105525970459,5.099019527435303
-4.123105525970459,5.099019527435303
-4.123105525970459,5.099019527435303
-4.123105525970459,5.099019527435303
-4.123105525970459,5.099019527435303
-4.123105525970459,5.099019527435303
-4.123105525970459,5.099019527435303
-4.123105525970459,5.099019527435303
-4.123105525970459,5.196152210235596
-4.123105525970459,5.196152210235596
-4.123105525970459,5.196152210235596
-4.123105525970459,5.196152210235596
-4.123105525970459,5.196152210235596
-4.123105525970459,5.196152210235596
-4.123105525970459,5.196152210235596
-4.123105525970459,5.196152210235596
-4.123105525970459,5.196152210235596
-4.123105525970459,5.196152210235596
-4.123105525970459,5.196152210235596
-4.123105525970459,5.196152210235596
-4.123105525970459,5.196152210235596
-4.123105525970459,5.196152210235596
-4.123105525970459,5.196152210235596
-4.123105525970459,5.196152210235596
-4.123105525970459,5.196152210235596
-4.123105525970459,5.196152210235596
-4.123105525970459,5.196152210235596
-4.123105525970459,5.196152210235596
-4.123105525970459,5.196152210235596
-4.123105525970459,5.385164737701416
-4.123105525970459,5.385164737701416
-4.123105525970459,5.385164737701416
-4.123105525970459,5.385164737701416
-4.123105525970459,5.385164737701416
-4.123105525970459,5.385164737701416
-4.123105525970459,5.385164737701416
-4.123105525970459,5.385164737701416
-4.123105525970459,5.385164737701416
-4.123105525970459,5.385164737701416
-4.123105525970459,5.385164737701416
-4.123105525970459,5.385164737701416
-4.123105525970459,5.385164737701416
-4.123105525970459,5.385164737701416
-4.123105525970459,5.385164737701416
-4.123105525970459,5.385164737701416
-4.123105525970459,5.385164737701416
-4.123105525970459,5.385164737701416
-4.123105525970459,5.385164737701416
-4.123105525970459,5.385164737701416
-4.123105525970459,5.385164737701416
-4.123105525970459,5.385164737701416
-4.123105525970459,5.385164737701416
-4.123105525970459,5.385164737701416
-4.123105525970459,5.385164737701416
-4.123105525970459,5.385164737701416
-4.123105525970459,5.385164737701416
-4.123105525970459,5.385164737701416
-4.123105525970459,5.385164737701416
-4.123105525970459,5.385164737701416
-4.123105525970459,5.385164737701416
-4.123105525970459,5.385164737701416
-4.123105525970459,5.385164737701416
-4.123105525970459,5.385164737701416
-4.123105525970459,5.385164737701416
-4.123105525970459,5.385164737701416
-4.123105525970459,5.385164737701416
-4.123105525970459,5.385164737701416
-4.123105525970459,5.385164737701416
-4.123105525970459,5.385164737701416
-4.123105525970459,5.385164737701416
-4.123105525970459,5.385164737701416
-4.123105525970459,5.385164737701416
-4.123105525970459,5.385164737701416
-4.123105525970459,5.385164737701416
-4.123105525970459,5.4772257804870605
-4.123105525970459,5.4772257804870605
-4.123105525970459,5.4772257804870605
-4.123105525970459,5.4772257804870605
-4.123105525970459,5.4772257804870605
-4.123105525970459,5.4772257804870605
-4.123105525970459,5.4772257804870605
-4.123105525970459,5.4772257804870605
-4.123105525970459,5.4772257804870605
-4.123105525970459,5.4772257804870605
-4.123105525970459,5.4772257804870605
-4.123105525970459,5.4772257804870605
-4.123105525970459,5.4772257804870605
-4.123105525970459,5.4772257804870605
-4.123105525970459,5.4772257804870605
-4.123105525970459,5.4772257804870605
-4.123105525970459,5.4772257804870605
-4.123105525970459,5.4772257804870605
-4.123105525970459,5.4772257804870605
-4.123105525970459,5.4772257804870605
-4.123105525970459,5.4772257804870605
-4.123105525970459,5.4772257804870605
-4.123105525970459,5.4772257804870605
-4.123105525970459,5.4772257804870605
-4.123105525970459,5.4772257804870605
-4.123105525970459,5.656854152679443
-4.123105525970459,5.656854152679443
-4.123105525970459,5.656854152679443
-4.123105525970459,5.656854152679443
-4.123105525970459,5.656854152679443
-4.123105525970459,5.656854152679443
-4.123105525970459,5.656854152679443
-4.123105525970459,5.656854152679443
-4.123105525970459,5.656854152679443
-4.123105525970459,5.656854152679443
-4.123105525970459,5.656854152679443
-4.123105525970459,5.74456262588501
-4.123105525970459,5.74456262588501
-4.123105525970459,5.74456262588501
-4.123105525970459,5.74456262588501
-4.123105525970459,5.74456262588501
-4.123105525970459,5.74456262588501
-4.123105525970459,5.74456262588501
-4.123105525970459,5.74456262588501
-4.123105525970459,5.74456262588501
-4.123105525970459,5.74456262588501
-4.123105525970459,5.74456262588501
-4.123105525970459,5.74456262588501
-4.123105525970459,5.74456262588501
-4.123105525970459,5.74456262588501
-4.123105525970459,5.74456262588501
-4.123105525970459,5.74456262588501
-4.123105525970459,5.74456262588501
-4.123105525970459,5.74456262588501
-4.123105525970459,5.74456262588501
-4.123105525970459,5.74456262588501
-4.123105525970459,5.74456262588501
-4.123105525970459,5.74456262588501
-4.123105525970459,5.74456262588501
-4.123105525970459,5.74456262588501
-4.123105525970459,5.74456262588501
-4.123105525970459,5.74456262588501
-4.123105525970459,5.74456262588501
-4.123105525970459,5.74456262588501
-4.123105525970459,5.74456262588501
-4.123105525970459,5.74456262588501
-4.123105525970459,5.74456262588501
-4.123105525970459,5.74456262588501
-4.123105525970459,5.830951690673828
-4.123105525970459,5.830951690673828
-4.123105525970459,5.830951690673828
-4.123105525970459,5.830951690673828
-4.123105525970459,5.830951690673828
-4.123105525970459,5.830951690673828
-4.123105525970459,5.830951690673828
-4.123105525970459,5.830951690673828
-4.123105525970459,5.830951690673828
-4.123105525970459,5.830951690673828
-4.123105525970459,5.830951690673828
-4.123105525970459,5.830951690673828
-4.123105525970459,5.830951690673828
-4.123105525970459,5.830951690673828
-4.123105525970459,5.830951690673828
-4.123105525970459,5.830951690673828
-4.123105525970459,5.830951690673828
-4.123105525970459,5.830951690673828
-4.123105525970459,5.830951690673828
-4.123105525970459,5.830951690673828
-4.123105525970459,5.830951690673828
-4.123105525970459,5.830951690673828
-4.123105525970459,5.830951690673828
-4.123105525970459,5.830951690673828
-4.123105525970459,5.830951690673828
-4.123105525970459,5.830951690673828
-4.123105525970459,5.830951690673828
-4.123105525970459,5.830951690673828
-4.123105525970459,5.830951690673828
-4.123105525970459,5.830951690673828
-4.123105525970459,5.830951690673828
-4.123105525970459,5.830951690673828
-4.123105525970459,5.916079998016357
-4.123105525970459,5.916079998016357
-4.123105525970459,5.916079998016357
-4.123105525970459,5.916079998016357
-4.123105525970459,5.916079998016357
-4.123105525970459,5.916079998016357
-4.123105525970459,5.916079998016357
-4.123105525970459,5.916079998016357
-4.123105525970459,5.916079998016357
-4.123105525970459,5.916079998016357
-4.123105525970459,5.916079998016357
-4.123105525970459,5.916079998016357
-4.123105525970459,5.916079998016357
-4.123105525970459,5.916079998016357
-4.123105525970459,5.916079998016357
-4.123105525970459,5.916079998016357
-4.123105525970459,5.916079998016357
-4.123105525970459,5.916079998016357
-4.123105525970459,5.916079998016357
-4.123105525970459,6
-4.123105525970459,6
-4.123105525970459,6
-4.123105525970459,6
-4.123105525970459,6
-4.123105525970459,6
-4.123105525970459,6
-4.123105525970459,6
-4.123105525970459,6
-4.123105525970459,6
-4.123105525970459,6
-4.123105525970459,6
-4.123105525970459,6
-4.123105525970459,6
-4.123105525970459,6
-4.123105525970459,6
-4.123105525970459,6
-4.123105525970459,6
-4.123105525970459,6
-4.123105525970459,6
-4.123105525970459,6
-4.123105525970459,6
-4.123105525970459,6
-4.123105525970459,6
-4.123105525970459,6
-4.123105525970459,6
-4.123105525970459,6
-4.123105525970459,6
-4.123105525970459,6
-4.123105525970459,6.082762718200684
-4.123105525970459,6.082762718200684
-4.123105525970459,6.082762718200684
-4.123105525970459,6.082762718200684
-4.123105525970459,6.082762718200684
-4.123105525970459,6.082762718200684
-4.123105525970459,6.082762718200684
-4.123105525970459,6.082762718200684
-4.123105525970459,6.082762718200684
-4.123105525970459,6.082762718200684
-4.123105525970459,6.082762718200684
-4.123105525970459,6.082762718200684
-4.123105525970459,6.082762718200684
-4.123105525970459,6.082762718200684
-4.123105525970459,6.082762718200684
-4.123105525970459,6.082762718200684
-4.123105525970459,6.082762718200684
-4.123105525970459,6.082762718200684
-4.123105525970459,6.082762718200684
-4.123105525970459,6.082762718200684
-4.123105525970459,6.082762718200684
-4.123105525970459,6.082762718200684
-4.123105525970459,6.082762718200684
-4.123105525970459,6.164413928985596
-4.123105525970459,6.164413928985596
-4.123105525970459,6.164413928985596
-4.123105525970459,6.164413928985596
-4.123105525970459,6.164413928985596
-4.123105525970459,6.164413928985596
-4.123105525970459,6.164413928985596
-4.123105525970459,6.164413928985596
-4.123105525970459,6.164413928985596
-4.123105525970459,6.164413928985596
-4.123105525970459,6.164413928985596
-4.123105525970459,6.164413928985596
-4.123105525970459,6.164413928985596
-4.123105525970459,6.164413928985596
-4.123105525970459,6.164413928985596
-4.123105525970459,6.164413928985596
-4.123105525970459,6.164413928985596
-4.123105525970459,6.164413928985596
-4.123105525970459,6.164413928985596
-4.123105525970459,6.164413928985596
-4.123105525970459,6.164413928985596
-4.123105525970459,6.164413928985596
-4.123105525970459,6.164413928985596
-4.123105525970459,6.164413928985596
-4.123105525970459,6.164413928985596
-4.123105525970459,6.164413928985596
-4.123105525970459,6.164413928985596
-4.123105525970459,6.164413928985596
-4.123105525970459,6.164413928985596
-4.123105525970459,6.164413928985596
-4.123105525970459,6.164413928985596
-4.123105525970459,6.164413928985596
-4.123105525970459,6.164413928985596
-4.123105525970459,6.164413928985596
-4.123105525970459,6.164413928985596
-4.123105525970459,6.164413928985596
-4.123105525970459,6.324555397033691
-4.123105525970459,6.324555397033691
-4.123105525970459,6.324555397033691
-4.123105525970459,6.324555397033691
-4.123105525970459,6.324555397033691
-4.123105525970459,6.324555397033691
-4.123105525970459,6.324555397033691
-4.123105525970459,6.324555397033691
-4.123105525970459,6.324555397033691
-4.123105525970459,6.324555397033691
-4.123105525970459,6.324555397033691
-4.123105525970459,6.324555397033691
-4.123105525970459,6.324555397033691
-4.123105525970459,6.324555397033691
-4.123105525970459,6.324555397033691
-4.123105525970459,6.324555397033691
-4.123105525970459,6.324555397033691
-4.123105525970459,6.324555397033691
-4.123105525970459,6.324555397033691
-4.123105525970459,6.324555397033691
-4.123105525970459,6.324555397033691
-4.123105525970459,6.324555397033691
-4.123105525970459,6.324555397033691
-4.123105525970459,6.324555397033691
-4.123105525970459,6.324555397033691
-4.123105525970459,6.324555397033691
-4.123105525970459,6.324555397033691
-4.123105525970459,6.324555397033691
-4.123105525970459,6.324555397033691
-4.123105525970459,6.324555397033691
-4.123105525970459,6.4031243324279785
-4.123105525970459,6.4031243324279785
-4.123105525970459,6.4031243324279785
-4.123105525970459,6.4031243324279785
-4.123105525970459,6.4031243324279785
-4.123105525970459,6.4031243324279785
-4.123105525970459,6.4031243324279785
-4.123105525970459,6.4031243324279785
-4.123105525970459,6.4031243324279785
-4.123105525970459,6.4031243324279785
-4.123105525970459,6.4031243324279785
-4.123105525970459,6.4031243324279785
-4.123105525970459,6.4031243324279785
-4.123105525970459,6.4031243324279785
-4.123105525970459,6.4031243324279785
-4.123105525970459,6.4031243324279785
-4.123105525970459,6.4031243324279785
-4.123105525970459,6.4031243324279785
-4.123105525970459,6.4031243324279785
-4.123105525970459,6.4031243324279785
-4.123105525970459,6.4031243324279785
-4.123105525970459,6.4031243324279785
-4.123105525970459,6.4031243324279785
-4.123105525970459,6.4031243324279785
-4.123105525970459,6.4031243324279785
-4.123105525970459,6.4031243324279785
-4.123105525970459,6.4031243324279785
-4.123105525970459,6.4031243324279785
-4.123105525970459,6.4031243324279785
-4.123105525970459,6.4031243324279785
-4.123105525970459,6.4031243324279785
-4.123105525970459,6.4031243324279785
-4.123105525970459,6.4031243324279785
-4.123105525970459,6.4031243324279785
-4.123105525970459,6.4031243324279785
-4.123105525970459,6.4031243324279785
-4.123105525970459,6.4031243324279785
-4.123105525970459,6.4031243324279785
-4.123105525970459,6.4031243324279785
-4.123105525970459,6.4031243324279785
-4.123105525970459,6.4031243324279785
-4.123105525970459,6.480740547180176
-4.123105525970459,6.480740547180176
-4.123105525970459,6.480740547180176
-4.123105525970459,6.480740547180176
-4.123105525970459,6.480740547180176
-4.123105525970459,6.480740547180176
-4.123105525970459,6.480740547180176
-4.123105525970459,6.480740547180176
-4.123105525970459,6.480740547180176
-4.123105525970459,6.480740547180176
-4.123105525970459,6.480740547180176
-4.123105525970459,6.480740547180176
-4.123105525970459,6.557438373565674
-4.123105525970459,6.557438373565674
-4.123105525970459,6.557438373565674
-4.123105525970459,6.557438373565674
-4.123105525970459,6.557438373565674
-4.123105525970459,6.557438373565674
-4.123105525970459,6.557438373565674
-4.123105525970459,6.557438373565674
-4.123105525970459,6.557438373565674
-4.123105525970459,6.557438373565674
-4.123105525970459,6.557438373565674
-4.123105525970459,6.557438373565674
-4.123105525970459,6.557438373565674
-4.123105525970459,6.557438373565674
-4.123105525970459,6.633249759674072
-4.123105525970459,6.633249759674072
-4.123105525970459,6.633249759674072
-4.123105525970459,6.633249759674072
-4.123105525970459,6.633249759674072
-4.123105525970459,6.633249759674072
-4.123105525970459,6.633249759674072
-4.123105525970459,6.633249759674072
-4.123105525970459,6.633249759674072
-4.123105525970459,6.633249759674072
-4.123105525970459,6.633249759674072
-4.123105525970459,6.633249759674072
-4.123105525970459,6.633249759674072
-4.123105525970459,6.633249759674072
-4.123105525970459,6.633249759674072
-4.123105525970459,6.7082037925720215
-4.123105525970459,6.7082037925720215
-4.123105525970459,6.7082037925720215
-4.123105525970459,6.7082037925720215
-4.123105525970459,6.7082037925720215
-4.123105525970459,6.7082037925720215
-4.123105525970459,6.7082037925720215
-4.123105525970459,6.7082037925720215
-4.123105525970459,6.7082037925720215
-4.123105525970459,6.7082037925720215
-4.123105525970459,6.7082037925720215
-4.123105525970459,6.7082037925720215
-4.123105525970459,6.7082037925720215
-4.123105525970459,6.7082037925720215
-4.123105525970459,6.7082037925720215
-4.123105525970459,6.7082037925720215
-4.123105525970459,6.7082037925720215
-4.123105525970459,6.7082037925720215
-4.123105525970459,6.7082037925720215
-4.123105525970459,6.7082037925720215
-4.123105525970459,6.7082037925720215
-4.123105525970459,6.7082037925720215
-4.123105525970459,6.7082037925720215
-4.123105525970459,6.7082037925720215
-4.123105525970459,6.7082037925720215
-4.123105525970459,6.7082037925720215
-4.123105525970459,6.7082037925720215
-4.123105525970459,6.7082037925720215
-4.123105525970459,6.7082037925720215
-4.123105525970459,6.7082037925720215
-4.123105525970459,6.7082037925720215
-4.123105525970459,6.7082037925720215
-4.123105525970459,6.7082037925720215
-4.123105525970459,6.7082037925720215
-4.123105525970459,6.7082037925720215
-4.123105525970459,6.7082037925720215
-4.123105525970459,6.7082037925720215
-4.123105525970459,6.78233003616333
-4.123105525970459,6.78233003616333
-4.123105525970459,6.78233003616333
-4.123105525970459,6.78233003616333
-4.123105525970459,6.78233003616333
-4.123105525970459,6.78233003616333
-4.123105525970459,6.78233003616333
-4.123105525970459,6.78233003616333
-4.123105525970459,6.78233003616333
-4.123105525970459,6.78233003616333
-4.123105525970459,6.78233003616333
-4.123105525970459,6.78233003616333
-4.123105525970459,6.78233003616333
-4.123105525970459,6.78233003616333
-4.123105525970459,6.78233003616333
-4.123105525970459,6.78233003616333
-4.123105525970459,6.78233003616333
-4.123105525970459,6.78233003616333
-4.123105525970459,6.78233003616333
-4.123105525970459,6.78233003616333
-4.123105525970459,6.78233003616333
-4.123105525970459,6.928203105926514
-4.123105525970459,6.928203105926514
-4.123105525970459,6.928203105926514
-4.123105525970459,6.928203105926514
-4.123105525970459,7
-4.123105525970459,7
-4.123105525970459,7
-4.123105525970459,7
-4.123105525970459,7
-4.123105525970459,7
-4.123105525970459,7
-4.123105525970459,7
-4.123105525970459,7
-4.123105525970459,7
-4.123105525970459,7
-4.123105525970459,7
-4.123105525970459,7
-4.123105525970459,7
-4.123105525970459,7
-4.123105525970459,7
-4.123105525970459,7
-4.123105525970459,7
-4.123105525970459,7
-4.123105525970459,7
-4.123105525970459,7
-4.123105525970459,7
-4.123105525970459,7
-4.123105525970459,7
-4.123105525970459,7
-4.123105525970459,7
-4.123105525970459,7
-4.123105525970459,7
-4.123105525970459,7
-4.123105525970459,7
-4.123105525970459,7
-4.123105525970459,7
-4.123105525970459,7
-4.123105525970459,7
-4.123105525970459,7
-4.123105525970459,7
-4.123105525970459,7
-4.123105525970459,7.071067810058594
-4.123105525970459,7.071067810058594
-4.123105525970459,7.071067810058594
-4.123105525970459,7.071067810058594
-4.123105525970459,7.071067810058594
-4.123105525970459,7.071067810058594
-4.123105525970459,7.071067810058594
-4.123105525970459,7.071067810058594
-4.123105525970459,7.071067810058594
-4.123105525970459,7.071067810058594
-4.123105525970459,7.071067810058594
-4.123105525970459,7.071067810058594
-4.123105525970459,7.071067810058594
-4.123105525970459,7.071067810058594
-4.123105525970459,7.071067810058594
-4.123105525970459,7.071067810058594
-4.123105525970459,7.071067810058594
-4.123105525970459,7.071067810058594
-4.123105525970459,7.071067810058594
-4.123105525970459,7.071067810058594
-4.123105525970459,7.071067810058594
-4.123105525970459,7.071067810058594
-4.123105525970459,7.071067810058594
-4.123105525970459,7.071067810058594
-4.123105525970459,7.071067810058594
-4.123105525970459,7.071067810058594
-4.123105525970459,7.071067810058594
-4.123105525970459,7.071067810058594
-4.123105525970459,7.071067810058594
-4.123105525970459,7.071067810058594
-4.123105525970459,7.071067810058594
-4.123105525970459,7.071067810058594
-4.123105525970459,7.071067810058594
-4.123105525970459,7.071067810058594
-4.123105525970459,7.071067810058594
-4.123105525970459,7.071067810058594
-4.123105525970459,7.071067810058594
-4.123105525970459,7.071067810058594
-4.123105525970459,7.071067810058594
-4.123105525970459,7.071067810058594
-4.123105525970459,7.141428470611572
-4.123105525970459,7.141428470611572
-4.123105525970459,7.141428470611572
-4.123105525970459,7.141428470611572
-4.123105525970459,7.141428470611572
-4.123105525970459,7.141428470611572
-4.123105525970459,7.141428470611572
-4.123105525970459,7.141428470611572
-4.123105525970459,7.141428470611572
-4.123105525970459,7.141428470611572
-4.123105525970459,7.141428470611572
-4.123105525970459,7.141428470611572
-4.123105525970459,7.141428470611572
-4.123105525970459,7.141428470611572
-4.123105525970459,7.141428470611572
-4.123105525970459,7.141428470611572
-4.123105525970459,7.141428470611572
-4.123105525970459,7.141428470611572
-4.123105525970459,7.211102485656738
-4.123105525970459,7.211102485656738
-4.123105525970459,7.211102485656738
-4.123105525970459,7.211102485656738
-4.123105525970459,7.211102485656738
-4.123105525970459,7.211102485656738
-4.123105525970459,7.211102485656738
-4.123105525970459,7.211102485656738
-4.123105525970459,7.211102485656738
-4.123105525970459,7.211102485656738
-4.123105525970459,7.211102485656738
-4.123105525970459,7.211102485656738
-4.123105525970459,7.211102485656738
-4.123105525970459,7.211102485656738
-4.123105525970459,7.211102485656738
-4.123105525970459,7.211102485656738
-4.123105525970459,7.211102485656738
-4.123105525970459,7.211102485656738
-4.123105525970459,7.211102485656738
-4.123105525970459,7.211102485656738
-4.123105525970459,7.211102485656738
-4.123105525970459,7.211102485656738
-4.123105525970459,7.280109882354736
-4.123105525970459,7.280109882354736
-4.123105525970459,7.280109882354736
-4.123105525970459,7.280109882354736
-4.123105525970459,7.280109882354736
-4.123105525970459,7.280109882354736
-4.123105525970459,7.280109882354736
-4.123105525970459,7.280109882354736
-4.123105525970459,7.280109882354736
-4.123105525970459,7.280109882354736
-4.123105525970459,7.280109882354736
-4.123105525970459,7.280109882354736
-4.123105525970459,7.280109882354736
-4.123105525970459,7.280109882354736
-4.123105525970459,7.280109882354736
-4.123105525970459,7.280109882354736
-4.123105525970459,7.280109882354736
-4.123105525970459,7.280109882354736
-4.123105525970459,7.280109882354736
-4.123105525970459,7.280109882354736
-4.123105525970459,7.280109882354736
-4.123105525970459,7.280109882354736
-4.123105525970459,7.280109882354736
-4.123105525970459,7.280109882354736
-4.123105525970459,7.280109882354736
-4.123105525970459,7.280109882354736
-4.123105525970459,7.280109882354736
-4.123105525970459,7.280109882354736
-4.123105525970459,7.280109882354736
-4.123105525970459,7.280109882354736
-4.123105525970459,7.280109882354736
-4.123105525970459,7.280109882354736
-4.123105525970459,7.280109882354736
-4.123105525970459,7.348469257354736
-4.123105525970459,7.348469257354736
-4.123105525970459,7.348469257354736
-4.123105525970459,7.348469257354736
-4.123105525970459,7.348469257354736
-4.123105525970459,7.348469257354736
-4.123105525970459,7.348469257354736
-4.123105525970459,7.348469257354736
-4.123105525970459,7.348469257354736
-4.123105525970459,7.348469257354736
-4.123105525970459,7.348469257354736
-4.123105525970459,7.348469257354736
-4.123105525970459,7.348469257354736
-4.123105525970459,7.348469257354736
-4.123105525970459,7.348469257354736
-4.123105525970459,7.348469257354736
-4.123105525970459,7.348469257354736
-4.123105525970459,7.348469257354736
-4.123105525970459,7.348469257354736
-4.123105525970459,7.348469257354736
-4.123105525970459,7.4833149909973145
-4.123105525970459,7.4833149909973145
-4.123105525970459,7.4833149909973145
-4.123105525970459,7.4833149909973145
-4.123105525970459,7.4833149909973145
-4.123105525970459,7.4833149909973145
-4.123105525970459,7.4833149909973145
-4.123105525970459,7.4833149909973145
-4.123105525970459,7.4833149909973145
-4.123105525970459,7.4833149909973145
-4.123105525970459,7.4833149909973145
-4.123105525970459,7.4833149909973145
-4.123105525970459,7.4833149909973145
-4.123105525970459,7.4833149909973145
-4.123105525970459,7.4833149909973145
-4.123105525970459,7.4833149909973145
-4.123105525970459,7.4833149909973145
-4.123105525970459,7.4833149909973145
-4.123105525970459,7.4833149909973145
-4.123105525970459,7.4833149909973145
-4.123105525970459,7.4833149909973145
-4.123105525970459,7.4833149909973145
-4.123105525970459,7.4833149909973145
-4.123105525970459,7.4833149909973145
-4.123105525970459,7.4833149909973145
-4.123105525970459,7.4833149909973145
-4.123105525970459,7.549834251403809
-4.123105525970459,7.549834251403809
-4.123105525970459,7.549834251403809
-4.123105525970459,7.549834251403809
-4.123105525970459,7.549834251403809
-4.123105525970459,7.549834251403809
-4.123105525970459,7.549834251403809
-4.123105525970459,7.549834251403809
-4.123105525970459,7.549834251403809
-4.123105525970459,7.549834251403809
-4.123105525970459,7.549834251403809
-4.123105525970459,7.549834251403809
-4.123105525970459,7.549834251403809
-4.123105525970459,7.549834251403809
-4.123105525970459,7.549834251403809
-4.123105525970459,7.549834251403809
-4.123105525970459,7.549834251403809
-4.123105525970459,7.549834251403809
-4.123105525970459,7.549834251403809
-4.123105525970459,7.549834251403809
-4.123105525970459,7.549834251403809
-4.123105525970459,7.549834251403809
-4.123105525970459,7.549834251403809
-4.123105525970459,7.549834251403809
-4.123105525970459,7.549834251403809
-4.123105525970459,7.6157732009887695
-4.123105525970459,7.6157732009887695
-4.123105525970459,7.6157732009887695
-4.123105525970459,7.6157732009887695
-4.123105525970459,7.6157732009887695
-4.123105525970459,7.6157732009887695
-4.123105525970459,7.6157732009887695
-4.123105525970459,7.6157732009887695
-4.123105525970459,7.6157732009887695
-4.123105525970459,7.6157732009887695
-4.123105525970459,7.6157732009887695
-4.123105525970459,7.6157732009887695
-4.123105525970459,7.6157732009887695
-4.123105525970459,7.6157732009887695
-4.123105525970459,7.6157732009887695
-4.123105525970459,7.6157732009887695
-4.123105525970459,7.6157732009887695
-4.123105525970459,7.6157732009887695
-4.123105525970459,7.6157732009887695
-4.123105525970459,7.6157732009887695
-4.123105525970459,7.6157732009887695
-4.123105525970459,7.6157732009887695
-4.123105525970459,7.681145668029785
-4.123105525970459,7.681145668029785
-4.123105525970459,7.681145668029785
-4.123105525970459,7.681145668029785
-4.123105525970459,7.681145668029785
-4.123105525970459,7.681145668029785
-4.123105525970459,7.681145668029785
-4.123105525970459,7.681145668029785
-4.123105525970459,7.681145668029785
-4.123105525970459,7.681145668029785
-4.123105525970459,7.681145668029785
-4.123105525970459,7.681145668029785
-4.123105525970459,7.681145668029785
-4.123105525970459,7.681145668029785
-4.123105525970459,7.681145668029785
-4.123105525970459,7.681145668029785
-4.123105525970459,7.681145668029785
-4.123105525970459,7.681145668029785
-4.123105525970459,7.681145668029785
-4.123105525970459,7.681145668029785
-4.123105525970459,7.681145668029785
-4.123105525970459,7.8102498054504395
-4.123105525970459,7.8102498054504395
-4.123105525970459,7.8102498054504395
-4.123105525970459,7.8102498054504395
-4.123105525970459,7.8102498054504395
-4.123105525970459,7.8102498054504395
-4.123105525970459,7.8102498054504395
-4.123105525970459,7.8102498054504395
-4.123105525970459,7.8102498054504395
-4.123105525970459,7.8102498054504395
-4.123105525970459,7.8102498054504395
-4.123105525970459,7.8102498054504395
-4.123105525970459,7.8102498054504395
-4.123105525970459,7.8102498054504395
-4.123105525970459,7.8102498054504395
-4.123105525970459,7.8102498054504395
-4.123105525970459,7.8102498054504395
-4.123105525970459,7.8102498054504395
-4.123105525970459,7.8102498054504395
-4.123105525970459,7.8102498054504395
-4.123105525970459,7.8102498054504395
-4.123105525970459,7.8102498054504395
-4.123105525970459,7.8102498054504395
-4.123105525970459,7.8102498054504395
-4.123105525970459,7.8102498054504395
-4.123105525970459,7.8102498054504395
-4.123105525970459,7.8102498054504395
-4.123105525970459,7.8102498054504395
-4.123105525970459,7.8102498054504395
-4.123105525970459,7.8102498054504395
-4.123105525970459,7.8102498054504395
-4.123105525970459,7.8102498054504395
-4.123105525970459,7.8102498054504395
-4.123105525970459,7.8102498054504395
-4.123105525970459,7.8102498054504395
-4.123105525970459,7.8102498054504395
-4.123105525970459,7.8102498054504395
-4.123105525970459,7.8102498054504395
-4.123105525970459,7.8102498054504395
-4.123105525970459,7.8102498054504395
-4.123105525970459,7.8102498054504395
-4.123105525970459,7.8102498054504395
-4.123105525970459,7.8102498054504395
-4.123105525970459,7.8102498054504395
-4.123105525970459,7.8102498054504395
-4.123105525970459,7.8102498054504395
-4.123105525970459,7.8102498054504395
-4.123105525970459,7.874007701873779
-4.123105525970459,7.874007701873779
-4.123105525970459,7.874007701873779
-4.123105525970459,7.874007701873779
-4.123105525970459,7.874007701873779
-4.123105525970459,7.874007701873779
-4.123105525970459,7.874007701873779
-4.123105525970459,7.874007701873779
-4.123105525970459,7.874007701873779
-4.123105525970459,7.874007701873779
-4.123105525970459,7.874007701873779
-4.123105525970459,7.874007701873779
-4.123105525970459,7.874007701873779
-4.123105525970459,7.874007701873779
-4.123105525970459,7.874007701873779
-4.123105525970459,7.874007701873779
-4.123105525970459,7.874007701873779
-4.123105525970459,7.874007701873779
-4.123105525970459,7.874007701873779
-4.123105525970459,7.874007701873779
-4.123105525970459,7.874007701873779
-4.123105525970459,7.874007701873779
-4.123105525970459,7.874007701873779
-4.123105525970459,7.874007701873779
-4.123105525970459,7.874007701873779
-4.123105525970459,7.874007701873779
-4.123105525970459,7.874007701873779
-4.123105525970459,7.874007701873779
-4.123105525970459,7.874007701873779
-4.123105525970459,7.874007701873779
-4.123105525970459,7.874007701873779
-4.123105525970459,8
-4.123105525970459,8
-4.123105525970459,8
-4.123105525970459,8
-4.123105525970459,8
-4.123105525970459,8
-4.123105525970459,8
-4.123105525970459,8
-4.123105525970459,8
-4.123105525970459,8
-4.123105525970459,8
-4.123105525970459,8
-4.123105525970459,8.062257766723633
-4.123105525970459,8.062257766723633
-4.123105525970459,8.062257766723633
-4.123105525970459,8.062257766723633
-4.123105525970459,8.062257766723633
-4.123105525970459,8.062257766723633
-4.123105525970459,8.062257766723633
-4.123105525970459,8.062257766723633
-4.123105525970459,8.062257766723633
-4.123105525970459,8.062257766723633
-4.123105525970459,8.062257766723633
-4.123105525970459,8.062257766723633
-4.123105525970459,8.062257766723633
-4.123105525970459,8.062257766723633
-4.123105525970459,8.062257766723633
-4.123105525970459,8.062257766723633
-4.123105525970459,8.062257766723633
-4.123105525970459,8.062257766723633
-4.123105525970459,8.062257766723633
-4.123105525970459,8.062257766723633
-4.123105525970459,8.062257766723633
-4.123105525970459,8.062257766723633
-4.123105525970459,8.062257766723633
-4.123105525970459,8.062257766723633
-4.123105525970459,8.062257766723633
-4.123105525970459,8.062257766723633
-4.123105525970459,8.062257766723633
-4.123105525970459,8.062257766723633
-4.123105525970459,8.062257766723633
-4.123105525970459,8.062257766723633
-4.123105525970459,8.062257766723633
-4.123105525970459,8.062257766723633
-4.123105525970459,8.062257766723633
-4.123105525970459,8.062257766723633
-4.123105525970459,8.062257766723633
-4.123105525970459,8.062257766723633
-4.123105525970459,8.062257766723633
-4.123105525970459,8.124038696289063
-4.123105525970459,8.124038696289063
-4.123105525970459,8.124038696289063
-4.123105525970459,8.124038696289063
-4.123105525970459,8.124038696289063
-4.123105525970459,8.124038696289063
-4.123105525970459,8.124038696289063
-4.123105525970459,8.124038696289063
-4.123105525970459,8.124038696289063
-4.123105525970459,8.124038696289063
-4.123105525970459,8.124038696289063
-4.123105525970459,8.124038696289063
-4.123105525970459,8.124038696289063
-4.123105525970459,8.124038696289063
-4.123105525970459,8.124038696289063
-4.123105525970459,8.124038696289063
-4.123105525970459,8.124038696289063
-4.123105525970459,8.124038696289063
-4.123105525970459,8.124038696289063
-4.123105525970459,8.124038696289063
-4.123105525970459,8.124038696289063
-4.123105525970459,8.124038696289063
-4.123105525970459,8.124038696289063
-4.123105525970459,8.124038696289063
-4.123105525970459,8.124038696289063
-4.123105525970459,8.124038696289063
-4.123105525970459,8.124038696289063
-4.123105525970459,8.124038696289063
-4.123105525970459,8.124038696289063
-4.123105525970459,8.124038696289063
-4.123105525970459,8.124038696289063
-4.123105525970459,8.124038696289063
-4.123105525970459,8.124038696289063
-4.123105525970459,8.124038696289063
-4.123105525970459,8.124038696289063
-4.123105525970459,8.124038696289063
-4.123105525970459,8.124038696289063
-4.123105525970459,8.124038696289063
-4.123105525970459,8.124038696289063
-4.123105525970459,8.124038696289063
-4.123105525970459,8.124038696289063
-4.123105525970459,8.124038696289063
-4.123105525970459,8.124038696289063
-4.123105525970459,8.185352325439453
-4.123105525970459,8.185352325439453
-4.123105525970459,8.185352325439453
-4.123105525970459,8.185352325439453
-4.123105525970459,8.185352325439453
-4.123105525970459,8.185352325439453
-4.123105525970459,8.185352325439453
-4.123105525970459,8.185352325439453
-4.123105525970459,8.185352325439453
-4.123105525970459,8.185352325439453
-4.123105525970459,8.185352325439453
-4.123105525970459,8.185352325439453
-4.123105525970459,8.185352325439453
-4.123105525970459,8.185352325439453
-4.123105525970459,8.185352325439453
-4.123105525970459,8.185352325439453
-4.123105525970459,8.185352325439453
-4.123105525970459,8.185352325439453
-4.123105525970459,8.246211051940918
-4.123105525970459,8.246211051940918
-4.123105525970459,8.246211051940918
-4.123105525970459,8.246211051940918
-4.123105525970459,8.246211051940918
-4.123105525970459,8.246211051940918
-4.123105525970459,8.246211051940918
-4.123105525970459,8.246211051940918
-4.123105525970459,8.246211051940918
-4.123105525970459,8.246211051940918
-4.123105525970459,8.246211051940918
-4.123105525970459,8.246211051940918
-4.123105525970459,8.246211051940918
-4.123105525970459,8.246211051940918
-4.123105525970459,8.246211051940918
-4.123105525970459,8.246211051940918
-4.123105525970459,8.246211051940918
-4.123105525970459,8.246211051940918
-4.123105525970459,8.246211051940918
-4.123105525970459,8.246211051940918
-4.123105525970459,8.246211051940918
-4.123105525970459,8.306623458862305
-4.123105525970459,8.306623458862305
-4.123105525970459,8.306623458862305
-4.123105525970459,8.306623458862305
-4.123105525970459,8.306623458862305
-4.123105525970459,8.306623458862305
-4.123105525970459,8.306623458862305
-4.123105525970459,8.306623458862305
-4.123105525970459,8.306623458862305
-4.123105525970459,8.306623458862305
-4.123105525970459,8.306623458862305
-4.123105525970459,8.306623458862305
-4.123105525970459,8.306623458862305
-4.123105525970459,8.306623458862305
-4.123105525970459,8.306623458862305
-4.123105525970459,8.306623458862305
-4.123105525970459,8.306623458862305
-4.123105525970459,8.306623458862305
-4.123105525970459,8.306623458862305
-4.123105525970459,8.306623458862305
-4.123105525970459,8.306623458862305
-4.123105525970459,8.306623458862305
-4.123105525970459,8.306623458862305
-4.123105525970459,8.306623458862305
-4.123105525970459,8.366600036621094
-4.123105525970459,8.366600036621094
-4.123105525970459,8.366600036621094
-4.123105525970459,8.366600036621094
-4.123105525970459,8.366600036621094
-4.123105525970459,8.366600036621094
-4.123105525970459,8.366600036621094
-4.123105525970459,8.366600036621094
-4.123105525970459,8.366600036621094
-4.123105525970459,8.366600036621094
-4.123105525970459,8.366600036621094
-4.123105525970459,8.366600036621094
-4.123105525970459,8.485280990600586
-4.123105525970459,8.485280990600586
-4.123105525970459,8.485280990600586
-4.123105525970459,8.485280990600586
-4.123105525970459,8.485280990600586
-4.123105525970459,8.485280990600586
-4.123105525970459,8.485280990600586
-4.123105525970459,8.485280990600586
-4.123105525970459,8.485280990600586
-4.123105525970459,8.485280990600586
-4.123105525970459,8.485280990600586
-4.123105525970459,8.485280990600586
-4.123105525970459,8.5440034866333
-4.123105525970459,8.5440034866333
-4.123105525970459,8.5440034866333
-4.123105525970459,8.5440034866333
-4.123105525970459,8.5440034866333
-4.123105525970459,8.5440034866333
-4.123105525970459,8.5440034866333
-4.123105525970459,8.5440034866333
-4.123105525970459,8.5440034866333
-4.123105525970459,8.5440034866333
-4.123105525970459,8.5440034866333
-4.123105525970459,8.5440034866333
-4.123105525970459,8.5440034866333
-4.123105525970459,8.5440034866333
-4.123105525970459,8.5440034866333
-4.123105525970459,8.5440034866333
-4.123105525970459,8.5440034866333
-4.123105525970459,8.602325439453125
-4.123105525970459,8.602325439453125
-4.123105525970459,8.602325439453125
-4.123105525970459,8.602325439453125
-4.123105525970459,8.602325439453125
-4.123105525970459,8.602325439453125
-4.123105525970459,8.602325439453125
-4.123105525970459,8.602325439453125
-4.123105525970459,8.602325439453125
-4.123105525970459,8.602325439453125
-4.123105525970459,8.602325439453125
-4.123105525970459,8.602325439453125
-4.123105525970459,8.602325439453125
-4.123105525970459,8.602325439453125
-4.123105525970459,8.602325439453125
-4.123105525970459,8.602325439453125
-4.123105525970459,8.602325439453125
-4.123105525970459,8.602325439453125
-4.123105525970459,8.602325439453125
-4.123105525970459,8.602325439453125
-4.123105525970459,8.602325439453125
-4.123105525970459,8.602325439453125
-4.123105525970459,8.602325439453125
-4.123105525970459,8.602325439453125
-4.123105525970459,8.602325439453125
-4.123105525970459,8.602325439453125
-4.123105525970459,8.602325439453125
-4.123105525970459,8.602325439453125
-4.123105525970459,8.602325439453125
-4.123105525970459,8.602325439453125
-4.123105525970459,8.602325439453125
-4.123105525970459,8.602325439453125
-4.123105525970459,8.602325439453125
-4.123105525970459,8.602325439453125
-4.123105525970459,8.602325439453125
-4.123105525970459,8.66025447845459
-4.123105525970459,8.66025447845459
-4.123105525970459,8.66025447845459
-4.123105525970459,8.66025447845459
-4.123105525970459,8.66025447845459
-4.123105525970459,8.66025447845459
-4.123105525970459,8.66025447845459
-4.123105525970459,8.66025447845459
-4.123105525970459,8.66025447845459
-4.123105525970459,8.66025447845459
-4.123105525970459,8.66025447845459
-4.123105525970459,8.66025447845459
-4.123105525970459,8.66025447845459
-4.123105525970459,8.66025447845459
-4.123105525970459,8.66025447845459
-4.123105525970459,8.717798233032227
-4.123105525970459,8.717798233032227
-4.123105525970459,8.717798233032227
-4.123105525970459,8.717798233032227
-4.123105525970459,8.717798233032227
-4.123105525970459,8.717798233032227
-4.123105525970459,8.717798233032227
-4.123105525970459,8.717798233032227
-4.123105525970459,8.717798233032227
-4.123105525970459,8.717798233032227
-4.123105525970459,8.717798233032227
-4.123105525970459,8.717798233032227
-4.123105525970459,8.717798233032227
-4.123105525970459,8.774964332580566
-4.123105525970459,8.774964332580566
-4.123105525970459,8.774964332580566
-4.123105525970459,8.774964332580566
-4.123105525970459,8.774964332580566
-4.123105525970459,8.774964332580566
-4.123105525970459,8.774964332580566
-4.123105525970459,8.774964332580566
-4.123105525970459,8.774964332580566
-4.123105525970459,8.774964332580566
-4.123105525970459,8.774964332580566
-4.123105525970459,8.774964332580566
-4.123105525970459,8.774964332580566
-4.123105525970459,8.774964332580566
-4.123105525970459,8.774964332580566
-4.123105525970459,8.774964332580566
-4.123105525970459,8.774964332580566
-4.123105525970459,8.774964332580566
-4.123105525970459,8.774964332580566
-4.123105525970459,8.774964332580566
-4.123105525970459,8.774964332580566
-4.123105525970459,8.774964332580566
-4.123105525970459,8.774964332580566
-4.123105525970459,8.774964332580566
-4.123105525970459,8.774964332580566
-4.123105525970459,8.774964332580566
-4.123105525970459,8.774964332580566
-4.123105525970459,8.774964332580566
-4.123105525970459,8.774964332580566
-4.123105525970459,8.774964332580566
-4.123105525970459,8.774964332580566
-4.123105525970459,8.774964332580566
-4.123105525970459,8.774964332580566
-4.123105525970459,8.774964332580566
-4.123105525970459,8.774964332580566
-4.123105525970459,8.83176040649414
-4.123105525970459,8.83176040649414
-4.123105525970459,8.83176040649414
-4.123105525970459,8.83176040649414
-4.123105525970459,8.83176040649414
-4.123105525970459,8.83176040649414
-4.123105525970459,8.83176040649414
-4.123105525970459,8.83176040649414
-4.123105525970459,8.83176040649414
-4.123105525970459,8.83176040649414
-4.123105525970459,8.83176040649414
-4.123105525970459,8.83176040649414
-4.123105525970459,8.9442720413208
-4.123105525970459,8.9442720413208
-4.123105525970459,8.9442720413208
-4.123105525970459,8.9442720413208
-4.123105525970459,8.9442720413208
-4.123105525970459,8.9442720413208
-4.123105525970459,8.9442720413208
-4.123105525970459,8.9442720413208
-4.123105525970459,8.9442720413208
-4.123105525970459,8.9442720413208
-4.123105525970459,8.9442720413208
-4.123105525970459,9
-4.123105525970459,9
-4.123105525970459,9
-4.123105525970459,9
-4.123105525970459,9
-4.123105525970459,9
-4.123105525970459,9
-4.123105525970459,9
-4.123105525970459,9
-4.123105525970459,9
-4.123105525970459,9
-4.123105525970459,9
-4.123105525970459,9
-4.123105525970459,9
-4.123105525970459,9
-4.123105525970459,9
-4.123105525970459,9
-4.123105525970459,9
-4.123105525970459,9
-4.123105525970459,9
-4.123105525970459,9
-4.123105525970459,9
-4.123105525970459,9
-4.123105525970459,9
-4.123105525970459,9
-4.123105525970459,9
-4.123105525970459,9
-4.123105525970459,9
-4.123105525970459,9
-4.123105525970459,9
-4.123105525970459,9
-4.123105525970459,9
-4.123105525970459,9
-4.123105525970459,9
-4.123105525970459,9
-4.123105525970459,9
-4.123105525970459,9
-4.123105525970459,9
-4.123105525970459,9
-4.123105525970459,9
-4.123105525970459,9
-4.123105525970459,9
-4.123105525970459,9.05538558959961
-4.123105525970459,9.05538558959961
-4.123105525970459,9.05538558959961
-4.123105525970459,9.05538558959961
-4.123105525970459,9.05538558959961
-4.123105525970459,9.05538558959961
-4.123105525970459,9.05538558959961
-4.123105525970459,9.05538558959961
-4.123105525970459,9.05538558959961
-4.123105525970459,9.05538558959961
-4.123105525970459,9.05538558959961
-4.123105525970459,9.05538558959961
-4.123105525970459,9.05538558959961
-4.123105525970459,9.05538558959961
-4.123105525970459,9.05538558959961
-4.123105525970459,9.05538558959961
-4.123105525970459,9.110433578491211
-4.123105525970459,9.110433578491211
-4.123105525970459,9.110433578491211
-4.123105525970459,9.110433578491211
-4.123105525970459,9.110433578491211
-4.123105525970459,9.110433578491211
-4.123105525970459,9.110433578491211
-4.123105525970459,9.110433578491211
-4.123105525970459,9.110433578491211
-4.123105525970459,9.110433578491211
-4.123105525970459,9.110433578491211
-4.123105525970459,9.110433578491211
-4.123105525970459,9.110433578491211
-4.123105525970459,9.110433578491211
-4.123105525970459,9.110433578491211
-4.123105525970459,9.110433578491211
-4.123105525970459,9.110433578491211
-4.123105525970459,9.165151596069336
-4.123105525970459,9.165151596069336
-4.123105525970459,9.165151596069336
-4.123105525970459,9.165151596069336
-4.123105525970459,9.165151596069336
-4.123105525970459,9.165151596069336
-4.123105525970459,9.165151596069336
-4.123105525970459,9.165151596069336
-4.123105525970459,9.165151596069336
-4.123105525970459,9.165151596069336
-4.123105525970459,9.165151596069336
-4.123105525970459,9.165151596069336
-4.123105525970459,9.219544410705566
-4.123105525970459,9.219544410705566
-4.123105525970459,9.219544410705566
-4.123105525970459,9.219544410705566
-4.123105525970459,9.219544410705566
-4.123105525970459,9.219544410705566
-4.123105525970459,9.219544410705566
-4.123105525970459,9.219544410705566
-4.123105525970459,9.219544410705566
-4.123105525970459,9.219544410705566
-4.123105525970459,9.219544410705566
-4.123105525970459,9.219544410705566
-4.123105525970459,9.219544410705566
-4.123105525970459,9.273618698120117
-4.123105525970459,9.273618698120117
-4.123105525970459,9.273618698120117
-4.123105525970459,9.273618698120117
-4.123105525970459,9.273618698120117
-4.123105525970459,9.273618698120117
-4.123105525970459,9.273618698120117
-4.123105525970459,9.273618698120117
-4.123105525970459,9.273618698120117
-4.123105525970459,9.273618698120117
-4.123105525970459,9.273618698120117
-4.123105525970459,9.273618698120117
-4.123105525970459,9.273618698120117
-4.123105525970459,9.273618698120117
-4.123105525970459,9.273618698120117
-4.123105525970459,9.273618698120117
-4.123105525970459,9.273618698120117
-4.123105525970459,9.273618698120117
-4.123105525970459,9.273618698120117
-4.123105525970459,9.273618698120117
-4.123105525970459,9.273618698120117
-4.123105525970459,9.273618698120117
-4.123105525970459,9.273618698120117
-4.123105525970459,9.273618698120117
-4.123105525970459,9.273618698120117
-4.123105525970459,9.273618698120117
-4.123105525970459,9.273618698120117
-4.123105525970459,9.273618698120117
-4.123105525970459,9.273618698120117
-4.123105525970459,9.273618698120117
-4.123105525970459,9.273618698120117
-4.123105525970459,9.273618698120117
-4.123105525970459,9.273618698120117
-4.123105525970459,9.273618698120117
-4.123105525970459,9.380831718444824
-4.123105525970459,9.380831718444824
-4.123105525970459,9.380831718444824
-4.123105525970459,9.380831718444824
-4.123105525970459,9.380831718444824
-4.123105525970459,9.380831718444824
-4.123105525970459,9.433980941772461
-4.123105525970459,9.433980941772461
-4.123105525970459,9.433980941772461
-4.123105525970459,9.433980941772461
-4.123105525970459,9.433980941772461
-4.123105525970459,9.433980941772461
-4.123105525970459,9.433980941772461
-4.123105525970459,9.433980941772461
-4.123105525970459,9.433980941772461
-4.123105525970459,9.433980941772461
-4.123105525970459,9.433980941772461
-4.123105525970459,9.433980941772461
-4.123105525970459,9.433980941772461
-4.123105525970459,9.433980941772461
-4.123105525970459,9.433980941772461
-4.123105525970459,9.433980941772461
-4.123105525970459,9.433980941772461
-4.123105525970459,9.433980941772461
-4.123105525970459,9.433980941772461
-4.123105525970459,9.433980941772461
-4.123105525970459,9.433980941772461
-4.123105525970459,9.433980941772461
-4.123105525970459,9.433980941772461
-4.123105525970459,9.433980941772461
-4.123105525970459,9.433980941772461
-4.123105525970459,9.433980941772461
-4.123105525970459,9.433980941772461
-4.123105525970459,9.433980941772461
-4.123105525970459,9.433980941772461
-4.123105525970459,9.433980941772461
-4.123105525970459,9.433980941772461
-4.123105525970459,9.433980941772461
-4.123105525970459,9.433980941772461
-4.123105525970459,9.433980941772461
-4.123105525970459,9.433980941772461
-4.123105525970459,9.433980941772461
-4.123105525970459,9.433980941772461
-4.123105525970459,9.433980941772461
-4.123105525970459,9.433980941772461
-4.123105525970459,9.433980941772461
-4.123105525970459,9.433980941772461
-4.123105525970459,9.433980941772461
-4.123105525970459,9.486832618713379
-4.123105525970459,9.486832618713379
-4.123105525970459,9.486832618713379
-4.123105525970459,9.486832618713379
-4.123105525970459,9.486832618713379
-4.123105525970459,9.486832618713379
-4.123105525970459,9.486832618713379
-4.123105525970459,9.486832618713379
-4.123105525970459,9.486832618713379
-4.123105525970459,9.486832618713379
-4.123105525970459,9.486832618713379
-4.123105525970459,9.486832618713379
-4.123105525970459,9.486832618713379
-4.123105525970459,9.486832618713379
-4.123105525970459,9.486832618713379
-4.123105525970459,9.539392471313477
-4.123105525970459,9.539392471313477
-4.123105525970459,9.643651008605957
-4.123105525970459,9.643651008605957
-4.123105525970459,9.643651008605957
-4.123105525970459,9.643651008605957
-4.123105525970459,9.643651008605957
-4.123105525970459,9.643651008605957
-4.123105525970459,9.643651008605957
-4.123105525970459,9.643651008605957
-4.123105525970459,9.643651008605957
-4.123105525970459,9.643651008605957
-4.123105525970459,9.643651008605957
-4.123105525970459,9.643651008605957
-4.123105525970459,9.643651008605957
-4.123105525970459,9.643651008605957
-4.123105525970459,9.69536018371582
-4.123105525970459,9.69536018371582
-4.123105525970459,9.69536018371582
-4.123105525970459,9.69536018371582
-4.123105525970459,9.69536018371582
-4.123105525970459,9.69536018371582
-4.123105525970459,9.69536018371582
-4.123105525970459,9.69536018371582
-4.123105525970459,9.69536018371582
-4.123105525970459,9.69536018371582
-4.123105525970459,9.797959327697754
-4.123105525970459,9.797959327697754
-4.123105525970459,9.797959327697754
-4.123105525970459,9.797959327697754
-4.123105525970459,9.797959327697754
-4.123105525970459,9.797959327697754
-4.123105525970459,9.797959327697754
-4.123105525970459,9.797959327697754
-4.123105525970459,9.797959327697754
-4.123105525970459,9.797959327697754
-4.123105525970459,9.797959327697754
-4.123105525970459,9.848857879638672
-4.123105525970459,9.848857879638672
-4.123105525970459,9.848857879638672
-4.123105525970459,9.848857879638672
-4.123105525970459,9.848857879638672
-4.123105525970459,9.848857879638672
-4.123105525970459,9.848857879638672
-4.123105525970459,9.848857879638672
-4.123105525970459,9.848857879638672
-4.123105525970459,9.848857879638672
-4.123105525970459,9.848857879638672
-4.123105525970459,9.848857879638672
-4.123105525970459,9.848857879638672
-4.123105525970459,9.848857879638672
-4.123105525970459,9.848857879638672
-4.123105525970459,9.848857879638672
-4.123105525970459,9.899495124816895
-4.123105525970459,9.899495124816895
-4.123105525970459,9.899495124816895
-4.123105525970459,9.899495124816895
-4.123105525970459,9.899495124816895
-4.123105525970459,9.899495124816895
-4.123105525970459,9.899495124816895
-4.123105525970459,9.899495124816895
-4.123105525970459,9.899495124816895
-4.123105525970459,9.899495124816895
-4.123105525970459,9.899495124816895
-4.123105525970459,9.899495124816895
-4.123105525970459,9.899495124816895
-4.123105525970459,9.899495124816895
-4.123105525970459,9.899495124816895
-4.123105525970459,9.899495124816895
-4.123105525970459,9.899495124816895
-4.123105525970459,9.899495124816895
-4.123105525970459,9.899495124816895
-4.123105525970459,9.899495124816895
-4.123105525970459,9.899495124816895
-4.123105525970459,9.899495124816895
-4.123105525970459,9.899495124816895
-4.123105525970459,9.949873924255371
-4.123105525970459,9.949873924255371
-4.123105525970459,9.949873924255371
-4.123105525970459,9.949873924255371
-4.123105525970459,9.949873924255371
-4.123105525970459,9.949873924255371
-4.123105525970459,9.949873924255371
-4.123105525970459,9.949873924255371
-4.123105525970459,9.949873924255371
-4.123105525970459,9.949873924255371
-4.123105525970459,9.949873924255371
-4.123105525970459,9.949873924255371
-4.123105525970459,9.949873924255371
-4.123105525970459,9.949873924255371
-4.123105525970459,9.949873924255371
-4.123105525970459,9.949873924255371
-4.123105525970459,9.949873924255371
-4.123105525970459,10
-4.123105525970459,10
-4.123105525970459,10
-4.123105525970459,10
-4.123105525970459,10
-4.123105525970459,10
-4.123105525970459,10
-4.123105525970459,10
-4.123105525970459,10
-4.123105525970459,10
-4.123105525970459,10.049875259399414
-4.123105525970459,10.049875259399414
-4.123105525970459,10.049875259399414
-4.123105525970459,10.049875259399414
-4.123105525970459,10.049875259399414
-4.123105525970459,10.049875259399414
-4.123105525970459,10.049875259399414
-4.123105525970459,10.049875259399414
-4.123105525970459,10.049875259399414
-4.123105525970459,10.049875259399414
-4.123105525970459,10.049875259399414
-4.123105525970459,10.049875259399414
-4.123105525970459,10.049875259399414
-4.123105525970459,10.049875259399414
-4.123105525970459,10.049875259399414
-4.123105525970459,10.049875259399414
-4.123105525970459,10.049875259399414
-4.123105525970459,10.049875259399414
-4.123105525970459,10.099504470825195
-4.123105525970459,10.099504470825195
-4.123105525970459,10.099504470825195
-4.123105525970459,10.099504470825195
-4.123105525970459,10.099504470825195
-4.123105525970459,10.099504470825195
-4.123105525970459,10.099504470825195
-4.123105525970459,10.099504470825195
-4.123105525970459,10.198039054870605
-4.123105525970459,10.198039054870605
-4.123105525970459,10.198039054870605
-4.123105525970459,10.198039054870605
-4.123105525970459,10.198039054870605
-4.123105525970459,10.198039054870605
-4.123105525970459,10.198039054870605
-4.123105525970459,10.24695110321045
-4.123105525970459,10.24695110321045
-4.123105525970459,10.24695110321045
-4.123105525970459,10.24695110321045
-4.123105525970459,10.24695110321045
-4.123105525970459,10.24695110321045
-4.123105525970459,10.24695110321045
-4.123105525970459,10.24695110321045
-4.123105525970459,10.24695110321045
-4.123105525970459,10.24695110321045
-4.123105525970459,10.24695110321045
-4.123105525970459,10.24695110321045
-4.123105525970459,10.29563045501709
-4.123105525970459,10.29563045501709
-4.123105525970459,10.29563045501709
-4.123105525970459,10.29563045501709
-4.123105525970459,10.29563045501709
-4.123105525970459,10.29563045501709
-4.123105525970459,10.29563045501709
-4.123105525970459,10.29563045501709
-4.123105525970459,10.29563045501709
-4.123105525970459,10.29563045501709
-4.123105525970459,10.29563045501709
-4.123105525970459,10.29563045501709
-4.123105525970459,10.344079971313477
-4.123105525970459,10.344079971313477
-4.123105525970459,10.344079971313477
-4.123105525970459,10.344079971313477
-4.123105525970459,10.344079971313477
-4.123105525970459,10.344079971313477
-4.123105525970459,10.344079971313477
-4.123105525970459,10.344079971313477
-4.123105525970459,10.392304420471191
-4.123105525970459,10.392304420471191
-4.123105525970459,10.392304420471191
-4.123105525970459,10.392304420471191
-4.123105525970459,10.440306663513184
-4.123105525970459,10.440306663513184
-4.123105525970459,10.440306663513184
-4.123105525970459,10.440306663513184
-4.123105525970459,10.440306663513184
-4.123105525970459,10.440306663513184
-4.123105525970459,10.440306663513184
-4.123105525970459,10.440306663513184
-4.123105525970459,10.440306663513184
-4.123105525970459,10.488088607788086
-4.123105525970459,10.488088607788086
-4.123105525970459,10.488088607788086
-4.123105525970459,10.488088607788086
-4.123105525970459,10.488088607788086
-4.123105525970459,10.488088607788086
-4.123105525970459,10.488088607788086
-4.123105525970459,10.488088607788086
-4.123105525970459,10.488088607788086
-4.123105525970459,10.488088607788086
-4.123105525970459,10.488088607788086
-4.123105525970459,10.630146026611328
-4.123105525970459,10.630146026611328
-4.123105525970459,10.630146026611328
-4.123105525970459,10.630146026611328
-4.123105525970459,10.630146026611328
-4.123105525970459,10.630146026611328
-4.123105525970459,10.630146026611328
-4.123105525970459,10.630146026611328
-4.123105525970459,10.630146026611328
-4.123105525970459,10.630146026611328
-4.123105525970459,10.630146026611328
-4.123105525970459,10.630146026611328
-4.123105525970459,10.630146026611328
-4.123105525970459,10.630146026611328
-4.123105525970459,10.630146026611328
-4.123105525970459,10.630146026611328
-4.123105525970459,10.630146026611328
-4.123105525970459,10.630146026611328
-4.123105525970459,10.677078247070313
-4.123105525970459,10.677078247070313
-4.123105525970459,10.677078247070313
-4.123105525970459,10.677078247070313
-4.123105525970459,10.677078247070313
-4.123105525970459,10.677078247070313
-4.123105525970459,10.677078247070313
-4.123105525970459,10.677078247070313
-4.123105525970459,10.677078247070313
-4.123105525970459,10.677078247070313
-4.123105525970459,10.677078247070313
-4.123105525970459,10.677078247070313
-4.123105525970459,10.677078247070313
-4.123105525970459,10.677078247070313
-4.123105525970459,10.677078247070313
-4.123105525970459,10.677078247070313
-4.123105525970459,10.72380542755127
-4.123105525970459,10.72380542755127
-4.123105525970459,10.72380542755127
-4.123105525970459,10.72380542755127
-4.123105525970459,10.72380542755127
-4.123105525970459,10.770329475402832
-4.123105525970459,10.770329475402832
-4.123105525970459,10.770329475402832
-4.123105525970459,10.770329475402832
-4.123105525970459,10.770329475402832
-4.123105525970459,10.770329475402832
-4.123105525970459,10.770329475402832
-4.123105525970459,10.770329475402832
-4.123105525970459,10.770329475402832
-4.123105525970459,10.770329475402832
-4.123105525970459,10.770329475402832
-4.123105525970459,10.770329475402832
-4.123105525970459,10.770329475402832
-4.123105525970459,10.770329475402832
-4.123105525970459,10.816654205322266
-4.123105525970459,10.816654205322266
-4.123105525970459,10.816654205322266
-4.123105525970459,10.816654205322266
-4.123105525970459,10.816654205322266
-4.123105525970459,10.816654205322266
-4.123105525970459,10.816654205322266
-4.123105525970459,10.816654205322266
-4.123105525970459,10.816654205322266
-4.123105525970459,10.816654205322266
-4.123105525970459,10.816654205322266
-4.123105525970459,10.816654205322266
-4.123105525970459,10.862780570983887
-4.123105525970459,10.862780570983887
-4.123105525970459,10.862780570983887
-4.123105525970459,10.862780570983887
-4.123105525970459,10.862780570983887
-4.123105525970459,10.862780570983887
-4.123105525970459,10.862780570983887
-4.123105525970459,10.862780570983887
-4.123105525970459,10.862780570983887
-4.123105525970459,10.954451560974121
-4.123105525970459,10.954451560974121
-4.123105525970459,10.954451560974121
-4.123105525970459,10.954451560974121
-4.123105525970459,10.954451560974121
-4.123105525970459,10.954451560974121
-4.123105525970459,10.954451560974121
-4.123105525970459,10.954451560974121
-4.123105525970459,11
-4.123105525970459,11
-4.123105525970459,11
-4.123105525970459,11
-4.123105525970459,11
-4.123105525970459,11
-4.123105525970459,11
-4.123105525970459,11
-4.123105525970459,11
-4.123105525970459,11
-4.123105525970459,11
-4.123105525970459,11
-4.123105525970459,11
-4.123105525970459,11.045360565185547
-4.123105525970459,11.045360565185547
-4.123105525970459,11.045360565185547
-4.123105525970459,11.045360565185547
-4.123105525970459,11.045360565185547
-4.123105525970459,11.045360565185547
-4.123105525970459,11.045360565185547
-4.123105525970459,11.045360565185547
-4.123105525970459,11.045360565185547
-4.123105525970459,11.045360565185547
-4.123105525970459,11.045360565185547
-4.123105525970459,11.045360565185547
-4.123105525970459,11.045360565185547
-4.123105525970459,11.045360565185547
-4.123105525970459,11.090536117553711
-4.123105525970459,11.090536117553711
-4.123105525970459,11.090536117553711
-4.123105525970459,11.090536117553711
-4.123105525970459,11.090536117553711
-4.123105525970459,11.180339813232422
-4.123105525970459,11.180339813232422
-4.123105525970459,11.180339813232422
-4.123105525970459,11.180339813232422
-4.123105525970459,11.180339813232422
-4.123105525970459,11.180339813232422
-4.123105525970459,11.180339813232422
-4.123105525970459,11.180339813232422
-4.123105525970459,11.180339813232422
-4.123105525970459,11.180339813232422
-4.123105525970459,11.180339813232422
-4.123105525970459,11.180339813232422
-4.123105525970459,11.224971771240234
-4.123105525970459,11.224971771240234
-4.123105525970459,11.224971771240234
-4.123105525970459,11.224971771240234
-4.123105525970459,11.224971771240234
-4.123105525970459,11.224971771240234
-4.123105525970459,11.224971771240234
-4.123105525970459,11.224971771240234
-4.123105525970459,11.313708305358887
-4.123105525970459,11.313708305358887
-4.123105525970459,11.313708305358887
-4.123105525970459,11.313708305358887
-4.123105525970459,11.357816696166992
-4.123105525970459,11.357816696166992
-4.123105525970459,11.357816696166992
-4.123105525970459,11.357816696166992
-4.123105525970459,11.357816696166992
-4.123105525970459,11.357816696166992
-4.123105525970459,11.357816696166992
-4.123105525970459,11.357816696166992
-4.123105525970459,11.401754379272461
-4.123105525970459,11.401754379272461
-4.123105525970459,11.401754379272461
-4.123105525970459,11.401754379272461
-4.123105525970459,11.445523262023926
-4.123105525970459,11.445523262023926
-4.123105525970459,11.445523262023926
-4.123105525970459,11.445523262023926
-4.123105525970459,11.445523262023926
-4.123105525970459,11.445523262023926
-4.123105525970459,11.48912525177002
-4.123105525970459,11.48912525177002
-4.123105525970459,11.48912525177002
-4.123105525970459,11.532562255859375
-4.123105525970459,11.575837135314941
-4.123105525970459,11.575837135314941
-4.123105525970459,11.575837135314941
-4.123105525970459,11.575837135314941
-4.123105525970459,11.575837135314941
-4.123105525970459,11.575837135314941
-4.123105525970459,11.575837135314941
-4.123105525970459,11.575837135314941
-4.123105525970459,11.575837135314941
-4.123105525970459,11.661903381347656
-4.123105525970459,11.661903381347656
-4.123105525970459,11.661903381347656
-4.123105525970459,11.704699516296387
-4.123105525970459,11.704699516296387
-4.123105525970459,11.704699516296387
-4.123105525970459,11.704699516296387
-4.123105525970459,11.747340202331543
-4.123105525970459,11.747340202331543
-4.123105525970459,11.789826393127441
-4.123105525970459,11.789826393127441
-4.123105525970459,11.789826393127441
-4.123105525970459,11.832159996032715
-4.123105525970459,11.832159996032715
-4.123105525970459,11.832159996032715
-4.123105525970459,11.87434196472168
-4.123105525970459,11.87434196472168
-4.123105525970459,11.87434196472168
-4.123105525970459,11.916375160217285
-4.123105525970459,11.916375160217285
-4.123105525970459,12
-4.123105525970459,12
-4.123105525970459,12
-4.123105525970459,12
-4.123105525970459,12
-4.123105525970459,12.041594505310059
-4.123105525970459,12.041594505310059
-4.123105525970459,12.041594505310059
-4.123105525970459,12.041594505310059
-4.123105525970459,12.041594505310059
-4.123105525970459,12.083045959472656
-4.123105525970459,12.083045959472656
-4.123105525970459,12.083045959472656
-4.123105525970459,12.083045959472656
-4.123105525970459,12.12435531616211
-4.123105525970459,12.165525436401367
-4.123105525970459,12.206555366516113
-4.123105525970459,12.206555366516113
-4.123105525970459,12.206555366516113
-4.123105525970459,12.206555366516113
-4.123105525970459,12.206555366516113
-4.123105525970459,12.206555366516113
-4.123105525970459,12.206555366516113
-4.123105525970459,12.247448921203613
-4.123105525970459,12.328827857971191
-4.123105525970459,12.369317054748535
-4.123105525970459,12.369317054748535
-4.123105525970459,12.369317054748535
-4.123105525970459,12.369317054748535
-4.123105525970459,12.409673690795898
-4.123105525970459,12.409673690795898
-4.123105525970459,12.409673690795898
-4.123105525970459,12.409673690795898
-4.123105525970459,12.449899673461914
-4.123105525970459,12.529964447021484
-4.123105525970459,12.529964447021484
-4.123105525970459,12.529964447021484
-4.123105525970459,12.529964447021484
-4.123105525970459,12.529964447021484
-4.123105525970459,12.569805145263672
-4.123105525970459,12.569805145263672
-4.123105525970459,12.569805145263672
-4.123105525970459,12.569805145263672
-4.123105525970459,12.649110794067383
-4.123105525970459,12.688577651977539
-4.123105525970459,12.727922439575195
-4.123105525970459,12.727922439575195
-4.123105525970459,12.767145156860352
-4.123105525970459,12.806248664855957
-4.123105525970459,12.806248664855957
-4.123105525970459,12.806248664855957
-4.123105525970459,12.845232963562012
-4.123105525970459,12.845232963562012
-4.123105525970459,12.845232963562012
-4.123105525970459,12.845232963562012
-4.123105525970459,12.961481094360352
-4.123105525970459,12.961481094360352
-4.123105525970459,13
-4.123105525970459,13.03840446472168
-4.123105525970459,13.03840446472168
-4.123105525970459,13.03840446472168
-4.123105525970459,13.03840446472168
-4.123105525970459,13.076696395874023
-4.123105525970459,13.076696395874023
-4.123105525970459,13.152946472167969
-4.123105525970459,13.152946472167969
-4.123105525970459,13.152946472167969
-4.123105525970459,13.152946472167969
-4.123105525970459,13.152946472167969
-4.123105525970459,13.190905570983887
-4.123105525970459,13.34166431427002
-4.123105525970459,13.379088401794434
-4.123105525970459,13.379088401794434
-4.123105525970459,13.379088401794434
-4.123105525970459,13.416407585144043
-4.123105525970459,13.416407585144043
-4.123105525970459,13.45362377166748
-4.123105525970459,13.45362377166748
-4.123105525970459,13.490737915039063
-4.123105525970459,13.56466007232666
-4.123105525970459,13.601470947265625
-4.123105525970459,13.601470947265625
-4.123105525970459,13.601470947265625
-4.123105525970459,13.601470947265625
-4.123105525970459,13.601470947265625
-4.123105525970459,13.601470947265625
-4.123105525970459,13.601470947265625
-4.123105525970459,13.601470947265625
-4.123105525970459,13.638181686401367
-4.123105525970459,13.638181686401367
-4.123105525970459,13.638181686401367
-4.123105525970459,13.638181686401367
-4.123105525970459,13.67479419708252
-4.123105525970459,13.747727394104004
-4.123105525970459,13.784049034118652
-4.123105525970459,13.892443656921387
-4.123105525970459,13.892443656921387
-4.123105525970459,13.892443656921387
-4.123105525970459,13.892443656921387
-4.123105525970459,13.928388595581055
-4.123105525970459,13.928388595581055
-4.123105525970459,13.928388595581055
-4.123105525970459,13.928388595581055
-4.123105525970459,13.964240074157715
-4.123105525970459,14
-4.123105525970459,14
-4.123105525970459,14.03566837310791
-4.123105525970459,14.03566837310791
-4.123105525970459,14.071247100830078
-4.123105525970459,14.142135620117188
-4.123105525970459,14.142135620117188
-4.123105525970459,14.177447319030762
-4.123105525970459,14.21267032623291
-4.123105525970459,14.21267032623291
-4.123105525970459,14.247806549072266
-4.123105525970459,14.282856941223145
-4.123105525970459,14.317821502685547
-4.123105525970459,14.317821502685547
-4.123105525970459,14.317821502685547
-4.123105525970459,14.317821502685547
-4.123105525970459,14.317821502685547
-4.123105525970459,14.352700233459473
-4.123105525970459,14.352700233459473
-4.123105525970459,14.352700233459473
-4.123105525970459,14.456831932067871
-4.123105525970459,14.525838851928711
-4.123105525970459,14.525838851928711
-4.123105525970459,14.560219764709473
-4.123105525970459,14.560219764709473
-4.123105525970459,14.560219764709473
-4.123105525970459,14.59451961517334
-4.123105525970459,14.59451961517334
-4.123105525970459,14.59451961517334
-4.123105525970459,14.73091983795166
-4.123105525970459,14.764822959899902
-4.123105525970459,14.764822959899902
-4.123105525970459,14.798648834228516
-4.123105525970459,14.866068840026855
-4.123105525970459,14.866068840026855
-4.123105525970459,14.866068840026855
-4.123105525970459,14.866068840026855
-4.123105525970459,15
-4.123105525970459,15
-4.123105525970459,15
-4.123105525970459,15
-4.123105525970459,15
-4.123105525970459,15.033296585083008
-4.123105525970459,15.033296585083008
-4.123105525970459,15.066518783569336
-4.123105525970459,15.132745742797852
-4.123105525970459,15.132745742797852
-4.123105525970459,15.165750503540039
-4.123105525970459,15.165750503540039
-4.123105525970459,15.231546401977539
-4.123105525970459,15.29705810546875
-4.123105525970459,15.29705810546875
-4.123105525970459,15.36229133605957
-4.123105525970459,15.394804000854492
-4.123105525970459,15.394804000854492
-4.123105525970459,15.524174690246582
-4.123105525970459,15.524174690246582
-4.123105525970459,15.55634880065918
-4.123105525970459,15.55634880065918
-4.123105525970459,15.588457107543945
-4.123105525970459,15.65247631072998
-4.123105525970459,15.65247631072998
-4.123105525970459,15.748015403747559
-4.123105525970459,15.748015403747559
-4.123105525970459,15.748015403747559
-4.123105525970459,15.779733657836914
-4.123105525970459,15.779733657836914
-4.123105525970459,15.81138801574707
-4.123105525970459,15.81138801574707
-4.123105525970459,15.905973434448242
-4.123105525970459,15.937376976013184
-4.123105525970459,16
-4.123105525970459,16.031219482421875
-4.123105525970459,16.031219482421875
-4.123105525970459,16.031219482421875
-4.123105525970459,16.124515533447266
-4.123105525970459,16.155494689941406
-4.123105525970459,16.155494689941406
-4.123105525970459,16.18641471862793
-4.123105525970459,16.278820037841797
-4.123105525970459,16.309507369995117
-4.123105525970459,16.309507369995117
-4.123105525970459,16.34013557434082
-4.123105525970459,16.370704650878906
-4.123105525970459,16.401220321655273
-4.123105525970459,16.431676864624023
-4.123105525970459,16.431676864624023
-4.123105525970459,16.492422103881836
-4.123105525970459,16.6433162689209
-4.123105525970459,16.67333221435547
-4.123105525970459,16.76305389404297
-4.123105525970459,16.76305389404297
-4.123105525970459,16.76305389404297
-4.123105525970459,16.792856216430664
-4.123105525970459,16.970561981201172
-4.123105525970459,17
-4.123105525970459,17.029386520385742
-4.123105525970459,17.029386520385742
-4.123105525970459,17.14642906188965
-4.123105525970459,17.20465087890625
-4.123105525970459,17.32050895690918
-4.123105525970459,17.464248657226563
-4.123105525970459,17.492855072021484
-4.123105525970459,17.549928665161133
-4.123105525970459,17.72004508972168
-4.123105525970459,17.72004508972168
-4.123105525970459,17.83255386352539
-4.123105525970459,17.916473388671875
-4.123105525970459,17.916473388671875
-4.123105525970459,17.944358825683594
-4.123105525970459,17.972200393676758
-4.123105525970459,18
-4.123105525970459,18.027755737304688
-4.123105525970459,18.16590118408203
-4.123105525970459,18.330303192138672
-4.123105525970459,18.493242263793945
-4.123105525970459,18.547237396240234
-4.123105525970459,18.601076126098633
-4.123105525970459,18.81488800048828
-4.123105525970459,19.10497283935547
-4.123105525970459,19.339078903198242
-4.123105525970459,19.416488647460938
-4.123105525970459,19.697715759277344
-4.123105525970459,21.494184494018555
-4.123105525970459,21.563858032226563
-4.123105525970459,22.29349708557129
-4,inf
-4,inf
-4,inf
-4,inf
-4,inf
-4,inf
-4,inf
-4,inf
-4,inf
-4,inf
-4,inf
-4,inf
-4,inf
-4,inf
-4,inf
-4,inf
-4,inf
-4,inf
-4,inf
-4,inf
-4,inf
-4,inf
-4,inf
-4,inf
-4,inf
-4,inf
-4,inf
-4,inf
-4,inf
-4,inf
-4,inf
-4,inf
-4,inf
-4,inf
-4,inf
-4,inf
-4,inf
-4,inf
-4,inf
-4,inf
-4,inf
-4,inf
-4,inf
-4,inf
-4,inf
-4,inf
-4,inf
-4,inf
-4,inf
-4,inf
-4,inf
-4,inf
-4,inf
-4,inf
-4,inf
-4,inf
-4,inf
-4,inf
-4,inf
-4,inf
-4,inf
-4,inf
-4,inf
-4,inf
-4,inf
-4,inf
-4,inf
-4,inf
-4,inf
-4,inf
-4,inf
-4,inf
-4,inf
-4,inf
-4,inf
-4,inf
-4,inf
-4,inf
-4,inf
-4,inf
-4,inf
-4,inf
-4,inf
-4,inf
-4,inf
-4,inf
-4,inf
-4,inf
-4,inf
-4,inf
-4,inf
-4,inf
-4,inf
-4,inf
-4,inf
-4,inf
-4,inf
-4,inf
-4,inf
-4,inf
-4,inf
-4,inf
-4,inf
-4,inf
-4,inf
-4,inf
-4,inf
-4,inf
-4,inf
-4,inf
-4,inf
-4,inf
-4,inf
-4,inf
-4,inf
-4,inf
-4,inf
-4,inf
-4,inf
-4,-3.7416574954986572
-4,-3.7416574954986572
-4,-3.7416574954986572
-4,-3.7416574954986572
-4,-3.7416574954986572
-4,-3.7416574954986572
-4,-3.7416574954986572
-4,-3.7416574954986572
-4,-3.7416574954986572
-4,-3.7416574954986572
-4,-3.7416574954986572
-4,-3.7416574954986572
-4,-3.7416574954986572
-4,-3.7416574954986572
-4,-3.7416574954986572
-4,-3.7416574954986572
-4,-3.7416574954986572
-4,-3.7416574954986572
-4,-3.7416574954986572
-4,-3.7416574954986572
-4,-3.7416574954986572
-4,-3.7416574954986572
-4,-3.7416574954986572
-4,-3.7416574954986572
-4,-3.7416574954986572
-4,-3.7416574954986572
-4,-3.7416574954986572
-4,-3.7416574954986572
-4,-3.7416574954986572
-4,-3.7416574954986572
-4,-3.7416574954986572
-4,-3.7416574954986572
-4,-3.7416574954986572
-4,-3.7416574954986572
-4,-3.7416574954986572
-4,-3.7416574954986572
-4,-3.7416574954986572
-4,-3.7416574954986572
-4,-3.7416574954986572
-4,-3.7416574954986572
-4,-3.7416574954986572
-4,-3.7416574954986572
-4,-3.7416574954986572
-4,-3.7416574954986572
-4,-3.7416574954986572
-4,-3.7416574954986572
-4,-3.7416574954986572
-4,-3.7416574954986572
-4,-3.7416574954986572
-4,-3.7416574954986572
-4,-3.7416574954986572
-4,-3.7416574954986572
-4,-3.7416574954986572
-4,-3.7416574954986572
-4,-3.7416574954986572
-4,-3.7416574954986572
-4,-3.7416574954986572
-4,-3.7416574954986572
-4,-3.7416574954986572
-4,-3.7416574954986572
-4,-3.7416574954986572
-4,-3.7416574954986572
-4,-3.7416574954986572
-4,-3.7416574954986572
-4,-3.7416574954986572
-4,-3.7416574954986572
-4,-3.7416574954986572
-4,-3.7416574954986572
-4,-3.7416574954986572
-4,-3.7416574954986572
-4,-3.7416574954986572
-4,-3.7416574954986572
-4,-3.7416574954986572
-4,-3.7416574954986572
-4,-3.7416574954986572
-4,-3.7416574954986572
-4,-3.7416574954986572
-4,-3.7416574954986572
-4,-3.7416574954986572
-4,-3.7416574954986572
-4,-3.7416574954986572
-4,-3.7416574954986572
-4,-3.7416574954986572
-4,-3.7416574954986572
-4,-3.7416574954986572
-4,-3.7416574954986572
-4,-3.7416574954986572
-4,-3.7416574954986572
-4,-3.7416574954986572
-4,-3.7416574954986572
-4,-3.7416574954986572
-4,-3.7416574954986572
-4,-3.7416574954986572
-4,-3.7416574954986572
-4,-3.7416574954986572
-4,-3.7416574954986572
-4,-3.7416574954986572
-4,-3.7416574954986572
-4,-3.7416574954986572
-4,-3.7416574954986572
-4,-3.7416574954986572
-4,-3.7416574954986572
-4,-3.7416574954986572
-4,-3.7416574954986572
-4,-3.7416574954986572
-4,-3.7416574954986572
-4,-3.7416574954986572
-4,-3.7416574954986572
-4,-3.7416574954986572
-4,-3.7416574954986572
-4,-3.7416574954986572
-4,-3.7416574954986572
-4,-3.7416574954986572
-4,-3.7416574954986572
-4,-3.7416574954986572
-4,-3.7416574954986572
-4,-3.7416574954986572
-4,-3.7416574954986572
-4,-3.7416574954986572
-4,-3.7416574954986572
-4,-3.7416574954986572
-4,-3.7416574954986572
-4,-3.7416574954986572
-4,-3.7416574954986572
-4,-3.7416574954986572
-4,-3.7416574954986572
-4,-3.7416574954986572
-4,-3.7416574954986572
-4,-3.7416574954986572
-4,-3.7416574954986572
-4,-3.7416574954986572
-4,-3.7416574954986572
-4,-3.7416574954986572
-4,-3.7416574954986572
-4,-3.7416574954986572
-4,-3.7416574954986572
-4,-3.7416574954986572
-4,-3.7416574954986572
-4,-3.7416574954986572
-4,-3.7416574954986572
-4,-3.7416574954986572
-4,-3.7416574954986572
-4,-3.7416574954986572
-4,-3.7416574954986572
-4,-3.7416574954986572
-4,-3.7416574954986572
-4,-3.7416574954986572
-4,-3.7416574954986572
-4,-3.7416574954986572
-4,-3.7416574954986572
-4,-3.7416574954986572
-4,-3.7416574954986572
-4,-3.7416574954986572
-4,-3.7416574954986572
-4,-3.7416574954986572
-4,-3.7416574954986572
-4,-3.7416574954986572
-4,-3.7416574954986572
-4,-3.7416574954986572
-4,-3.7416574954986572
-4,-3.7416574954986572
-4,-3.7416574954986572
-4,-3.7416574954986572
-4,-3.7416574954986572
-4,-3.7416574954986572
-4,-3.7416574954986572
-4,-3.7416574954986572
-4,-3.7416574954986572
-4,-3.7416574954986572
-4,-3.7416574954986572
-4,-3.7416574954986572
-4,-3.7416574954986572
-4,-3.7416574954986572
-4,-3.7416574954986572
-4,-3.7416574954986572
-4,-3.7416574954986572
-4,-3.7416574954986572
-4,-3.7416574954986572
-4,-3.7416574954986572
-4,-3.7416574954986572
-4,-3.7416574954986572
-4,-3.7416574954986572
-4,-3.7416574954986572
-4,-3.7416574954986572
-4,-3.7416574954986572
-4,-3.7416574954986572
-4,-3.7416574954986572
-4,-3.7416574954986572
-4,-3.7416574954986572
-4,-3.7416574954986572
-4,-3.7416574954986572
-4,-3.7416574954986572
-4,-3.7416574954986572
-4,-3.7416574954986572
-4,-3.7416574954986572
-4,-3.7416574954986572
-4,-3.7416574954986572
-4,-3.7416574954986572
-4,-3.7416574954986572
-4,-3.7416574954986572
-4,-3.7416574954986572
-4,-3.7416574954986572
-4,-3.7416574954986572
-4,-3.7416574954986572
-4,-3.7416574954986572
-4,-3.7416574954986572
-4,-3.7416574954986572
-4,-3.7416574954986572
-4,-3.7416574954986572
-4,-3.7416574954986572
-4,-3.7416574954986572
-4,-3.7416574954986572
-4,-3.7416574954986572
-4,-3.7416574954986572
-4,-3.7416574954986572
-4,-3.7416574954986572
-4,-3.7416574954986572
-4,-3.7416574954986572
-4,-3.7416574954986572
-4,-3.7416574954986572
-4,-3.7416574954986572
-4,-3.7416574954986572
-4,-3.7416574954986572
-4,-3.7416574954986572
-4,-3.7416574954986572
-4,-3.7416574954986572
-4,-3.7416574954986572
-4,-3.7416574954986572
-4,-3.7416574954986572
-4,-3.7416574954986572
-4,-3.7416574954986572
-4,-3.7416574954986572
-4,-3.7416574954986572
-4,-3.7416574954986572
-4,-3.7416574954986572
-4,-3.7416574954986572
-4,-3.7416574954986572
-4,-3.7416574954986572
-4,-3.7416574954986572
-4,-3.7416574954986572
-4,-3.7416574954986572
-4,-3.7416574954986572
-4,-3.7416574954986572
-4,-3.7416574954986572
-4,-3.7416574954986572
-4,-3.7416574954986572
-4,-3.7416574954986572
-4,-3.7416574954986572
-4,-3.7416574954986572
-4,-3.7416574954986572
-4,-3.7416574954986572
-4,-3.7416574954986572
-4,-3.7416574954986572
-4,-3.7416574954986572
-4,-3.7416574954986572
-4,-3.7416574954986572
-4,-3.7416574954986572
-4,-3.7416574954986572
-4,-3.7416574954986572
-4,-3.7416574954986572
-4,-3.7416574954986572
-4,-3.7416574954986572
-4,-3.7416574954986572
-4,-3.7416574954986572
-4,-3.7416574954986572
-4,-3.7416574954986572
-4,-3.7416574954986572
-4,-3.7416574954986572
-4,-3.7416574954986572
-4,-3.7416574954986572
-4,-3.7416574954986572
-4,-3.7416574954986572
-4,-3.7416574954986572
-4,-3.7416574954986572
-4,-3.7416574954986572
-4,-3.7416574954986572
-4,-3.7416574954986572
-4,-3.7416574954986572
-4,-3.7416574954986572
-4,-3.7416574954986572
-4,-3.7416574954986572
-4,-3.7416574954986572
-4,-3.7416574954986572
-4,-3.7416574954986572
-4,-3.7416574954986572
-4,-3.7416574954986572
-4,-3.7416574954986572
-4,-3.7416574954986572
-4,-3.7416574954986572
-4,-3.7416574954986572
-4,-3.7416574954986572
-4,-3.7416574954986572
-4,-3.7416574954986572
-4,-3.7416574954986572
-4,-3.7416574954986572
-4,-3.7416574954986572
-4,-3.7416574954986572
-4,-3.7416574954986572
-4,-3.7416574954986572
-4,-3.7416574954986572
-4,-3.7416574954986572
-4,-3.7416574954986572
-4,-3.7416574954986572
-4,-3.7416574954986572
-4,-3.7416574954986572
-4,-3.7416574954986572
-4,-3.7416574954986572
-4,-3.7416574954986572
-4,-3.7416574954986572
-4,-3.7416574954986572
-4,-3.7416574954986572
-4,-3.7416574954986572
-4,-3.7416574954986572
-4,-3.7416574954986572
-4,-3.7416574954986572
-4,-3.7416574954986572
-4,-3.7416574954986572
-4,-3.7416574954986572
-4,-3.7416574954986572
-4,-3.7416574954986572
-4,-3.7416574954986572
-4,-3.7416574954986572
-4,-3.7416574954986572
-4,-3.7416574954986572
-4,-3.7416574954986572
-4,-3.7416574954986572
-4,-3.7416574954986572
-4,-3.7416574954986572
-4,-3.7416574954986572
-4,-3.7416574954986572
-4,-3.7416574954986572
-4,-3.7416574954986572
-4,-3.7416574954986572
-4,-3.7416574954986572
-4,-3.7416574954986572
-4,-3.7416574954986572
-4,-3.7416574954986572
-4,-3.7416574954986572
-4,-3.7416574954986572
-4,-3.7416574954986572
-4,-3.7416574954986572
-4,-3.7416574954986572
-4,-3.7416574954986572
-4,-3.7416574954986572
-4,-3.7416574954986572
-4,-3.7416574954986572
-4,-3.7416574954986572
-4,-3.7416574954986572
-4,-3.7416574954986572
-4,-3.7416574954986572
-4,-3.7416574954986572
-4,-3.7416574954986572
-4,-3.7416574954986572
-4,-3.7416574954986572
-4,-3.7416574954986572
-4,-3.7416574954986572
-4,-3.7416574954986572
-4,-3.7416574954986572
-4,-3.7416574954986572
-4,-3.7416574954986572
-4,-3.7416574954986572
-4,-3.7416574954986572
-4,-3.7416574954986572
-4,-3.7416574954986572
-4,-3.7416574954986572
-4,-3.7416574954986572
-4,-3.7416574954986572
-4,-3.7416574954986572
-4,-3.7416574954986572
-4,-3.7416574954986572
-4,-3.7416574954986572
-4,-3.7416574954986572
-4,-3.7416574954986572
-4,-3.7416574954986572
-4,-3.7416574954986572
-4,-3.7416574954986572
-4,-3.7416574954986572
-4,-3.7416574954986572
-4,-3.7416574954986572
-4,-3.7416574954986572
-4,-3.7416574954986572
-4,-3.7416574954986572
-4,-3.7416574954986572
-4,-3.7416574954986572
-4,-3.7416574954986572
-4,-3.7416574954986572
-4,-3.7416574954986572
-4,-3.7416574954986572
-4,-3.7416574954986572
-4,-3.7416574954986572
-4,-3.7416574954986572
-4,-3.7416574954986572
-4,-3.7416574954986572
-4,-3.7416574954986572
-4,-3.7416574954986572
-4,-3.7416574954986572
-4,-3.7416574954986572
-4,-3.7416574954986572
-4,-3.7416574954986572
-4,-3.7416574954986572
-4,-3.7416574954986572
-4,-3.7416574954986572
-4,-3.7416574954986572
-4,-3.7416574954986572
-4,-3.7416574954986572
-4,-3.7416574954986572
-4,-3.7416574954986572
-4,-3.7416574954986572
-4,-3.7416574954986572
-4,-3.7416574954986572
-4,-3.7416574954986572
-4,-3.7416574954986572
-4,-3.7416574954986572
-4,-3.7416574954986572
-4,-3.7416574954986572
-4,-3.7416574954986572
-4,-3.7416574954986572
-4,-3.7416574954986572
-4,-3.7416574954986572
-4,-3.7416574954986572
-4,-3.7416574954986572
-4,-3.7416574954986572
-4,-3.7416574954986572
-4,-3.7416574954986572
-4,-3.7416574954986572
-4,-3.7416574954986572
-4,-3.7416574954986572
-4,-3.7416574954986572
-4,-3.7416574954986572
-4,-3.7416574954986572
-4,-3.7416574954986572
-4,-3.7416574954986572
-4,-3.7416574954986572
-4,-3.7416574954986572
-4,-3.7416574954986572
-4,-3.7416574954986572
-4,-3.7416574954986572
-4,-3.7416574954986572
-4,-3.7416574954986572
-4,-3.7416574954986572
-4,-3.7416574954986572
-4,-3.7416574954986572
-4,-3.7416574954986572
-4,-3.7416574954986572
-4,-3.7416574954986572
-4,-3.7416574954986572
-4,-3.7416574954986572
-4,-3.7416574954986572
-4,-3.7416574954986572
-4,-3.7416574954986572
-4,-3.7416574954986572
-4,-3.7416574954986572
-4,-3.7416574954986572
-4,-3.7416574954986572
-4,-3.7416574954986572
-4,-3.7416574954986572
-4,-3.7416574954986572
-4,-3.7416574954986572
-4,-3.7416574954986572
-4,-3.7416574954986572
-4,-3.7416574954986572
-4,-3.7416574954986572
-4,-3.7416574954986572
-4,-3.7416574954986572
-4,-3.7416574954986572
-4,-3.7416574954986572
-4,-3.7416574954986572
-4,-3.7416574954986572
-4,-3.7416574954986572
-4,-3.7416574954986572
-4,-3.7416574954986572
-4,-3.7416574954986572
-4,-3.7416574954986572
-4,-3.7416574954986572
-4,-3.7416574954986572
-4,-3.7416574954986572
-4,-3.7416574954986572
-4,-3.7416574954986572
-4,-3.7416574954986572
-4,-3.7416574954986572
-4,-3.7416574954986572
-4,-3.7416574954986572
-4,-3.7416574954986572
-4,-3.7416574954986572
-4,-3.7416574954986572
-4,-3.7416574954986572
-4,-3.7416574954986572
-4,-3.7416574954986572
-4,-3.7416574954986572
-4,-3.7416574954986572
-4,-3.7416574954986572
-4,-3.7416574954986572
-4,-3.7416574954986572
-4,-3.7416574954986572
-4,-3.7416574954986572
-4,-3.7416574954986572
-4,-3.7416574954986572
-4,-3.7416574954986572
-4,-3.7416574954986572
-4,-3.7416574954986572
-4,-3.7416574954986572
-4,-3.7416574954986572
-4,-3.7416574954986572
-4,-3.7416574954986572
-4,-3.7416574954986572
-4,-3.7416574954986572
-4,-3.7416574954986572
-4,-3.7416574954986572
-4,-3.7416574954986572
-4,-3.7416574954986572
-4,-3.7416574954986572
-4,-3.7416574954986572
-4,-3.7416574954986572
-4,-3.7416574954986572
-4,-3.7416574954986572
-4,-3.7416574954986572
-4,-3.7416574954986572
-4,-3.7416574954986572
-4,-3.7416574954986572
-4,-3.7416574954986572
-4,-3.7416574954986572
-4,-3.7416574954986572
-4,-3.7416574954986572
-4,-3.7416574954986572
-4,-3.7416574954986572
-4,-3.7416574954986572
-4,-3.7416574954986572
-4,-3.7416574954986572
-4,-3.7416574954986572
-4,-3.7416574954986572
-4,-3.7416574954986572
-4,-3.7416574954986572
-4,-3.7416574954986572
-4,-3.7416574954986572
-4,-3.7416574954986572
-4,-3.7416574954986572
-4,-3.7416574954986572
-4,-3.7416574954986572
-4,-3.7416574954986572
-4,-3.7416574954986572
-4,-3.7416574954986572
-4,-3.7416574954986572
-4,-3.7416574954986572
-4,-3.7416574954986572
-4,-3.7416574954986572
-4,-3.7416574954986572
-4,-3.7416574954986572
-4,-3.7416574954986572
-4,-3.7416574954986572
-4,-3.7416574954986572
-4,-3.7416574954986572
-4,-3.7416574954986572
-4,-3.7416574954986572
-4,-3.7416574954986572
-4,-3.7416574954986572
-4,-3.7416574954986572
-4,-3.7416574954986572
-4,-3.7416574954986572
-4,-3.7416574954986572
-4,-3.7416574954986572
-4,-3.7416574954986572
-4,-3.7416574954986572
-4,-3.7416574954986572
-4,-3.7416574954986572
-4,-3.7416574954986572
-4,-3.7416574954986572
-4,-3.7416574954986572
-4,-3.7416574954986572
-4,-3.7416574954986572
-4,-3.7416574954986572
-4,-3.7416574954986572
-4,-3.7416574954986572
-4,-3.7416574954986572
-4,-3.7416574954986572
-4,-3.7416574954986572
-4,-3.7416574954986572
-4,-3.7416574954986572
-4,-3.7416574954986572
-4,-3.7416574954986572
-4,-3.7416574954986572
-4,-3.7416574954986572
-4,-3.7416574954986572
-4,-3.7416574954986572
-4,-3.7416574954986572
-4,-3.7416574954986572
-4,-3.7416574954986572
-4,-3.7416574954986572
-4,-3.7416574954986572
-4,-3.7416574954986572
-4,-3.7416574954986572
-4,-3.7416574954986572
-4,-3.7416574954986572
-4,-3.7416574954986572
-4,-3.7416574954986572
-4,-3.7416574954986572
-4,-3.7416574954986572
-4,-3.7416574954986572
-4,-3.7416574954986572
-4,-3.7416574954986572
-4,-3.7416574954986572
-4,-3.7416574954986572
-4,-3.7416574954986572
-4,-3.7416574954986572
-4,-3.7416574954986572
-4,-3.7416574954986572
-4,-3.7416574954986572
-4,-3.7416574954986572
-4,-3.7416574954986572
-4,-3.7416574954986572
-4,-3.7416574954986572
-4,-3.7416574954986572
-4,-3.7416574954986572
-4,-3.7416574954986572
-4,-3.7416574954986572
-4,-3.7416574954986572
-4,-3.7416574954986572
-4,-3.7416574954986572
-4,-3.7416574954986572
-4,-3.7416574954986572
-4,-3.7416574954986572
-4,-3.7416574954986572
-4,-3.7416574954986572
-4,-3.7416574954986572
-4,-3.7416574954986572
-4,-3.7416574954986572
-4,-3.7416574954986572
-4,-3.7416574954986572
-4,-3.7416574954986572
-4,-3.7416574954986572
-4,-3.7416574954986572
-4,-3.7416574954986572
-4,-3.7416574954986572
-4,-3.7416574954986572
-4,-3.7416574954986572
-4,-3.7416574954986572
-4,-3.7416574954986572
-4,-3.7416574954986572
-4,-3.7416574954986572
-4,-3.7416574954986572
-4,-3.7416574954986572
-4,-3.7416574954986572
-4,-3.7416574954986572
-4,-3.7416574954986572
-4,-3.7416574954986572
-4,-3.7416574954986572
-4,-3.7416574954986572
-4,-3.7416574954986572
-4,-3.7416574954986572
-4,-3.7416574954986572
-4,-3.7416574954986572
-4,-3.7416574954986572
-4,-3.7416574954986572
-4,-3.7416574954986572
-4,-3.7416574954986572
-4,-3.7416574954986572
-4,-3.7416574954986572
-4,-3.7416574954986572
-4,-3.7416574954986572
-4,-3.7416574954986572
-4,-3.7416574954986572
-4,-3.7416574954986572
-4,-3.7416574954986572
-4,-3.7416574954986572
-4,-3.7416574954986572
-4,-3.7416574954986572
-4,-3.7416574954986572
-4,-3.7416574954986572
-4,-3.7416574954986572
-4,-3.7416574954986572
-4,-3.7416574954986572
-4,-3.7416574954986572
-4,-3.7416574954986572
-4,-3.7416574954986572
-4,-3.7416574954986572
-4,-3.7416574954986572
-4,-3.7416574954986572
-4,-3.7416574954986572
-4,-3.7416574954986572
-4,-3.7416574954986572
-4,-3.7416574954986572
-4,-3.7416574954986572
-4,-3.7416574954986572
-4,-3.7416574954986572
-4,-3.7416574954986572
-4,-3.7416574954986572
-4,-3.7416574954986572
-4,-3.7416574954986572
-4,-3.7416574954986572
-4,-3.7416574954986572
-4,-3.7416574954986572
-4,-3.7416574954986572
-4,-3.7416574954986572
-4,-3.7416574954986572
-4,-3.7416574954986572
-4,-3.7416574954986572
-4,-3.7416574954986572
-4,-3.7416574954986572
-4,-3.7416574954986572
-4,-3.7416574954986572
-4,-3.7416574954986572
-4,-3.7416574954986572
-4,-3.7416574954986572
-4,-3.7416574954986572
-4,-3.7416574954986572
-4,-3.7416574954986572
-4,-3.7416574954986572
-4,-3.7416574954986572
-4,-3.7416574954986572
-4,-3.7416574954986572
-4,-3.7416574954986572
-4,-3.7416574954986572
-4,-3.7416574954986572
-4,-3.7416574954986572
-4,-3.7416574954986572
-4,-3.7416574954986572
-4,-3.7416574954986572
-4,-3.7416574954986572
-4,-3.7416574954986572
-4,-3.7416574954986572
-4,-3.7416574954986572
-4,-3.7416574954986572
-4,-3.7416574954986572
-4,-3.7416574954986572
-4,-3.7416574954986572
-4,-3.7416574954986572
-4,-3.7416574954986572
-4,-3.7416574954986572
-4,-3.7416574954986572
-4,-3.7416574954986572
-4,-3.7416574954986572
-4,-3.7416574954986572
-4,-3.7416574954986572
-4,-3.7416574954986572
-4,-3.7416574954986572
-4,-3.7416574954986572
-4,-3.7416574954986572
-4,-3.7416574954986572
-4,-3.7416574954986572
-4,-3.7416574954986572
-4,-3.7416574954986572
-4,-3.7416574954986572
-4,-3.7416574954986572
-4,-3.7416574954986572
-4,-3.7416574954986572
-4,-3.7416574954986572
-4,-3.7416574954986572
-4,-3.7416574954986572
-4,-3.7416574954986572
-4,-3.7416574954986572
-4,-3.7416574954986572
-4,-3.7416574954986572
-4,-3.7416574954986572
-4,-3.7416574954986572
-4,-3.7416574954986572
-4,-3.7416574954986572
-4,-3.7416574954986572
-4,-3.7416574954986572
-4,-3.7416574954986572
-4,-3.7416574954986572
-4,-3.7416574954986572
-4,-3.7416574954986572
-4,-3.7416574954986572
-4,-3.7416574954986572
-4,-3.7416574954986572
-4,-3.7416574954986572
-4,-3.7416574954986572
-4,-3.7416574954986572
-4,-3.7416574954986572
-4,-3.7416574954986572
-4,-3.7416574954986572
-4,-3.7416574954986572
-4,-3.7416574954986572
-4,-3.7416574954986572
-4,-3.7416574954986572
-4,-3.7416574954986572
-4,-3.7416574954986572
-4,-3.7416574954986572
-4,-3.7416574954986572
-4,-3.7416574954986572
-4,-3.7416574954986572
-4,-3.7416574954986572
-4,-3.7416574954986572
-4,-3.7416574954986572
-4,-3.7416574954986572
-4,-3.7416574954986572
-4,-3.7416574954986572
-4,-3.7416574954986572
-4,-3.7416574954986572
-4,-3.7416574954986572
-4,-3.7416574954986572
-4,-3.7416574954986572
-4,-3.7416574954986572
-4,-3.7416574954986572
-4,-3.7416574954986572
-4,-3.7416574954986572
-4,-3.7416574954986572
-4,-3.7416574954986572
-4,-3.7416574954986572
-4,-3.7416574954986572
-4,-3.7416574954986572
-4,-3.7416574954986572
-4,-3.7416574954986572
-4,-3.7416574954986572
-4,-3.7416574954986572
-4,-3.7416574954986572
-4,-3.7416574954986572
-4,-3.7416574954986572
-4,-3.7416574954986572
-4,-3.7416574954986572
-4,-3.7416574954986572
-4,-3.7416574954986572
-4,-3.7416574954986572
-4,-3.7416574954986572
-4,-3.7416574954986572
-4,-3.7416574954986572
-4,-3.7416574954986572
-4,-3.7416574954986572
-4,-3.7416574954986572
-4,-3.605551242828369
-4,-3.605551242828369
-4,-3.605551242828369
-4,-3.605551242828369
-4,-3.605551242828369
-4,-3.605551242828369
-4,-3.605551242828369
-4,-3.605551242828369
-4,-3.605551242828369
-4,-3.605551242828369
-4,-3.605551242828369
-4,-3.605551242828369
-4,-3.605551242828369
-4,-3.605551242828369
-4,-3.605551242828369
-4,-3.605551242828369
-4,-3.605551242828369
-4,-3.605551242828369
-4,-3.605551242828369
-4,-3.605551242828369
-4,-3.605551242828369
-4,-3.605551242828369
-4,-3.605551242828369
-4,-3.605551242828369
-4,-3.605551242828369
-4,-3.605551242828369
-4,-3.605551242828369
-4,-3.605551242828369
-4,-3.605551242828369
-4,-3.605551242828369
-4,-3.605551242828369
-4,-3.605551242828369
-4,-3.605551242828369
-4,-3.605551242828369
-4,-3.605551242828369
-4,-3.464101552963257
-4,-3.464101552963257
-4,-3.464101552963257
-4,-3.316624879837036
-4,-3.316624879837036
-4,-3.316624879837036
-4,-3.316624879837036
-4,-3.316624879837036
-4,-3.316624879837036
-4,-3.316624879837036
-4,-3.316624879837036
-4,-3.316624879837036
-4,-3.316624879837036
-4,-3.316624879837036
-4,-3.316624879837036
-4,-3.316624879837036
-4,-3.316624879837036
-4,-3.316624879837036
-4,-3.316624879837036
-4,-3.316624879837036
-4,-3.316624879837036
-4,-3.1622776985168457
-4,-3.1622776985168457
-4,-3.1622776985168457
-4,-3.1622776985168457
-4,-3.1622776985168457
-4,-3.1622776985168457
-4,-3.1622776985168457
-4,-3.1622776985168457
-4,-3.1622776985168457
-4,-3.1622776985168457
-4,-3.1622776985168457
-4,-3.1622776985168457
-4,-3.1622776985168457
-4,-3.1622776985168457
-4,-3.1622776985168457
-4,-3.1622776985168457
-4,-3.1622776985168457
-4,-3.1622776985168457
-4,-3.1622776985168457
-4,-3
-4,-3
-4,-3
-4,-3
-4,-3
-4,-3
-4,-3
-4,-3
-4,-3
-4,-3
-4,-3
-4,-3
-4,-3
-4,-3
-4,-3
-4,-3
-4,-3
-4,-3
-4,-3
-4,-3
-4,-3
-4,-3
-4,-3
-4,-3
-4,-3
-4,-3
-4,-3
-4,-3
-4,-3
-4,-3
-4,-3
-4,-2.8284270763397217
-4,-2.8284270763397217
-4,-2.8284270763397217
-4,-2.8284270763397217
-4,-2.8284270763397217
-4,-2.8284270763397217
-4,-2.8284270763397217
-4,-2.8284270763397217
-4,-2.8284270763397217
-4,-2.8284270763397217
-4,-2.8284270763397217
-4,-2.8284270763397217
-4,-2.8284270763397217
-4,-2.8284270763397217
-4,-2.4494898319244385
-4,-2.4494898319244385
-4,-2.4494898319244385
-4,-2.4494898319244385
-4,-2.4494898319244385
-4,-2.4494898319244385
-4,-2.4494898319244385
-4,-2.4494898319244385
-4,-2.4494898319244385
-4,-2.4494898319244385
-4,-2.2360680103302
-4,-2.2360680103302
-4,-2.2360680103302
-4,-2.2360680103302
-4,-2.2360680103302
-4,-2.2360680103302
-4,-2.2360680103302
-4,-2.2360680103302
-4,-2.2360680103302
-4,-2.2360680103302
-4,-2.2360680103302
-4,-2.2360680103302
-4,-2.2360680103302
-4,-2.2360680103302
-4,-2.2360680103302
-4,-2.2360680103302
-4,-2
-4,-2
-4,-2
-4,-2
-4,-2
-4,-2
-4,-2
-4,-2
-4,-2
-4,-2
-4,-2
-4,-2
-4,-2
-4,-2
-4,-2
-4,-2
-4,-2
-4,-2
-4,-2
-4,-2
-4,-2
-4,-1.7320507764816284
-4,-1.7320507764816284
-4,-1.7320507764816284
-4,-1.7320507764816284
-4,-1.7320507764816284
-4,-1.7320507764816284
-4,-1.7320507764816284
-4,-1.7320507764816284
-4,-1.7320507764816284
-4,-1.7320507764816284
-4,-1.4142135381698608
-4,-1.4142135381698608
-4,-1.4142135381698608
-4,-1.4142135381698608
-4,-1.4142135381698608
-4,-1.4142135381698608
-4,-1.4142135381698608
-4,-1.4142135381698608
-4,-1.4142135381698608
-4,-1.4142135381698608
-4,-1.4142135381698608
-4,-1.4142135381698608
-4,-1.4142135381698608
-4,-1.4142135381698608
-4,-1.4142135381698608
-4,-1.4142135381698608
-4,-1.4142135381698608
-4,-1.4142135381698608
-4,-1.4142135381698608
-4,-1
-4,-1
-4,-1
-4,-1
-4,-1
-4,-1
-4,-1
-4,-1
-4,-1
-4,-1
-4,-1
-4,-1
-4,-1
-4,-1
-4,-1
-4,-1
-4,-1
-4,-1
-4,-1
-4,-1
-4,-1
-4,-1
-4,-1
-4,-1
-4,-1
-4,-1
-4,-1
-4,-1
-4,-1
-4,-1
-4,-1
-4,-1
-4,-1
-4,-1
-4,-1
-4,-1
-4,-1
-4,-1
-4,-1
-4,-1
-4,-1
-4,-1
-4,1
-4,1
-4,1
-4,1
-4,1
-4,1
-4,1
-4,1
-4,1
-4,1
-4,1
-4,1
-4,1
-4,1
-4,1
-4,1
-4,1
-4,1
-4,1
-4,1
-4,1
-4,1
-4,1
-4,1
-4,1
-4,1
-4,1
-4,1
-4,1
-4,1
-4,1
-4,1
-4,1
-4,1.4142135381698608
-4,1.4142135381698608
-4,1.4142135381698608
-4,1.4142135381698608
-4,1.4142135381698608
-4,1.4142135381698608
-4,1.4142135381698608
-4,1.4142135381698608
-4,1.4142135381698608
-4,1.4142135381698608
-4,1.4142135381698608
-4,1.4142135381698608
-4,1.4142135381698608
-4,1.4142135381698608
-4,1.4142135381698608
-4,1.4142135381698608
-4,1.4142135381698608
-4,1.4142135381698608
-4,1.7320507764816284
-4,1.7320507764816284
-4,1.7320507764816284
-4,1.7320507764816284
-4,1.7320507764816284
-4,1.7320507764816284
-4,2
-4,2
-4,2
-4,2
-4,2
-4,2.2360680103302
-4,2.2360680103302
-4,2.2360680103302
-4,2.2360680103302
-4,2.2360680103302
-4,2.2360680103302
-4,2.2360680103302
-4,2.2360680103302
-4,2.2360680103302
-4,2.4494898319244385
-4,2.4494898319244385
-4,2.4494898319244385
-4,2.4494898319244385
-4,2.8284270763397217
-4,2.8284270763397217
-4,2.8284270763397217
-4,2.8284270763397217
-4,2.8284270763397217
-4,2.8284270763397217
-4,2.8284270763397217
-4,3
-4,3
-4,3
-4,3
-4,3
-4,3
-4,3
-4,3
-4,3
-4,3
-4,3
-4,3.1622776985168457
-4,3.1622776985168457
-4,3.1622776985168457
-4,3.1622776985168457
-4,3.1622776985168457
-4,3.1622776985168457
-4,3.316624879837036
-4,3.316624879837036
-4,3.464101552963257
-4,3.464101552963257
-4,3.464101552963257
-4,3.464101552963257
-4,3.605551242828369
-4,3.605551242828369
-4,3.605551242828369
-4,3.605551242828369
-4,3.605551242828369
-4,3.605551242828369
-4,3.7416574954986572
-4,3.7416574954986572
-4,3.7416574954986572
-4,3.7416574954986572
-4,4
-4,4
-4,4.123105525970459
-4,4.123105525970459
-4,4.123105525970459
-4,4.123105525970459
-4,4.123105525970459
-4,4.123105525970459
-4,4.123105525970459
-4,4.123105525970459
-4,4.123105525970459
-4,4.123105525970459
-4,4.123105525970459
-4,4.123105525970459
-4,4.123105525970459
-4,4.242640495300293
-4,4.242640495300293
-4,4.242640495300293
-4,4.242640495300293
-4,4.358899116516113
-4,4.4721360206604
-4,4.4721360206604
-4,4.4721360206604
-4,4.4721360206604
-4,4.4721360206604
-4,4.4721360206604
-4,4.4721360206604
-4,4.582575798034668
-4,4.582575798034668
-4,4.582575798034668
-4,4.582575798034668
-4,4.582575798034668
-4,4.582575798034668
-4,4.582575798034668
-4,4.582575798034668
-4,4.582575798034668
-4,4.690415859222412
-4,4.898979663848877
-4,4.898979663848877
-4,4.898979663848877
-4,5
-4,5
-4,5
-4,5
-4,5
-4,5
-4,5
-4,5
-4,5
-4,5
-4,5.099019527435303
-4,5.099019527435303
-4,5.099019527435303
-4,5.099019527435303
-4,5.099019527435303
-4,5.099019527435303
-4,5.099019527435303
-4,5.196152210235596
-4,5.196152210235596
-4,5.196152210235596
-4,5.196152210235596
-4,5.385164737701416
-4,5.385164737701416
-4,5.385164737701416
-4,5.385164737701416
-4,5.385164737701416
-4,5.385164737701416
-4,5.385164737701416
-4,5.4772257804870605
-4,5.656854152679443
-4,5.656854152679443
-4,5.656854152679443
-4,5.656854152679443
-4,5.656854152679443
-4,5.74456262588501
-4,5.74456262588501
-4,5.74456262588501
-4,5.74456262588501
-4,5.830951690673828
-4,5.830951690673828
-4,5.830951690673828
-4,5.830951690673828
-4,5.830951690673828
-4,5.916079998016357
-4,5.916079998016357
-4,5.916079998016357
-4,5.916079998016357
-4,5.916079998016357
-4,6
-4,6
-4,6.082762718200684
-4,6.082762718200684
-4,6.082762718200684
-4,6.082762718200684
-4,6.164413928985596
-4,6.164413928985596
-4,6.164413928985596
-4,6.164413928985596
-4,6.164413928985596
-4,6.164413928985596
-4,6.324555397033691
-4,6.324555397033691
-4,6.324555397033691
-4,6.324555397033691
-4,6.4031243324279785
-4,6.4031243324279785
-4,6.4031243324279785
-4,6.4031243324279785
-4,6.4031243324279785
-4,6.4031243324279785
-4,6.4031243324279785
-4,6.4031243324279785
-4,6.480740547180176
-4,6.557438373565674
-4,6.633249759674072
-4,6.633249759674072
-4,6.633249759674072
-4,6.633249759674072
-4,6.7082037925720215
-4,6.7082037925720215
-4,6.7082037925720215
-4,6.7082037925720215
-4,6.78233003616333
-4,6.78233003616333
-4,6.928203105926514
-4,7
-4,7
-4,7
-4,7.071067810058594
-4,7.071067810058594
-4,7.071067810058594
-4,7.071067810058594
-4,7.071067810058594
-4,7.071067810058594
-4,7.071067810058594
-4,7.141428470611572
-4,7.211102485656738
-4,7.211102485656738
-4,7.211102485656738
-4,7.280109882354736
-4,7.280109882354736
-4,7.280109882354736
-4,7.280109882354736
-4,7.280109882354736
-4,7.280109882354736
-4,7.280109882354736
-4,7.348469257354736
-4,7.348469257354736
-4,7.4833149909973145
-4,7.4833149909973145
-4,7.4833149909973145
-4,7.4833149909973145
-4,7.4833149909973145
-4,7.549834251403809
-4,7.549834251403809
-4,7.549834251403809
-4,7.549834251403809
-4,7.6157732009887695
-4,7.6157732009887695
-4,7.681145668029785
-4,7.681145668029785
-4,7.681145668029785
-4,7.681145668029785
-4,7.8102498054504395
-4,7.8102498054504395
-4,7.8102498054504395
-4,7.8102498054504395
-4,7.874007701873779
-4,7.874007701873779
-4,7.874007701873779
-4,7.874007701873779
-4,7.874007701873779
-4,8
-4,8
-4,8
-4,8.062257766723633
-4,8.062257766723633
-4,8.062257766723633
-4,8.062257766723633
-4,8.062257766723633
-4,8.062257766723633
-4,8.062257766723633
-4,8.062257766723633
-4,8.124038696289063
-4,8.124038696289063
-4,8.124038696289063
-4,8.124038696289063
-4,8.124038696289063
-4,8.124038696289063
-4,8.124038696289063
-4,8.124038696289063
-4,8.124038696289063
-4,8.124038696289063
-4,8.185352325439453
-4,8.185352325439453
-4,8.185352325439453
-4,8.185352325439453
-4,8.185352325439453
-4,8.306623458862305
-4,8.306623458862305
-4,8.306623458862305
-4,8.366600036621094
-4,8.366600036621094
-4,8.485280990600586
-4,8.485280990600586
-4,8.485280990600586
-4,8.5440034866333
-4,8.5440034866333
-4,8.5440034866333
-4,8.5440034866333
-4,8.602325439453125
-4,8.602325439453125
-4,8.602325439453125
-4,8.602325439453125
-4,8.602325439453125
-4,8.66025447845459
-4,8.66025447845459
-4,8.774964332580566
-4,8.774964332580566
-4,8.774964332580566
-4,8.774964332580566
-4,8.774964332580566
-4,8.774964332580566
-4,8.774964332580566
-4,8.774964332580566
-4,8.774964332580566
-4,8.83176040649414
-4,8.83176040649414
-4,8.83176040649414
-4,8.9442720413208
-4,8.9442720413208
-4,8.9442720413208
-4,8.9442720413208
-4,9
-4,9
-4,9
-4,9.05538558959961
-4,9.110433578491211
-4,9.110433578491211
-4,9.110433578491211
-4,9.110433578491211
-4,9.110433578491211
-4,9.219544410705566
-4,9.219544410705566
-4,9.219544410705566
-4,9.219544410705566
-4,9.219544410705566
-4,9.219544410705566
-4,9.219544410705566
-4,9.273618698120117
-4,9.273618698120117
-4,9.273618698120117
-4,9.273618698120117
-4,9.273618698120117
-4,9.273618698120117
-4,9.273618698120117
-4,9.380831718444824
-4,9.433980941772461
-4,9.433980941772461
-4,9.433980941772461
-4,9.433980941772461
-4,9.433980941772461
-4,9.433980941772461
-4,9.486832618713379
-4,9.486832618713379
-4,9.486832618713379
-4,9.486832618713379
-4,9.539392471313477
-4,9.69536018371582
-4,9.69536018371582
-4,9.69536018371582
-4,9.797959327697754
-4,9.797959327697754
-4,9.848857879638672
-4,9.899495124816895
-4,9.899495124816895
-4,9.949873924255371
-4,10.049875259399414
-4,10.049875259399414
-4,10.049875259399414
-4,10.198039054870605
-4,10.198039054870605
-4,10.198039054870605
-4,10.24695110321045
-4,10.24695110321045
-4,10.24695110321045
-4,10.29563045501709
-4,10.344079971313477
-4,10.392304420471191
-4,10.440306663513184
-4,10.440306663513184
-4,10.440306663513184
-4,10.440306663513184
-4,10.440306663513184
-4,10.488088607788086
-4,10.488088607788086
-4,10.488088607788086
-4,10.488088607788086
-4,10.488088607788086
-4,10.630146026611328
-4,10.630146026611328
-4,10.816654205322266
-4,10.954451560974121
-4,11
-4,11.357816696166992
-4,11.357816696166992
-4,11.401754379272461
-4,11.48912525177002
-4,11.575837135314941
-4,11.575837135314941
-4,11.575837135314941
-4,11.747340202331543
-4,12.041594505310059
-4,12.206555366516113
-4,12.206555366516113
-4,12.688577651977539
-4,12.884099006652832
-4,13.076696395874023
-4,13.416407585144043
-4,13.638181686401367
-4,14.071247100830078
-4,14.247806549072266
-4,14.352700233459473
-4,15.099668502807617
-4,15.132745742797852
-4,15.264337539672852
-4,15.65247631072998
-4,15.779733657836914
-4,16.0623779296875
-4,16.093477249145508
-4,16.155494689941406
-4,16.18641471862793
-4,16.401220321655273
-4,16.401220321655273
-4,16.431676864624023
-4,17.14642906188965
-4,17.34935188293457
-4,17.464248657226563
-4,19.02629852294922
-3.7416574954986572,inf
-3.7416574954986572,inf
-3.7416574954986572,inf
-3.7416574954986572,inf
-3.7416574954986572,inf
-3.7416574954986572,inf
-3.7416574954986572,inf
-3.7416574954986572,inf
-3.7416574954986572,inf
-3.7416574954986572,inf
-3.7416574954986572,inf
-3.7416574954986572,inf
-3.7416574954986572,inf
-3.7416574954986572,inf
-3.7416574954986572,inf
-3.7416574954986572,inf
-3.7416574954986572,inf
-3.7416574954986572,inf
-3.7416574954986572,inf
-3.7416574954986572,inf
-3.7416574954986572,inf
-3.7416574954986572,inf
-3.7416574954986572,inf
-3.7416574954986572,inf
-3.7416574954986572,inf
-3.7416574954986572,inf
-3.7416574954986572,inf
-3.7416574954986572,inf
-3.7416574954986572,inf
-3.7416574954986572,inf
-3.7416574954986572,inf
-3.7416574954986572,inf
-3.7416574954986572,inf
-3.7416574954986572,inf
-3.7416574954986572,inf
-3.7416574954986572,inf
-3.7416574954986572,inf
-3.7416574954986572,inf
-3.7416574954986572,inf
-3.7416574954986572,inf
-3.7416574954986572,-3.605551242828369
-3.7416574954986572,-3.605551242828369
-3.7416574954986572,-3.605551242828369
-3.7416574954986572,-3.605551242828369
-3.7416574954986572,-3.605551242828369
-3.7416574954986572,-3.605551242828369
-3.7416574954986572,-3.605551242828369
-3.7416574954986572,-3.605551242828369
-3.7416574954986572,-3.605551242828369
-3.7416574954986572,-3.605551242828369
-3.7416574954986572,-3.605551242828369
-3.7416574954986572,-3.605551242828369
-3.7416574954986572,-3.605551242828369
-3.7416574954986572,-3.605551242828369
-3.7416574954986572,-3.605551242828369
-3.7416574954986572,-3.605551242828369
-3.7416574954986572,-3.605551242828369
-3.7416574954986572,-3.464101552963257
-3.7416574954986572,-3.464101552963257
-3.7416574954986572,-3.316624879837036
-3.7416574954986572,-3.316624879837036
-3.7416574954986572,-3.316624879837036
-3.7416574954986572,-3.316624879837036
-3.7416574954986572,-3.316624879837036
-3.7416574954986572,-3.316624879837036
-3.7416574954986572,-3.1622776985168457
-3.7416574954986572,-3.1622776985168457
-3.7416574954986572,-3.1622776985168457
-3.7416574954986572,-3.1622776985168457
-3.7416574954986572,-3.1622776985168457
-3.7416574954986572,-3.1622776985168457
-3.7416574954986572,-3.1622776985168457
-3.7416574954986572,-3.1622776985168457
-3.7416574954986572,-3.1622776985168457
-3.7416574954986572,-3.1622776985168457
-3.7416574954986572,-3.1622776985168457
-3.7416574954986572,-3.1622776985168457
-3.7416574954986572,-3
-3.7416574954986572,-3
-3.7416574954986572,-3
-3.7416574954986572,-3
-3.7416574954986572,-3
-3.7416574954986572,-3
-3.7416574954986572,-3
-3.7416574954986572,-3
-3.7416574954986572,-2.8284270763397217
-3.7416574954986572,-2.8284270763397217
-3.7416574954986572,-2.4494898319244385
-3.7416574954986572,-2.4494898319244385
-3.7416574954986572,-2.4494898319244385
-3.7416574954986572,-2.4494898319244385
-3.7416574954986572,-2.2360680103302
-3.7416574954986572,-2.2360680103302
-3.7416574954986572,-2.2360680103302
-3.7416574954986572,-2.2360680103302
-3.7416574954986572,-2.2360680103302
-3.7416574954986572,-2.2360680103302
-3.7416574954986572,-2.2360680103302
-3.7416574954986572,-2
-3.7416574954986572,-1.7320507764816284
-3.7416574954986572,-1.7320507764816284
-3.7416574954986572,-1.4142135381698608
-3.7416574954986572,-1.4142135381698608
-3.7416574954986572,-1.4142135381698608
-3.7416574954986572,-1.4142135381698608
-3.7416574954986572,-1.4142135381698608
-3.7416574954986572,-1.4142135381698608
-3.7416574954986572,-1.4142135381698608
-3.7416574954986572,-1.4142135381698608
-3.7416574954986572,-1.4142135381698608
-3.7416574954986572,-1.4142135381698608
-3.7416574954986572,-1
-3.7416574954986572,-1
-3.7416574954986572,-1
-3.7416574954986572,-1
-3.7416574954986572,-1
-3.7416574954986572,-1
-3.7416574954986572,-1
-3.7416574954986572,-1
-3.7416574954986572,-1
-3.7416574954986572,-1
-3.7416574954986572,-1
-3.7416574954986572,-1
-3.7416574954986572,-1
-3.7416574954986572,-1
-3.7416574954986572,-1
-3.7416574954986572,-1
-3.7416574954986572,-1
-3.7416574954986572,-1
-3.7416574954986572,-1
-3.7416574954986572,-1
-3.7416574954986572,-1
-3.7416574954986572,1
-3.7416574954986572,1
-3.7416574954986572,1
-3.7416574954986572,1
-3.7416574954986572,1
-3.7416574954986572,1
-3.7416574954986572,1
-3.7416574954986572,1
-3.7416574954986572,1
-3.7416574954986572,1
-3.7416574954986572,1
-3.7416574954986572,1
-3.7416574954986572,1
-3.7416574954986572,1
-3.7416574954986572,1.4142135381698608
-3.7416574954986572,1.4142135381698608
-3.7416574954986572,1.4142135381698608
-3.7416574954986572,1.7320507764816284
-3.7416574954986572,1.7320507764816284
-3.7416574954986572,1.7320507764816284
-3.7416574954986572,2
-3.7416574954986572,2.2360680103302
-3.7416574954986572,2.2360680103302
-3.7416574954986572,2.2360680103302
-3.7416574954986572,2.2360680103302
-3.7416574954986572,2.2360680103302
-3.7416574954986572,2.2360680103302
-3.7416574954986572,2.2360680103302
-3.7416574954986572,2.2360680103302
-3.7416574954986572,2.2360680103302
-3.7416574954986572,2.4494898319244385
-3.7416574954986572,2.4494898319244385
-3.7416574954986572,2.8284270763397217
-3.7416574954986572,3
-3.7416574954986572,3
-3.7416574954986572,3
-3.7416574954986572,3
-3.7416574954986572,3
-3.7416574954986572,3
-3.7416574954986572,3
-3.7416574954986572,3
-3.7416574954986572,3
-3.7416574954986572,3.1622776985168457
-3.7416574954986572,3.1622776985168457
-3.7416574954986572,3.1622776985168457
-3.7416574954986572,3.316624879837036
-3.7416574954986572,3.316624879837036
-3.7416574954986572,3.464101552963257
-3.7416574954986572,3.605551242828369
-3.7416574954986572,3.605551242828369
-3.7416574954986572,3.605551242828369
-3.7416574954986572,3.605551242828369
-3.7416574954986572,3.605551242828369
-3.7416574954986572,3.7416574954986572
-3.7416574954986572,3.7416574954986572
-3.7416574954986572,3.7416574954986572
-3.7416574954986572,3.7416574954986572
-3.7416574954986572,3.7416574954986572
-3.7416574954986572,4
-3.7416574954986572,4
-3.7416574954986572,4.123105525970459
-3.7416574954986572,4.123105525970459
-3.7416574954986572,4.123105525970459
-3.7416574954986572,4.123105525970459
-3.7416574954986572,4.123105525970459
-3.7416574954986572,4.123105525970459
-3.7416574954986572,4.123105525970459
-3.7416574954986572,4.123105525970459
-3.7416574954986572,4.242640495300293
-3.7416574954986572,4.242640495300293
-3.7416574954986572,4.242640495300293
-3.7416574954986572,4.242640495300293
-3.7416574954986572,4.358899116516113
-3.7416574954986572,4.4721360206604
-3.7416574954986572,4.4721360206604
-3.7416574954986572,4.4721360206604
-3.7416574954986572,4.4721360206604
-3.7416574954986572,4.582575798034668
-3.7416574954986572,4.898979663848877
-3.7416574954986572,5
-3.7416574954986572,5
-3.7416574954986572,5.099019527435303
-3.7416574954986572,5.099019527435303
-3.7416574954986572,5.196152210235596
-3.7416574954986572,5.196152210235596
-3.7416574954986572,5.196152210235596
-3.7416574954986572,5.196152210235596
-3.7416574954986572,5.385164737701416
-3.7416574954986572,5.385164737701416
-3.7416574954986572,5.385164737701416
-3.7416574954986572,5.385164737701416
-3.7416574954986572,5.385164737701416
-3.7416574954986572,5.4772257804870605
-3.7416574954986572,5.4772257804870605
-3.7416574954986572,5.4772257804870605
-3.7416574954986572,5.4772257804870605
-3.7416574954986572,5.656854152679443
-3.7416574954986572,5.656854152679443
-3.7416574954986572,5.74456262588501
-3.7416574954986572,5.74456262588501
-3.7416574954986572,5.74456262588501
-3.7416574954986572,5.74456262588501
-3.7416574954986572,5.74456262588501
-3.7416574954986572,5.830951690673828
-3.7416574954986572,5.830951690673828
-3.7416574954986572,5.830951690673828
-3.7416574954986572,5.830951690673828
-3.7416574954986572,5.830951690673828
-3.7416574954986572,5.830951690673828
-3.7416574954986572,5.916079998016357
-3.7416574954986572,6
-3.7416574954986572,6
-3.7416574954986572,6
-3.7416574954986572,6
-3.7416574954986572,6.082762718200684
-3.7416574954986572,6.082762718200684
-3.7416574954986572,6.164413928985596
-3.7416574954986572,6.164413928985596
-3.7416574954986572,6.324555397033691
-3.7416574954986572,6.324555397033691
-3.7416574954986572,6.4031243324279785
-3.7416574954986572,6.4031243324279785
-3.7416574954986572,6.480740547180176
-3.7416574954986572,6.480740547180176
-3.7416574954986572,6.557438373565674
-3.7416574954986572,6.557438373565674
-3.7416574954986572,6.633249759674072
-3.7416574954986572,6.7082037925720215
-3.7416574954986572,6.7082037925720215
-3.7416574954986572,6.7082037925720215
-3.7416574954986572,6.7082037925720215
-3.7416574954986572,7
-3.7416574954986572,7
-3.7416574954986572,7
-3.7416574954986572,7.071067810058594
-3.7416574954986572,7.071067810058594
-3.7416574954986572,7.071067810058594
-3.7416574954986572,7.071067810058594
-3.7416574954986572,7.141428470611572
-3.7416574954986572,7.211102485656738
-3.7416574954986572,7.211102485656738
-3.7416574954986572,7.211102485656738
-3.7416574954986572,7.280109882354736
-3.7416574954986572,7.280109882354736
-3.7416574954986572,7.280109882354736
-3.7416574954986572,7.280109882354736
-3.7416574954986572,7.348469257354736
-3.7416574954986572,7.348469257354736
-3.7416574954986572,7.348469257354736
-3.7416574954986572,7.4833149909973145
-3.7416574954986572,7.549834251403809
-3.7416574954986572,7.6157732009887695
-3.7416574954986572,7.681145668029785
-3.7416574954986572,7.681145668029785
-3.7416574954986572,7.681145668029785
-3.7416574954986572,7.681145668029785
-3.7416574954986572,7.8102498054504395
-3.7416574954986572,7.8102498054504395
-3.7416574954986572,7.8102498054504395
-3.7416574954986572,7.874007701873779
-3.7416574954986572,7.874007701873779
-3.7416574954986572,8
-3.7416574954986572,8.062257766723633
-3.7416574954986572,8.062257766723633
-3.7416574954986572,8.062257766723633
-3.7416574954986572,8.062257766723633
-3.7416574954986572,8.062257766723633
-3.7416574954986572,8.124038696289063
-3.7416574954986572,8.246211051940918
-3.7416574954986572,8.246211051940918
-3.7416574954986572,8.366600036621094
-3.7416574954986572,8.5440034866333
-3.7416574954986572,8.602325439453125
-3.7416574954986572,8.602325439453125
-3.7416574954986572,8.774964332580566
-3.7416574954986572,8.774964332580566
-3.7416574954986572,8.774964332580566
-3.7416574954986572,8.774964332580566
-3.7416574954986572,8.83176040649414
-3.7416574954986572,8.9442720413208
-3.7416574954986572,9
-3.7416574954986572,9
-3.7416574954986572,9
-3.7416574954986572,9
-3.7416574954986572,9.165151596069336
-3.7416574954986572,9.219544410705566
-3.7416574954986572,9.219544410705566
-3.7416574954986572,9.273618698120117
-3.7416574954986572,9.273618698120117
-3.7416574954986572,9.433980941772461
-3.7416574954986572,9.433980941772461
-3.7416574954986572,9.69536018371582
-3.7416574954986572,9.69536018371582
-3.7416574954986572,9.69536018371582
-3.7416574954986572,9.797959327697754
-3.7416574954986572,9.899495124816895
-3.7416574954986572,9.899495124816895
-3.7416574954986572,10
-3.7416574954986572,10
-3.7416574954986572,10.049875259399414
-3.7416574954986572,10.099504470825195
-3.7416574954986572,10.198039054870605
-3.7416574954986572,10.29563045501709
-3.7416574954986572,10.29563045501709
-3.7416574954986572,10.440306663513184
-3.7416574954986572,10.488088607788086
-3.7416574954986572,10.630146026611328
-3.7416574954986572,10.630146026611328
-3.7416574954986572,11.045360565185547
-3.7416574954986572,11.045360565185547
-3.7416574954986572,11.045360565185547
-3.7416574954986572,11.180339813232422
-3.7416574954986572,11.445523262023926
-3.7416574954986572,11.747340202331543
-3.7416574954986572,12
-3.7416574954986572,12.041594505310059
-3.7416574954986572,12.569805145263672
-3.7416574954986572,12.688577651977539
-3.7416574954986572,12.806248664855957
-3.7416574954986572,12.806248664855957
-3.7416574954986572,12.884099006652832
-3.7416574954986572,13.03840446472168
-3.7416574954986572,13.601470947265625
-3.7416574954986572,13.638181686401367
-3.7416574954986572,14
-3.7416574954986572,14.317821502685547
-3.7416574954986572,15.65247631072998
-3.7416574954986572,16.031219482421875
-3.7416574954986572,16.155494689941406
-3.7416574954986572,16.401220321655273
-3.7416574954986572,16.552946090698242
-3.7416574954986572,16.76305389404297
-3.7416574954986572,18.466184616088867
-3.605551242828369,inf
-3.605551242828369,inf
-3.605551242828369,inf
-3.605551242828369,inf
-3.605551242828369,inf
-3.605551242828369,inf
-3.605551242828369,inf
-3.605551242828369,inf
-3.605551242828369,inf
-3.605551242828369,inf
-3.605551242828369,inf
-3.605551242828369,inf
-3.605551242828369,inf
-3.605551242828369,inf
-3.605551242828369,inf
-3.605551242828369,inf
-3.605551242828369,inf
-3.605551242828369,inf
-3.605551242828369,inf
-3.605551242828369,inf
-3.605551242828369,inf
-3.605551242828369,inf
-3.605551242828369,inf
-3.605551242828369,inf
-3.605551242828369,inf
-3.605551242828369,inf
-3.605551242828369,inf
-3.605551242828369,inf
-3.605551242828369,inf
-3.605551242828369,inf
-3.605551242828369,inf
-3.605551242828369,inf
-3.605551242828369,inf
-3.605551242828369,inf
-3.605551242828369,inf
-3.605551242828369,inf
-3.605551242828369,inf
-3.605551242828369,inf
-3.605551242828369,inf
-3.605551242828369,inf
-3.605551242828369,inf
-3.605551242828369,inf
-3.605551242828369,inf
-3.605551242828369,inf
-3.605551242828369,inf
-3.605551242828369,inf
-3.605551242828369,inf
-3.605551242828369,-3.464101552963257
-3.605551242828369,-3.464101552963257
-3.605551242828369,-3.316624879837036
-3.605551242828369,-3.316624879837036
-3.605551242828369,-3.316624879837036
-3.605551242828369,-3.316624879837036
-3.605551242828369,-3.316624879837036
-3.605551242828369,-3.316624879837036
-3.605551242828369,-3.316624879837036
-3.605551242828369,-3.316624879837036
-3.605551242828369,-3.316624879837036
-3.605551242828369,-3.316624879837036
-3.605551242828369,-3.316624879837036
-3.605551242828369,-3.316624879837036
-3.605551242828369,-3.316624879837036
-3.605551242828369,-3.316624879837036
-3.605551242828369,-3.316624879837036
-3.605551242828369,-3.316624879837036
-3.605551242828369,-3.316624879837036
-3.605551242828369,-3.316624879837036
-3.605551242828369,-3.316624879837036
-3.605551242828369,-3.1622776985168457
-3.605551242828369,-3.1622776985168457
-3.605551242828369,-3.1622776985168457
-3.605551242828369,-3.1622776985168457
-3.605551242828369,-3.1622776985168457
-3.605551242828369,-3.1622776985168457
-3.605551242828369,-3.1622776985168457
-3.605551242828369,-3.1622776985168457
-3.605551242828369,-3.1622776985168457
-3.605551242828369,-3.1622776985168457
-3.605551242828369,-3.1622776985168457
-3.605551242828369,-3
-3.605551242828369,-3
-3.605551242828369,-3
-3.605551242828369,-3
-3.605551242828369,-3
-3.605551242828369,-3
-3.605551242828369,-3
-3.605551242828369,-3
-3.605551242828369,-3
-3.605551242828369,-3
-3.605551242828369,-3
-3.605551242828369,-3
-3.605551242828369,-3
-3.605551242828369,-3
-3.605551242828369,-2.8284270763397217
-3.605551242828369,-2.8284270763397217
-3.605551242828369,-2.8284270763397217
-3.605551242828369,-2.8284270763397217
-3.605551242828369,-2.8284270763397217
-3.605551242828369,-2.8284270763397217
-3.605551242828369,-2.8284270763397217
-3.605551242828369,-2.8284270763397217
-3.605551242828369,-2.8284270763397217
-3.605551242828369,-2.8284270763397217
-3.605551242828369,-2.8284270763397217
-3.605551242828369,-2.8284270763397217
-3.605551242828369,-2.4494898319244385
-3.605551242828369,-2.4494898319244385
-3.605551242828369,-2.4494898319244385
-3.605551242828369,-2.4494898319244385
-3.605551242828369,-2.4494898319244385
-3.605551242828369,-2.4494898319244385
-3.605551242828369,-2.4494898319244385
-3.605551242828369,-2.4494898319244385
-3.605551242828369,-2.2360680103302
-3.605551242828369,-2.2360680103302
-3.605551242828369,-2.2360680103302
-3.605551242828369,-2.2360680103302
-3.605551242828369,-2.2360680103302
-3.605551242828369,-2.2360680103302
-3.605551242828369,-2.2360680103302
-3.605551242828369,-2.2360680103302
-3.605551242828369,-2.2360680103302
-3.605551242828369,-2.2360680103302
-3.605551242828369,-2.2360680103302
-3.605551242828369,-2.2360680103302
-3.605551242828369,-2.2360680103302
-3.605551242828369,-2
-3.605551242828369,-2
-3.605551242828369,-2
-3.605551242828369,-2
-3.605551242828369,-2
-3.605551242828369,-1.7320507764816284
-3.605551242828369,-1.7320507764816284
-3.605551242828369,-1.4142135381698608
-3.605551242828369,-1.4142135381698608
-3.605551242828369,-1.4142135381698608
-3.605551242828369,-1.4142135381698608
-3.605551242828369,-1.4142135381698608
-3.605551242828369,-1.4142135381698608
-3.605551242828369,-1.4142135381698608
-3.605551242828369,-1.4142135381698608
-3.605551242828369,-1.4142135381698608
-3.605551242828369,-1.4142135381698608
-3.605551242828369,-1.4142135381698608
-3.605551242828369,-1.4142135381698608
-3.605551242828369,-1.4142135381698608
-3.605551242828369,-1
-3.605551242828369,-1
-3.605551242828369,-1
-3.605551242828369,-1
-3.605551242828369,-1
-3.605551242828369,-1
-3.605551242828369,-1
-3.605551242828369,-1
-3.605551242828369,-1
-3.605551242828369,-1
-3.605551242828369,-1
-3.605551242828369,-1
-3.605551242828369,-1
-3.605551242828369,-1
-3.605551242828369,-1
-3.605551242828369,-1
-3.605551242828369,-1
-3.605551242828369,-1
-3.605551242828369,-1
-3.605551242828369,-1
-3.605551242828369,-1
-3.605551242828369,-1
-3.605551242828369,-1
-3.605551242828369,-1
-3.605551242828369,-1
-3.605551242828369,1
-3.605551242828369,1
-3.605551242828369,1
-3.605551242828369,1
-3.605551242828369,1
-3.605551242828369,1
-3.605551242828369,1
-3.605551242828369,1
-3.605551242828369,1
-3.605551242828369,1
-3.605551242828369,1
-3.605551242828369,1
-3.605551242828369,1
-3.605551242828369,1
-3.605551242828369,1
-3.605551242828369,1
-3.605551242828369,1
-3.605551242828369,1
-3.605551242828369,1.4142135381698608
-3.605551242828369,1.4142135381698608
-3.605551242828369,1.4142135381698608
-3.605551242828369,1.4142135381698608
-3.605551242828369,1.4142135381698608
-3.605551242828369,1.4142135381698608
-3.605551242828369,1.7320507764816284
-3.605551242828369,1.7320507764816284
-3.605551242828369,2
-3.605551242828369,2
-3.605551242828369,2
-3.605551242828369,2
-3.605551242828369,2
-3.605551242828369,2
-3.605551242828369,2
-3.605551242828369,2.2360680103302
-3.605551242828369,2.2360680103302
-3.605551242828369,2.2360680103302
-3.605551242828369,2.2360680103302
-3.605551242828369,2.2360680103302
-3.605551242828369,2.2360680103302
-3.605551242828369,2.2360680103302
-3.605551242828369,2.2360680103302
-3.605551242828369,2.2360680103302
-3.605551242828369,2.2360680103302
-3.605551242828369,2.2360680103302
-3.605551242828369,2.2360680103302
-3.605551242828369,2.2360680103302
-3.605551242828369,2.4494898319244385
-3.605551242828369,2.4494898319244385
-3.605551242828369,2.4494898319244385
-3.605551242828369,2.4494898319244385
-3.605551242828369,2.4494898319244385
-3.605551242828369,2.4494898319244385
-3.605551242828369,2.4494898319244385
-3.605551242828369,2.4494898319244385
-3.605551242828369,2.4494898319244385
-3.605551242828369,2.4494898319244385
-3.605551242828369,2.8284270763397217
-3.605551242828369,2.8284270763397217
-3.605551242828369,2.8284270763397217
-3.605551242828369,2.8284270763397217
-3.605551242828369,2.8284270763397217
-3.605551242828369,2.8284270763397217
-3.605551242828369,2.8284270763397217
-3.605551242828369,3
-3.605551242828369,3
-3.605551242828369,3
-3.605551242828369,3
-3.605551242828369,3
-3.605551242828369,3.1622776985168457
-3.605551242828369,3.1622776985168457
-3.605551242828369,3.1622776985168457
-3.605551242828369,3.1622776985168457
-3.605551242828369,3.1622776985168457
-3.605551242828369,3.1622776985168457
-3.605551242828369,3.1622776985168457
-3.605551242828369,3.316624879837036
-3.605551242828369,3.316624879837036
-3.605551242828369,3.464101552963257
-3.605551242828369,3.464101552963257
-3.605551242828369,3.605551242828369
-3.605551242828369,3.605551242828369
-3.605551242828369,3.605551242828369
-3.605551242828369,3.605551242828369
-3.605551242828369,3.7416574954986572
-3.605551242828369,3.7416574954986572
-3.605551242828369,3.7416574954986572
-3.605551242828369,3.7416574954986572
-3.605551242828369,3.7416574954986572
-3.605551242828369,3.7416574954986572
-3.605551242828369,4
-3.605551242828369,4
-3.605551242828369,4
-3.605551242828369,4
-3.605551242828369,4.123105525970459
-3.605551242828369,4.123105525970459
-3.605551242828369,4.123105525970459
-3.605551242828369,4.123105525970459
-3.605551242828369,4.123105525970459
-3.605551242828369,4.123105525970459
-3.605551242828369,4.123105525970459
-3.605551242828369,4.123105525970459
-3.605551242828369,4.123105525970459
-3.605551242828369,4.242640495300293
-3.605551242828369,4.242640495300293
-3.605551242828369,4.358899116516113
-3.605551242828369,4.358899116516113
-3.605551242828369,4.582575798034668
-3.605551242828369,4.582575798034668
-3.605551242828369,4.582575798034668
-3.605551242828369,4.690415859222412
-3.605551242828369,4.690415859222412
-3.605551242828369,4.898979663848877
-3.605551242828369,4.898979663848877
-3.605551242828369,5
-3.605551242828369,5
-3.605551242828369,5
-3.605551242828369,5
-3.605551242828369,5.099019527435303
-3.605551242828369,5.099019527435303
-3.605551242828369,5.099019527435303
-3.605551242828369,5.196152210235596
-3.605551242828369,5.196152210235596
-3.605551242828369,5.196152210235596
-3.605551242828369,5.196152210235596
-3.605551242828369,5.385164737701416
-3.605551242828369,5.385164737701416
-3.605551242828369,5.385164737701416
-3.605551242828369,5.4772257804870605
-3.605551242828369,5.4772257804870605
-3.605551242828369,5.74456262588501
-3.605551242828369,5.74456262588501
-3.605551242828369,5.74456262588501
-3.605551242828369,5.74456262588501
-3.605551242828369,5.74456262588501
-3.605551242828369,5.830951690673828
-3.605551242828369,5.830951690673828
-3.605551242828369,5.830951690673828
-3.605551242828369,5.916079998016357
-3.605551242828369,5.916079998016357
-3.605551242828369,5.916079998016357
-3.605551242828369,5.916079998016357
-3.605551242828369,6
-3.605551242828369,6
-3.605551242828369,6
-3.605551242828369,6
-3.605551242828369,6
-3.605551242828369,6.082762718200684
-3.605551242828369,6.082762718200684
-3.605551242828369,6.082762718200684
-3.605551242828369,6.164413928985596
-3.605551242828369,6.164413928985596
-3.605551242828369,6.164413928985596
-3.605551242828369,6.324555397033691
-3.605551242828369,6.324555397033691
-3.605551242828369,6.4031243324279785
-3.605551242828369,6.4031243324279785
-3.605551242828369,6.480740547180176
-3.605551242828369,6.557438373565674
-3.605551242828369,6.557438373565674
-3.605551242828369,6.633249759674072
-3.605551242828369,6.633249759674072
-3.605551242828369,6.7082037925720215
-3.605551242828369,6.7082037925720215
-3.605551242828369,6.928203105926514
-3.605551242828369,6.928203105926514
-3.605551242828369,7
-3.605551242828369,7
-3.605551242828369,7
-3.605551242828369,7
-3.605551242828369,7
-3.605551242828369,7.071067810058594
-3.605551242828369,7.071067810058594
-3.605551242828369,7.071067810058594
-3.605551242828369,7.071067810058594
-3.605551242828369,7.141428470611572
-3.605551242828369,7.141428470611572
-3.605551242828369,7.211102485656738
-3.605551242828369,7.211102485656738
-3.605551242828369,7.280109882354736
-3.605551242828369,7.280109882354736
-3.605551242828369,7.348469257354736
-3.605551242828369,7.348469257354736
-3.605551242828369,7.348469257354736
-3.605551242828369,7.4833149909973145
-3.605551242828369,7.4833149909973145
-3.605551242828369,7.549834251403809
-3.605551242828369,7.549834251403809
-3.605551242828369,7.549834251403809
-3.605551242828369,7.549834251403809
-3.605551242828369,7.6157732009887695
-3.605551242828369,7.6157732009887695
-3.605551242828369,7.6157732009887695
-3.605551242828369,7.6157732009887695
-3.605551242828369,7.6157732009887695
-3.605551242828369,7.681145668029785
-3.605551242828369,7.681145668029785
-3.605551242828369,7.681145668029785
-3.605551242828369,7.681145668029785
-3.605551242828369,7.681145668029785
-3.605551242828369,7.681145668029785
-3.605551242828369,7.8102498054504395
-3.605551242828369,7.874007701873779
-3.605551242828369,7.874007701873779
-3.605551242828369,8
-3.605551242828369,8.062257766723633
-3.605551242828369,8.062257766723633
-3.605551242828369,8.062257766723633
-3.605551242828369,8.062257766723633
-3.605551242828369,8.062257766723633
-3.605551242828369,8.062257766723633
-3.605551242828369,8.124038696289063
-3.605551242828369,8.124038696289063
-3.605551242828369,8.124038696289063
-3.605551242828369,8.124038696289063
-3.605551242828369,8.185352325439453
-3.605551242828369,8.185352325439453
-3.605551242828369,8.185352325439453
-3.605551242828369,8.246211051940918
-3.605551242828369,8.306623458862305
-3.605551242828369,8.306623458862305
-3.605551242828369,8.306623458862305
-3.605551242828369,8.485280990600586
-3.605551242828369,8.485280990600586
-3.605551242828369,8.485280990600586
-3.605551242828369,8.5440034866333
-3.605551242828369,8.602325439453125
-3.605551242828369,8.602325439453125
-3.605551242828369,8.602325439453125
-3.605551242828369,8.602325439453125
-3.605551242828369,8.602325439453125
-3.605551242828369,8.66025447845459
-3.605551242828369,8.717798233032227
-3.605551242828369,8.774964332580566
-3.605551242828369,8.774964332580566
-3.605551242828369,8.83176040649414
-3.605551242828369,8.83176040649414
-3.605551242828369,8.83176040649414
-3.605551242828369,8.9442720413208
-3.605551242828369,8.9442720413208
-3.605551242828369,8.9442720413208
-3.605551242828369,9
-3.605551242828369,9
-3.605551242828369,9
-3.605551242828369,9
-3.605551242828369,9.05538558959961
-3.605551242828369,9.05538558959961
-3.605551242828369,9.05538558959961
-3.605551242828369,9.165151596069336
-3.605551242828369,9.165151596069336
-3.605551242828369,9.219544410705566
-3.605551242828369,9.219544410705566
-3.605551242828369,9.219544410705566
-3.605551242828369,9.219544410705566
-3.605551242828369,9.219544410705566
-3.605551242828369,9.380831718444824
-3.605551242828369,9.380831718444824
-3.605551242828369,9.380831718444824
-3.605551242828369,9.433980941772461
-3.605551242828369,9.433980941772461
-3.605551242828369,9.433980941772461
-3.605551242828369,9.486832618713379
-3.605551242828369,9.486832618713379
-3.605551242828369,9.539392471313477
-3.605551242828369,9.643651008605957
-3.605551242828369,9.69536018371582
-3.605551242828369,9.69536018371582
-3.605551242828369,9.69536018371582
-3.605551242828369,9.69536018371582
-3.605551242828369,9.848857879638672
-3.605551242828369,9.899495124816895
-3.605551242828369,9.899495124816895
-3.605551242828369,9.899495124816895
-3.605551242828369,9.899495124816895
-3.605551242828369,9.899495124816895
-3.605551242828369,9.899495124816895
-3.605551242828369,9.949873924255371
-3.605551242828369,9.949873924255371
-3.605551242828369,9.949873924255371
-3.605551242828369,10
-3.605551242828369,10
-3.605551242828369,10.049875259399414
-3.605551242828369,10.049875259399414
-3.605551242828369,10.049875259399414
-3.605551242828369,10.099504470825195
-3.605551242828369,10.099504470825195
-3.605551242828369,10.198039054870605
-3.605551242828369,10.198039054870605
-3.605551242828369,10.198039054870605
-3.605551242828369,10.198039054870605
-3.605551242828369,10.24695110321045
-3.605551242828369,10.29563045501709
-3.605551242828369,10.29563045501709
-3.605551242828369,10.344079971313477
-3.605551242828369,10.344079971313477
-3.605551242828369,10.392304420471191
-3.605551242828369,10.440306663513184
-3.605551242828369,10.440306663513184
-3.605551242828369,10.488088607788086
-3.605551242828369,10.488088607788086
-3.605551242828369,10.630146026611328
-3.605551242828369,10.677078247070313
-3.605551242828369,10.677078247070313
-3.605551242828369,10.770329475402832
-3.605551242828369,10.770329475402832
-3.605551242828369,10.770329475402832
-3.605551242828369,10.816654205322266
-3.605551242828369,10.816654205322266
-3.605551242828369,10.816654205322266
-3.605551242828369,10.862780570983887
-3.605551242828369,10.862780570983887
-3.605551242828369,10.862780570983887
-3.605551242828369,10.954451560974121
-3.605551242828369,11.045360565185547
-3.605551242828369,11.090536117553711
-3.605551242828369,11.180339813232422
-3.605551242828369,11.224971771240234
-3.605551242828369,11.224971771240234
-3.605551242828369,11.357816696166992
-3.605551242828369,11.357816696166992
-3.605551242828369,11.357816696166992
-3.605551242828369,11.401754379272461
-3.605551242828369,11.445523262023926
-3.605551242828369,11.445523262023926
-3.605551242828369,11.445523262023926
-3.605551242828369,11.48912525177002
-3.605551242828369,11.661903381347656
-3.605551242828369,12.041594505310059
-3.605551242828369,12.041594505310059
-3.605551242828369,12.083045959472656
-3.605551242828369,12.083045959472656
-3.605551242828369,12.206555366516113
-3.605551242828369,12.247448921203613
-3.605551242828369,12.328827857971191
-3.605551242828369,12.409673690795898
-3.605551242828369,12.569805145263672
-3.605551242828369,12.727922439575195
-3.605551242828369,12.806248664855957
-3.605551242828369,12.806248664855957
-3.605551242828369,12.961481094360352
-3.605551242828369,13
-3.605551242828369,13.03840446472168
-3.605551242828369,13.266499519348145
-3.605551242828369,13.45362377166748
-3.605551242828369,13.638181686401367
-3.605551242828369,13.892443656921387
-3.605551242828369,14.352700233459473
-3.605551242828369,14.352700233459473
-3.605551242828369,14.491376876831055
-3.605551242828369,14.73091983795166
-3.605551242828369,14.73091983795166
-3.605551242828369,14.764822959899902
-3.605551242828369,14.866068840026855
-3.605551242828369,15
-3.605551242828369,15.524174690246582
-3.605551242828369,16.093477249145508
-3.605551242828369,16.248077392578125
-3.605551242828369,16.309507369995117
-3.605551242828369,16.401220321655273
-3.605551242828369,16.431676864624023
-3.605551242828369,16.733200073242188
-3.605551242828369,17.029386520385742
-3.605551242828369,17.804492950439453
-3.605551242828369,18.138357162475586
-3.605551242828369,22.847318649291992
-3.464101552963257,inf
-3.464101552963257,inf
-3.464101552963257,-3.316624879837036
-3.464101552963257,-3.316624879837036
-3.464101552963257,-3.1622776985168457
-3.464101552963257,-3
-3.464101552963257,-2.2360680103302
-3.464101552963257,1
-3.464101552963257,2
-3.464101552963257,3.605551242828369
-3.464101552963257,4
-3.464101552963257,4.242640495300293
-3.464101552963257,4.582575798034668
-3.464101552963257,5.385164737701416
-3.464101552963257,6.4031243324279785
-3.464101552963257,6.480740547180176
-3.464101552963257,6.7082037925720215
-3.464101552963257,6.78233003616333
-3.464101552963257,7.071067810058594
-3.464101552963257,7.8102498054504395
-3.464101552963257,8.124038696289063
-3.464101552963257,8.5440034866333
-3.464101552963257,8.66025447845459
-3.464101552963257,8.717798233032227
-3.464101552963257,8.717798233032227
-3.464101552963257,8.717798233032227
-3.464101552963257,8.717798233032227
-3.464101552963257,8.9442720413208
-3.464101552963257,9
-3.464101552963257,9.380831718444824
-3.464101552963257,9.949873924255371
-3.464101552963257,10
-3.464101552963257,10.198039054870605
-3.464101552963257,10.630146026611328
-3.464101552963257,13.747727394104004
-3.316624879837036,inf
-3.316624879837036,inf
-3.316624879837036,inf
-3.316624879837036,inf
-3.316624879837036,inf
-3.316624879837036,inf
-3.316624879837036,inf
-3.316624879837036,inf
-3.316624879837036,inf
-3.316624879837036,inf
-3.316624879837036,inf
-3.316624879837036,inf
-3.316624879837036,inf
-3.316624879837036,inf
-3.316624879837036,inf
-3.316624879837036,inf
-3.316624879837036,inf
-3.316624879837036,inf
-3.316624879837036,inf
-3.316624879837036,-3.1622776985168457
-3.316624879837036,-3.1622776985168457
-3.316624879837036,-3.1622776985168457
-3.316624879837036,-3
-3.316624879837036,-3
-3.316624879837036,-3
-3.316624879837036,-3
-3.316624879837036,-3
-3.316624879837036,-3
-3.316624879837036,-3
-3.316624879837036,-2.8284270763397217
-3.316624879837036,-2.8284270763397217
-3.316624879837036,-2.8284270763397217
-3.316624879837036,-2.4494898319244385
-3.316624879837036,-2.4494898319244385
-3.316624879837036,-2.4494898319244385
-3.316624879837036,-2.2360680103302
-3.316624879837036,-2.2360680103302
-3.316624879837036,-2
-3.316624879837036,-2
-3.316624879837036,-2
-3.316624879837036,-2
-3.316624879837036,-1.7320507764816284
-3.316624879837036,-1.7320507764816284
-3.316624879837036,-1.4142135381698608
-3.316624879837036,-1.4142135381698608
-3.316624879837036,-1.4142135381698608
-3.316624879837036,-1.4142135381698608
-3.316624879837036,-1.4142135381698608
-3.316624879837036,-1.4142135381698608
-3.316624879837036,-1.4142135381698608
-3.316624879837036,-1
-3.316624879837036,-1
-3.316624879837036,-1
-3.316624879837036,-1
-3.316624879837036,-1
-3.316624879837036,-1
-3.316624879837036,-1
-3.316624879837036,-1
-3.316624879837036,-1
-3.316624879837036,-1
-3.316624879837036,-1
-3.316624879837036,-1
-3.316624879837036,-1
-3.316624879837036,-1
-3.316624879837036,-1
-3.316624879837036,-1
-3.316624879837036,-1
-3.316624879837036,-1
-3.316624879837036,1
-3.316624879837036,1
-3.316624879837036,1
-3.316624879837036,1
-3.316624879837036,1
-3.316624879837036,1
-3.316624879837036,1
-3.316624879837036,1
-3.316624879837036,1.4142135381698608
-3.316624879837036,1.4142135381698608
-3.316624879837036,1.4142135381698608
-3.316624879837036,1.4142135381698608
-3.316624879837036,1.4142135381698608
-3.316624879837036,1.4142135381698608
-3.316624879837036,1.4142135381698608
-3.316624879837036,1.7320507764816284
-3.316624879837036,1.7320507764816284
-3.316624879837036,2
-3.316624879837036,2
-3.316624879837036,2
-3.316624879837036,2
-3.316624879837036,2
-3.316624879837036,2
-3.316624879837036,2
-3.316624879837036,2
-3.316624879837036,2
-3.316624879837036,2
-3.316624879837036,2.2360680103302
-3.316624879837036,2.2360680103302
-3.316624879837036,2.2360680103302
-3.316624879837036,2.2360680103302
-3.316624879837036,2.2360680103302
-3.316624879837036,2.2360680103302
-3.316624879837036,2.4494898319244385
-3.316624879837036,2.4494898319244385
-3.316624879837036,2.4494898319244385
-3.316624879837036,2.8284270763397217
-3.316624879837036,2.8284270763397217
-3.316624879837036,2.8284270763397217
-3.316624879837036,2.8284270763397217
-3.316624879837036,3
-3.316624879837036,3
-3.316624879837036,3
-3.316624879837036,3
-3.316624879837036,3
-3.316624879837036,3
-3.316624879837036,3
-3.316624879837036,3
-3.316624879837036,3
-3.316624879837036,3
-3.316624879837036,3.1622776985168457
-3.316624879837036,3.1622776985168457
-3.316624879837036,3.1622776985168457
-3.316624879837036,3.316624879837036
-3.316624879837036,3.316624879837036
-3.316624879837036,3.316624879837036
-3.316624879837036,3.464101552963257
-3.316624879837036,3.605551242828369
-3.316624879837036,3.605551242828369
-3.316624879837036,3.605551242828369
-3.316624879837036,3.605551242828369
-3.316624879837036,3.7416574954986572
-3.316624879837036,3.7416574954986572
-3.316624879837036,3.7416574954986572
-3.316624879837036,3.7416574954986572
-3.316624879837036,3.7416574954986572
-3.316624879837036,4
-3.316624879837036,4
-3.316624879837036,4.123105525970459
-3.316624879837036,4.123105525970459
-3.316624879837036,4.123105525970459
-3.316624879837036,4.123105525970459
-3.316624879837036,4.123105525970459
-3.316624879837036,4.242640495300293
-3.316624879837036,4.242640495300293
-3.316624879837036,4.242640495300293
-3.316624879837036,4.358899116516113
-3.316624879837036,4.4721360206604
-3.316624879837036,4.4721360206604
-3.316624879837036,4.4721360206604
-3.316624879837036,4.582575798034668
-3.316624879837036,4.582575798034668
-3.316624879837036,4.582575798034668
-3.316624879837036,4.582575798034668
-3.316624879837036,4.690415859222412
-3.316624879837036,4.898979663848877
-3.316624879837036,4.898979663848877
-3.316624879837036,4.898979663848877
-3.316624879837036,5
-3.316624879837036,5
-3.316624879837036,5
-3.316624879837036,5
-3.316624879837036,5
-3.316624879837036,5.099019527435303
-3.316624879837036,5.099019527435303
-3.316624879837036,5.099019527435303
-3.316624879837036,5.099019527435303
-3.316624879837036,5.099019527435303
-3.316624879837036,5.196152210235596
-3.316624879837036,5.385164737701416
-3.316624879837036,5.385164737701416
-3.316624879837036,5.4772257804870605
-3.316624879837036,5.74456262588501
-3.316624879837036,5.74456262588501
-3.316624879837036,5.74456262588501
-3.316624879837036,5.74456262588501
-3.316624879837036,5.830951690673828
-3.316624879837036,5.830951690673828
-3.316624879837036,5.830951690673828
-3.316624879837036,5.830951690673828
-3.316624879837036,5.916079998016357
-3.316624879837036,6
-3.316624879837036,6
-3.316624879837036,6.164413928985596
-3.316624879837036,6.164413928985596
-3.316624879837036,6.164413928985596
-3.316624879837036,6.164413928985596
-3.316624879837036,6.324555397033691
-3.316624879837036,6.324555397033691
-3.316624879837036,6.4031243324279785
-3.316624879837036,6.480740547180176
-3.316624879837036,6.480740547180176
-3.316624879837036,6.557438373565674
-3.316624879837036,6.7082037925720215
-3.316624879837036,6.7082037925720215
-3.316624879837036,6.78233003616333
-3.316624879837036,6.78233003616333
-3.316624879837036,6.78233003616333
-3.316624879837036,6.78233003616333
-3.316624879837036,6.78233003616333
-3.316624879837036,7
-3.316624879837036,7
-3.316624879837036,7
-3.316624879837036,7.071067810058594
-3.316624879837036,7.071067810058594
-3.316624879837036,7.071067810058594
-3.316624879837036,7.071067810058594
-3.316624879837036,7.071067810058594
-3.316624879837036,7.141428470611572
-3.316624879837036,7.141428470611572
-3.316624879837036,7.141428470611572
-3.316624879837036,7.211102485656738
-3.316624879837036,7.280109882354736
-3.316624879837036,7.280109882354736
-3.316624879837036,7.280109882354736
-3.316624879837036,7.280109882354736
-3.316624879837036,7.280109882354736
-3.316624879837036,7.348469257354736
-3.316624879837036,7.4833149909973145
-3.316624879837036,7.4833149909973145
-3.316624879837036,7.4833149909973145
-3.316624879837036,7.4833149909973145
-3.316624879837036,7.549834251403809
-3.316624879837036,7.549834251403809
-3.316624879837036,7.549834251403809
-3.316624879837036,7.681145668029785
-3.316624879837036,7.681145668029785
-3.316624879837036,7.681145668029785
-3.316624879837036,7.681145668029785
-3.316624879837036,7.681145668029785
-3.316624879837036,7.8102498054504395
-3.316624879837036,7.8102498054504395
-3.316624879837036,7.8102498054504395
-3.316624879837036,7.874007701873779
-3.316624879837036,7.874007701873779
-3.316624879837036,7.874007701873779
-3.316624879837036,7.874007701873779
-3.316624879837036,7.874007701873779
-3.316624879837036,8
-3.316624879837036,8.062257766723633
-3.316624879837036,8.062257766723633
-3.316624879837036,8.062257766723633
-3.316624879837036,8.124038696289063
-3.316624879837036,8.124038696289063
-3.316624879837036,8.124038696289063
-3.316624879837036,8.124038696289063
-3.316624879837036,8.124038696289063
-3.316624879837036,8.124038696289063
-3.316624879837036,8.185352325439453
-3.316624879837036,8.246211051940918
-3.316624879837036,8.246211051940918
-3.316624879837036,8.306623458862305
-3.316624879837036,8.366600036621094
-3.316624879837036,8.485280990600586
-3.316624879837036,8.602325439453125
-3.316624879837036,8.602325439453125
-3.316624879837036,8.602325439453125
-3.316624879837036,8.602325439453125
-3.316624879837036,8.717798233032227
-3.316624879837036,8.717798233032227
-3.316624879837036,8.774964332580566
-3.316624879837036,8.83176040649414
-3.316624879837036,9
-3.316624879837036,9
-3.316624879837036,9
-3.316624879837036,9
-3.316624879837036,9
-3.316624879837036,9.05538558959961
-3.316624879837036,9.219544410705566
-3.316624879837036,9.219544410705566
-3.316624879837036,9.219544410705566
-3.316624879837036,9.273618698120117
-3.316624879837036,9.380831718444824
-3.316624879837036,9.433980941772461
-3.316624879837036,9.486832618713379
-3.316624879837036,9.69536018371582
-3.316624879837036,9.69536018371582
-3.316624879837036,9.69536018371582
-3.316624879837036,9.797959327697754
-3.316624879837036,9.797959327697754
-3.316624879837036,9.848857879638672
-3.316624879837036,9.899495124816895
-3.316624879837036,9.899495124816895
-3.316624879837036,9.949873924255371
-3.316624879837036,10.049875259399414
-3.316624879837036,10.049875259399414
-3.316624879837036,10.049875259399414
-3.316624879837036,10.198039054870605
-3.316624879837036,10.24695110321045
-3.316624879837036,10.24695110321045
-3.316624879837036,10.29563045501709
-3.316624879837036,10.344079971313477
-3.316624879837036,10.488088607788086
-3.316624879837036,10.630146026611328
-3.316624879837036,10.630146026611328
-3.316624879837036,10.816654205322266
-3.316624879837036,10.862780570983887
-3.316624879837036,10.954451560974121
-3.316624879837036,11
-3.316624879837036,11
-3.316624879837036,11.045360565185547
-3.316624879837036,11.045360565185547
-3.316624879837036,11.224971771240234
-3.316624879837036,11.357816696166992
-3.316624879837036,11.357816696166992
-3.316624879837036,11.532562255859375
-3.316624879837036,11.575837135314941
-3.316624879837036,11.661903381347656
-3.316624879837036,11.747340202331543
-3.316624879837036,11.789826393127441
-3.316624879837036,12.083045959472656
-3.316624879837036,12.206555366516113
-3.316624879837036,12.206555366516113
-3.316624879837036,12.529964447021484
-3.316624879837036,12.569805145263672
-3.316624879837036,12.688577651977539
-3.316624879837036,12.688577651977539
-3.316624879837036,12.727922439575195
-3.316624879837036,12.961481094360352
-3.316624879837036,13
-3.316624879837036,13.152946472167969
-3.316624879837036,13.45362377166748
-3.316624879837036,14.798648834228516
-3.316624879837036,15.165750503540039
-3.316624879837036,15.620499610900879
-3.316624879837036,15.65247631072998
-3.316624879837036,15.81138801574707
-3.316624879837036,16.155494689941406
-3.316624879837036,16.34013557434082
-3.316624879837036,17.14642906188965
-3.316624879837036,17.916473388671875
-3.316624879837036,19.748416900634766
-3.316624879837036,20.46949005126953
-3.1622776985168457,inf
-3.1622776985168457,inf
-3.1622776985168457,inf
-3.1622776985168457,inf
-3.1622776985168457,inf
-3.1622776985168457,inf
-3.1622776985168457,inf
-3.1622776985168457,inf
-3.1622776985168457,inf
-3.1622776985168457,inf
-3.1622776985168457,inf
-3.1622776985168457,inf
-3.1622776985168457,inf
-3.1622776985168457,inf
-3.1622776985168457,inf
-3.1622776985168457,inf
-3.1622776985168457,inf
-3.1622776985168457,inf
-3.1622776985168457,inf
-3.1622776985168457,inf
-3.1622776985168457,inf
-3.1622776985168457,inf
-3.1622776985168457,inf
-3.1622776985168457,inf
-3.1622776985168457,inf
-3.1622776985168457,inf
-3.1622776985168457,inf
-3.1622776985168457,inf
-3.1622776985168457,inf
-3.1622776985168457,-3
-3.1622776985168457,-3
-3.1622776985168457,-3
-3.1622776985168457,-3
-3.1622776985168457,-3
-3.1622776985168457,-3
-3.1622776985168457,-3
-3.1622776985168457,-3
-3.1622776985168457,-3
-3.1622776985168457,-3
-3.1622776985168457,-3
-3.1622776985168457,-3
-3.1622776985168457,-3
-3.1622776985168457,-3
-3.1622776985168457,-3
-3.1622776985168457,-3
-3.1622776985168457,-3
-3.1622776985168457,-2.8284270763397217
-3.1622776985168457,-2.8284270763397217
-3.1622776985168457,-2.8284270763397217
-3.1622776985168457,-2.8284270763397217
-3.1622776985168457,-2.8284270763397217
-3.1622776985168457,-2.8284270763397217
-3.1622776985168457,-2.8284270763397217
-3.1622776985168457,-2.8284270763397217
-3.1622776985168457,-2.8284270763397217
-3.1622776985168457,-2.8284270763397217
-3.1622776985168457,-2.8284270763397217
-3.1622776985168457,-2.8284270763397217
-3.1622776985168457,-2.8284270763397217
-3.1622776985168457,-2.8284270763397217
-3.1622776985168457,-2.8284270763397217
-3.1622776985168457,-2.4494898319244385
-3.1622776985168457,-2.4494898319244385
-3.1622776985168457,-2.4494898319244385
-3.1622776985168457,-2.4494898319244385
-3.1622776985168457,-2.4494898319244385
-3.1622776985168457,-2.4494898319244385
-3.1622776985168457,-2.4494898319244385
-3.1622776985168457,-2.4494898319244385
-3.1622776985168457,-2.4494898319244385
-3.1622776985168457,-2.4494898319244385
-3.1622776985168457,-2.4494898319244385
-3.1622776985168457,-2.2360680103302
-3.1622776985168457,-2.2360680103302
-3.1622776985168457,-2.2360680103302
-3.1622776985168457,-2.2360680103302
-3.1622776985168457,-2.2360680103302
-3.1622776985168457,-2.2360680103302
-3.1622776985168457,-2.2360680103302
-3.1622776985168457,-2.2360680103302
-3.1622776985168457,-2
-3.1622776985168457,-2
-3.1622776985168457,-2
-3.1622776985168457,-2
-3.1622776985168457,-2
-3.1622776985168457,-2
-3.1622776985168457,-2
-3.1622776985168457,-2
-3.1622776985168457,-2
-3.1622776985168457,-1.7320507764816284
-3.1622776985168457,-1.7320507764816284
-3.1622776985168457,-1.7320507764816284
-3.1622776985168457,-1.7320507764816284
-3.1622776985168457,-1.7320507764816284
-3.1622776985168457,-1.7320507764816284
-3.1622776985168457,-1.4142135381698608
-3.1622776985168457,-1.4142135381698608
-3.1622776985168457,-1.4142135381698608
-3.1622776985168457,-1.4142135381698608
-3.1622776985168457,-1.4142135381698608
-3.1622776985168457,-1.4142135381698608
-3.1622776985168457,-1.4142135381698608
-3.1622776985168457,-1.4142135381698608
-3.1622776985168457,-1.4142135381698608
-3.1622776985168457,-1.4142135381698608
-3.1622776985168457,-1.4142135381698608
-3.1622776985168457,-1.4142135381698608
-3.1622776985168457,-1.4142135381698608
-3.1622776985168457,-1.4142135381698608
-3.1622776985168457,-1
-3.1622776985168457,-1
-3.1622776985168457,-1
-3.1622776985168457,-1
-3.1622776985168457,-1
-3.1622776985168457,-1
-3.1622776985168457,-1
-3.1622776985168457,-1
-3.1622776985168457,-1
-3.1622776985168457,-1
-3.1622776985168457,-1
-3.1622776985168457,-1
-3.1622776985168457,-1
-3.1622776985168457,-1
-3.1622776985168457,-1
-3.1622776985168457,-1
-3.1622776985168457,-1
-3.1622776985168457,-1
-3.1622776985168457,-1
-3.1622776985168457,-1
-3.1622776985168457,-1
-3.1622776985168457,-1
-3.1622776985168457,-1
-3.1622776985168457,-1
-3.1622776985168457,-1
-3.1622776985168457,1
-3.1622776985168457,1
-3.1622776985168457,1
-3.1622776985168457,1
-3.1622776985168457,1
-3.1622776985168457,1
-3.1622776985168457,1
-3.1622776985168457,1
-3.1622776985168457,1
-3.1622776985168457,1
-3.1622776985168457,1
-3.1622776985168457,1.4142135381698608
-3.1622776985168457,1.4142135381698608
-3.1622776985168457,1.4142135381698608
-3.1622776985168457,1.7320507764816284
-3.1622776985168457,1.7320507764816284
-3.1622776985168457,1.7320507764816284
-3.1622776985168457,1.7320507764816284
-3.1622776985168457,2
-3.1622776985168457,2
-3.1622776985168457,2
-3.1622776985168457,2
-3.1622776985168457,2.2360680103302
-3.1622776985168457,2.2360680103302
-3.1622776985168457,2.2360680103302
-3.1622776985168457,2.2360680103302
-3.1622776985168457,2.2360680103302
-3.1622776985168457,2.2360680103302
-3.1622776985168457,2.2360680103302
-3.1622776985168457,2.2360680103302
-3.1622776985168457,2.4494898319244385
-3.1622776985168457,2.4494898319244385
-3.1622776985168457,2.4494898319244385
-3.1622776985168457,2.4494898319244385
-3.1622776985168457,2.4494898319244385
-3.1622776985168457,2.4494898319244385
-3.1622776985168457,2.8284270763397217
-3.1622776985168457,2.8284270763397217
-3.1622776985168457,2.8284270763397217
-3.1622776985168457,2.8284270763397217
-3.1622776985168457,3
-3.1622776985168457,3
-3.1622776985168457,3
-3.1622776985168457,3
-3.1622776985168457,3
-3.1622776985168457,3.1622776985168457
-3.1622776985168457,3.1622776985168457
-3.1622776985168457,3.1622776985168457
-3.1622776985168457,3.316624879837036
-3.1622776985168457,3.316624879837036
-3.1622776985168457,3.316624879837036
-3.1622776985168457,3.316624879837036
-3.1622776985168457,3.464101552963257
-3.1622776985168457,3.605551242828369
-3.1622776985168457,3.7416574954986572
-3.1622776985168457,3.7416574954986572
-3.1622776985168457,3.7416574954986572
-3.1622776985168457,3.7416574954986572
-3.1622776985168457,3.7416574954986572
-3.1622776985168457,4
-3.1622776985168457,4
-3.1622776985168457,4
-3.1622776985168457,4.123105525970459
-3.1622776985168457,4.123105525970459
-3.1622776985168457,4.123105525970459
-3.1622776985168457,4.123105525970459
-3.1622776985168457,4.242640495300293
-3.1622776985168457,4.242640495300293
-3.1622776985168457,4.242640495300293
-3.1622776985168457,4.242640495300293
-3.1622776985168457,4.358899116516113
-3.1622776985168457,4.4721360206604
-3.1622776985168457,4.4721360206604
-3.1622776985168457,4.4721360206604
-3.1622776985168457,4.4721360206604
-3.1622776985168457,4.4721360206604
-3.1622776985168457,4.4721360206604
-3.1622776985168457,4.4721360206604
-3.1622776985168457,4.582575798034668
-3.1622776985168457,4.582575798034668
-3.1622776985168457,4.690415859222412
-3.1622776985168457,4.690415859222412
-3.1622776985168457,4.690415859222412
-3.1622776985168457,4.690415859222412
-3.1622776985168457,4.898979663848877
-3.1622776985168457,4.898979663848877
-3.1622776985168457,5
-3.1622776985168457,5
-3.1622776985168457,5
-3.1622776985168457,5.099019527435303
-3.1622776985168457,5.196152210235596
-3.1622776985168457,5.196152210235596
-3.1622776985168457,5.196152210235596
-3.1622776985168457,5.196152210235596
-3.1622776985168457,5.196152210235596
-3.1622776985168457,5.196152210235596
-3.1622776985168457,5.385164737701416
-3.1622776985168457,5.385164737701416
-3.1622776985168457,5.385164737701416
-3.1622776985168457,5.385164737701416
-3.1622776985168457,5.385164737701416
-3.1622776985168457,5.385164737701416
-3.1622776985168457,5.4772257804870605
-3.1622776985168457,5.4772257804870605
-3.1622776985168457,5.656854152679443
-3.1622776985168457,5.656854152679443
-3.1622776985168457,5.656854152679443
-3.1622776985168457,5.74456262588501
-3.1622776985168457,5.830951690673828
-3.1622776985168457,5.830951690673828
-3.1622776985168457,5.916079998016357
-3.1622776985168457,5.916079998016357
-3.1622776985168457,5.916079998016357
-3.1622776985168457,6
-3.1622776985168457,6
-3.1622776985168457,6
-3.1622776985168457,6
-3.1622776985168457,6.082762718200684
-3.1622776985168457,6.164413928985596
-3.1622776985168457,6.164413928985596
-3.1622776985168457,6.324555397033691
-3.1622776985168457,6.324555397033691
-3.1622776985168457,6.324555397033691
-3.1622776985168457,6.324555397033691
-3.1622776985168457,6.324555397033691
-3.1622776985168457,6.324555397033691
-3.1622776985168457,6.4031243324279785
-3.1622776985168457,6.4031243324279785
-3.1622776985168457,6.4031243324279785
-3.1622776985168457,6.4031243324279785
-3.1622776985168457,6.4031243324279785
-3.1622776985168457,6.480740547180176
-3.1622776985168457,6.557438373565674
-3.1622776985168457,6.557438373565674
-3.1622776985168457,6.557438373565674
-3.1622776985168457,6.557438373565674
-3.1622776985168457,6.557438373565674
-3.1622776985168457,6.633249759674072
-3.1622776985168457,6.633249759674072
-3.1622776985168457,6.7082037925720215
-3.1622776985168457,6.7082037925720215
-3.1622776985168457,6.7082037925720215
-3.1622776985168457,6.7082037925720215
-3.1622776985168457,6.7082037925720215
-3.1622776985168457,6.7082037925720215
-3.1622776985168457,6.7082037925720215
-3.1622776985168457,6.78233003616333
-3.1622776985168457,6.78233003616333
-3.1622776985168457,6.78233003616333
-3.1622776985168457,6.78233003616333
-3.1622776985168457,6.78233003616333
-3.1622776985168457,6.78233003616333
-3.1622776985168457,7
-3.1622776985168457,7
-3.1622776985168457,7
-3.1622776985168457,7.071067810058594
-3.1622776985168457,7.071067810058594
-3.1622776985168457,7.071067810058594
-3.1622776985168457,7.071067810058594
-3.1622776985168457,7.141428470611572
-3.1622776985168457,7.141428470611572
-3.1622776985168457,7.211102485656738
-3.1622776985168457,7.280109882354736
-3.1622776985168457,7.280109882354736
-3.1622776985168457,7.348469257354736
-3.1622776985168457,7.348469257354736
-3.1622776985168457,7.348469257354736
-3.1622776985168457,7.348469257354736
-3.1622776985168457,7.348469257354736
-3.1622776985168457,7.348469257354736
-3.1622776985168457,7.4833149909973145
-3.1622776985168457,7.549834251403809
-3.1622776985168457,7.549834251403809
-3.1622776985168457,7.549834251403809
-3.1622776985168457,7.6157732009887695
-3.1622776985168457,7.6157732009887695
-3.1622776985168457,7.6157732009887695
-3.1622776985168457,7.6157732009887695
-3.1622776985168457,7.681145668029785
-3.1622776985168457,7.681145668029785
-3.1622776985168457,7.681145668029785
-3.1622776985168457,7.681145668029785
-3.1622776985168457,7.8102498054504395
-3.1622776985168457,7.8102498054504395
-3.1622776985168457,7.8102498054504395
-3.1622776985168457,7.8102498054504395
-3.1622776985168457,7.8102498054504395
-3.1622776985168457,7.874007701873779
-3.1622776985168457,7.874007701873779
-3.1622776985168457,7.874007701873779
-3.1622776985168457,7.874007701873779
-3.1622776985168457,8.062257766723633
-3.1622776985168457,8.062257766723633
-3.1622776985168457,8.062257766723633
-3.1622776985168457,8.062257766723633
-3.1622776985168457,8.062257766723633
-3.1622776985168457,8.062257766723633
-3.1622776985168457,8.124038696289063
-3.1622776985168457,8.124038696289063
-3.1622776985168457,8.246211051940918
-3.1622776985168457,8.246211051940918
-3.1622776985168457,8.306623458862305
-3.1622776985168457,8.306623458862305
-3.1622776985168457,8.366600036621094
-3.1622776985168457,8.366600036621094
-3.1622776985168457,8.485280990600586
-3.1622776985168457,8.485280990600586
-3.1622776985168457,8.5440034866333
-3.1622776985168457,8.5440034866333
-3.1622776985168457,8.5440034866333
-3.1622776985168457,8.5440034866333
-3.1622776985168457,8.5440034866333
-3.1622776985168457,8.602325439453125
-3.1622776985168457,8.602325439453125
-3.1622776985168457,8.66025447845459
-3.1622776985168457,8.774964332580566
-3.1622776985168457,8.774964332580566
-3.1622776985168457,8.774964332580566
-3.1622776985168457,8.774964332580566
-3.1622776985168457,8.774964332580566
-3.1622776985168457,8.83176040649414
-3.1622776985168457,8.9442720413208
-3.1622776985168457,8.9442720413208
-3.1622776985168457,8.9442720413208
-3.1622776985168457,9
-3.1622776985168457,9
-3.1622776985168457,9
-3.1622776985168457,9
-3.1622776985168457,9.05538558959961
-3.1622776985168457,9.110433578491211
-3.1622776985168457,9.219544410705566
-3.1622776985168457,9.219544410705566
-3.1622776985168457,9.273618698120117
-3.1622776985168457,9.433980941772461
-3.1622776985168457,9.433980941772461
-3.1622776985168457,9.433980941772461
-3.1622776985168457,9.433980941772461
-3.1622776985168457,9.433980941772461
-3.1622776985168457,9.486832618713379
-3.1622776985168457,9.539392471313477
-3.1622776985168457,9.643651008605957
-3.1622776985168457,9.643651008605957
-3.1622776985168457,9.643651008605957
-3.1622776985168457,9.643651008605957
-3.1622776985168457,9.643651008605957
-3.1622776985168457,9.848857879638672
-3.1622776985168457,9.899495124816895
-3.1622776985168457,9.899495124816895
-3.1622776985168457,9.899495124816895
-3.1622776985168457,9.949873924255371
-3.1622776985168457,10
-3.1622776985168457,10.049875259399414
-3.1622776985168457,10.049875259399414
-3.1622776985168457,10.049875259399414
-3.1622776985168457,10.049875259399414
-3.1622776985168457,10.049875259399414
-3.1622776985168457,10.099504470825195
-3.1622776985168457,10.099504470825195
-3.1622776985168457,10.198039054870605
-3.1622776985168457,10.24695110321045
-3.1622776985168457,10.29563045501709
-3.1622776985168457,10.392304420471191
-3.1622776985168457,10.488088607788086
-3.1622776985168457,10.488088607788086
-3.1622776985168457,10.488088607788086
-3.1622776985168457,10.630146026611328
-3.1622776985168457,10.630146026611328
-3.1622776985168457,10.677078247070313
-3.1622776985168457,10.677078247070313
-3.1622776985168457,10.677078247070313
-3.1622776985168457,10.677078247070313
-3.1622776985168457,10.72380542755127
-3.1622776985168457,11
-3.1622776985168457,11
-3.1622776985168457,11.180339813232422
-3.1622776985168457,11.224971771240234
-3.1622776985168457,11.357816696166992
-3.1622776985168457,11.575837135314941
-3.1622776985168457,11.661903381347656
-3.1622776985168457,11.747340202331543
-3.1622776985168457,11.832159996032715
-3.1622776985168457,12.041594505310059
-3.1622776985168457,12.083045959472656
-3.1622776985168457,12.206555366516113
-3.1622776985168457,12.206555366516113
-3.1622776985168457,12.247448921203613
-3.1622776985168457,12.369317054748535
-3.1622776985168457,12.409673690795898
-3.1622776985168457,12.529964447021484
-3.1622776985168457,12.529964447021484
-3.1622776985168457,12.727922439575195
-3.1622776985168457,13.304134368896484
-3.1622776985168457,13.416407585144043
-3.1622776985168457,13.747727394104004
-3.1622776985168457,13.928388595581055
-3.1622776985168457,14
-3.1622776985168457,14.177447319030762
-3.1622776985168457,14.352700233459473
-3.1622776985168457,14.525838851928711
-3.1622776985168457,15.132745742797852
-3.1622776985168457,15.231546401977539
-3.1622776985168457,16.5227108001709
-3.1622776985168457,16.970561981201172
-3.1622776985168457,17.029386520385742
-3.1622776985168457,17.748239517211914
-3.1622776985168457,18.138357162475586
-3.1622776985168457,19.10497283935547
-3.1622776985168457,19.26136016845703
-3,inf
-3,inf
-3,inf
-3,inf
-3,inf
-3,inf
-3,inf
-3,inf
-3,inf
-3,inf
-3,inf
-3,inf
-3,inf
-3,inf
-3,inf
-3,inf
-3,inf
-3,inf
-3,inf
-3,inf
-3,inf
-3,inf
-3,inf
-3,inf
-3,inf
-3,inf
-3,inf
-3,inf
-3,inf
-3,inf
-3,inf
-3,inf
-3,inf
-3,inf
-3,inf
-3,inf
-3,inf
-3,inf
-3,inf
-3,inf
-3,inf
-3,inf
-3,inf
-3,inf
-3,inf
-3,inf
-3,inf
-3,inf
-3,inf
-3,inf
-3,inf
-3,inf
-3,-2.8284270763397217
-3,-2.8284270763397217
-3,-2.8284270763397217
-3,-2.8284270763397217
-3,-2.8284270763397217
-3,-2.8284270763397217
-3,-2.8284270763397217
-3,-2.8284270763397217
-3,-2.8284270763397217
-3,-2.8284270763397217
-3,-2.8284270763397217
-3,-2.4494898319244385
-3,-2.4494898319244385
-3,-2.4494898319244385
-3,-2.4494898319244385
-3,-2.4494898319244385
-3,-2.4494898319244385
-3,-2.4494898319244385
-3,-2.4494898319244385
-3,-2.4494898319244385
-3,-2.4494898319244385
-3,-2.4494898319244385
-3,-2.4494898319244385
-3,-2.4494898319244385
-3,-2.4494898319244385
-3,-2.4494898319244385
-3,-2.4494898319244385
-3,-2.4494898319244385
-3,-2.4494898319244385
-3,-2.4494898319244385
-3,-2.2360680103302
-3,-2.2360680103302
-3,-2.2360680103302
-3,-2.2360680103302
-3,-2.2360680103302
-3,-2.2360680103302
-3,-2.2360680103302
-3,-2.2360680103302
-3,-2.2360680103302
-3,-2.2360680103302
-3,-2.2360680103302
-3,-2.2360680103302
-3,-2.2360680103302
-3,-2.2360680103302
-3,-2.2360680103302
-3,-2.2360680103302
-3,-2.2360680103302
-3,-2.2360680103302
-3,-2.2360680103302
-3,-2.2360680103302
-3,-2.2360680103302
-3,-2.2360680103302
-3,-2.2360680103302
-3,-2.2360680103302
-3,-2.2360680103302
-3,-2
-3,-2
-3,-2
-3,-2
-3,-2
-3,-2
-3,-2
-3,-2
-3,-2
-3,-2
-3,-2
-3,-2
-3,-2
-3,-2
-3,-2
-3,-2
-3,-2
-3,-1.7320507764816284
-3,-1.7320507764816284
-3,-1.7320507764816284
-3,-1.7320507764816284
-3,-1.7320507764816284
-3,-1.7320507764816284
-3,-1.7320507764816284
-3,-1.4142135381698608
-3,-1.4142135381698608
-3,-1.4142135381698608
-3,-1.4142135381698608
-3,-1.4142135381698608
-3,-1.4142135381698608
-3,-1.4142135381698608
-3,-1.4142135381698608
-3,-1.4142135381698608
-3,-1.4142135381698608
-3,-1.4142135381698608
-3,-1.4142135381698608
-3,-1.4142135381698608
-3,-1.4142135381698608
-3,-1.4142135381698608
-3,-1.4142135381698608
-3,-1.4142135381698608
-3,-1.4142135381698608
-3,-1.4142135381698608
-3,-1.4142135381698608
-3,-1
-3,-1
-3,-1
-3,-1
-3,-1
-3,-1
-3,-1
-3,-1
-3,-1
-3,-1
-3,-1
-3,-1
-3,-1
-3,-1
-3,-1
-3,-1
-3,-1
-3,-1
-3,-1
-3,-1
-3,-1
-3,-1
-3,-1
-3,-1
-3,-1
-3,-1
-3,-1
-3,-1
-3,-1
-3,-1
-3,-1
-3,-1
-3,-1
-3,-1
-3,-1
-3,-1
-3,-1
-3,-1
-3,-1
-3,1
-3,1
-3,1
-3,1
-3,1
-3,1
-3,1
-3,1
-3,1
-3,1
-3,1
-3,1
-3,1
-3,1
-3,1
-3,1
-3,1
-3,1
-3,1
-3,1
-3,1
-3,1
-3,1
-3,1
-3,1
-3,1
-3,1
-3,1
-3,1
-3,1
-3,1
-3,1
-3,1
-3,1
-3,1.4142135381698608
-3,1.4142135381698608
-3,1.4142135381698608
-3,1.4142135381698608
-3,1.4142135381698608
-3,1.4142135381698608
-3,1.4142135381698608
-3,1.4142135381698608
-3,1.4142135381698608
-3,1.4142135381698608
-3,1.4142135381698608
-3,1.7320507764816284
-3,1.7320507764816284
-3,1.7320507764816284
-3,1.7320507764816284
-3,2
-3,2
-3,2
-3,2
-3,2
-3,2
-3,2
-3,2
-3,2
-3,2.2360680103302
-3,2.2360680103302
-3,2.2360680103302
-3,2.2360680103302
-3,2.2360680103302
-3,2.2360680103302
-3,2.2360680103302
-3,2.2360680103302
-3,2.2360680103302
-3,2.2360680103302
-3,2.2360680103302
-3,2.2360680103302
-3,2.2360680103302
-3,2.2360680103302
-3,2.2360680103302
-3,2.2360680103302
-3,2.2360680103302
-3,2.2360680103302
-3,2.2360680103302
-3,2.2360680103302
-3,2.2360680103302
-3,2.2360680103302
-3,2.2360680103302
-3,2.2360680103302
-3,2.2360680103302
-3,2.2360680103302
-3,2.2360680103302
-3,2.2360680103302
-3,2.2360680103302
-3,2.4494898319244385
-3,2.4494898319244385
-3,2.4494898319244385
-3,2.4494898319244385
-3,2.4494898319244385
-3,2.4494898319244385
-3,2.4494898319244385
-3,2.8284270763397217
-3,2.8284270763397217
-3,2.8284270763397217
-3,2.8284270763397217
-3,2.8284270763397217
-3,2.8284270763397217
-3,2.8284270763397217
-3,2.8284270763397217
-3,2.8284270763397217
-3,2.8284270763397217
-3,2.8284270763397217
-3,2.8284270763397217
-3,3
-3,3
-3,3
-3,3
-3,3
-3,3
-3,3
-3,3
-3,3
-3,3
-3,3
-3,3
-3,3
-3,3
-3,3
-3,3.1622776985168457
-3,3.1622776985168457
-3,3.316624879837036
-3,3.316624879837036
-3,3.316624879837036
-3,3.464101552963257
-3,3.464101552963257
-3,3.464101552963257
-3,3.464101552963257
-3,3.464101552963257
-3,3.605551242828369
-3,3.605551242828369
-3,3.605551242828369
-3,3.605551242828369
-3,3.605551242828369
-3,3.605551242828369
-3,3.605551242828369
-3,3.605551242828369
-3,3.605551242828369
-3,3.605551242828369
-3,3.7416574954986572
-3,3.7416574954986572
-3,3.7416574954986572
-3,3.7416574954986572
-3,3.7416574954986572
-3,3.7416574954986572
-3,4
-3,4
-3,4
-3,4.123105525970459
-3,4.123105525970459
-3,4.123105525970459
-3,4.123105525970459
-3,4.123105525970459
-3,4.123105525970459
-3,4.123105525970459
-3,4.123105525970459
-3,4.123105525970459
-3,4.123105525970459
-3,4.123105525970459
-3,4.123105525970459
-3,4.242640495300293
-3,4.242640495300293
-3,4.242640495300293
-3,4.242640495300293
-3,4.242640495300293
-3,4.358899116516113
-3,4.358899116516113
-3,4.358899116516113
-3,4.358899116516113
-3,4.4721360206604
-3,4.4721360206604
-3,4.4721360206604
-3,4.4721360206604
-3,4.4721360206604
-3,4.4721360206604
-3,4.582575798034668
-3,4.582575798034668
-3,4.582575798034668
-3,4.582575798034668
-3,4.690415859222412
-3,4.690415859222412
-3,4.690415859222412
-3,4.690415859222412
-3,4.898979663848877
-3,4.898979663848877
-3,4.898979663848877
-3,4.898979663848877
-3,5
-3,5
-3,5
-3,5
-3,5
-3,5
-3,5
-3,5
-3,5
-3,5
-3,5
-3,5.099019527435303
-3,5.099019527435303
-3,5.099019527435303
-3,5.099019527435303
-3,5.099019527435303
-3,5.196152210235596
-3,5.196152210235596
-3,5.196152210235596
-3,5.385164737701416
-3,5.385164737701416
-3,5.4772257804870605
-3,5.4772257804870605
-3,5.4772257804870605
-3,5.656854152679443
-3,5.656854152679443
-3,5.74456262588501
-3,5.74456262588501
-3,5.74456262588501
-3,5.74456262588501
-3,5.74456262588501
-3,5.74456262588501
-3,5.74456262588501
-3,5.74456262588501
-3,5.830951690673828
-3,5.830951690673828
-3,5.830951690673828
-3,5.830951690673828
-3,5.916079998016357
-3,5.916079998016357
-3,5.916079998016357
-3,5.916079998016357
-3,6
-3,6
-3,6
-3,6.082762718200684
-3,6.082762718200684
-3,6.082762718200684
-3,6.164413928985596
-3,6.164413928985596
-3,6.164413928985596
-3,6.164413928985596
-3,6.164413928985596
-3,6.324555397033691
-3,6.324555397033691
-3,6.324555397033691
-3,6.324555397033691
-3,6.324555397033691
-3,6.4031243324279785
-3,6.4031243324279785
-3,6.4031243324279785
-3,6.4031243324279785
-3,6.4031243324279785
-3,6.4031243324279785
-3,6.4031243324279785
-3,6.4031243324279785
-3,6.4031243324279785
-3,6.4031243324279785
-3,6.4031243324279785
-3,6.4031243324279785
-3,6.4031243324279785
-3,6.480740547180176
-3,6.480740547180176
-3,6.480740547180176
-3,6.557438373565674
-3,6.557438373565674
-3,6.557438373565674
-3,6.557438373565674
-3,6.557438373565674
-3,6.557438373565674
-3,6.633249759674072
-3,6.633249759674072
-3,6.7082037925720215
-3,6.7082037925720215
-3,6.7082037925720215
-3,6.7082037925720215
-3,6.7082037925720215
-3,6.7082037925720215
-3,6.7082037925720215
-3,6.7082037925720215
-3,6.78233003616333
-3,6.78233003616333
-3,6.78233003616333
-3,6.78233003616333
-3,6.78233003616333
-3,6.928203105926514
-3,7
-3,7
-3,7
-3,7
-3,7
-3,7
-3,7
-3,7.071067810058594
-3,7.071067810058594
-3,7.071067810058594
-3,7.071067810058594
-3,7.071067810058594
-3,7.071067810058594
-3,7.071067810058594
-3,7.071067810058594
-3,7.071067810058594
-3,7.071067810058594
-3,7.071067810058594
-3,7.071067810058594
-3,7.141428470611572
-3,7.141428470611572
-3,7.141428470611572
-3,7.141428470611572
-3,7.141428470611572
-3,7.211102485656738
-3,7.211102485656738
-3,7.280109882354736
-3,7.280109882354736
-3,7.280109882354736
-3,7.280109882354736
-3,7.348469257354736
-3,7.348469257354736
-3,7.348469257354736
-3,7.348469257354736
-3,7.348469257354736
-3,7.348469257354736
-3,7.348469257354736
-3,7.348469257354736
-3,7.4833149909973145
-3,7.4833149909973145
-3,7.549834251403809
-3,7.549834251403809
-3,7.549834251403809
-3,7.549834251403809
-3,7.6157732009887695
-3,7.681145668029785
-3,7.681145668029785
-3,7.681145668029785
-3,7.681145668029785
-3,7.8102498054504395
-3,7.8102498054504395
-3,7.8102498054504395
-3,7.8102498054504395
-3,7.8102498054504395
-3,7.8102498054504395
-3,7.8102498054504395
-3,7.874007701873779
-3,7.874007701873779
-3,7.874007701873779
-3,7.874007701873779
-3,7.874007701873779
-3,7.874007701873779
-3,7.874007701873779
-3,8
-3,8
-3,8.062257766723633
-3,8.062257766723633
-3,8.062257766723633
-3,8.062257766723633
-3,8.062257766723633
-3,8.062257766723633
-3,8.062257766723633
-3,8.062257766723633
-3,8.062257766723633
-3,8.062257766723633
-3,8.062257766723633
-3,8.062257766723633
-3,8.124038696289063
-3,8.124038696289063
-3,8.124038696289063
-3,8.124038696289063
-3,8.185352325439453
-3,8.185352325439453
-3,8.185352325439453
-3,8.185352325439453
-3,8.185352325439453
-3,8.246211051940918
-3,8.246211051940918
-3,8.246211051940918
-3,8.306623458862305
-3,8.306623458862305
-3,8.306623458862305
-3,8.306623458862305
-3,8.306623458862305
-3,8.306623458862305
-3,8.366600036621094
-3,8.485280990600586
-3,8.485280990600586
-3,8.485280990600586
-3,8.5440034866333
-3,8.5440034866333
-3,8.5440034866333
-3,8.5440034866333
-3,8.602325439453125
-3,8.602325439453125
-3,8.602325439453125
-3,8.602325439453125
-3,8.602325439453125
-3,8.602325439453125
-3,8.66025447845459
-3,8.66025447845459
-3,8.66025447845459
-3,8.717798233032227
-3,8.717798233032227
-3,8.774964332580566
-3,8.774964332580566
-3,8.774964332580566
-3,8.774964332580566
-3,8.83176040649414
-3,8.83176040649414
-3,8.83176040649414
-3,8.9442720413208
-3,8.9442720413208
-3,8.9442720413208
-3,9
-3,9
-3,9
-3,9
-3,9
-3,9
-3,9
-3,9.05538558959961
-3,9.165151596069336
-3,9.165151596069336
-3,9.165151596069336
-3,9.165151596069336
-3,9.219544410705566
-3,9.273618698120117
-3,9.273618698120117
-3,9.273618698120117
-3,9.273618698120117
-3,9.273618698120117
-3,9.380831718444824
-3,9.380831718444824
-3,9.380831718444824
-3,9.433980941772461
-3,9.433980941772461
-3,9.433980941772461
-3,9.433980941772461
-3,9.433980941772461
-3,9.433980941772461
-3,9.486832618713379
-3,9.486832618713379
-3,9.486832618713379
-3,9.69536018371582
-3,9.69536018371582
-3,9.69536018371582
-3,9.797959327697754
-3,9.848857879638672
-3,9.848857879638672
-3,9.899495124816895
-3,9.899495124816895
-3,9.899495124816895
-3,9.949873924255371
-3,9.949873924255371
-3,9.949873924255371
-3,10
-3,10
-3,10.049875259399414
-3,10.049875259399414
-3,10.049875259399414
-3,10.198039054870605
-3,10.198039054870605
-3,10.198039054870605
-3,10.198039054870605
-3,10.24695110321045
-3,10.24695110321045
-3,10.24695110321045
-3,10.29563045501709
-3,10.29563045501709
-3,10.392304420471191
-3,10.392304420471191
-3,10.440306663513184
-3,10.440306663513184
-3,10.488088607788086
-3,10.488088607788086
-3,10.488088607788086
-3,10.630146026611328
-3,10.677078247070313
-3,10.677078247070313
-3,10.72380542755127
-3,10.72380542755127
-3,10.770329475402832
-3,10.770329475402832
-3,10.816654205322266
-3,10.816654205322266
-3,10.954451560974121
-3,11
-3,11
-3,11
-3,11
-3,11.045360565185547
-3,11.045360565185547
-3,11.180339813232422
-3,11.180339813232422
-3,11.180339813232422
-3,11.224971771240234
-3,11.313708305358887
-3,11.357816696166992
-3,11.401754379272461
-3,11.401754379272461
-3,11.401754379272461
-3,11.48912525177002
-3,11.532562255859375
-3,11.704699516296387
-3,11.832159996032715
-3,12
-3,12.083045959472656
-3,12.12435531616211
-3,12.247448921203613
-3,12.369317054748535
-3,12.369317054748535
-3,12.369317054748535
-3,12.569805145263672
-3,12.688577651977539
-3,12.727922439575195
-3,12.845232963562012
-3,13.03840446472168
-3,13.076696395874023
-3,13.190905570983887
-3,13.45362377166748
-3,13.638181686401367
-3,13.747727394104004
-3,13.784049034118652
-3,13.892443656921387
-3,13.928388595581055
-3,14
-3,14
-3,14.071247100830078
-3,14.247806549072266
-3,14.317821502685547
-3,14.456831932067871
-3,14.456831932067871
-3,15.099668502807617
-3,15.099668502807617
-3,15.132745742797852
-3,15.132745742797852
-3,15.65247631072998
-3,15.68438720703125
-3,15.81138801574707
-3,15.842979431152344
-3,16.155494689941406
-3,16.34013557434082
-3,16.61324691772461
-3,16.67333221435547
-3,16.970561981201172
-3,17.72004508972168
-3,18.16590118408203
-3,19.02629852294922
-3,20.39607810974121
-3,21.748563766479492
-3,22.135944366455078
-2.8284270763397217,inf
-2.8284270763397217,inf
-2.8284270763397217,inf
-2.8284270763397217,inf
-2.8284270763397217,inf
-2.8284270763397217,inf
-2.8284270763397217,inf
-2.8284270763397217,inf
-2.8284270763397217,inf
-2.8284270763397217,inf
-2.8284270763397217,inf
-2.8284270763397217,inf
-2.8284270763397217,inf
-2.8284270763397217,inf
-2.8284270763397217,inf
-2.8284270763397217,inf
-2.8284270763397217,inf
-2.8284270763397217,inf
-2.8284270763397217,inf
-2.8284270763397217,inf
-2.8284270763397217,inf
-2.8284270763397217,inf
-2.8284270763397217,inf
-2.8284270763397217,inf
-2.8284270763397217,inf
-2.8284270763397217,inf
-2.8284270763397217,inf
-2.8284270763397217,inf
-2.8284270763397217,inf
-2.8284270763397217,inf
-2.8284270763397217,inf
-2.8284270763397217,inf
-2.8284270763397217,inf
-2.8284270763397217,inf
-2.8284270763397217,inf
-2.8284270763397217,inf
-2.8284270763397217,inf
-2.8284270763397217,inf
-2.8284270763397217,inf
-2.8284270763397217,inf
-2.8284270763397217,inf
-2.8284270763397217,inf
-2.8284270763397217,inf
-2.8284270763397217,-2.4494898319244385
-2.8284270763397217,-2.4494898319244385
-2.8284270763397217,-2.4494898319244385
-2.8284270763397217,-2.4494898319244385
-2.8284270763397217,-2.4494898319244385
-2.8284270763397217,-2.4494898319244385
-2.8284270763397217,-2.4494898319244385
-2.8284270763397217,-2.4494898319244385
-2.8284270763397217,-2.4494898319244385
-2.8284270763397217,-2.4494898319244385
-2.8284270763397217,-2.4494898319244385
-2.8284270763397217,-2.2360680103302
-2.8284270763397217,-2.2360680103302
-2.8284270763397217,-2.2360680103302
-2.8284270763397217,-2.2360680103302
-2.8284270763397217,-2.2360680103302
-2.8284270763397217,-2.2360680103302
-2.8284270763397217,-2.2360680103302
-2.8284270763397217,-2.2360680103302
-2.8284270763397217,-2.2360680103302
-2.8284270763397217,-2.2360680103302
-2.8284270763397217,-2.2360680103302
-2.8284270763397217,-2.2360680103302
-2.8284270763397217,-2.2360680103302
-2.8284270763397217,-2.2360680103302
-2.8284270763397217,-2.2360680103302
-2.8284270763397217,-2.2360680103302
-2.8284270763397217,-2.2360680103302
-2.8284270763397217,-2.2360680103302
-2.8284270763397217,-2.2360680103302
-2.8284270763397217,-2.2360680103302
-2.8284270763397217,-2.2360680103302
-2.8284270763397217,-2.2360680103302
-2.8284270763397217,-2.2360680103302
-2.8284270763397217,-2.2360680103302
-2.8284270763397217,-2.2360680103302
-2.8284270763397217,-2.2360680103302
-2.8284270763397217,-2.2360680103302
-2.8284270763397217,-2.2360680103302
-2.8284270763397217,-2.2360680103302
-2.8284270763397217,-2.2360680103302
-2.8284270763397217,-2.2360680103302
-2.8284270763397217,-2.2360680103302
-2.8284270763397217,-2.2360680103302
-2.8284270763397217,-2
-2.8284270763397217,-2
-2.8284270763397217,-2
-2.8284270763397217,-2
-2.8284270763397217,-2
-2.8284270763397217,-2
-2.8284270763397217,-2
-2.8284270763397217,-2
-2.8284270763397217,-2
-2.8284270763397217,-2
-2.8284270763397217,-2
-2.8284270763397217,-2
-2.8284270763397217,-2
-2.8284270763397217,-2
-2.8284270763397217,-2
-2.8284270763397217,-2
-2.8284270763397217,-2
-2.8284270763397217,-2
-2.8284270763397217,-2
-2.8284270763397217,-2
-2.8284270763397217,-2
-2.8284270763397217,-2
-2.8284270763397217,-2
-2.8284270763397217,-2
-2.8284270763397217,-2
-2.8284270763397217,-2
-2.8284270763397217,-2
-2.8284270763397217,-2
-2.8284270763397217,-2
-2.8284270763397217,-2
-2.8284270763397217,-2
-2.8284270763397217,-2
-2.8284270763397217,-2
-2.8284270763397217,-2
-2.8284270763397217,-1.7320507764816284
-2.8284270763397217,-1.7320507764816284
-2.8284270763397217,-1.7320507764816284
-2.8284270763397217,-1.7320507764816284
-2.8284270763397217,-1.7320507764816284
-2.8284270763397217,-1.7320507764816284
-2.8284270763397217,-1.7320507764816284
-2.8284270763397217,-1.7320507764816284
-2.8284270763397217,-1.4142135381698608
-2.8284270763397217,-1.4142135381698608
-2.8284270763397217,-1.4142135381698608
-2.8284270763397217,-1.4142135381698608
-2.8284270763397217,-1.4142135381698608
-2.8284270763397217,-1.4142135381698608
-2.8284270763397217,-1.4142135381698608
-2.8284270763397217,-1.4142135381698608
-2.8284270763397217,-1.4142135381698608
-2.8284270763397217,-1.4142135381698608
-2.8284270763397217,-1.4142135381698608
-2.8284270763397217,-1.4142135381698608
-2.8284270763397217,-1.4142135381698608
-2.8284270763397217,-1.4142135381698608
-2.8284270763397217,-1.4142135381698608
-2.8284270763397217,-1.4142135381698608
-2.8284270763397217,-1.4142135381698608
-2.8284270763397217,-1.4142135381698608
-2.8284270763397217,-1.4142135381698608
-2.8284270763397217,-1
-2.8284270763397217,-1
-2.8284270763397217,-1
-2.8284270763397217,-1
-2.8284270763397217,-1
-2.8284270763397217,-1
-2.8284270763397217,-1
-2.8284270763397217,-1
-2.8284270763397217,-1
-2.8284270763397217,-1
-2.8284270763397217,-1
-2.8284270763397217,-1
-2.8284270763397217,-1
-2.8284270763397217,-1
-2.8284270763397217,-1
-2.8284270763397217,-1
-2.8284270763397217,-1
-2.8284270763397217,-1
-2.8284270763397217,-1
-2.8284270763397217,-1
-2.8284270763397217,-1
-2.8284270763397217,-1
-2.8284270763397217,-1
-2.8284270763397217,-1
-2.8284270763397217,-1
-2.8284270763397217,-1
-2.8284270763397217,-1
-2.8284270763397217,-1
-2.8284270763397217,-1
-2.8284270763397217,-1
-2.8284270763397217,-1
-2.8284270763397217,-1
-2.8284270763397217,-1
-2.8284270763397217,-1
-2.8284270763397217,-1
-2.8284270763397217,-1
-2.8284270763397217,-1
-2.8284270763397217,-1
-2.8284270763397217,-1
-2.8284270763397217,-1
-2.8284270763397217,-1
-2.8284270763397217,-1
-2.8284270763397217,-1
-2.8284270763397217,-1
-2.8284270763397217,-1
-2.8284270763397217,1
-2.8284270763397217,1
-2.8284270763397217,1
-2.8284270763397217,1
-2.8284270763397217,1
-2.8284270763397217,1
-2.8284270763397217,1
-2.8284270763397217,1
-2.8284270763397217,1
-2.8284270763397217,1
-2.8284270763397217,1
-2.8284270763397217,1
-2.8284270763397217,1
-2.8284270763397217,1
-2.8284270763397217,1
-2.8284270763397217,1
-2.8284270763397217,1
-2.8284270763397217,1
-2.8284270763397217,1
-2.8284270763397217,1
-2.8284270763397217,1
-2.8284270763397217,1
-2.8284270763397217,1
-2.8284270763397217,1
-2.8284270763397217,1
-2.8284270763397217,1
-2.8284270763397217,1
-2.8284270763397217,1
-2.8284270763397217,1
-2.8284270763397217,1
-2.8284270763397217,1
-2.8284270763397217,1
-2.8284270763397217,1
-2.8284270763397217,1
-2.8284270763397217,1
-2.8284270763397217,1
-2.8284270763397217,1.4142135381698608
-2.8284270763397217,1.4142135381698608
-2.8284270763397217,1.4142135381698608
-2.8284270763397217,1.4142135381698608
-2.8284270763397217,1.4142135381698608
-2.8284270763397217,1.4142135381698608
-2.8284270763397217,1.4142135381698608
-2.8284270763397217,1.4142135381698608
-2.8284270763397217,1.4142135381698608
-2.8284270763397217,1.4142135381698608
-2.8284270763397217,1.7320507764816284
-2.8284270763397217,1.7320507764816284
-2.8284270763397217,1.7320507764816284
-2.8284270763397217,2
-2.8284270763397217,2
-2.8284270763397217,2
-2.8284270763397217,2
-2.8284270763397217,2
-2.8284270763397217,2
-2.8284270763397217,2
-2.8284270763397217,2
-2.8284270763397217,2
-2.8284270763397217,2
-2.8284270763397217,2
-2.8284270763397217,2.2360680103302
-2.8284270763397217,2.2360680103302
-2.8284270763397217,2.2360680103302
-2.8284270763397217,2.2360680103302
-2.8284270763397217,2.2360680103302
-2.8284270763397217,2.2360680103302
-2.8284270763397217,2.2360680103302
-2.8284270763397217,2.2360680103302
-2.8284270763397217,2.2360680103302
-2.8284270763397217,2.2360680103302
-2.8284270763397217,2.2360680103302
-2.8284270763397217,2.2360680103302
-2.8284270763397217,2.2360680103302
-2.8284270763397217,2.2360680103302
-2.8284270763397217,2.2360680103302
-2.8284270763397217,2.2360680103302
-2.8284270763397217,2.2360680103302
-2.8284270763397217,2.2360680103302
-2.8284270763397217,2.2360680103302
-2.8284270763397217,2.2360680103302
-2.8284270763397217,2.2360680103302
-2.8284270763397217,2.4494898319244385
-2.8284270763397217,2.4494898319244385
-2.8284270763397217,2.4494898319244385
-2.8284270763397217,2.4494898319244385
-2.8284270763397217,2.4494898319244385
-2.8284270763397217,2.4494898319244385
-2.8284270763397217,2.4494898319244385
-2.8284270763397217,2.4494898319244385
-2.8284270763397217,2.4494898319244385
-2.8284270763397217,2.8284270763397217
-2.8284270763397217,2.8284270763397217
-2.8284270763397217,2.8284270763397217
-2.8284270763397217,2.8284270763397217
-2.8284270763397217,2.8284270763397217
-2.8284270763397217,2.8284270763397217
-2.8284270763397217,2.8284270763397217
-2.8284270763397217,2.8284270763397217
-2.8284270763397217,3
-2.8284270763397217,3
-2.8284270763397217,3
-2.8284270763397217,3
-2.8284270763397217,3
-2.8284270763397217,3
-2.8284270763397217,3
-2.8284270763397217,3
-2.8284270763397217,3
-2.8284270763397217,3
-2.8284270763397217,3
-2.8284270763397217,3
-2.8284270763397217,3
-2.8284270763397217,3
-2.8284270763397217,3.1622776985168457
-2.8284270763397217,3.1622776985168457
-2.8284270763397217,3.1622776985168457
-2.8284270763397217,3.1622776985168457
-2.8284270763397217,3.1622776985168457
-2.8284270763397217,3.1622776985168457
-2.8284270763397217,3.1622776985168457
-2.8284270763397217,3.1622776985168457
-2.8284270763397217,3.1622776985168457
-2.8284270763397217,3.1622776985168457
-2.8284270763397217,3.316624879837036
-2.8284270763397217,3.316624879837036
-2.8284270763397217,3.316624879837036
-2.8284270763397217,3.316624879837036
-2.8284270763397217,3.464101552963257
-2.8284270763397217,3.605551242828369
-2.8284270763397217,3.605551242828369
-2.8284270763397217,3.605551242828369
-2.8284270763397217,3.605551242828369
-2.8284270763397217,3.605551242828369
-2.8284270763397217,3.605551242828369
-2.8284270763397217,3.605551242828369
-2.8284270763397217,3.7416574954986572
-2.8284270763397217,3.7416574954986572
-2.8284270763397217,3.7416574954986572
-2.8284270763397217,3.7416574954986572
-2.8284270763397217,3.7416574954986572
-2.8284270763397217,3.7416574954986572
-2.8284270763397217,4
-2.8284270763397217,4
-2.8284270763397217,4
-2.8284270763397217,4
-2.8284270763397217,4
-2.8284270763397217,4.123105525970459
-2.8284270763397217,4.123105525970459
-2.8284270763397217,4.123105525970459
-2.8284270763397217,4.123105525970459
-2.8284270763397217,4.123105525970459
-2.8284270763397217,4.123105525970459
-2.8284270763397217,4.123105525970459
-2.8284270763397217,4.123105525970459
-2.8284270763397217,4.123105525970459
-2.8284270763397217,4.123105525970459
-2.8284270763397217,4.242640495300293
-2.8284270763397217,4.242640495300293
-2.8284270763397217,4.242640495300293
-2.8284270763397217,4.242640495300293
-2.8284270763397217,4.242640495300293
-2.8284270763397217,4.242640495300293
-2.8284270763397217,4.242640495300293
-2.8284270763397217,4.242640495300293
-2.8284270763397217,4.358899116516113
-2.8284270763397217,4.358899116516113
-2.8284270763397217,4.4721360206604
-2.8284270763397217,4.4721360206604
-2.8284270763397217,4.4721360206604
-2.8284270763397217,4.4721360206604
-2.8284270763397217,4.4721360206604
-2.8284270763397217,4.4721360206604
-2.8284270763397217,4.4721360206604
-2.8284270763397217,4.4721360206604
-2.8284270763397217,4.4721360206604
-2.8284270763397217,4.582575798034668
-2.8284270763397217,4.582575798034668
-2.8284270763397217,4.582575798034668
-2.8284270763397217,4.582575798034668
-2.8284270763397217,4.582575798034668
-2.8284270763397217,4.582575798034668
-2.8284270763397217,4.582575798034668
-2.8284270763397217,4.582575798034668
-2.8284270763397217,4.582575798034668
-2.8284270763397217,4.582575798034668
-2.8284270763397217,4.582575798034668
-2.8284270763397217,4.582575798034668
-2.8284270763397217,4.582575798034668
-2.8284270763397217,4.690415859222412
-2.8284270763397217,4.690415859222412
-2.8284270763397217,4.690415859222412
-2.8284270763397217,4.690415859222412
-2.8284270763397217,4.898979663848877
-2.8284270763397217,4.898979663848877
-2.8284270763397217,4.898979663848877
-2.8284270763397217,4.898979663848877
-2.8284270763397217,4.898979663848877
-2.8284270763397217,5
-2.8284270763397217,5
-2.8284270763397217,5
-2.8284270763397217,5.099019527435303
-2.8284270763397217,5.099019527435303
-2.8284270763397217,5.099019527435303
-2.8284270763397217,5.099019527435303
-2.8284270763397217,5.099019527435303
-2.8284270763397217,5.196152210235596
-2.8284270763397217,5.196152210235596
-2.8284270763397217,5.196152210235596
-2.8284270763397217,5.196152210235596
-2.8284270763397217,5.196152210235596
-2.8284270763397217,5.196152210235596
-2.8284270763397217,5.196152210235596
-2.8284270763397217,5.196152210235596
-2.8284270763397217,5.385164737701416
-2.8284270763397217,5.385164737701416
-2.8284270763397217,5.385164737701416
-2.8284270763397217,5.385164737701416
-2.8284270763397217,5.385164737701416
-2.8284270763397217,5.385164737701416
-2.8284270763397217,5.385164737701416
-2.8284270763397217,5.385164737701416
-2.8284270763397217,5.385164737701416
-2.8284270763397217,5.385164737701416
-2.8284270763397217,5.385164737701416
-2.8284270763397217,5.4772257804870605
-2.8284270763397217,5.4772257804870605
-2.8284270763397217,5.4772257804870605
-2.8284270763397217,5.4772257804870605
-2.8284270763397217,5.4772257804870605
-2.8284270763397217,5.656854152679443
-2.8284270763397217,5.656854152679443
-2.8284270763397217,5.656854152679443
-2.8284270763397217,5.656854152679443
-2.8284270763397217,5.656854152679443
-2.8284270763397217,5.656854152679443
-2.8284270763397217,5.74456262588501
-2.8284270763397217,5.74456262588501
-2.8284270763397217,5.74456262588501
-2.8284270763397217,5.74456262588501
-2.8284270763397217,5.74456262588501
-2.8284270763397217,5.74456262588501
-2.8284270763397217,5.74456262588501
-2.8284270763397217,5.74456262588501
-2.8284270763397217,5.830951690673828
-2.8284270763397217,5.830951690673828
-2.8284270763397217,5.830951690673828
-2.8284270763397217,5.830951690673828
-2.8284270763397217,5.830951690673828
-2.8284270763397217,5.830951690673828
-2.8284270763397217,5.830951690673828
-2.8284270763397217,5.916079998016357
-2.8284270763397217,5.916079998016357
-2.8284270763397217,5.916079998016357
-2.8284270763397217,5.916079998016357
-2.8284270763397217,5.916079998016357
-2.8284270763397217,5.916079998016357
-2.8284270763397217,5.916079998016357
-2.8284270763397217,5.916079998016357
-2.8284270763397217,5.916079998016357
-2.8284270763397217,5.916079998016357
-2.8284270763397217,6
-2.8284270763397217,6
-2.8284270763397217,6
-2.8284270763397217,6
-2.8284270763397217,6
-2.8284270763397217,6
-2.8284270763397217,6
-2.8284270763397217,6.082762718200684
-2.8284270763397217,6.082762718200684
-2.8284270763397217,6.164413928985596
-2.8284270763397217,6.164413928985596
-2.8284270763397217,6.164413928985596
-2.8284270763397217,6.164413928985596
-2.8284270763397217,6.164413928985596
-2.8284270763397217,6.324555397033691
-2.8284270763397217,6.324555397033691
-2.8284270763397217,6.324555397033691
-2.8284270763397217,6.324555397033691
-2.8284270763397217,6.324555397033691
-2.8284270763397217,6.324555397033691
-2.8284270763397217,6.324555397033691
-2.8284270763397217,6.4031243324279785
-2.8284270763397217,6.4031243324279785
-2.8284270763397217,6.4031243324279785
-2.8284270763397217,6.4031243324279785
-2.8284270763397217,6.480740547180176
-2.8284270763397217,6.480740547180176
-2.8284270763397217,6.480740547180176
-2.8284270763397217,6.480740547180176
-2.8284270763397217,6.557438373565674
-2.8284270763397217,6.557438373565674
-2.8284270763397217,6.633249759674072
-2.8284270763397217,6.633249759674072
-2.8284270763397217,6.7082037925720215
-2.8284270763397217,6.7082037925720215
-2.8284270763397217,6.7082037925720215
-2.8284270763397217,6.7082037925720215
-2.8284270763397217,6.7082037925720215
-2.8284270763397217,6.7082037925720215
-2.8284270763397217,6.7082037925720215
-2.8284270763397217,6.7082037925720215
-2.8284270763397217,6.7082037925720215
-2.8284270763397217,6.7082037925720215
-2.8284270763397217,6.7082037925720215
-2.8284270763397217,6.7082037925720215
-2.8284270763397217,6.7082037925720215
-2.8284270763397217,6.78233003616333
-2.8284270763397217,6.78233003616333
-2.8284270763397217,6.928203105926514
-2.8284270763397217,7
-2.8284270763397217,7
-2.8284270763397217,7
-2.8284270763397217,7
-2.8284270763397217,7
-2.8284270763397217,7
-2.8284270763397217,7
-2.8284270763397217,7
-2.8284270763397217,7
-2.8284270763397217,7
-2.8284270763397217,7
-2.8284270763397217,7
-2.8284270763397217,7
-2.8284270763397217,7.071067810058594
-2.8284270763397217,7.071067810058594
-2.8284270763397217,7.071067810058594
-2.8284270763397217,7.071067810058594
-2.8284270763397217,7.071067810058594
-2.8284270763397217,7.071067810058594
-2.8284270763397217,7.071067810058594
-2.8284270763397217,7.071067810058594
-2.8284270763397217,7.071067810058594
-2.8284270763397217,7.141428470611572
-2.8284270763397217,7.141428470611572
-2.8284270763397217,7.141428470611572
-2.8284270763397217,7.141428470611572
-2.8284270763397217,7.141428470611572
-2.8284270763397217,7.141428470611572
-2.8284270763397217,7.211102485656738
-2.8284270763397217,7.211102485656738
-2.8284270763397217,7.211102485656738
-2.8284270763397217,7.280109882354736
-2.8284270763397217,7.280109882354736
-2.8284270763397217,7.280109882354736
-2.8284270763397217,7.280109882354736
-2.8284270763397217,7.280109882354736
-2.8284270763397217,7.280109882354736
-2.8284270763397217,7.280109882354736
-2.8284270763397217,7.280109882354736
-2.8284270763397217,7.348469257354736
-2.8284270763397217,7.348469257354736
-2.8284270763397217,7.348469257354736
-2.8284270763397217,7.348469257354736
-2.8284270763397217,7.348469257354736
-2.8284270763397217,7.348469257354736
-2.8284270763397217,7.348469257354736
-2.8284270763397217,7.348469257354736
-2.8284270763397217,7.348469257354736
-2.8284270763397217,7.348469257354736
-2.8284270763397217,7.4833149909973145
-2.8284270763397217,7.4833149909973145
-2.8284270763397217,7.4833149909973145
-2.8284270763397217,7.549834251403809
-2.8284270763397217,7.549834251403809
-2.8284270763397217,7.549834251403809
-2.8284270763397217,7.549834251403809
-2.8284270763397217,7.6157732009887695
-2.8284270763397217,7.6157732009887695
-2.8284270763397217,7.6157732009887695
-2.8284270763397217,7.6157732009887695
-2.8284270763397217,7.6157732009887695
-2.8284270763397217,7.6157732009887695
-2.8284270763397217,7.6157732009887695
-2.8284270763397217,7.6157732009887695
-2.8284270763397217,7.6157732009887695
-2.8284270763397217,7.681145668029785
-2.8284270763397217,7.681145668029785
-2.8284270763397217,7.681145668029785
-2.8284270763397217,7.681145668029785
-2.8284270763397217,7.681145668029785
-2.8284270763397217,7.681145668029785
-2.8284270763397217,7.681145668029785
-2.8284270763397217,7.681145668029785
-2.8284270763397217,7.8102498054504395
-2.8284270763397217,7.8102498054504395
-2.8284270763397217,7.8102498054504395
-2.8284270763397217,7.8102498054504395
-2.8284270763397217,7.8102498054504395
-2.8284270763397217,7.8102498054504395
-2.8284270763397217,7.874007701873779
-2.8284270763397217,7.874007701873779
-2.8284270763397217,7.874007701873779
-2.8284270763397217,7.874007701873779
-2.8284270763397217,7.874007701873779
-2.8284270763397217,7.874007701873779
-2.8284270763397217,7.874007701873779
-2.8284270763397217,7.874007701873779
-2.8284270763397217,8.062257766723633
-2.8284270763397217,8.062257766723633
-2.8284270763397217,8.062257766723633
-2.8284270763397217,8.062257766723633
-2.8284270763397217,8.062257766723633
-2.8284270763397217,8.062257766723633
-2.8284270763397217,8.062257766723633
-2.8284270763397217,8.062257766723633
-2.8284270763397217,8.062257766723633
-2.8284270763397217,8.062257766723633
-2.8284270763397217,8.124038696289063
-2.8284270763397217,8.124038696289063
-2.8284270763397217,8.124038696289063
-2.8284270763397217,8.124038696289063
-2.8284270763397217,8.124038696289063
-2.8284270763397217,8.124038696289063
-2.8284270763397217,8.185352325439453
-2.8284270763397217,8.185352325439453
-2.8284270763397217,8.185352325439453
-2.8284270763397217,8.185352325439453
-2.8284270763397217,8.185352325439453
-2.8284270763397217,8.185352325439453
-2.8284270763397217,8.185352325439453
-2.8284270763397217,8.246211051940918
-2.8284270763397217,8.306623458862305
-2.8284270763397217,8.306623458862305
-2.8284270763397217,8.306623458862305
-2.8284270763397217,8.306623458862305
-2.8284270763397217,8.306623458862305
-2.8284270763397217,8.306623458862305
-2.8284270763397217,8.366600036621094
-2.8284270763397217,8.485280990600586
-2.8284270763397217,8.485280990600586
-2.8284270763397217,8.485280990600586
-2.8284270763397217,8.485280990600586
-2.8284270763397217,8.485280990600586
-2.8284270763397217,8.5440034866333
-2.8284270763397217,8.5440034866333
-2.8284270763397217,8.5440034866333
-2.8284270763397217,8.602325439453125
-2.8284270763397217,8.602325439453125
-2.8284270763397217,8.602325439453125
-2.8284270763397217,8.602325439453125
-2.8284270763397217,8.602325439453125
-2.8284270763397217,8.602325439453125
-2.8284270763397217,8.602325439453125
-2.8284270763397217,8.602325439453125
-2.8284270763397217,8.602325439453125
-2.8284270763397217,8.66025447845459
-2.8284270763397217,8.66025447845459
-2.8284270763397217,8.66025447845459
-2.8284270763397217,8.717798233032227
-2.8284270763397217,8.717798233032227
-2.8284270763397217,8.774964332580566
-2.8284270763397217,8.774964332580566
-2.8284270763397217,8.774964332580566
-2.8284270763397217,8.774964332580566
-2.8284270763397217,8.774964332580566
-2.8284270763397217,8.774964332580566
-2.8284270763397217,8.774964332580566
-2.8284270763397217,8.83176040649414
-2.8284270763397217,8.83176040649414
-2.8284270763397217,8.9442720413208
-2.8284270763397217,8.9442720413208
-2.8284270763397217,8.9442720413208
-2.8284270763397217,9
-2.8284270763397217,9
-2.8284270763397217,9
-2.8284270763397217,9
-2.8284270763397217,9.05538558959961
-2.8284270763397217,9.05538558959961
-2.8284270763397217,9.110433578491211
-2.8284270763397217,9.110433578491211
-2.8284270763397217,9.165151596069336
-2.8284270763397217,9.165151596069336
-2.8284270763397217,9.219544410705566
-2.8284270763397217,9.219544410705566
-2.8284270763397217,9.219544410705566
-2.8284270763397217,9.219544410705566
-2.8284270763397217,9.219544410705566
-2.8284270763397217,9.219544410705566
-2.8284270763397217,9.219544410705566
-2.8284270763397217,9.273618698120117
-2.8284270763397217,9.273618698120117
-2.8284270763397217,9.273618698120117
-2.8284270763397217,9.380831718444824
-2.8284270763397217,9.380831718444824
-2.8284270763397217,9.433980941772461
-2.8284270763397217,9.433980941772461
-2.8284270763397217,9.433980941772461
-2.8284270763397217,9.433980941772461
-2.8284270763397217,9.433980941772461
-2.8284270763397217,9.433980941772461
-2.8284270763397217,9.433980941772461
-2.8284270763397217,9.433980941772461
-2.8284270763397217,9.433980941772461
-2.8284270763397217,9.433980941772461
-2.8284270763397217,9.433980941772461
-2.8284270763397217,9.486832618713379
-2.8284270763397217,9.486832618713379
-2.8284270763397217,9.486832618713379
-2.8284270763397217,9.486832618713379
-2.8284270763397217,9.643651008605957
-2.8284270763397217,9.643651008605957
-2.8284270763397217,9.69536018371582
-2.8284270763397217,9.69536018371582
-2.8284270763397217,9.69536018371582
-2.8284270763397217,9.797959327697754
-2.8284270763397217,9.848857879638672
-2.8284270763397217,9.848857879638672
-2.8284270763397217,9.848857879638672
-2.8284270763397217,9.848857879638672
-2.8284270763397217,9.848857879638672
-2.8284270763397217,9.899495124816895
-2.8284270763397217,9.899495124816895
-2.8284270763397217,9.899495124816895
-2.8284270763397217,9.899495124816895
-2.8284270763397217,9.949873924255371
-2.8284270763397217,9.949873924255371
-2.8284270763397217,10.049875259399414
-2.8284270763397217,10.049875259399414
-2.8284270763397217,10.049875259399414
-2.8284270763397217,10.049875259399414
-2.8284270763397217,10.049875259399414
-2.8284270763397217,10.049875259399414
-2.8284270763397217,10.049875259399414
-2.8284270763397217,10.099504470825195
-2.8284270763397217,10.099504470825195
-2.8284270763397217,10.198039054870605
-2.8284270763397217,10.198039054870605
-2.8284270763397217,10.24695110321045
-2.8284270763397217,10.24695110321045
-2.8284270763397217,10.24695110321045
-2.8284270763397217,10.24695110321045
-2.8284270763397217,10.24695110321045
-2.8284270763397217,10.29563045501709
-2.8284270763397217,10.344079971313477
-2.8284270763397217,10.440306663513184
-2.8284270763397217,10.488088607788086
-2.8284270763397217,10.488088607788086
-2.8284270763397217,10.488088607788086
-2.8284270763397217,10.630146026611328
-2.8284270763397217,10.630146026611328
-2.8284270763397217,10.677078247070313
-2.8284270763397217,10.677078247070313
-2.8284270763397217,10.72380542755127
-2.8284270763397217,10.770329475402832
-2.8284270763397217,10.770329475402832
-2.8284270763397217,10.816654205322266
-2.8284270763397217,10.816654205322266
-2.8284270763397217,10.816654205322266
-2.8284270763397217,10.954451560974121
-2.8284270763397217,10.954451560974121
-2.8284270763397217,11
-2.8284270763397217,11.090536117553711
-2.8284270763397217,11.180339813232422
-2.8284270763397217,11.180339813232422
-2.8284270763397217,11.357816696166992
-2.8284270763397217,11.357816696166992
-2.8284270763397217,11.401754379272461
-2.8284270763397217,11.401754379272461
-2.8284270763397217,11.401754379272461
-2.8284270763397217,11.445523262023926
-2.8284270763397217,11.445523262023926
-2.8284270763397217,11.445523262023926
-2.8284270763397217,11.48912525177002
-2.8284270763397217,11.575837135314941
-2.8284270763397217,11.575837135314941
-2.8284270763397217,11.661903381347656
-2.8284270763397217,11.747340202331543
-2.8284270763397217,11.747340202331543
-2.8284270763397217,11.832159996032715
-2.8284270763397217,12.041594505310059
-2.8284270763397217,12.041594505310059
-2.8284270763397217,12.041594505310059
-2.8284270763397217,12.083045959472656
-2.8284270763397217,12.083045959472656
-2.8284270763397217,12.083045959472656
-2.8284270763397217,12.12435531616211
-2.8284270763397217,12.328827857971191
-2.8284270763397217,12.688577651977539
-2.8284270763397217,12.688577651977539
-2.8284270763397217,12.727922439575195
-2.8284270763397217,13
-2.8284270763397217,13.03840446472168
-2.8284270763397217,13.03840446472168
-2.8284270763397217,13.076696395874023
-2.8284270763397217,13.304134368896484
-2.8284270763397217,13.490737915039063
-2.8284270763397217,13.601470947265625
-2.8284270763397217,13.747727394104004
-2.8284270763397217,13.747727394104004
-2.8284270763397217,14
-2.8284270763397217,14.03566837310791
-2.8284270763397217,14.071247100830078
-2.8284270763397217,14.071247100830078
-2.8284270763397217,14.142135620117188
-2.8284270763397217,14.317821502685547
-2.8284270763397217,14.317821502685547
-2.8284270763397217,14.560219764709473
-2.8284270763397217,14.73091983795166
-2.8284270763397217,14.866068840026855
-2.8284270763397217,15
-2.8284270763397217,15.099668502807617
-2.8284270763397217,15.165750503540039
-2.8284270763397217,15.68438720703125
-2.8284270763397217,16.031219482421875
-2.8284270763397217,16.093477249145508
-2.8284270763397217,16.124515533447266
-2.8284270763397217,16.18641471862793
-2.8284270763397217,16.309507369995117
-2.8284270763397217,16.309507369995117
-2.8284270763397217,16.67333221435547
-2.8284270763397217,17
-2.8284270763397217,17.029386520385742
-2.8284270763397217,17.20465087890625
-2.8284270763397217,17.233688354492188
-2.8284270763397217,17.804492950439453
-2.8284270763397217,18.055469512939453
-2.8284270763397217,18.275667190551758
-2.8284270763397217,19.209373474121094
-2.8284270763397217,21.494184494018555
-2.8284270763397217,22.56102752685547
-2.4494898319244385,inf
-2.4494898319244385,inf
-2.4494898319244385,inf
-2.4494898319244385,inf
-2.4494898319244385,inf
-2.4494898319244385,inf
-2.4494898319244385,inf
-2.4494898319244385,inf
-2.4494898319244385,inf
-2.4494898319244385,inf
-2.4494898319244385,inf
-2.4494898319244385,inf
-2.4494898319244385,inf
-2.4494898319244385,inf
-2.4494898319244385,inf
-2.4494898319244385,inf
-2.4494898319244385,-2.2360680103302
-2.4494898319244385,-2.2360680103302
-2.4494898319244385,-2.2360680103302
-2.4494898319244385,-2.2360680103302
-2.4494898319244385,-2.2360680103302
-2.4494898319244385,-2
-2.4494898319244385,-2
-2.4494898319244385,-2
-2.4494898319244385,-2
-2.4494898319244385,-2
-2.4494898319244385,-2
-2.4494898319244385,-2
-2.4494898319244385,-2
-2.4494898319244385,-2
-2.4494898319244385,-2
-2.4494898319244385,-1.7320507764816284
-2.4494898319244385,-1.4142135381698608
-2.4494898319244385,-1.4142135381698608
-2.4494898319244385,-1.4142135381698608
-2.4494898319244385,-1.4142135381698608
-2.4494898319244385,-1.4142135381698608
-2.4494898319244385,-1.4142135381698608
-2.4494898319244385,-1
-2.4494898319244385,-1
-2.4494898319244385,-1
-2.4494898319244385,-1
-2.4494898319244385,-1
-2.4494898319244385,-1
-2.4494898319244385,-1
-2.4494898319244385,-1
-2.4494898319244385,-1
-2.4494898319244385,-1
-2.4494898319244385,-1
-2.4494898319244385,-1
-2.4494898319244385,-1
-2.4494898319244385,1
-2.4494898319244385,1
-2.4494898319244385,1
-2.4494898319244385,1
-2.4494898319244385,1
-2.4494898319244385,1
-2.4494898319244385,1
-2.4494898319244385,1
-2.4494898319244385,1
-2.4494898319244385,1
-2.4494898319244385,1
-2.4494898319244385,1
-2.4494898319244385,1
-2.4494898319244385,1
-2.4494898319244385,1.4142135381698608
-2.4494898319244385,1.4142135381698608
-2.4494898319244385,1.4142135381698608
-2.4494898319244385,1.4142135381698608
-2.4494898319244385,1.4142135381698608
-2.4494898319244385,1.4142135381698608
-2.4494898319244385,1.4142135381698608
-2.4494898319244385,1.4142135381698608
-2.4494898319244385,1.4142135381698608
-2.4494898319244385,1.7320507764816284
-2.4494898319244385,1.7320507764816284
-2.4494898319244385,1.7320507764816284
-2.4494898319244385,2
-2.4494898319244385,2
-2.4494898319244385,2
-2.4494898319244385,2
-2.4494898319244385,2
-2.4494898319244385,2
-2.4494898319244385,2
-2.4494898319244385,2.2360680103302
-2.4494898319244385,2.2360680103302
-2.4494898319244385,2.2360680103302
-2.4494898319244385,2.2360680103302
-2.4494898319244385,2.2360680103302
-2.4494898319244385,2.4494898319244385
-2.4494898319244385,2.4494898319244385
-2.4494898319244385,2.8284270763397217
-2.4494898319244385,3
-2.4494898319244385,3
-2.4494898319244385,3
-2.4494898319244385,3
-2.4494898319244385,3.1622776985168457
-2.4494898319244385,3.1622776985168457
-2.4494898319244385,3.1622776985168457
-2.4494898319244385,3.1622776985168457
-2.4494898319244385,3.1622776985168457
-2.4494898319244385,3.1622776985168457
-2.4494898319244385,3.1622776985168457
-2.4494898319244385,3.316624879837036
-2.4494898319244385,3.316624879837036
-2.4494898319244385,3.605551242828369
-2.4494898319244385,3.605551242828369
-2.4494898319244385,3.605551242828369
-2.4494898319244385,3.605551242828369
-2.4494898319244385,3.605551242828369
-2.4494898319244385,3.7416574954986572
-2.4494898319244385,3.7416574954986572
-2.4494898319244385,3.7416574954986572
-2.4494898319244385,3.7416574954986572
-2.4494898319244385,4
-2.4494898319244385,4.123105525970459
-2.4494898319244385,4.123105525970459
-2.4494898319244385,4.123105525970459
-2.4494898319244385,4.123105525970459
-2.4494898319244385,4.123105525970459
-2.4494898319244385,4.123105525970459
-2.4494898319244385,4.242640495300293
-2.4494898319244385,4.242640495300293
-2.4494898319244385,4.242640495300293
-2.4494898319244385,4.4721360206604
-2.4494898319244385,4.4721360206604
-2.4494898319244385,4.582575798034668
-2.4494898319244385,4.690415859222412
-2.4494898319244385,4.690415859222412
-2.4494898319244385,4.898979663848877
-2.4494898319244385,4.898979663848877
-2.4494898319244385,4.898979663848877
-2.4494898319244385,4.898979663848877
-2.4494898319244385,5
-2.4494898319244385,5
-2.4494898319244385,5
-2.4494898319244385,5.099019527435303
-2.4494898319244385,5.099019527435303
-2.4494898319244385,5.099019527435303
-2.4494898319244385,5.099019527435303
-2.4494898319244385,5.099019527435303
-2.4494898319244385,5.099019527435303
-2.4494898319244385,5.385164737701416
-2.4494898319244385,5.385164737701416
-2.4494898319244385,5.385164737701416
-2.4494898319244385,5.385164737701416
-2.4494898319244385,5.4772257804870605
-2.4494898319244385,5.4772257804870605
-2.4494898319244385,5.656854152679443
-2.4494898319244385,5.656854152679443
-2.4494898319244385,5.74456262588501
-2.4494898319244385,5.74456262588501
-2.4494898319244385,5.74456262588501
-2.4494898319244385,5.830951690673828
-2.4494898319244385,5.830951690673828
-2.4494898319244385,5.830951690673828
-2.4494898319244385,5.830951690673828
-2.4494898319244385,5.830951690673828
-2.4494898319244385,5.830951690673828
-2.4494898319244385,5.916079998016357
-2.4494898319244385,6
-2.4494898319244385,6
-2.4494898319244385,6
-2.4494898319244385,6
-2.4494898319244385,6
-2.4494898319244385,6.082762718200684
-2.4494898319244385,6.164413928985596
-2.4494898319244385,6.164413928985596
-2.4494898319244385,6.324555397033691
-2.4494898319244385,6.4031243324279785
-2.4494898319244385,6.4031243324279785
-2.4494898319244385,6.4031243324279785
-2.4494898319244385,6.4031243324279785
-2.4494898319244385,6.4031243324279785
-2.4494898319244385,6.4031243324279785
-2.4494898319244385,6.557438373565674
-2.4494898319244385,6.557438373565674
-2.4494898319244385,6.7082037925720215
-2.4494898319244385,6.7082037925720215
-2.4494898319244385,6.78233003616333
-2.4494898319244385,6.78233003616333
-2.4494898319244385,7
-2.4494898319244385,7.071067810058594
-2.4494898319244385,7.071067810058594
-2.4494898319244385,7.071067810058594
-2.4494898319244385,7.141428470611572
-2.4494898319244385,7.280109882354736
-2.4494898319244385,7.280109882354736
-2.4494898319244385,7.4833149909973145
-2.4494898319244385,7.4833149909973145
-2.4494898319244385,7.4833149909973145
-2.4494898319244385,7.4833149909973145
-2.4494898319244385,7.549834251403809
-2.4494898319244385,7.549834251403809
-2.4494898319244385,7.6157732009887695
-2.4494898319244385,7.681145668029785
-2.4494898319244385,7.681145668029785
-2.4494898319244385,7.8102498054504395
-2.4494898319244385,7.8102498054504395
-2.4494898319244385,7.874007701873779
-2.4494898319244385,7.874007701873779
-2.4494898319244385,7.874007701873779
-2.4494898319244385,7.874007701873779
-2.4494898319244385,7.874007701873779
-2.4494898319244385,8
-2.4494898319244385,8.062257766723633
-2.4494898319244385,8.062257766723633
-2.4494898319244385,8.062257766723633
-2.4494898319244385,8.062257766723633
-2.4494898319244385,8.124038696289063
-2.4494898319244385,8.124038696289063
-2.4494898319244385,8.124038696289063
-2.4494898319244385,8.124038696289063
-2.4494898319244385,8.185352325439453
-2.4494898319244385,8.246211051940918
-2.4494898319244385,8.306623458862305
-2.4494898319244385,8.306623458862305
-2.4494898319244385,8.366600036621094
-2.4494898319244385,8.366600036621094
-2.4494898319244385,8.485280990600586
-2.4494898319244385,8.602325439453125
-2.4494898319244385,8.602325439453125
-2.4494898319244385,8.602325439453125
-2.4494898319244385,8.66025447845459
-2.4494898319244385,8.717798233032227
-2.4494898319244385,8.774964332580566
-2.4494898319244385,8.774964332580566
-2.4494898319244385,8.83176040649414
-2.4494898319244385,9
-2.4494898319244385,9
-2.4494898319244385,9
-2.4494898319244385,9
-2.4494898319244385,9
-2.4494898319244385,9.05538558959961
-2.4494898319244385,9.05538558959961
-2.4494898319244385,9.05538558959961
-2.4494898319244385,9.110433578491211
-2.4494898319244385,9.165151596069336
-2.4494898319244385,9.273618698120117
-2.4494898319244385,9.273618698120117
-2.4494898319244385,9.273618698120117
-2.4494898319244385,9.273618698120117
-2.4494898319244385,9.273618698120117
-2.4494898319244385,9.433980941772461
-2.4494898319244385,9.486832618713379
-2.4494898319244385,9.486832618713379
-2.4494898319244385,9.539392471313477
-2.4494898319244385,9.643651008605957
-2.4494898319244385,9.643651008605957
-2.4494898319244385,9.69536018371582
-2.4494898319244385,9.69536018371582
-2.4494898319244385,9.848857879638672
-2.4494898319244385,9.848857879638672
-2.4494898319244385,9.848857879638672
-2.4494898319244385,9.899495124816895
-2.4494898319244385,9.899495124816895
-2.4494898319244385,9.899495124816895
-2.4494898319244385,10
-2.4494898319244385,10
-2.4494898319244385,10.099504470825195
-2.4494898319244385,10.29563045501709
-2.4494898319244385,10.344079971313477
-2.4494898319244385,10.344079971313477
-2.4494898319244385,10.440306663513184
-2.4494898319244385,10.488088607788086
-2.4494898319244385,10.488088607788086
-2.4494898319244385,10.488088607788086
-2.4494898319244385,10.630146026611328
-2.4494898319244385,10.770329475402832
-2.4494898319244385,11
-2.4494898319244385,11.180339813232422
-2.4494898319244385,11.313708305358887
-2.4494898319244385,11.313708305358887
-2.4494898319244385,11.445523262023926
-2.4494898319244385,11.445523262023926
-2.4494898319244385,11.575837135314941
-2.4494898319244385,11.832159996032715
-2.4494898319244385,12.083045959472656
-2.4494898319244385,12.083045959472656
-2.4494898319244385,12.206555366516113
-2.4494898319244385,12.206555366516113
-2.4494898319244385,12.206555366516113
-2.4494898319244385,12.369317054748535
-2.4494898319244385,12.449899673461914
-2.4494898319244385,12.806248664855957
-2.4494898319244385,13.076696395874023
-2.4494898319244385,13.416407585144043
-2.4494898319244385,13.416407585144043
-2.4494898319244385,13.56466007232666
-2.4494898319244385,13.892443656921387
-2.4494898319244385,14.21267032623291
-2.4494898319244385,14.696938514709473
-2.4494898319244385,14.764822959899902
-2.4494898319244385,14.866068840026855
-2.4494898319244385,15.033296585083008
-2.4494898319244385,15.524174690246582
-2.4494898319244385,15.620499610900879
-2.4494898319244385,15.65247631072998
-2.4494898319244385,16.5227108001709
-2.4494898319244385,17.0880069732666
-2.4494898319244385,17.916473388671875
-2.4494898319244385,18.466184616088867
-2.4494898319244385,20.099750518798828
-2.4494898319244385,21.307275772094727
-2.2360680103302,inf
-2.2360680103302,inf
-2.2360680103302,inf
-2.2360680103302,inf
-2.2360680103302,inf
-2.2360680103302,inf
-2.2360680103302,inf
-2.2360680103302,inf
-2.2360680103302,inf
-2.2360680103302,inf
-2.2360680103302,inf
-2.2360680103302,inf
-2.2360680103302,inf
-2.2360680103302,inf
-2.2360680103302,inf
-2.2360680103302,inf
-2.2360680103302,inf
-2.2360680103302,inf
-2.2360680103302,inf
-2.2360680103302,inf
-2.2360680103302,inf
-2.2360680103302,inf
-2.2360680103302,inf
-2.2360680103302,inf
-2.2360680103302,inf
-2.2360680103302,inf
-2.2360680103302,inf
-2.2360680103302,inf
-2.2360680103302,inf
-2.2360680103302,inf
-2.2360680103302,inf
-2.2360680103302,inf
-2.2360680103302,inf
-2.2360680103302,inf
-2.2360680103302,-2
-2.2360680103302,-2
-2.2360680103302,-2
-2.2360680103302,-2
-2.2360680103302,-2
-2.2360680103302,-2
-2.2360680103302,-2
-2.2360680103302,-2
-2.2360680103302,-2
-2.2360680103302,-2
-2.2360680103302,-2
-2.2360680103302,-2
-2.2360680103302,-2
-2.2360680103302,-2
-2.2360680103302,-2
-2.2360680103302,-2
-2.2360680103302,-2
-2.2360680103302,-2
-2.2360680103302,-2
-2.2360680103302,-2
-2.2360680103302,-2
-2.2360680103302,-2
-2.2360680103302,-2
-2.2360680103302,-2
-2.2360680103302,-2
-2.2360680103302,-2
-2.2360680103302,-2
-2.2360680103302,-2
-2.2360680103302,-1.7320507764816284
-2.2360680103302,-1.7320507764816284
-2.2360680103302,-1.7320507764816284
-2.2360680103302,-1.7320507764816284
-2.2360680103302,-1.7320507764816284
-2.2360680103302,-1.7320507764816284
-2.2360680103302,-1.7320507764816284
-2.2360680103302,-1.7320507764816284
-2.2360680103302,-1.7320507764816284
-2.2360680103302,-1.7320507764816284
-2.2360680103302,-1.7320507764816284
-2.2360680103302,-1.7320507764816284
-2.2360680103302,-1.7320507764816284
-2.2360680103302,-1.7320507764816284
-2.2360680103302,-1.7320507764816284
-2.2360680103302,-1.7320507764816284
-2.2360680103302,-1.4142135381698608
-2.2360680103302,-1.4142135381698608
-2.2360680103302,-1.4142135381698608
-2.2360680103302,-1.4142135381698608
-2.2360680103302,-1.4142135381698608
-2.2360680103302,-1.4142135381698608
-2.2360680103302,-1.4142135381698608
-2.2360680103302,-1.4142135381698608
-2.2360680103302,-1.4142135381698608
-2.2360680103302,-1.4142135381698608
-2.2360680103302,-1.4142135381698608
-2.2360680103302,-1.4142135381698608
-2.2360680103302,-1.4142135381698608
-2.2360680103302,-1.4142135381698608
-2.2360680103302,-1.4142135381698608
-2.2360680103302,-1.4142135381698608
-2.2360680103302,-1.4142135381698608
-2.2360680103302,-1.4142135381698608
-2.2360680103302,-1.4142135381698608
-2.2360680103302,-1.4142135381698608
-2.2360680103302,-1.4142135381698608
-2.2360680103302,-1.4142135381698608
-2.2360680103302,-1.4142135381698608
-2.2360680103302,-1.4142135381698608
-2.2360680103302,-1.4142135381698608
-2.2360680103302,-1.4142135381698608
-2.2360680103302,-1.4142135381698608
-2.2360680103302,-1.4142135381698608
-2.2360680103302,-1
-2.2360680103302,-1
-2.2360680103302,-1
-2.2360680103302,-1
-2.2360680103302,-1
-2.2360680103302,-1
-2.2360680103302,-1
-2.2360680103302,-1
-2.2360680103302,-1
-2.2360680103302,-1
-2.2360680103302,-1
-2.2360680103302,-1
-2.2360680103302,-1
-2.2360680103302,-1
-2.2360680103302,-1
-2.2360680103302,-1
-2.2360680103302,-1
-2.2360680103302,-1
-2.2360680103302,-1
-2.2360680103302,-1
-2.2360680103302,-1
-2.2360680103302,-1
-2.2360680103302,-1
-2.2360680103302,-1
-2.2360680103302,-1
-2.2360680103302,-1
-2.2360680103302,-1
-2.2360680103302,-1
-2.2360680103302,-1
-2.2360680103302,-1
-2.2360680103302,-1
-2.2360680103302,-1
-2.2360680103302,-1
-2.2360680103302,-1
-2.2360680103302,-1
-2.2360680103302,-1
-2.2360680103302,-1
-2.2360680103302,-1
-2.2360680103302,-1
-2.2360680103302,-1
-2.2360680103302,-1
-2.2360680103302,-1
-2.2360680103302,-1
-2.2360680103302,-1
-2.2360680103302,-1
-2.2360680103302,-1
-2.2360680103302,-1
-2.2360680103302,-1
-2.2360680103302,-1
-2.2360680103302,-1
-2.2360680103302,-1
-2.2360680103302,-1
-2.2360680103302,-1
-2.2360680103302,-1
-2.2360680103302,-1
-2.2360680103302,-1
-2.2360680103302,-1
-2.2360680103302,-1
-2.2360680103302,-1
-2.2360680103302,-1
-2.2360680103302,-1
-2.2360680103302,-1
-2.2360680103302,-1
-2.2360680103302,-1
-2.2360680103302,-1
-2.2360680103302,-1
-2.2360680103302,-1
-2.2360680103302,-1
-2.2360680103302,-1
-2.2360680103302,-1
-2.2360680103302,-1
-2.2360680103302,1
-2.2360680103302,1
-2.2360680103302,1
-2.2360680103302,1
-2.2360680103302,1
-2.2360680103302,1
-2.2360680103302,1
-2.2360680103302,1
-2.2360680103302,1
-2.2360680103302,1
-2.2360680103302,1
-2.2360680103302,1
-2.2360680103302,1
-2.2360680103302,1
-2.2360680103302,1
-2.2360680103302,1
-2.2360680103302,1
-2.2360680103302,1
-2.2360680103302,1
-2.2360680103302,1
-2.2360680103302,1
-2.2360680103302,1
-2.2360680103302,1
-2.2360680103302,1
-2.2360680103302,1
-2.2360680103302,1
-2.2360680103302,1
-2.2360680103302,1
-2.2360680103302,1
-2.2360680103302,1
-2.2360680103302,1
-2.2360680103302,1
-2.2360680103302,1
-2.2360680103302,1
-2.2360680103302,1
-2.2360680103302,1
-2.2360680103302,1
-2.2360680103302,1
-2.2360680103302,1
-2.2360680103302,1
-2.2360680103302,1
-2.2360680103302,1
-2.2360680103302,1
-2.2360680103302,1
-2.2360680103302,1
-2.2360680103302,1
-2.2360680103302,1
-2.2360680103302,1
-2.2360680103302,1
-2.2360680103302,1
-2.2360680103302,1
-2.2360680103302,1
-2.2360680103302,1
-2.2360680103302,1
-2.2360680103302,1
-2.2360680103302,1
-2.2360680103302,1
-2.2360680103302,1
-2.2360680103302,1
-2.2360680103302,1
-2.2360680103302,1
-2.2360680103302,1
-2.2360680103302,1
-2.2360680103302,1
-2.2360680103302,1
-2.2360680103302,1.4142135381698608
-2.2360680103302,1.4142135381698608
-2.2360680103302,1.4142135381698608
-2.2360680103302,1.4142135381698608
-2.2360680103302,1.4142135381698608
-2.2360680103302,1.4142135381698608
-2.2360680103302,1.4142135381698608
-2.2360680103302,1.4142135381698608
-2.2360680103302,1.4142135381698608
-2.2360680103302,1.4142135381698608
-2.2360680103302,1.4142135381698608
-2.2360680103302,1.4142135381698608
-2.2360680103302,1.4142135381698608
-2.2360680103302,1.4142135381698608
-2.2360680103302,1.4142135381698608
-2.2360680103302,1.4142135381698608
-2.2360680103302,1.4142135381698608
-2.2360680103302,1.7320507764816284
-2.2360680103302,1.7320507764816284
-2.2360680103302,1.7320507764816284
-2.2360680103302,1.7320507764816284
-2.2360680103302,1.7320507764816284
-2.2360680103302,2
-2.2360680103302,2
-2.2360680103302,2
-2.2360680103302,2
-2.2360680103302,2
-2.2360680103302,2
-2.2360680103302,2
-2.2360680103302,2
-2.2360680103302,2
-2.2360680103302,2
-2.2360680103302,2
-2.2360680103302,2
-2.2360680103302,2
-2.2360680103302,2
-2.2360680103302,2
-2.2360680103302,2.2360680103302
-2.2360680103302,2.2360680103302
-2.2360680103302,2.2360680103302
-2.2360680103302,2.2360680103302
-2.2360680103302,2.2360680103302
-2.2360680103302,2.2360680103302
-2.2360680103302,2.2360680103302
-2.2360680103302,2.2360680103302
-2.2360680103302,2.2360680103302
-2.2360680103302,2.2360680103302
-2.2360680103302,2.2360680103302
-2.2360680103302,2.2360680103302
-2.2360680103302,2.2360680103302
-2.2360680103302,2.2360680103302
-2.2360680103302,2.2360680103302
-2.2360680103302,2.2360680103302
-2.2360680103302,2.2360680103302
-2.2360680103302,2.2360680103302
-2.2360680103302,2.2360680103302
-2.2360680103302,2.2360680103302
-2.2360680103302,2.2360680103302
-2.2360680103302,2.4494898319244385
-2.2360680103302,2.4494898319244385
-2.2360680103302,2.4494898319244385
-2.2360680103302,2.4494898319244385
-2.2360680103302,2.4494898319244385
-2.2360680103302,2.4494898319244385
-2.2360680103302,2.4494898319244385
-2.2360680103302,2.4494898319244385
-2.2360680103302,2.4494898319244385
-2.2360680103302,2.4494898319244385
-2.2360680103302,2.4494898319244385
-2.2360680103302,2.4494898319244385
-2.2360680103302,2.4494898319244385
-2.2360680103302,2.4494898319244385
-2.2360680103302,2.4494898319244385
-2.2360680103302,2.4494898319244385
-2.2360680103302,2.8284270763397217
-2.2360680103302,2.8284270763397217
-2.2360680103302,2.8284270763397217
-2.2360680103302,2.8284270763397217
-2.2360680103302,2.8284270763397217
-2.2360680103302,2.8284270763397217
-2.2360680103302,2.8284270763397217
-2.2360680103302,2.8284270763397217
-2.2360680103302,2.8284270763397217
-2.2360680103302,2.8284270763397217
-2.2360680103302,2.8284270763397217
-2.2360680103302,2.8284270763397217
-2.2360680103302,2.8284270763397217
-2.2360680103302,2.8284270763397217
-2.2360680103302,2.8284270763397217
-2.2360680103302,2.8284270763397217
-2.2360680103302,2.8284270763397217
-2.2360680103302,2.8284270763397217
-2.2360680103302,2.8284270763397217
-2.2360680103302,2.8284270763397217
-2.2360680103302,2.8284270763397217
-2.2360680103302,2.8284270763397217
-2.2360680103302,2.8284270763397217
-2.2360680103302,3
-2.2360680103302,3
-2.2360680103302,3
-2.2360680103302,3
-2.2360680103302,3
-2.2360680103302,3
-2.2360680103302,3
-2.2360680103302,3
-2.2360680103302,3
-2.2360680103302,3
-2.2360680103302,3
-2.2360680103302,3
-2.2360680103302,3
-2.2360680103302,3
-2.2360680103302,3
-2.2360680103302,3
-2.2360680103302,3.1622776985168457
-2.2360680103302,3.1622776985168457
-2.2360680103302,3.1622776985168457
-2.2360680103302,3.1622776985168457
-2.2360680103302,3.1622776985168457
-2.2360680103302,3.1622776985168457
-2.2360680103302,3.1622776985168457
-2.2360680103302,3.1622776985168457
-2.2360680103302,3.1622776985168457
-2.2360680103302,3.1622776985168457
-2.2360680103302,3.1622776985168457
-2.2360680103302,3.1622776985168457
-2.2360680103302,3.1622776985168457
-2.2360680103302,3.1622776985168457
-2.2360680103302,3.1622776985168457
-2.2360680103302,3.1622776985168457
-2.2360680103302,3.316624879837036
-2.2360680103302,3.316624879837036
-2.2360680103302,3.316624879837036
-2.2360680103302,3.316624879837036
-2.2360680103302,3.316624879837036
-2.2360680103302,3.316624879837036
-2.2360680103302,3.316624879837036
-2.2360680103302,3.316624879837036
-2.2360680103302,3.316624879837036
-2.2360680103302,3.464101552963257
-2.2360680103302,3.464101552963257
-2.2360680103302,3.605551242828369
-2.2360680103302,3.605551242828369
-2.2360680103302,3.605551242828369
-2.2360680103302,3.605551242828369
-2.2360680103302,3.605551242828369
-2.2360680103302,3.605551242828369
-2.2360680103302,3.605551242828369
-2.2360680103302,3.605551242828369
-2.2360680103302,3.605551242828369
-2.2360680103302,3.605551242828369
-2.2360680103302,3.605551242828369
-2.2360680103302,3.605551242828369
-2.2360680103302,3.605551242828369
-2.2360680103302,3.605551242828369
-2.2360680103302,3.605551242828369
-2.2360680103302,3.605551242828369
-2.2360680103302,3.605551242828369
-2.2360680103302,3.605551242828369
-2.2360680103302,3.7416574954986572
-2.2360680103302,3.7416574954986572
-2.2360680103302,3.7416574954986572
-2.2360680103302,3.7416574954986572
-2.2360680103302,3.7416574954986572
-2.2360680103302,3.7416574954986572
-2.2360680103302,3.7416574954986572
-2.2360680103302,3.7416574954986572
-2.2360680103302,3.7416574954986572
-2.2360680103302,3.7416574954986572
-2.2360680103302,3.7416574954986572
-2.2360680103302,3.7416574954986572
-2.2360680103302,3.7416574954986572
-2.2360680103302,4
-2.2360680103302,4
-2.2360680103302,4
-2.2360680103302,4
-2.2360680103302,4
-2.2360680103302,4
-2.2360680103302,4
-2.2360680103302,4
-2.2360680103302,4
-2.2360680103302,4
-2.2360680103302,4.123105525970459
-2.2360680103302,4.123105525970459
-2.2360680103302,4.123105525970459
-2.2360680103302,4.123105525970459
-2.2360680103302,4.123105525970459
-2.2360680103302,4.123105525970459
-2.2360680103302,4.123105525970459
-2.2360680103302,4.123105525970459
-2.2360680103302,4.123105525970459
-2.2360680103302,4.123105525970459
-2.2360680103302,4.123105525970459
-2.2360680103302,4.123105525970459
-2.2360680103302,4.123105525970459
-2.2360680103302,4.123105525970459
-2.2360680103302,4.123105525970459
-2.2360680103302,4.123105525970459
-2.2360680103302,4.123105525970459
-2.2360680103302,4.123105525970459
-2.2360680103302,4.242640495300293
-2.2360680103302,4.242640495300293
-2.2360680103302,4.242640495300293
-2.2360680103302,4.242640495300293
-2.2360680103302,4.242640495300293
-2.2360680103302,4.242640495300293
-2.2360680103302,4.242640495300293
-2.2360680103302,4.242640495300293
-2.2360680103302,4.242640495300293
-2.2360680103302,4.358899116516113
-2.2360680103302,4.358899116516113
-2.2360680103302,4.4721360206604
-2.2360680103302,4.4721360206604
-2.2360680103302,4.4721360206604
-2.2360680103302,4.4721360206604
-2.2360680103302,4.4721360206604
-2.2360680103302,4.4721360206604
-2.2360680103302,4.4721360206604
-2.2360680103302,4.4721360206604
-2.2360680103302,4.4721360206604
-2.2360680103302,4.4721360206604
-2.2360680103302,4.4721360206604
-2.2360680103302,4.582575798034668
-2.2360680103302,4.582575798034668
-2.2360680103302,4.582575798034668
-2.2360680103302,4.582575798034668
-2.2360680103302,4.582575798034668
-2.2360680103302,4.690415859222412
-2.2360680103302,4.690415859222412
-2.2360680103302,4.690415859222412
-2.2360680103302,4.690415859222412
-2.2360680103302,4.690415859222412
-2.2360680103302,4.690415859222412
-2.2360680103302,4.690415859222412
-2.2360680103302,4.898979663848877
-2.2360680103302,4.898979663848877
-2.2360680103302,4.898979663848877
-2.2360680103302,4.898979663848877
-2.2360680103302,4.898979663848877
-2.2360680103302,5
-2.2360680103302,5
-2.2360680103302,5
-2.2360680103302,5
-2.2360680103302,5
-2.2360680103302,5
-2.2360680103302,5
-2.2360680103302,5
-2.2360680103302,5
-2.2360680103302,5
-2.2360680103302,5
-2.2360680103302,5
-2.2360680103302,5
-2.2360680103302,5
-2.2360680103302,5
-2.2360680103302,5
-2.2360680103302,5
-2.2360680103302,5
-2.2360680103302,5
-2.2360680103302,5
-2.2360680103302,5
-2.2360680103302,5
-2.2360680103302,5
-2.2360680103302,5.099019527435303
-2.2360680103302,5.099019527435303
-2.2360680103302,5.099019527435303
-2.2360680103302,5.099019527435303
-2.2360680103302,5.099019527435303
-2.2360680103302,5.099019527435303
-2.2360680103302,5.099019527435303
-2.2360680103302,5.099019527435303
-2.2360680103302,5.099019527435303
-2.2360680103302,5.099019527435303
-2.2360680103302,5.196152210235596
-2.2360680103302,5.196152210235596
-2.2360680103302,5.196152210235596
-2.2360680103302,5.196152210235596
-2.2360680103302,5.385164737701416
-2.2360680103302,5.385164737701416
-2.2360680103302,5.385164737701416
-2.2360680103302,5.385164737701416
-2.2360680103302,5.385164737701416
-2.2360680103302,5.385164737701416
-2.2360680103302,5.385164737701416
-2.2360680103302,5.385164737701416
-2.2360680103302,5.385164737701416
-2.2360680103302,5.385164737701416
-2.2360680103302,5.385164737701416
-2.2360680103302,5.385164737701416
-2.2360680103302,5.385164737701416
-2.2360680103302,5.385164737701416
-2.2360680103302,5.385164737701416
-2.2360680103302,5.385164737701416
-2.2360680103302,5.4772257804870605
-2.2360680103302,5.4772257804870605
-2.2360680103302,5.4772257804870605
-2.2360680103302,5.4772257804870605
-2.2360680103302,5.4772257804870605
-2.2360680103302,5.4772257804870605
-2.2360680103302,5.4772257804870605
-2.2360680103302,5.4772257804870605
-2.2360680103302,5.4772257804870605
-2.2360680103302,5.4772257804870605
-2.2360680103302,5.656854152679443
-2.2360680103302,5.656854152679443
-2.2360680103302,5.656854152679443
-2.2360680103302,5.656854152679443
-2.2360680103302,5.656854152679443
-2.2360680103302,5.656854152679443
-2.2360680103302,5.656854152679443
-2.2360680103302,5.656854152679443
-2.2360680103302,5.74456262588501
-2.2360680103302,5.74456262588501
-2.2360680103302,5.74456262588501
-2.2360680103302,5.74456262588501
-2.2360680103302,5.74456262588501
-2.2360680103302,5.74456262588501
-2.2360680103302,5.74456262588501
-2.2360680103302,5.74456262588501
-2.2360680103302,5.74456262588501
-2.2360680103302,5.74456262588501
-2.2360680103302,5.74456262588501
-2.2360680103302,5.830951690673828
-2.2360680103302,5.830951690673828
-2.2360680103302,5.830951690673828
-2.2360680103302,5.830951690673828
-2.2360680103302,5.830951690673828
-2.2360680103302,5.830951690673828
-2.2360680103302,5.830951690673828
-2.2360680103302,5.830951690673828
-2.2360680103302,5.830951690673828
-2.2360680103302,5.830951690673828
-2.2360680103302,5.830951690673828
-2.2360680103302,5.916079998016357
-2.2360680103302,5.916079998016357
-2.2360680103302,5.916079998016357
-2.2360680103302,5.916079998016357
-2.2360680103302,5.916079998016357
-2.2360680103302,5.916079998016357
-2.2360680103302,5.916079998016357
-2.2360680103302,5.916079998016357
-2.2360680103302,5.916079998016357
-2.2360680103302,5.916079998016357
-2.2360680103302,6
-2.2360680103302,6
-2.2360680103302,6
-2.2360680103302,6
-2.2360680103302,6
-2.2360680103302,6
-2.2360680103302,6.082762718200684
-2.2360680103302,6.082762718200684
-2.2360680103302,6.082762718200684
-2.2360680103302,6.082762718200684
-2.2360680103302,6.082762718200684
-2.2360680103302,6.164413928985596
-2.2360680103302,6.164413928985596
-2.2360680103302,6.164413928985596
-2.2360680103302,6.164413928985596
-2.2360680103302,6.164413928985596
-2.2360680103302,6.164413928985596
-2.2360680103302,6.164413928985596
-2.2360680103302,6.164413928985596
-2.2360680103302,6.164413928985596
-2.2360680103302,6.164413928985596
-2.2360680103302,6.164413928985596
-2.2360680103302,6.324555397033691
-2.2360680103302,6.324555397033691
-2.2360680103302,6.324555397033691
-2.2360680103302,6.324555397033691
-2.2360680103302,6.324555397033691
-2.2360680103302,6.324555397033691
-2.2360680103302,6.4031243324279785
-2.2360680103302,6.4031243324279785
-2.2360680103302,6.4031243324279785
-2.2360680103302,6.4031243324279785
-2.2360680103302,6.4031243324279785
-2.2360680103302,6.4031243324279785
-2.2360680103302,6.4031243324279785
-2.2360680103302,6.4031243324279785
-2.2360680103302,6.4031243324279785
-2.2360680103302,6.4031243324279785
-2.2360680103302,6.4031243324279785
-2.2360680103302,6.4031243324279785
-2.2360680103302,6.4031243324279785
-2.2360680103302,6.4031243324279785
-2.2360680103302,6.4031243324279785
-2.2360680103302,6.4031243324279785
-2.2360680103302,6.4031243324279785
-2.2360680103302,6.4031243324279785
-2.2360680103302,6.4031243324279785
-2.2360680103302,6.4031243324279785
-2.2360680103302,6.4031243324279785
-2.2360680103302,6.4031243324279785
-2.2360680103302,6.4031243324279785
-2.2360680103302,6.4031243324279785
-2.2360680103302,6.4031243324279785
-2.2360680103302,6.480740547180176
-2.2360680103302,6.557438373565674
-2.2360680103302,6.557438373565674
-2.2360680103302,6.557438373565674
-2.2360680103302,6.557438373565674
-2.2360680103302,6.557438373565674
-2.2360680103302,6.633249759674072
-2.2360680103302,6.633249759674072
-2.2360680103302,6.633249759674072
-2.2360680103302,6.633249759674072
-2.2360680103302,6.633249759674072
-2.2360680103302,6.633249759674072
-2.2360680103302,6.633249759674072
-2.2360680103302,6.7082037925720215
-2.2360680103302,6.7082037925720215
-2.2360680103302,6.7082037925720215
-2.2360680103302,6.7082037925720215
-2.2360680103302,6.7082037925720215
-2.2360680103302,6.7082037925720215
-2.2360680103302,6.7082037925720215
-2.2360680103302,6.7082037925720215
-2.2360680103302,6.7082037925720215
-2.2360680103302,6.7082037925720215
-2.2360680103302,6.7082037925720215
-2.2360680103302,6.7082037925720215
-2.2360680103302,6.7082037925720215
-2.2360680103302,6.7082037925720215
-2.2360680103302,6.7082037925720215
-2.2360680103302,6.78233003616333
-2.2360680103302,6.78233003616333
-2.2360680103302,6.78233003616333
-2.2360680103302,6.78233003616333
-2.2360680103302,6.78233003616333
-2.2360680103302,6.78233003616333
-2.2360680103302,6.78233003616333
-2.2360680103302,6.78233003616333
-2.2360680103302,6.78233003616333
-2.2360680103302,6.78233003616333
-2.2360680103302,6.78233003616333
-2.2360680103302,6.78233003616333
-2.2360680103302,6.78233003616333
-2.2360680103302,6.78233003616333
-2.2360680103302,6.78233003616333
-2.2360680103302,6.928203105926514
-2.2360680103302,6.928203105926514
-2.2360680103302,7
-2.2360680103302,7
-2.2360680103302,7
-2.2360680103302,7
-2.2360680103302,7
-2.2360680103302,7
-2.2360680103302,7
-2.2360680103302,7
-2.2360680103302,7
-2.2360680103302,7
-2.2360680103302,7
-2.2360680103302,7
-2.2360680103302,7.071067810058594
-2.2360680103302,7.071067810058594
-2.2360680103302,7.071067810058594
-2.2360680103302,7.071067810058594
-2.2360680103302,7.071067810058594
-2.2360680103302,7.071067810058594
-2.2360680103302,7.071067810058594
-2.2360680103302,7.071067810058594
-2.2360680103302,7.071067810058594
-2.2360680103302,7.071067810058594
-2.2360680103302,7.071067810058594
-2.2360680103302,7.071067810058594
-2.2360680103302,7.141428470611572
-2.2360680103302,7.141428470611572
-2.2360680103302,7.141428470611572
-2.2360680103302,7.141428470611572
-2.2360680103302,7.211102485656738
-2.2360680103302,7.211102485656738
-2.2360680103302,7.211102485656738
-2.2360680103302,7.280109882354736
-2.2360680103302,7.280109882354736
-2.2360680103302,7.280109882354736
-2.2360680103302,7.280109882354736
-2.2360680103302,7.280109882354736
-2.2360680103302,7.280109882354736
-2.2360680103302,7.348469257354736
-2.2360680103302,7.348469257354736
-2.2360680103302,7.348469257354736
-2.2360680103302,7.348469257354736
-2.2360680103302,7.348469257354736
-2.2360680103302,7.348469257354736
-2.2360680103302,7.348469257354736
-2.2360680103302,7.348469257354736
-2.2360680103302,7.348469257354736
-2.2360680103302,7.348469257354736
-2.2360680103302,7.348469257354736
-2.2360680103302,7.348469257354736
-2.2360680103302,7.4833149909973145
-2.2360680103302,7.4833149909973145
-2.2360680103302,7.4833149909973145
-2.2360680103302,7.4833149909973145
-2.2360680103302,7.4833149909973145
-2.2360680103302,7.4833149909973145
-2.2360680103302,7.549834251403809
-2.2360680103302,7.549834251403809
-2.2360680103302,7.549834251403809
-2.2360680103302,7.6157732009887695
-2.2360680103302,7.6157732009887695
-2.2360680103302,7.6157732009887695
-2.2360680103302,7.6157732009887695
-2.2360680103302,7.6157732009887695
-2.2360680103302,7.6157732009887695
-2.2360680103302,7.6157732009887695
-2.2360680103302,7.6157732009887695
-2.2360680103302,7.6157732009887695
-2.2360680103302,7.6157732009887695
-2.2360680103302,7.681145668029785
-2.2360680103302,7.681145668029785
-2.2360680103302,7.681145668029785
-2.2360680103302,7.681145668029785
-2.2360680103302,7.681145668029785
-2.2360680103302,7.681145668029785
-2.2360680103302,7.681145668029785
-2.2360680103302,7.681145668029785
-2.2360680103302,7.681145668029785
-2.2360680103302,7.8102498054504395
-2.2360680103302,7.8102498054504395
-2.2360680103302,7.8102498054504395
-2.2360680103302,7.8102498054504395
-2.2360680103302,7.8102498054504395
-2.2360680103302,7.8102498054504395
-2.2360680103302,7.8102498054504395
-2.2360680103302,7.874007701873779
-2.2360680103302,7.874007701873779
-2.2360680103302,7.874007701873779
-2.2360680103302,8
-2.2360680103302,8
-2.2360680103302,8
-2.2360680103302,8.062257766723633
-2.2360680103302,8.062257766723633
-2.2360680103302,8.062257766723633
-2.2360680103302,8.062257766723633
-2.2360680103302,8.062257766723633
-2.2360680103302,8.062257766723633
-2.2360680103302,8.062257766723633
-2.2360680103302,8.062257766723633
-2.2360680103302,8.062257766723633
-2.2360680103302,8.062257766723633
-2.2360680103302,8.062257766723633
-2.2360680103302,8.124038696289063
-2.2360680103302,8.124038696289063
-2.2360680103302,8.124038696289063
-2.2360680103302,8.124038696289063
-2.2360680103302,8.124038696289063
-2.2360680103302,8.124038696289063
-2.2360680103302,8.185352325439453
-2.2360680103302,8.185352325439453
-2.2360680103302,8.185352325439453
-2.2360680103302,8.185352325439453
-2.2360680103302,8.246211051940918
-2.2360680103302,8.246211051940918
-2.2360680103302,8.246211051940918
-2.2360680103302,8.246211051940918
-2.2360680103302,8.246211051940918
-2.2360680103302,8.246211051940918
-2.2360680103302,8.246211051940918
-2.2360680103302,8.246211051940918
-2.2360680103302,8.246211051940918
-2.2360680103302,8.306623458862305
-2.2360680103302,8.306623458862305
-2.2360680103302,8.306623458862305
-2.2360680103302,8.306623458862305
-2.2360680103302,8.306623458862305
-2.2360680103302,8.306623458862305
-2.2360680103302,8.306623458862305
-2.2360680103302,8.306623458862305
-2.2360680103302,8.366600036621094
-2.2360680103302,8.366600036621094
-2.2360680103302,8.366600036621094
-2.2360680103302,8.485280990600586
-2.2360680103302,8.485280990600586
-2.2360680103302,8.485280990600586
-2.2360680103302,8.485280990600586
-2.2360680103302,8.485280990600586
-2.2360680103302,8.485280990600586
-2.2360680103302,8.485280990600586
-2.2360680103302,8.485280990600586
-2.2360680103302,8.485280990600586
-2.2360680103302,8.5440034866333
-2.2360680103302,8.5440034866333
-2.2360680103302,8.5440034866333
-2.2360680103302,8.5440034866333
-2.2360680103302,8.5440034866333
-2.2360680103302,8.5440034866333
-2.2360680103302,8.5440034866333
-2.2360680103302,8.5440034866333
-2.2360680103302,8.5440034866333
-2.2360680103302,8.602325439453125
-2.2360680103302,8.602325439453125
-2.2360680103302,8.602325439453125
-2.2360680103302,8.602325439453125
-2.2360680103302,8.602325439453125
-2.2360680103302,8.602325439453125
-2.2360680103302,8.602325439453125
-2.2360680103302,8.602325439453125
-2.2360680103302,8.602325439453125
-2.2360680103302,8.66025447845459
-2.2360680103302,8.66025447845459
-2.2360680103302,8.66025447845459
-2.2360680103302,8.66025447845459
-2.2360680103302,8.66025447845459
-2.2360680103302,8.66025447845459
-2.2360680103302,8.66025447845459
-2.2360680103302,8.717798233032227
-2.2360680103302,8.717798233032227
-2.2360680103302,8.717798233032227
-2.2360680103302,8.774964332580566
-2.2360680103302,8.774964332580566
-2.2360680103302,8.774964332580566
-2.2360680103302,8.774964332580566
-2.2360680103302,8.83176040649414
-2.2360680103302,8.83176040649414
-2.2360680103302,8.83176040649414
-2.2360680103302,8.9442720413208
-2.2360680103302,8.9442720413208
-2.2360680103302,8.9442720413208
-2.2360680103302,8.9442720413208
-2.2360680103302,9
-2.2360680103302,9
-2.2360680103302,9
-2.2360680103302,9
-2.2360680103302,9
-2.2360680103302,9
-2.2360680103302,9
-2.2360680103302,9.05538558959961
-2.2360680103302,9.05538558959961
-2.2360680103302,9.05538558959961
-2.2360680103302,9.05538558959961
-2.2360680103302,9.05538558959961
-2.2360680103302,9.05538558959961
-2.2360680103302,9.05538558959961
-2.2360680103302,9.05538558959961
-2.2360680103302,9.05538558959961
-2.2360680103302,9.110433578491211
-2.2360680103302,9.110433578491211
-2.2360680103302,9.110433578491211
-2.2360680103302,9.165151596069336
-2.2360680103302,9.165151596069336
-2.2360680103302,9.219544410705566
-2.2360680103302,9.219544410705566
-2.2360680103302,9.219544410705566
-2.2360680103302,9.219544410705566
-2.2360680103302,9.219544410705566
-2.2360680103302,9.219544410705566
-2.2360680103302,9.219544410705566
-2.2360680103302,9.219544410705566
-2.2360680103302,9.219544410705566
-2.2360680103302,9.273618698120117
-2.2360680103302,9.273618698120117
-2.2360680103302,9.273618698120117
-2.2360680103302,9.380831718444824
-2.2360680103302,9.380831718444824
-2.2360680103302,9.380831718444824
-2.2360680103302,9.380831718444824
-2.2360680103302,9.433980941772461
-2.2360680103302,9.433980941772461
-2.2360680103302,9.433980941772461
-2.2360680103302,9.433980941772461
-2.2360680103302,9.433980941772461
-2.2360680103302,9.433980941772461
-2.2360680103302,9.433980941772461
-2.2360680103302,9.433980941772461
-2.2360680103302,9.433980941772461
-2.2360680103302,9.486832618713379
-2.2360680103302,9.486832618713379
-2.2360680103302,9.486832618713379
-2.2360680103302,9.539392471313477
-2.2360680103302,9.539392471313477
-2.2360680103302,9.539392471313477
-2.2360680103302,9.539392471313477
-2.2360680103302,9.643651008605957
-2.2360680103302,9.643651008605957
-2.2360680103302,9.643651008605957
-2.2360680103302,9.69536018371582
-2.2360680103302,9.69536018371582
-2.2360680103302,9.797959327697754
-2.2360680103302,9.848857879638672
-2.2360680103302,9.848857879638672
-2.2360680103302,9.848857879638672
-2.2360680103302,9.848857879638672
-2.2360680103302,9.848857879638672
-2.2360680103302,9.848857879638672
-2.2360680103302,9.848857879638672
-2.2360680103302,9.848857879638672
-2.2360680103302,9.848857879638672
-2.2360680103302,9.848857879638672
-2.2360680103302,9.899495124816895
-2.2360680103302,9.899495124816895
-2.2360680103302,9.899495124816895
-2.2360680103302,9.899495124816895
-2.2360680103302,9.899495124816895
-2.2360680103302,9.899495124816895
-2.2360680103302,9.899495124816895
-2.2360680103302,9.899495124816895
-2.2360680103302,9.899495124816895
-2.2360680103302,9.899495124816895
-2.2360680103302,9.949873924255371
-2.2360680103302,9.949873924255371
-2.2360680103302,9.949873924255371
-2.2360680103302,9.949873924255371
-2.2360680103302,9.949873924255371
-2.2360680103302,9.949873924255371
-2.2360680103302,10
-2.2360680103302,10
-2.2360680103302,10
-2.2360680103302,10.049875259399414
-2.2360680103302,10.049875259399414
-2.2360680103302,10.049875259399414
-2.2360680103302,10.049875259399414
-2.2360680103302,10.099504470825195
-2.2360680103302,10.198039054870605
-2.2360680103302,10.198039054870605
-2.2360680103302,10.24695110321045
-2.2360680103302,10.24695110321045
-2.2360680103302,10.24695110321045
-2.2360680103302,10.24695110321045
-2.2360680103302,10.24695110321045
-2.2360680103302,10.29563045501709
-2.2360680103302,10.29563045501709
-2.2360680103302,10.392304420471191
-2.2360680103302,10.392304420471191
-2.2360680103302,10.392304420471191
-2.2360680103302,10.440306663513184
-2.2360680103302,10.440306663513184
-2.2360680103302,10.440306663513184
-2.2360680103302,10.440306663513184
-2.2360680103302,10.488088607788086
-2.2360680103302,10.488088607788086
-2.2360680103302,10.630146026611328
-2.2360680103302,10.630146026611328
-2.2360680103302,10.630146026611328
-2.2360680103302,10.630146026611328
-2.2360680103302,10.677078247070313
-2.2360680103302,10.677078247070313
-2.2360680103302,10.677078247070313
-2.2360680103302,10.72380542755127
-2.2360680103302,10.72380542755127
-2.2360680103302,10.72380542755127
-2.2360680103302,10.770329475402832
-2.2360680103302,10.770329475402832
-2.2360680103302,10.770329475402832
-2.2360680103302,10.770329475402832
-2.2360680103302,10.770329475402832
-2.2360680103302,10.816654205322266
-2.2360680103302,10.816654205322266
-2.2360680103302,10.816654205322266
-2.2360680103302,10.816654205322266
-2.2360680103302,10.862780570983887
-2.2360680103302,10.862780570983887
-2.2360680103302,10.862780570983887
-2.2360680103302,10.862780570983887
-2.2360680103302,10.954451560974121
-2.2360680103302,11
-2.2360680103302,11
-2.2360680103302,11.045360565185547
-2.2360680103302,11.045360565185547
-2.2360680103302,11.045360565185547
-2.2360680103302,11.045360565185547
-2.2360680103302,11.045360565185547
-2.2360680103302,11.090536117553711
-2.2360680103302,11.090536117553711
-2.2360680103302,11.090536117553711
-2.2360680103302,11.180339813232422
-2.2360680103302,11.180339813232422
-2.2360680103302,11.180339813232422
-2.2360680103302,11.224971771240234
-2.2360680103302,11.224971771240234
-2.2360680103302,11.224971771240234
-2.2360680103302,11.357816696166992
-2.2360680103302,11.357816696166992
-2.2360680103302,11.401754379272461
-2.2360680103302,11.401754379272461
-2.2360680103302,11.401754379272461
-2.2360680103302,11.445523262023926
-2.2360680103302,11.445523262023926
-2.2360680103302,11.445523262023926
-2.2360680103302,11.48912525177002
-2.2360680103302,11.48912525177002
-2.2360680103302,11.575837135314941
-2.2360680103302,11.575837135314941
-2.2360680103302,11.575837135314941
-2.2360680103302,11.575837135314941
-2.2360680103302,11.661903381347656
-2.2360680103302,11.704699516296387
-2.2360680103302,11.747340202331543
-2.2360680103302,11.747340202331543
-2.2360680103302,11.87434196472168
-2.2360680103302,12.041594505310059
-2.2360680103302,12.083045959472656
-2.2360680103302,12.12435531616211
-2.2360680103302,12.247448921203613
-2.2360680103302,12.369317054748535
-2.2360680103302,12.369317054748535
-2.2360680103302,12.369317054748535
-2.2360680103302,12.449899673461914
-2.2360680103302,12.649110794067383
-2.2360680103302,12.688577651977539
-2.2360680103302,12.688577651977539
-2.2360680103302,12.688577651977539
-2.2360680103302,12.688577651977539
-2.2360680103302,12.767145156860352
-2.2360680103302,12.806248664855957
-2.2360680103302,12.806248664855957
-2.2360680103302,13.03840446472168
-2.2360680103302,13.076696395874023
-2.2360680103302,13.152946472167969
-2.2360680103302,13.152946472167969
-2.2360680103302,13.190905570983887
-2.2360680103302,13.266499519348145
-2.2360680103302,13.34166431427002
-2.2360680103302,13.34166431427002
-2.2360680103302,13.416407585144043
-2.2360680103302,13.490737915039063
-2.2360680103302,13.601470947265625
-2.2360680103302,13.601470947265625
-2.2360680103302,13.928388595581055
-2.2360680103302,13.964240074157715
-2.2360680103302,14.071247100830078
-2.2360680103302,14.177447319030762
-2.2360680103302,14.525838851928711
-2.2360680103302,15.033296585083008
-2.2360680103302,15.29705810546875
-2.2360680103302,15.29705810546875
-2.2360680103302,15.55634880065918
-2.2360680103302,15.620499610900879
-2.2360680103302,15.65247631072998
-2.2360680103302,15.65247631072998
-2.2360680103302,15.779733657836914
-2.2360680103302,15.81138801574707
-2.2360680103302,15.81138801574707
-2.2360680103302,15.905973434448242
-2.2360680103302,15.937376976013184
-2.2360680103302,15.937376976013184
-2.2360680103302,16.124515533447266
-2.2360680103302,16.309507369995117
-2.2360680103302,16.34013557434082
-2.2360680103302,16.34013557434082
-2.2360680103302,16.552946090698242
-2.2360680103302,16.5831241607666
-2.2360680103302,16.76305389404297
-2.2360680103302,17.20465087890625
-2.2360680103302,17.549928665161133
-2.2360680103302,17.69180679321289
-2.2360680103302,18.027755737304688
-2.2360680103302,18.867961883544922
-2.2360680103302,18.89444351196289
-2.2360680103302,20.808652877807617
-2.2360680103302,21.748563766479492
-2.2360680103302,21.863210678100586
-2,inf
-2,inf
-2,inf
-2,inf
-2,inf
-2,inf
-2,inf
-2,inf
-2,inf
-2,inf
-2,inf
-2,inf
-2,inf
-2,inf
-2,inf
-2,inf
-2,inf
-2,inf
-2,inf
-2,inf
-2,inf
-2,inf
-2,inf
-2,inf
-2,-1.7320507764816284
-2,-1.7320507764816284
-2,-1.7320507764816284
-2,-1.7320507764816284
-2,-1.7320507764816284
-2,-1.7320507764816284
-2,-1.7320507764816284
-2,-1.7320507764816284
-2,-1.7320507764816284
-2,-1.7320507764816284
-2,-1.7320507764816284
-2,-1.7320507764816284
-2,-1.7320507764816284
-2,-1.7320507764816284
-2,-1.7320507764816284
-2,-1.7320507764816284
-2,-1.7320507764816284
-2,-1.7320507764816284
-2,-1.7320507764816284
-2,-1.7320507764816284
-2,-1.7320507764816284
-2,-1.7320507764816284
-2,-1.7320507764816284
-2,-1.7320507764816284
-2,-1.7320507764816284
-2,-1.7320507764816284
-2,-1.7320507764816284
-2,-1.7320507764816284
-2,-1.7320507764816284
-2,-1.7320507764816284
-2,-1.7320507764816284
-2,-1.7320507764816284
-2,-1.7320507764816284
-2,-1.7320507764816284
-2,-1.7320507764816284
-2,-1.7320507764816284
-2,-1.7320507764816284
-2,-1.7320507764816284
-2,-1.7320507764816284
-2,-1.7320507764816284
-2,-1.7320507764816284
-2,-1.7320507764816284
-2,-1.4142135381698608
-2,-1.4142135381698608
-2,-1.4142135381698608
-2,-1.4142135381698608
-2,-1.4142135381698608
-2,-1.4142135381698608
-2,-1.4142135381698608
-2,-1.4142135381698608
-2,-1.4142135381698608
-2,-1.4142135381698608
-2,-1.4142135381698608
-2,-1.4142135381698608
-2,-1.4142135381698608
-2,-1.4142135381698608
-2,-1.4142135381698608
-2,-1.4142135381698608
-2,-1.4142135381698608
-2,-1.4142135381698608
-2,-1.4142135381698608
-2,-1.4142135381698608
-2,-1.4142135381698608
-2,-1.4142135381698608
-2,-1.4142135381698608
-2,-1.4142135381698608
-2,-1.4142135381698608
-2,-1.4142135381698608
-2,-1.4142135381698608
-2,-1.4142135381698608
-2,-1.4142135381698608
-2,-1.4142135381698608
-2,-1.4142135381698608
-2,-1.4142135381698608
-2,-1.4142135381698608
-2,-1.4142135381698608
-2,-1.4142135381698608
-2,-1.4142135381698608
-2,-1.4142135381698608
-2,-1
-2,-1
-2,-1
-2,-1
-2,-1
-2,-1
-2,-1
-2,-1
-2,-1
-2,-1
-2,-1
-2,-1
-2,-1
-2,-1
-2,-1
-2,-1
-2,-1
-2,-1
-2,-1
-2,-1
-2,-1
-2,-1
-2,-1
-2,-1
-2,-1
-2,-1
-2,-1
-2,-1
-2,-1
-2,-1
-2,-1
-2,-1
-2,-1
-2,-1
-2,-1
-2,-1
-2,-1
-2,-1
-2,-1
-2,-1
-2,-1
-2,-1
-2,-1
-2,1
-2,1
-2,1
-2,1
-2,1
-2,1
-2,1
-2,1
-2,1
-2,1
-2,1
-2,1
-2,1
-2,1
-2,1
-2,1
-2,1
-2,1
-2,1
-2,1
-2,1
-2,1
-2,1
-2,1
-2,1
-2,1
-2,1
-2,1
-2,1
-2,1
-2,1
-2,1
-2,1
-2,1
-2,1.4142135381698608
-2,1.4142135381698608
-2,1.4142135381698608
-2,1.4142135381698608
-2,1.4142135381698608
-2,1.4142135381698608
-2,1.4142135381698608
-2,1.4142135381698608
-2,1.4142135381698608
-2,1.4142135381698608
-2,1.4142135381698608
-2,1.4142135381698608
-2,1.7320507764816284
-2,1.7320507764816284
-2,1.7320507764816284
-2,1.7320507764816284
-2,2
-2,2
-2,2
-2,2
-2,2
-2,2
-2,2
-2,2
-2,2.2360680103302
-2,2.2360680103302
-2,2.2360680103302
-2,2.2360680103302
-2,2.2360680103302
-2,2.2360680103302
-2,2.2360680103302
-2,2.2360680103302
-2,2.2360680103302
-2,2.2360680103302
-2,2.2360680103302
-2,2.2360680103302
-2,2.2360680103302
-2,2.4494898319244385
-2,2.4494898319244385
-2,2.4494898319244385
-2,2.4494898319244385
-2,2.4494898319244385
-2,2.4494898319244385
-2,2.4494898319244385
-2,2.8284270763397217
-2,2.8284270763397217
-2,2.8284270763397217
-2,2.8284270763397217
-2,2.8284270763397217
-2,2.8284270763397217
-2,2.8284270763397217
-2,2.8284270763397217
-2,2.8284270763397217
-2,3
-2,3
-2,3
-2,3
-2,3
-2,3
-2,3
-2,3
-2,3
-2,3
-2,3
-2,3
-2,3.1622776985168457
-2,3.1622776985168457
-2,3.1622776985168457
-2,3.1622776985168457
-2,3.1622776985168457
-2,3.1622776985168457
-2,3.1622776985168457
-2,3.1622776985168457
-2,3.1622776985168457
-2,3.1622776985168457
-2,3.316624879837036
-2,3.316624879837036
-2,3.316624879837036
-2,3.316624879837036
-2,3.464101552963257
-2,3.605551242828369
-2,3.605551242828369
-2,3.605551242828369
-2,3.605551242828369
-2,3.605551242828369
-2,3.605551242828369
-2,3.605551242828369
-2,3.605551242828369
-2,3.605551242828369
-2,3.605551242828369
-2,3.605551242828369
-2,3.7416574954986572
-2,3.7416574954986572
-2,3.7416574954986572
-2,3.7416574954986572
-2,4
-2,4.123105525970459
-2,4.123105525970459
-2,4.123105525970459
-2,4.123105525970459
-2,4.123105525970459
-2,4.123105525970459
-2,4.242640495300293
-2,4.242640495300293
-2,4.242640495300293
-2,4.242640495300293
-2,4.358899116516113
-2,4.358899116516113
-2,4.358899116516113
-2,4.4721360206604
-2,4.4721360206604
-2,4.4721360206604
-2,4.4721360206604
-2,4.4721360206604
-2,4.4721360206604
-2,4.4721360206604
-2,4.4721360206604
-2,4.4721360206604
-2,4.898979663848877
-2,5
-2,5
-2,5
-2,5
-2,5
-2,5
-2,5
-2,5
-2,5
-2,5.099019527435303
-2,5.099019527435303
-2,5.099019527435303
-2,5.099019527435303
-2,5.099019527435303
-2,5.099019527435303
-2,5.099019527435303
-2,5.099019527435303
-2,5.196152210235596
-2,5.196152210235596
-2,5.385164737701416
-2,5.385164737701416
-2,5.385164737701416
-2,5.385164737701416
-2,5.385164737701416
-2,5.385164737701416
-2,5.385164737701416
-2,5.385164737701416
-2,5.385164737701416
-2,5.385164737701416
-2,5.385164737701416
-2,5.4772257804870605
-2,5.4772257804870605
-2,5.4772257804870605
-2,5.4772257804870605
-2,5.4772257804870605
-2,5.4772257804870605
-2,5.656854152679443
-2,5.656854152679443
-2,5.656854152679443
-2,5.656854152679443
-2,5.74456262588501
-2,5.74456262588501
-2,5.74456262588501
-2,5.830951690673828
-2,5.830951690673828
-2,5.830951690673828
-2,5.830951690673828
-2,5.830951690673828
-2,5.916079998016357
-2,5.916079998016357
-2,5.916079998016357
-2,6
-2,6
-2,6
-2,6
-2,6
-2,6
-2,6.082762718200684
-2,6.082762718200684
-2,6.082762718200684
-2,6.164413928985596
-2,6.164413928985596
-2,6.324555397033691
-2,6.324555397033691
-2,6.324555397033691
-2,6.324555397033691
-2,6.4031243324279785
-2,6.4031243324279785
-2,6.4031243324279785
-2,6.480740547180176
-2,6.480740547180176
-2,6.480740547180176
-2,6.480740547180176
-2,6.557438373565674
-2,6.633249759674072
-2,6.7082037925720215
-2,6.7082037925720215
-2,6.7082037925720215
-2,6.7082037925720215
-2,6.78233003616333
-2,6.78233003616333
-2,6.78233003616333
-2,7
-2,7
-2,7
-2,7
-2,7
-2,7
-2,7
-2,7
-2,7
-2,7.071067810058594
-2,7.071067810058594
-2,7.071067810058594
-2,7.071067810058594
-2,7.071067810058594
-2,7.141428470611572
-2,7.141428470611572
-2,7.211102485656738
-2,7.211102485656738
-2,7.211102485656738
-2,7.211102485656738
-2,7.211102485656738
-2,7.211102485656738
-2,7.280109882354736
-2,7.280109882354736
-2,7.280109882354736
-2,7.348469257354736
-2,7.348469257354736
-2,7.348469257354736
-2,7.348469257354736
-2,7.348469257354736
-2,7.348469257354736
-2,7.348469257354736
-2,7.4833149909973145
-2,7.4833149909973145
-2,7.4833149909973145
-2,7.4833149909973145
-2,7.4833149909973145
-2,7.4833149909973145
-2,7.549834251403809
-2,7.549834251403809
-2,7.549834251403809
-2,7.6157732009887695
-2,7.6157732009887695
-2,7.681145668029785
-2,7.8102498054504395
-2,7.8102498054504395
-2,7.8102498054504395
-2,7.8102498054504395
-2,7.8102498054504395
-2,7.8102498054504395
-2,7.8102498054504395
-2,7.8102498054504395
-2,7.8102498054504395
-2,7.8102498054504395
-2,7.8102498054504395
-2,7.8102498054504395
-2,7.8102498054504395
-2,7.8102498054504395
-2,7.874007701873779
-2,7.874007701873779
-2,7.874007701873779
-2,7.874007701873779
-2,8.062257766723633
-2,8.062257766723633
-2,8.062257766723633
-2,8.062257766723633
-2,8.062257766723633
-2,8.062257766723633
-2,8.062257766723633
-2,8.062257766723633
-2,8.062257766723633
-2,8.124038696289063
-2,8.124038696289063
-2,8.124038696289063
-2,8.185352325439453
-2,8.185352325439453
-2,8.246211051940918
-2,8.246211051940918
-2,8.246211051940918
-2,8.246211051940918
-2,8.246211051940918
-2,8.306623458862305
-2,8.306623458862305
-2,8.306623458862305
-2,8.366600036621094
-2,8.366600036621094
-2,8.485280990600586
-2,8.485280990600586
-2,8.5440034866333
-2,8.602325439453125
-2,8.602325439453125
-2,8.602325439453125
-2,8.602325439453125
-2,8.602325439453125
-2,8.602325439453125
-2,8.602325439453125
-2,8.602325439453125
-2,8.602325439453125
-2,8.602325439453125
-2,8.66025447845459
-2,8.66025447845459
-2,8.66025447845459
-2,8.66025447845459
-2,8.66025447845459
-2,8.717798233032227
-2,8.774964332580566
-2,8.774964332580566
-2,8.83176040649414
-2,8.83176040649414
-2,8.83176040649414
-2,8.83176040649414
-2,8.9442720413208
-2,8.9442720413208
-2,9
-2,9.05538558959961
-2,9.05538558959961
-2,9.05538558959961
-2,9.110433578491211
-2,9.110433578491211
-2,9.165151596069336
-2,9.219544410705566
-2,9.219544410705566
-2,9.219544410705566
-2,9.219544410705566
-2,9.273618698120117
-2,9.273618698120117
-2,9.380831718444824
-2,9.433980941772461
-2,9.433980941772461
-2,9.433980941772461
-2,9.433980941772461
-2,9.433980941772461
-2,9.433980941772461
-2,9.486832618713379
-2,9.486832618713379
-2,9.486832618713379
-2,9.486832618713379
-2,9.486832618713379
-2,9.486832618713379
-2,9.486832618713379
-2,9.539392471313477
-2,9.643651008605957
-2,9.643651008605957
-2,9.643651008605957
-2,9.643651008605957
-2,9.69536018371582
-2,9.69536018371582
-2,9.69536018371582
-2,9.69536018371582
-2,9.797959327697754
-2,9.848857879638672
-2,9.848857879638672
-2,9.899495124816895
-2,9.899495124816895
-2,9.899495124816895
-2,9.949873924255371
-2,9.949873924255371
-2,10
-2,10.049875259399414
-2,10.049875259399414
-2,10.049875259399414
-2,10.049875259399414
-2,10.198039054870605
-2,10.198039054870605
-2,10.198039054870605
-2,10.198039054870605
-2,10.24695110321045
-2,10.24695110321045
-2,10.24695110321045
-2,10.24695110321045
-2,10.24695110321045
-2,10.24695110321045
-2,10.29563045501709
-2,10.29563045501709
-2,10.29563045501709
-2,10.344079971313477
-2,10.344079971313477
-2,10.344079971313477
-2,10.344079971313477
-2,10.344079971313477
-2,10.344079971313477
-2,10.392304420471191
-2,10.440306663513184
-2,10.440306663513184
-2,10.440306663513184
-2,10.440306663513184
-2,10.488088607788086
-2,10.488088607788086
-2,10.630146026611328
-2,10.630146026611328
-2,10.630146026611328
-2,10.677078247070313
-2,10.677078247070313
-2,10.72380542755127
-2,10.770329475402832
-2,10.816654205322266
-2,10.816654205322266
-2,11
-2,11
-2,11
-2,11.045360565185547
-2,11.045360565185547
-2,11.045360565185547
-2,11.090536117553711
-2,11.180339813232422
-2,11.180339813232422
-2,11.357816696166992
-2,11.357816696166992
-2,11.357816696166992
-2,11.575837135314941
-2,11.575837135314941
-2,11.575837135314941
-2,11.661903381347656
-2,11.661903381347656
-2,11.832159996032715
-2,11.87434196472168
-2,12
-2,12.041594505310059
-2,12.083045959472656
-2,12.12435531616211
-2,12.206555366516113
-2,12.206555366516113
-2,12.328827857971191
-2,12.449899673461914
-2,12.688577651977539
-2,12.727922439575195
-2,13.03840446472168
-2,13.03840446472168
-2,13.490737915039063
-2,13.601470947265625
-2,13.747727394104004
-2,13.892443656921387
-2,13.928388595581055
-2,14.03566837310791
-2,14.142135620117188
-2,14.866068840026855
-2,15.394804000854492
-2,16.031219482421875
-2,16.401220321655273
-2,16.76305389404297
-2,16.911535263061523
-2,17.291616439819336
-2,17.34935188293457
-2,17.37814712524414
-2,17.464248657226563
-2,17.72004508972168
-2,17.72004508972168
-2,17.916473388671875
-2,18.138357162475586
-2,18.493242263793945
-2,19.235383987426758
-2,19.416488647460938
-2,19.84943389892578
-2,22.69361114501953
-1.7320507764816284,inf
-1.7320507764816284,inf
-1.7320507764816284,inf
-1.7320507764816284,inf
-1.7320507764816284,-1.4142135381698608
-1.7320507764816284,-1.4142135381698608
-1.7320507764816284,-1.4142135381698608
-1.7320507764816284,-1.4142135381698608
-1.7320507764816284,-1.4142135381698608
-1.7320507764816284,-1.4142135381698608
-1.7320507764816284,-1.4142135381698608
-1.7320507764816284,-1.4142135381698608
-1.7320507764816284,-1
-1.7320507764816284,-1
-1.7320507764816284,-1
-1.7320507764816284,-1
-1.7320507764816284,-1
-1.7320507764816284,-1
-1.7320507764816284,-1
-1.7320507764816284,-1
-1.7320507764816284,-1
-1.7320507764816284,-1
-1.7320507764816284,-1
-1.7320507764816284,-1
-1.7320507764816284,-1
-1.7320507764816284,-1
-1.7320507764816284,-1
-1.7320507764816284,-1
-1.7320507764816284,-1
-1.7320507764816284,-1
-1.7320507764816284,1
-1.7320507764816284,1
-1.7320507764816284,1
-1.7320507764816284,1
-1.7320507764816284,1
-1.7320507764816284,1.4142135381698608
-1.7320507764816284,1.4142135381698608
-1.7320507764816284,1.4142135381698608
-1.7320507764816284,1.4142135381698608
-1.7320507764816284,1.7320507764816284
-1.7320507764816284,1.7320507764816284
-1.7320507764816284,1.7320507764816284
-1.7320507764816284,2
-1.7320507764816284,2
-1.7320507764816284,2
-1.7320507764816284,2
-1.7320507764816284,2.2360680103302
-1.7320507764816284,2.2360680103302
-1.7320507764816284,2.2360680103302
-1.7320507764816284,2.2360680103302
-1.7320507764816284,2.2360680103302
-1.7320507764816284,2.2360680103302
-1.7320507764816284,2.4494898319244385
-1.7320507764816284,2.4494898319244385
-1.7320507764816284,2.4494898319244385
-1.7320507764816284,2.4494898319244385
-1.7320507764816284,2.8284270763397217
-1.7320507764816284,3
-1.7320507764816284,3.1622776985168457
-1.7320507764816284,3.1622776985168457
-1.7320507764816284,3.1622776985168457
-1.7320507764816284,3.1622776985168457
-1.7320507764816284,3.316624879837036
-1.7320507764816284,3.316624879837036
-1.7320507764816284,3.464101552963257
-1.7320507764816284,3.605551242828369
-1.7320507764816284,3.7416574954986572
-1.7320507764816284,3.7416574954986572
-1.7320507764816284,4.123105525970459
-1.7320507764816284,4.123105525970459
-1.7320507764816284,4.242640495300293
-1.7320507764816284,4.242640495300293
-1.7320507764816284,4.242640495300293
-1.7320507764816284,4.4721360206604
-1.7320507764816284,5
-1.7320507764816284,5
-1.7320507764816284,5
-1.7320507764816284,5
-1.7320507764816284,5.385164737701416
-1.7320507764816284,5.385164737701416
-1.7320507764816284,5.385164737701416
-1.7320507764816284,5.74456262588501
-1.7320507764816284,5.830951690673828
-1.7320507764816284,5.830951690673828
-1.7320507764816284,5.830951690673828
-1.7320507764816284,6
-1.7320507764816284,6
-1.7320507764816284,6
-1.7320507764816284,6.082762718200684
-1.7320507764816284,6.4031243324279785
-1.7320507764816284,6.4031243324279785
-1.7320507764816284,6.7082037925720215
-1.7320507764816284,6.78233003616333
-1.7320507764816284,7
-1.7320507764816284,7
-1.7320507764816284,7
-1.7320507764816284,7
-1.7320507764816284,7.071067810058594
-1.7320507764816284,7.071067810058594
-1.7320507764816284,7.071067810058594
-1.7320507764816284,7.141428470611572
-1.7320507764816284,7.211102485656738
-1.7320507764816284,7.280109882354736
-1.7320507764816284,7.280109882354736
-1.7320507764816284,7.280109882354736
-1.7320507764816284,7.348469257354736
-1.7320507764816284,7.549834251403809
-1.7320507764816284,7.681145668029785
-1.7320507764816284,7.8102498054504395
-1.7320507764816284,7.8102498054504395
-1.7320507764816284,7.874007701873779
-1.7320507764816284,8.062257766723633
-1.7320507764816284,8.124038696289063
-1.7320507764816284,8.124038696289063
-1.7320507764816284,8.124038696289063
-1.7320507764816284,8.246211051940918
-1.7320507764816284,8.246211051940918
-1.7320507764816284,8.306623458862305
-1.7320507764816284,8.306623458862305
-1.7320507764816284,8.366600036621094
-1.7320507764816284,8.5440034866333
-1.7320507764816284,8.602325439453125
-1.7320507764816284,8.602325439453125
-1.7320507764816284,8.602325439453125
-1.7320507764816284,8.66025447845459
-1.7320507764816284,8.717798233032227
-1.7320507764816284,8.774964332580566
-1.7320507764816284,8.774964332580566
-1.7320507764816284,8.774964332580566
-1.7320507764816284,8.9442720413208
-1.7320507764816284,9
-1.7320507764816284,9
-1.7320507764816284,9.05538558959961
-1.7320507764816284,9.219544410705566
-1.7320507764816284,9.380831718444824
-1.7320507764816284,9.433980941772461
-1.7320507764816284,9.433980941772461
-1.7320507764816284,9.643651008605957
-1.7320507764816284,9.69536018371582
-1.7320507764816284,9.848857879638672
-1.7320507764816284,9.899495124816895
-1.7320507764816284,9.899495124816895
-1.7320507764816284,9.899495124816895
-1.7320507764816284,9.949873924255371
-1.7320507764816284,10.049875259399414
-1.7320507764816284,10.24695110321045
-1.7320507764816284,10.24695110321045
-1.7320507764816284,10.29563045501709
-1.7320507764816284,10.344079971313477
-1.7320507764816284,10.344079971313477
-1.7320507764816284,10.488088607788086
-1.7320507764816284,10.488088607788086
-1.7320507764816284,10.677078247070313
-1.7320507764816284,10.816654205322266
-1.7320507764816284,11.313708305358887
-1.7320507764816284,11.401754379272461
-1.7320507764816284,11.575837135314941
-1.7320507764816284,12.206555366516113
-1.7320507764816284,12.806248664855957
-1.7320507764816284,12.884099006652832
-1.7320507764816284,13.152946472167969
-1.7320507764816284,13.379088401794434
-1.7320507764816284,14.03566837310791
-1.7320507764816284,15.524174690246582
-1.7320507764816284,15.68438720703125
-1.7320507764816284,16.401220321655273
-1.7320507764816284,17.37814712524414
-1.7320507764816284,18.138357162475586
-1.7320507764816284,18.788293838500977
-1.7320507764816284,18.788293838500977
-1.4142135381698608,inf
-1.4142135381698608,inf
-1.4142135381698608,inf
-1.4142135381698608,inf
-1.4142135381698608,inf
-1.4142135381698608,inf
-1.4142135381698608,inf
-1.4142135381698608,inf
-1.4142135381698608,inf
-1.4142135381698608,inf
-1.4142135381698608,inf
-1.4142135381698608,inf
-1.4142135381698608,inf
-1.4142135381698608,inf
-1.4142135381698608,inf
-1.4142135381698608,inf
-1.4142135381698608,inf
-1.4142135381698608,-1
-1.4142135381698608,-1
-1.4142135381698608,-1
-1.4142135381698608,-1
-1.4142135381698608,-1
-1.4142135381698608,-1
-1.4142135381698608,-1
-1.4142135381698608,-1
-1.4142135381698608,-1
-1.4142135381698608,-1
-1.4142135381698608,-1
-1.4142135381698608,-1
-1.4142135381698608,-1
-1.4142135381698608,-1
-1.4142135381698608,-1
-1.4142135381698608,-1
-1.4142135381698608,-1
-1.4142135381698608,-1
-1.4142135381698608,-1
-1.4142135381698608,-1
-1.4142135381698608,-1
-1.4142135381698608,-1
-1.4142135381698608,-1
-1.4142135381698608,-1
-1.4142135381698608,-1
-1.4142135381698608,-1
-1.4142135381698608,-1
-1.4142135381698608,-1
-1.4142135381698608,-1
-1.4142135381698608,-1
-1.4142135381698608,-1
-1.4142135381698608,-1
-1.4142135381698608,-1
-1.4142135381698608,-1
-1.4142135381698608,-1
-1.4142135381698608,-1
-1.4142135381698608,-1
-1.4142135381698608,-1
-1.4142135381698608,-1
-1.4142135381698608,-1
-1.4142135381698608,-1
-1.4142135381698608,-1
-1.4142135381698608,-1
-1.4142135381698608,-1
-1.4142135381698608,-1
-1.4142135381698608,-1
-1.4142135381698608,-1
-1.4142135381698608,-1
-1.4142135381698608,-1
-1.4142135381698608,-1
-1.4142135381698608,-1
-1.4142135381698608,-1
-1.4142135381698608,-1
-1.4142135381698608,-1
-1.4142135381698608,-1
-1.4142135381698608,-1
-1.4142135381698608,-1
-1.4142135381698608,-1
-1.4142135381698608,-1
-1.4142135381698608,-1
-1.4142135381698608,-1
-1.4142135381698608,-1
-1.4142135381698608,-1
-1.4142135381698608,-1
-1.4142135381698608,-1
-1.4142135381698608,-1
-1.4142135381698608,-1
-1.4142135381698608,-1
-1.4142135381698608,-1
-1.4142135381698608,1
-1.4142135381698608,1
-1.4142135381698608,1
-1.4142135381698608,1
-1.4142135381698608,1
-1.4142135381698608,1
-1.4142135381698608,1
-1.4142135381698608,1
-1.4142135381698608,1
-1.4142135381698608,1
-1.4142135381698608,1
-1.4142135381698608,1
-1.4142135381698608,1
-1.4142135381698608,1
-1.4142135381698608,1
-1.4142135381698608,1
-1.4142135381698608,1
-1.4142135381698608,1
-1.4142135381698608,1
-1.4142135381698608,1
-1.4142135381698608,1
-1.4142135381698608,1
-1.4142135381698608,1
-1.4142135381698608,1
-1.4142135381698608,1
-1.4142135381698608,1
-1.4142135381698608,1
-1.4142135381698608,1
-1.4142135381698608,1
-1.4142135381698608,1
-1.4142135381698608,1
-1.4142135381698608,1
-1.4142135381698608,1
-1.4142135381698608,1
-1.4142135381698608,1
-1.4142135381698608,1
-1.4142135381698608,1.4142135381698608
-1.4142135381698608,1.4142135381698608
-1.4142135381698608,1.4142135381698608
-1.4142135381698608,1.4142135381698608
-1.4142135381698608,1.4142135381698608
-1.4142135381698608,1.4142135381698608
-1.4142135381698608,1.4142135381698608
-1.4142135381698608,1.4142135381698608
-1.4142135381698608,1.7320507764816284
-1.4142135381698608,1.7320507764816284
-1.4142135381698608,1.7320507764816284
-1.4142135381698608,1.7320507764816284
-1.4142135381698608,1.7320507764816284
-1.4142135381698608,2
-1.4142135381698608,2
-1.4142135381698608,2
-1.4142135381698608,2
-1.4142135381698608,2
-1.4142135381698608,2
-1.4142135381698608,2
-1.4142135381698608,2.2360680103302
-1.4142135381698608,2.2360680103302
-1.4142135381698608,2.2360680103302
-1.4142135381698608,2.2360680103302
-1.4142135381698608,2.2360680103302
-1.4142135381698608,2.2360680103302
-1.4142135381698608,2.2360680103302
-1.4142135381698608,2.2360680103302
-1.4142135381698608,2.2360680103302
-1.4142135381698608,2.2360680103302
-1.4142135381698608,2.2360680103302
-1.4142135381698608,2.2360680103302
-1.4142135381698608,2.2360680103302
-1.4142135381698608,2.2360680103302
-1.4142135381698608,2.2360680103302
-1.4142135381698608,2.2360680103302
-1.4142135381698608,2.2360680103302
-1.4142135381698608,2.2360680103302
-1.4142135381698608,2.2360680103302
-1.4142135381698608,2.2360680103302
-1.4142135381698608,2.2360680103302
-1.4142135381698608,2.2360680103302
-1.4142135381698608,2.2360680103302
-1.4142135381698608,2.2360680103302
-1.4142135381698608,2.2360680103302
-1.4142135381698608,2.2360680103302
-1.4142135381698608,2.2360680103302
-1.4142135381698608,2.4494898319244385
-1.4142135381698608,2.4494898319244385
-1.4142135381698608,2.4494898319244385
-1.4142135381698608,2.4494898319244385
-1.4142135381698608,2.4494898319244385
-1.4142135381698608,2.4494898319244385
-1.4142135381698608,2.4494898319244385
-1.4142135381698608,2.4494898319244385
-1.4142135381698608,2.4494898319244385
-1.4142135381698608,2.4494898319244385
-1.4142135381698608,2.4494898319244385
-1.4142135381698608,2.8284270763397217
-1.4142135381698608,2.8284270763397217
-1.4142135381698608,2.8284270763397217
-1.4142135381698608,2.8284270763397217
-1.4142135381698608,2.8284270763397217
-1.4142135381698608,2.8284270763397217
-1.4142135381698608,2.8284270763397217
-1.4142135381698608,2.8284270763397217
-1.4142135381698608,2.8284270763397217
-1.4142135381698608,2.8284270763397217
-1.4142135381698608,2.8284270763397217
-1.4142135381698608,2.8284270763397217
-1.4142135381698608,2.8284270763397217
-1.4142135381698608,2.8284270763397217
-1.4142135381698608,2.8284270763397217
-1.4142135381698608,2.8284270763397217
-1.4142135381698608,2.8284270763397217
-1.4142135381698608,2.8284270763397217
-1.4142135381698608,3
-1.4142135381698608,3
-1.4142135381698608,3
-1.4142135381698608,3
-1.4142135381698608,3
-1.4142135381698608,3
-1.4142135381698608,3
-1.4142135381698608,3
-1.4142135381698608,3
-1.4142135381698608,3
-1.4142135381698608,3
-1.4142135381698608,3
-1.4142135381698608,3.1622776985168457
-1.4142135381698608,3.1622776985168457
-1.4142135381698608,3.1622776985168457
-1.4142135381698608,3.1622776985168457
-1.4142135381698608,3.1622776985168457
-1.4142135381698608,3.1622776985168457
-1.4142135381698608,3.1622776985168457
-1.4142135381698608,3.1622776985168457
-1.4142135381698608,3.1622776985168457
-1.4142135381698608,3.1622776985168457
-1.4142135381698608,3.1622776985168457
-1.4142135381698608,3.1622776985168457
-1.4142135381698608,3.1622776985168457
-1.4142135381698608,3.1622776985168457
-1.4142135381698608,3.1622776985168457
-1.4142135381698608,3.1622776985168457
-1.4142135381698608,3.1622776985168457
-1.4142135381698608,3.1622776985168457
-1.4142135381698608,3.316624879837036
-1.4142135381698608,3.316624879837036
-1.4142135381698608,3.316624879837036
-1.4142135381698608,3.464101552963257
-1.4142135381698608,3.464101552963257
-1.4142135381698608,3.464101552963257
-1.4142135381698608,3.605551242828369
-1.4142135381698608,3.605551242828369
-1.4142135381698608,3.605551242828369
-1.4142135381698608,3.605551242828369
-1.4142135381698608,3.605551242828369
-1.4142135381698608,3.605551242828369
-1.4142135381698608,3.605551242828369
-1.4142135381698608,3.605551242828369
-1.4142135381698608,3.605551242828369
-1.4142135381698608,3.605551242828369
-1.4142135381698608,3.605551242828369
-1.4142135381698608,3.605551242828369
-1.4142135381698608,3.605551242828369
-1.4142135381698608,3.605551242828369
-1.4142135381698608,3.7416574954986572
-1.4142135381698608,3.7416574954986572
-1.4142135381698608,3.7416574954986572
-1.4142135381698608,3.7416574954986572
-1.4142135381698608,3.7416574954986572
-1.4142135381698608,3.7416574954986572
-1.4142135381698608,4
-1.4142135381698608,4
-1.4142135381698608,4
-1.4142135381698608,4
-1.4142135381698608,4
-1.4142135381698608,4.123105525970459
-1.4142135381698608,4.123105525970459
-1.4142135381698608,4.123105525970459
-1.4142135381698608,4.123105525970459
-1.4142135381698608,4.123105525970459
-1.4142135381698608,4.123105525970459
-1.4142135381698608,4.123105525970459
-1.4142135381698608,4.123105525970459
-1.4142135381698608,4.123105525970459
-1.4142135381698608,4.123105525970459
-1.4142135381698608,4.123105525970459
-1.4142135381698608,4.123105525970459
-1.4142135381698608,4.123105525970459
-1.4142135381698608,4.242640495300293
-1.4142135381698608,4.242640495300293
-1.4142135381698608,4.242640495300293
-1.4142135381698608,4.242640495300293
-1.4142135381698608,4.242640495300293
-1.4142135381698608,4.242640495300293
-1.4142135381698608,4.242640495300293
-1.4142135381698608,4.242640495300293
-1.4142135381698608,4.242640495300293
-1.4142135381698608,4.358899116516113
-1.4142135381698608,4.358899116516113
-1.4142135381698608,4.4721360206604
-1.4142135381698608,4.4721360206604
-1.4142135381698608,4.4721360206604
-1.4142135381698608,4.4721360206604
-1.4142135381698608,4.4721360206604
-1.4142135381698608,4.4721360206604
-1.4142135381698608,4.4721360206604
-1.4142135381698608,4.4721360206604
-1.4142135381698608,4.4721360206604
-1.4142135381698608,4.582575798034668
-1.4142135381698608,4.582575798034668
-1.4142135381698608,4.582575798034668
-1.4142135381698608,4.582575798034668
-1.4142135381698608,4.582575798034668
-1.4142135381698608,4.582575798034668
-1.4142135381698608,4.582575798034668
-1.4142135381698608,4.582575798034668
-1.4142135381698608,4.582575798034668
-1.4142135381698608,4.582575798034668
-1.4142135381698608,4.898979663848877
-1.4142135381698608,4.898979663848877
-1.4142135381698608,4.898979663848877
-1.4142135381698608,4.898979663848877
-1.4142135381698608,4.898979663848877
-1.4142135381698608,5
-1.4142135381698608,5
-1.4142135381698608,5
-1.4142135381698608,5
-1.4142135381698608,5
-1.4142135381698608,5
-1.4142135381698608,5
-1.4142135381698608,5
-1.4142135381698608,5
-1.4142135381698608,5.099019527435303
-1.4142135381698608,5.099019527435303
-1.4142135381698608,5.099019527435303
-1.4142135381698608,5.099019527435303
-1.4142135381698608,5.099019527435303
-1.4142135381698608,5.099019527435303
-1.4142135381698608,5.099019527435303
-1.4142135381698608,5.196152210235596
-1.4142135381698608,5.196152210235596
-1.4142135381698608,5.196152210235596
-1.4142135381698608,5.196152210235596
-1.4142135381698608,5.385164737701416
-1.4142135381698608,5.385164737701416
-1.4142135381698608,5.385164737701416
-1.4142135381698608,5.385164737701416
-1.4142135381698608,5.385164737701416
-1.4142135381698608,5.385164737701416
-1.4142135381698608,5.385164737701416
-1.4142135381698608,5.385164737701416
-1.4142135381698608,5.385164737701416
-1.4142135381698608,5.385164737701416
-1.4142135381698608,5.385164737701416
-1.4142135381698608,5.385164737701416
-1.4142135381698608,5.385164737701416
-1.4142135381698608,5.4772257804870605
-1.4142135381698608,5.4772257804870605
-1.4142135381698608,5.4772257804870605
-1.4142135381698608,5.4772257804870605
-1.4142135381698608,5.4772257804870605
-1.4142135381698608,5.4772257804870605
-1.4142135381698608,5.656854152679443
-1.4142135381698608,5.656854152679443
-1.4142135381698608,5.656854152679443
-1.4142135381698608,5.656854152679443
-1.4142135381698608,5.656854152679443
-1.4142135381698608,5.74456262588501
-1.4142135381698608,5.74456262588501
-1.4142135381698608,5.74456262588501
-1.4142135381698608,5.74456262588501
-1.4142135381698608,5.74456262588501
-1.4142135381698608,5.830951690673828
-1.4142135381698608,5.830951690673828
-1.4142135381698608,5.830951690673828
-1.4142135381698608,5.830951690673828
-1.4142135381698608,5.830951690673828
-1.4142135381698608,5.830951690673828
-1.4142135381698608,5.916079998016357
-1.4142135381698608,5.916079998016357
-1.4142135381698608,6
-1.4142135381698608,6
-1.4142135381698608,6
-1.4142135381698608,6.082762718200684
-1.4142135381698608,6.082762718200684
-1.4142135381698608,6.082762718200684
-1.4142135381698608,6.164413928985596
-1.4142135381698608,6.164413928985596
-1.4142135381698608,6.164413928985596
-1.4142135381698608,6.164413928985596
-1.4142135381698608,6.164413928985596
-1.4142135381698608,6.164413928985596
-1.4142135381698608,6.164413928985596
-1.4142135381698608,6.164413928985596
-1.4142135381698608,6.164413928985596
-1.4142135381698608,6.164413928985596
-1.4142135381698608,6.164413928985596
-1.4142135381698608,6.324555397033691
-1.4142135381698608,6.324555397033691
-1.4142135381698608,6.324555397033691
-1.4142135381698608,6.324555397033691
-1.4142135381698608,6.324555397033691
-1.4142135381698608,6.324555397033691
-1.4142135381698608,6.324555397033691
-1.4142135381698608,6.324555397033691
-1.4142135381698608,6.324555397033691
-1.4142135381698608,6.4031243324279785
-1.4142135381698608,6.4031243324279785
-1.4142135381698608,6.4031243324279785
-1.4142135381698608,6.4031243324279785
-1.4142135381698608,6.4031243324279785
-1.4142135381698608,6.4031243324279785
-1.4142135381698608,6.4031243324279785
-1.4142135381698608,6.4031243324279785
-1.4142135381698608,6.4031243324279785
-1.4142135381698608,6.4031243324279785
-1.4142135381698608,6.4031243324279785
-1.4142135381698608,6.4031243324279785
-1.4142135381698608,6.4031243324279785
-1.4142135381698608,6.4031243324279785
-1.4142135381698608,6.4031243324279785
-1.4142135381698608,6.480740547180176
-1.4142135381698608,6.480740547180176
-1.4142135381698608,6.480740547180176
-1.4142135381698608,6.480740547180176
-1.4142135381698608,6.480740547180176
-1.4142135381698608,6.557438373565674
-1.4142135381698608,6.557438373565674
-1.4142135381698608,6.557438373565674
-1.4142135381698608,6.633249759674072
-1.4142135381698608,6.7082037925720215
-1.4142135381698608,6.7082037925720215
-1.4142135381698608,6.7082037925720215
-1.4142135381698608,6.7082037925720215
-1.4142135381698608,6.7082037925720215
-1.4142135381698608,6.7082037925720215
-1.4142135381698608,6.7082037925720215
-1.4142135381698608,6.7082037925720215
-1.4142135381698608,6.7082037925720215
-1.4142135381698608,6.78233003616333
-1.4142135381698608,6.78233003616333
-1.4142135381698608,6.78233003616333
-1.4142135381698608,6.78233003616333
-1.4142135381698608,6.78233003616333
-1.4142135381698608,6.928203105926514
-1.4142135381698608,7
-1.4142135381698608,7
-1.4142135381698608,7
-1.4142135381698608,7
-1.4142135381698608,7
-1.4142135381698608,7
-1.4142135381698608,7
-1.4142135381698608,7
-1.4142135381698608,7.071067810058594
-1.4142135381698608,7.071067810058594
-1.4142135381698608,7.071067810058594
-1.4142135381698608,7.071067810058594
-1.4142135381698608,7.071067810058594
-1.4142135381698608,7.071067810058594
-1.4142135381698608,7.071067810058594
-1.4142135381698608,7.071067810058594
-1.4142135381698608,7.141428470611572
-1.4142135381698608,7.141428470611572
-1.4142135381698608,7.141428470611572
-1.4142135381698608,7.141428470611572
-1.4142135381698608,7.211102485656738
-1.4142135381698608,7.211102485656738
-1.4142135381698608,7.211102485656738
-1.4142135381698608,7.211102485656738
-1.4142135381698608,7.211102485656738
-1.4142135381698608,7.280109882354736
-1.4142135381698608,7.280109882354736
-1.4142135381698608,7.280109882354736
-1.4142135381698608,7.280109882354736
-1.4142135381698608,7.280109882354736
-1.4142135381698608,7.280109882354736
-1.4142135381698608,7.280109882354736
-1.4142135381698608,7.348469257354736
-1.4142135381698608,7.348469257354736
-1.4142135381698608,7.348469257354736
-1.4142135381698608,7.348469257354736
-1.4142135381698608,7.348469257354736
-1.4142135381698608,7.348469257354736
-1.4142135381698608,7.348469257354736
-1.4142135381698608,7.348469257354736
-1.4142135381698608,7.348469257354736
-1.4142135381698608,7.348469257354736
-1.4142135381698608,7.348469257354736
-1.4142135381698608,7.348469257354736
-1.4142135381698608,7.348469257354736
-1.4142135381698608,7.4833149909973145
-1.4142135381698608,7.4833149909973145
-1.4142135381698608,7.4833149909973145
-1.4142135381698608,7.4833149909973145
-1.4142135381698608,7.4833149909973145
-1.4142135381698608,7.4833149909973145
-1.4142135381698608,7.549834251403809
-1.4142135381698608,7.549834251403809
-1.4142135381698608,7.549834251403809
-1.4142135381698608,7.549834251403809
-1.4142135381698608,7.549834251403809
-1.4142135381698608,7.6157732009887695
-1.4142135381698608,7.6157732009887695
-1.4142135381698608,7.6157732009887695
-1.4142135381698608,7.6157732009887695
-1.4142135381698608,7.6157732009887695
-1.4142135381698608,7.6157732009887695
-1.4142135381698608,7.6157732009887695
-1.4142135381698608,7.681145668029785
-1.4142135381698608,7.681145668029785
-1.4142135381698608,7.681145668029785
-1.4142135381698608,7.681145668029785
-1.4142135381698608,7.681145668029785
-1.4142135381698608,7.681145668029785
-1.4142135381698608,7.8102498054504395
-1.4142135381698608,7.8102498054504395
-1.4142135381698608,7.8102498054504395
-1.4142135381698608,7.8102498054504395
-1.4142135381698608,7.8102498054504395
-1.4142135381698608,7.8102498054504395
-1.4142135381698608,7.8102498054504395
-1.4142135381698608,7.8102498054504395
-1.4142135381698608,7.8102498054504395
-1.4142135381698608,7.8102498054504395
-1.4142135381698608,7.8102498054504395
-1.4142135381698608,7.874007701873779
-1.4142135381698608,7.874007701873779
-1.4142135381698608,7.874007701873779
-1.4142135381698608,7.874007701873779
-1.4142135381698608,7.874007701873779
-1.4142135381698608,7.874007701873779
-1.4142135381698608,7.874007701873779
-1.4142135381698608,7.874007701873779
-1.4142135381698608,8
-1.4142135381698608,8
-1.4142135381698608,8
-1.4142135381698608,8.062257766723633
-1.4142135381698608,8.062257766723633
-1.4142135381698608,8.062257766723633
-1.4142135381698608,8.062257766723633
-1.4142135381698608,8.062257766723633
-1.4142135381698608,8.062257766723633
-1.4142135381698608,8.062257766723633
-1.4142135381698608,8.062257766723633
-1.4142135381698608,8.062257766723633
-1.4142135381698608,8.062257766723633
-1.4142135381698608,8.062257766723633
-1.4142135381698608,8.062257766723633
-1.4142135381698608,8.124038696289063
-1.4142135381698608,8.124038696289063
-1.4142135381698608,8.124038696289063
-1.4142135381698608,8.124038696289063
-1.4142135381698608,8.124038696289063
-1.4142135381698608,8.124038696289063
-1.4142135381698608,8.124038696289063
-1.4142135381698608,8.185352325439453
-1.4142135381698608,8.185352325439453
-1.4142135381698608,8.185352325439453
-1.4142135381698608,8.185352325439453
-1.4142135381698608,8.246211051940918
-1.4142135381698608,8.246211051940918
-1.4142135381698608,8.246211051940918
-1.4142135381698608,8.246211051940918
-1.4142135381698608,8.306623458862305
-1.4142135381698608,8.306623458862305
-1.4142135381698608,8.306623458862305
-1.4142135381698608,8.306623458862305
-1.4142135381698608,8.306623458862305
-1.4142135381698608,8.306623458862305
-1.4142135381698608,8.306623458862305
-1.4142135381698608,8.306623458862305
-1.4142135381698608,8.366600036621094
-1.4142135381698608,8.366600036621094
-1.4142135381698608,8.366600036621094
-1.4142135381698608,8.366600036621094
-1.4142135381698608,8.485280990600586
-1.4142135381698608,8.485280990600586
-1.4142135381698608,8.485280990600586
-1.4142135381698608,8.485280990600586
-1.4142135381698608,8.5440034866333
-1.4142135381698608,8.5440034866333
-1.4142135381698608,8.5440034866333
-1.4142135381698608,8.5440034866333
-1.4142135381698608,8.5440034866333
-1.4142135381698608,8.5440034866333
-1.4142135381698608,8.5440034866333
-1.4142135381698608,8.602325439453125
-1.4142135381698608,8.602325439453125
-1.4142135381698608,8.602325439453125
-1.4142135381698608,8.602325439453125
-1.4142135381698608,8.602325439453125
-1.4142135381698608,8.602325439453125
-1.4142135381698608,8.602325439453125
-1.4142135381698608,8.602325439453125
-1.4142135381698608,8.602325439453125
-1.4142135381698608,8.602325439453125
-1.4142135381698608,8.602325439453125
-1.4142135381698608,8.602325439453125
-1.4142135381698608,8.602325439453125
-1.4142135381698608,8.66025447845459
-1.4142135381698608,8.717798233032227
-1.4142135381698608,8.717798233032227
-1.4142135381698608,8.774964332580566
-1.4142135381698608,8.774964332580566
-1.4142135381698608,8.774964332580566
-1.4142135381698608,8.774964332580566
-1.4142135381698608,8.774964332580566
-1.4142135381698608,8.83176040649414
-1.4142135381698608,8.83176040649414
-1.4142135381698608,8.83176040649414
-1.4142135381698608,8.83176040649414
-1.4142135381698608,8.9442720413208
-1.4142135381698608,9
-1.4142135381698608,9
-1.4142135381698608,9
-1.4142135381698608,9
-1.4142135381698608,9
-1.4142135381698608,9.05538558959961
-1.4142135381698608,9.05538558959961
-1.4142135381698608,9.05538558959961
-1.4142135381698608,9.05538558959961
-1.4142135381698608,9.05538558959961
-1.4142135381698608,9.05538558959961
-1.4142135381698608,9.05538558959961
-1.4142135381698608,9.05538558959961
-1.4142135381698608,9.05538558959961
-1.4142135381698608,9.110433578491211
-1.4142135381698608,9.110433578491211
-1.4142135381698608,9.110433578491211
-1.4142135381698608,9.165151596069336
-1.4142135381698608,9.165151596069336
-1.4142135381698608,9.219544410705566
-1.4142135381698608,9.219544410705566
-1.4142135381698608,9.219544410705566
-1.4142135381698608,9.273618698120117
-1.4142135381698608,9.273618698120117
-1.4142135381698608,9.273618698120117
-1.4142135381698608,9.273618698120117
-1.4142135381698608,9.273618698120117
-1.4142135381698608,9.273618698120117
-1.4142135381698608,9.273618698120117
-1.4142135381698608,9.380831718444824
-1.4142135381698608,9.380831718444824
-1.4142135381698608,9.433980941772461
-1.4142135381698608,9.433980941772461
-1.4142135381698608,9.433980941772461
-1.4142135381698608,9.433980941772461
-1.4142135381698608,9.433980941772461
-1.4142135381698608,9.433980941772461
-1.4142135381698608,9.433980941772461
-1.4142135381698608,9.433980941772461
-1.4142135381698608,9.433980941772461
-1.4142135381698608,9.433980941772461
-1.4142135381698608,9.486832618713379
-1.4142135381698608,9.486832618713379
-1.4142135381698608,9.486832618713379
-1.4142135381698608,9.486832618713379
-1.4142135381698608,9.486832618713379
-1.4142135381698608,9.486832618713379
-1.4142135381698608,9.539392471313477
-1.4142135381698608,9.539392471313477
-1.4142135381698608,9.643651008605957
-1.4142135381698608,9.643651008605957
-1.4142135381698608,9.69536018371582
-1.4142135381698608,9.69536018371582
-1.4142135381698608,9.69536018371582
-1.4142135381698608,9.69536018371582
-1.4142135381698608,9.69536018371582
-1.4142135381698608,9.69536018371582
-1.4142135381698608,9.69536018371582
-1.4142135381698608,9.69536018371582
-1.4142135381698608,9.797959327697754
-1.4142135381698608,9.797959327697754
-1.4142135381698608,9.797959327697754
-1.4142135381698608,9.797959327697754
-1.4142135381698608,9.797959327697754
-1.4142135381698608,9.848857879638672
-1.4142135381698608,9.848857879638672
-1.4142135381698608,9.848857879638672
-1.4142135381698608,9.848857879638672
-1.4142135381698608,9.848857879638672
-1.4142135381698608,9.848857879638672
-1.4142135381698608,9.848857879638672
-1.4142135381698608,9.899495124816895
-1.4142135381698608,9.899495124816895
-1.4142135381698608,9.949873924255371
-1.4142135381698608,9.949873924255371
-1.4142135381698608,9.949873924255371
-1.4142135381698608,10.049875259399414
-1.4142135381698608,10.049875259399414
-1.4142135381698608,10.049875259399414
-1.4142135381698608,10.099504470825195
-1.4142135381698608,10.198039054870605
-1.4142135381698608,10.198039054870605
-1.4142135381698608,10.198039054870605
-1.4142135381698608,10.198039054870605
-1.4142135381698608,10.24695110321045
-1.4142135381698608,10.24695110321045
-1.4142135381698608,10.24695110321045
-1.4142135381698608,10.24695110321045
-1.4142135381698608,10.24695110321045
-1.4142135381698608,10.29563045501709
-1.4142135381698608,10.29563045501709
-1.4142135381698608,10.29563045501709
-1.4142135381698608,10.29563045501709
-1.4142135381698608,10.29563045501709
-1.4142135381698608,10.344079971313477
-1.4142135381698608,10.344079971313477
-1.4142135381698608,10.344079971313477
-1.4142135381698608,10.344079971313477
-1.4142135381698608,10.440306663513184
-1.4142135381698608,10.440306663513184
-1.4142135381698608,10.440306663513184
-1.4142135381698608,10.488088607788086
-1.4142135381698608,10.488088607788086
-1.4142135381698608,10.488088607788086
-1.4142135381698608,10.488088607788086
-1.4142135381698608,10.488088607788086
-1.4142135381698608,10.630146026611328
-1.4142135381698608,10.630146026611328
-1.4142135381698608,10.630146026611328
-1.4142135381698608,10.630146026611328
-1.4142135381698608,10.677078247070313
-1.4142135381698608,10.677078247070313
-1.4142135381698608,10.770329475402832
-1.4142135381698608,10.770329475402832
-1.4142135381698608,10.770329475402832
-1.4142135381698608,10.770329475402832
-1.4142135381698608,10.816654205322266
-1.4142135381698608,10.816654205322266
-1.4142135381698608,10.816654205322266
-1.4142135381698608,10.954451560974121
-1.4142135381698608,11
-1.4142135381698608,11.045360565185547
-1.4142135381698608,11.045360565185547
-1.4142135381698608,11.045360565185547
-1.4142135381698608,11.045360565185547
-1.4142135381698608,11.045360565185547
-1.4142135381698608,11.180339813232422
-1.4142135381698608,11.180339813232422
-1.4142135381698608,11.180339813232422
-1.4142135381698608,11.180339813232422
-1.4142135381698608,11.224971771240234
-1.4142135381698608,11.224971771240234
-1.4142135381698608,11.224971771240234
-1.4142135381698608,11.224971771240234
-1.4142135381698608,11.313708305358887
-1.4142135381698608,11.313708305358887
-1.4142135381698608,11.313708305358887
-1.4142135381698608,11.357816696166992
-1.4142135381698608,11.357816696166992
-1.4142135381698608,11.401754379272461
-1.4142135381698608,11.445523262023926
-1.4142135381698608,11.445523262023926
-1.4142135381698608,11.445523262023926
-1.4142135381698608,11.445523262023926
-1.4142135381698608,11.48912525177002
-1.4142135381698608,11.575837135314941
-1.4142135381698608,11.575837135314941
-1.4142135381698608,11.575837135314941
-1.4142135381698608,11.661903381347656
-1.4142135381698608,11.661903381347656
-1.4142135381698608,11.704699516296387
-1.4142135381698608,11.747340202331543
-1.4142135381698608,11.832159996032715
-1.4142135381698608,11.832159996032715
-1.4142135381698608,11.87434196472168
-1.4142135381698608,11.916375160217285
-1.4142135381698608,12.041594505310059
-1.4142135381698608,12.083045959472656
-1.4142135381698608,12.206555366516113
-1.4142135381698608,12.206555366516113
-1.4142135381698608,12.206555366516113
-1.4142135381698608,12.206555366516113
-1.4142135381698608,12.247448921203613
-1.4142135381698608,12.409673690795898
-1.4142135381698608,12.529964447021484
-1.4142135381698608,12.569805145263672
-1.4142135381698608,12.688577651977539
-1.4142135381698608,13
-1.4142135381698608,13
-1.4142135381698608,13
-1.4142135381698608,13.076696395874023
-1.4142135381698608,13.076696395874023
-1.4142135381698608,13.114876747131348
-1.4142135381698608,13.152946472167969
-1.4142135381698608,13.152946472167969
-1.4142135381698608,13.379088401794434
-1.4142135381698608,13.45362377166748
-1.4142135381698608,13.490737915039063
-1.4142135381698608,13.601470947265625
-1.4142135381698608,13.601470947265625
-1.4142135381698608,13.747727394104004
-1.4142135381698608,13.928388595581055
-1.4142135381698608,13.928388595581055
-1.4142135381698608,14.071247100830078
-1.4142135381698608,14.177447319030762
-1.4142135381698608,14.177447319030762
-1.4142135381698608,14.317821502685547
-1.4142135381698608,14.352700233459473
-1.4142135381698608,14.491376876831055
-1.4142135381698608,14.525838851928711
-1.4142135381698608,14.525838851928711
-1.4142135381698608,14.628738403320313
-1.4142135381698608,14.73091983795166
-1.4142135381698608,14.866068840026855
-1.4142135381698608,14.899664878845215
-1.4142135381698608,15.165750503540039
-1.4142135381698608,15.524174690246582
-1.4142135381698608,15.588457107543945
-1.4142135381698608,15.65247631072998
-1.4142135381698608,15.65247631072998
-1.4142135381698608,15.81138801574707
-1.4142135381698608,15.842979431152344
-1.4142135381698608,16.031219482421875
-1.4142135381698608,16.093477249145508
-1.4142135381698608,16.552946090698242
-1.4142135381698608,16.552946090698242
-1.4142135381698608,17.029386520385742
-1.4142135381698608,17.262676239013672
-1.4142135381698608,17.291616439819336
-1.4142135381698608,18.193405151367188
-1.4142135381698608,18.867961883544922
-1.4142135381698608,22.226110458374023
-1,inf
-1,inf
-1,1
-1,1
-1,1
-1,1
-1,1
-1,1
-1,1
-1,1
-1,1
-1,1
-1,1
-1,1
-1,1
-1,1
-1,1
-1,1
-1,1
-1,1
-1,1
-1,1
-1,1
-1,1
-1,1
-1,1
-1,1
-1,1
-1,1
-1,1
-1,1
-1,1
-1,1
-1,1
-1,1
-1,1
-1,1
-1,1
-1,1
-1,1
-1,1
-1,1
-1,1
-1,1
-1,1
-1,1
-1,1
-1,1
-1,1
-1,1
-1,1
-1,1
-1,1
-1,1
-1,1
-1,1
-1,1
-1,1
-1,1
-1,1
-1,1
-1,1
-1,1
-1,1
-1,1
-1,1
-1,1
-1,1
-1,1
-1,1
-1,1
-1,1
-1,1
-1,1
-1,1
-1,1
-1,1
-1,1
-1,1
-1,1
-1,1
-1,1
-1,1
-1,1
-1,1
-1,1
-1,1
-1,1
-1,1
-1,1
-1,1
-1,1
-1,1
-1,1
-1,1
-1,1
-1,1
-1,1
-1,1
-1,1
-1,1
-1,1
-1,1
-1,1
-1,1
-1,1
-1,1
-1,1
-1,1
-1,1
-1,1
-1,1
-1,1
-1,1
-1,1
-1,1
-1,1
-1,1
-1,1
-1,1
-1,1
-1,1
-1,1
-1,1
-1,1
-1,1.4142135381698608
-1,1.4142135381698608
-1,1.4142135381698608
-1,1.4142135381698608
-1,1.4142135381698608
-1,1.4142135381698608
-1,1.4142135381698608
-1,1.4142135381698608
-1,1.4142135381698608
-1,1.4142135381698608
-1,1.4142135381698608
-1,1.4142135381698608
-1,1.4142135381698608
-1,1.4142135381698608
-1,1.4142135381698608
-1,1.4142135381698608
-1,1.4142135381698608
-1,1.4142135381698608
-1,1.4142135381698608
-1,1.4142135381698608
-1,1.4142135381698608
-1,1.4142135381698608
-1,1.4142135381698608
-1,1.4142135381698608
-1,1.4142135381698608
-1,1.4142135381698608
-1,1.4142135381698608
-1,1.4142135381698608
-1,1.4142135381698608
-1,1.4142135381698608
-1,1.4142135381698608
-1,1.4142135381698608
-1,1.4142135381698608
-1,1.7320507764816284
-1,1.7320507764816284
-1,1.7320507764816284
-1,1.7320507764816284
-1,1.7320507764816284
-1,1.7320507764816284
-1,1.7320507764816284
-1,1.7320507764816284
-1,1.7320507764816284
-1,1.7320507764816284
-1,1.7320507764816284
-1,1.7320507764816284
-1,1.7320507764816284
-1,1.7320507764816284
-1,1.7320507764816284
-1,1.7320507764816284
-1,1.7320507764816284
-1,1.7320507764816284
-1,2
-1,2
-1,2
-1,2
-1,2
-1,2
-1,2
-1,2
-1,2
-1,2
-1,2
-1,2
-1,2
-1,2
-1,2
-1,2
-1,2
-1,2
-1,2
-1,2
-1,2
-1,2
-1,2
-1,2
-1,2
-1,2
-1,2
-1,2
-1,2
-1,2
-1,2
-1,2
-1,2
-1,2
-1,2
-1,2
-1,2
-1,2.2360680103302
-1,2.2360680103302
-1,2.2360680103302
-1,2.2360680103302
-1,2.2360680103302
-1,2.2360680103302
-1,2.2360680103302
-1,2.2360680103302
-1,2.2360680103302
-1,2.2360680103302
-1,2.2360680103302
-1,2.2360680103302
-1,2.2360680103302
-1,2.2360680103302
-1,2.2360680103302
-1,2.2360680103302
-1,2.2360680103302
-1,2.2360680103302
-1,2.2360680103302
-1,2.2360680103302
-1,2.2360680103302
-1,2.2360680103302
-1,2.2360680103302
-1,2.2360680103302
-1,2.2360680103302
-1,2.2360680103302
-1,2.2360680103302
-1,2.2360680103302
-1,2.2360680103302
-1,2.2360680103302
-1,2.2360680103302
-1,2.2360680103302
-1,2.2360680103302
-1,2.2360680103302
-1,2.2360680103302
-1,2.2360680103302
-1,2.2360680103302
-1,2.2360680103302
-1,2.4494898319244385
-1,2.4494898319244385
-1,2.4494898319244385
-1,2.4494898319244385
-1,2.4494898319244385
-1,2.4494898319244385
-1,2.4494898319244385
-1,2.4494898319244385
-1,2.4494898319244385
-1,2.4494898319244385
-1,2.4494898319244385
-1,2.4494898319244385
-1,2.4494898319244385
-1,2.8284270763397217
-1,2.8284270763397217
-1,2.8284270763397217
-1,2.8284270763397217
-1,2.8284270763397217
-1,2.8284270763397217
-1,2.8284270763397217
-1,2.8284270763397217
-1,2.8284270763397217
-1,2.8284270763397217
-1,2.8284270763397217
-1,2.8284270763397217
-1,2.8284270763397217
-1,2.8284270763397217
-1,2.8284270763397217
-1,2.8284270763397217
-1,2.8284270763397217
-1,2.8284270763397217
-1,2.8284270763397217
-1,2.8284270763397217
-1,2.8284270763397217
-1,2.8284270763397217
-1,2.8284270763397217
-1,2.8284270763397217
-1,2.8284270763397217
-1,2.8284270763397217
-1,2.8284270763397217
-1,3
-1,3
-1,3
-1,3
-1,3
-1,3
-1,3
-1,3
-1,3
-1,3
-1,3
-1,3
-1,3
-1,3
-1,3
-1,3
-1,3
-1,3
-1,3
-1,3
-1,3
-1,3
-1,3
-1,3
-1,3
-1,3
-1,3
-1,3
-1,3
-1,3
-1,3
-1,3
-1,3
-1,3
-1,3
-1,3
-1,3
-1,3.1622776985168457
-1,3.1622776985168457
-1,3.1622776985168457
-1,3.1622776985168457
-1,3.1622776985168457
-1,3.1622776985168457
-1,3.1622776985168457
-1,3.1622776985168457
-1,3.1622776985168457
-1,3.1622776985168457
-1,3.1622776985168457
-1,3.1622776985168457
-1,3.1622776985168457
-1,3.1622776985168457
-1,3.1622776985168457
-1,3.1622776985168457
-1,3.1622776985168457
-1,3.1622776985168457
-1,3.1622776985168457
-1,3.316624879837036
-1,3.316624879837036
-1,3.316624879837036
-1,3.316624879837036
-1,3.316624879837036
-1,3.316624879837036
-1,3.464101552963257
-1,3.464101552963257
-1,3.464101552963257
-1,3.464101552963257
-1,3.464101552963257
-1,3.464101552963257
-1,3.464101552963257
-1,3.605551242828369
-1,3.605551242828369
-1,3.605551242828369
-1,3.605551242828369
-1,3.605551242828369
-1,3.605551242828369
-1,3.605551242828369
-1,3.605551242828369
-1,3.605551242828369
-1,3.605551242828369
-1,3.605551242828369
-1,3.605551242828369
-1,3.605551242828369
-1,3.605551242828369
-1,3.605551242828369
-1,3.605551242828369
-1,3.605551242828369
-1,3.605551242828369
-1,3.605551242828369
-1,3.605551242828369
-1,3.605551242828369
-1,3.605551242828369
-1,3.605551242828369
-1,3.605551242828369
-1,3.605551242828369
-1,3.7416574954986572
-1,3.7416574954986572
-1,3.7416574954986572
-1,3.7416574954986572
-1,3.7416574954986572
-1,3.7416574954986572
-1,3.7416574954986572
-1,3.7416574954986572
-1,3.7416574954986572
-1,3.7416574954986572
-1,3.7416574954986572
-1,3.7416574954986572
-1,4
-1,4
-1,4
-1,4
-1,4
-1,4
-1,4
-1,4
-1,4
-1,4
-1,4
-1,4
-1,4.123105525970459
-1,4.123105525970459
-1,4.123105525970459
-1,4.123105525970459
-1,4.123105525970459
-1,4.123105525970459
-1,4.123105525970459
-1,4.123105525970459
-1,4.123105525970459
-1,4.123105525970459
-1,4.123105525970459
-1,4.123105525970459
-1,4.123105525970459
-1,4.123105525970459
-1,4.123105525970459
-1,4.123105525970459
-1,4.123105525970459
-1,4.123105525970459
-1,4.123105525970459
-1,4.123105525970459
-1,4.123105525970459
-1,4.123105525970459
-1,4.123105525970459
-1,4.242640495300293
-1,4.242640495300293
-1,4.242640495300293
-1,4.242640495300293
-1,4.242640495300293
-1,4.242640495300293
-1,4.242640495300293
-1,4.242640495300293
-1,4.242640495300293
-1,4.242640495300293
-1,4.242640495300293
-1,4.242640495300293
-1,4.358899116516113
-1,4.358899116516113
-1,4.358899116516113
-1,4.358899116516113
-1,4.358899116516113
-1,4.358899116516113
-1,4.358899116516113
-1,4.4721360206604
-1,4.4721360206604
-1,4.4721360206604
-1,4.4721360206604
-1,4.4721360206604
-1,4.4721360206604
-1,4.4721360206604
-1,4.4721360206604
-1,4.4721360206604
-1,4.4721360206604
-1,4.4721360206604
-1,4.4721360206604
-1,4.4721360206604
-1,4.4721360206604
-1,4.4721360206604
-1,4.4721360206604
-1,4.4721360206604
-1,4.4721360206604
-1,4.4721360206604
-1,4.4721360206604
-1,4.4721360206604
-1,4.582575798034668
-1,4.582575798034668
-1,4.582575798034668
-1,4.582575798034668
-1,4.582575798034668
-1,4.582575798034668
-1,4.582575798034668
-1,4.582575798034668
-1,4.582575798034668
-1,4.582575798034668
-1,4.582575798034668
-1,4.690415859222412
-1,4.690415859222412
-1,4.690415859222412
-1,4.690415859222412
-1,4.690415859222412
-1,4.690415859222412
-1,4.690415859222412
-1,4.898979663848877
-1,4.898979663848877
-1,4.898979663848877
-1,4.898979663848877
-1,4.898979663848877
-1,4.898979663848877
-1,4.898979663848877
-1,4.898979663848877
-1,4.898979663848877
-1,4.898979663848877
-1,5
-1,5
-1,5
-1,5
-1,5
-1,5
-1,5
-1,5
-1,5
-1,5
-1,5
-1,5
-1,5
-1,5
-1,5
-1,5
-1,5
-1,5
-1,5
-1,5
-1,5
-1,5
-1,5
-1,5
-1,5
-1,5
-1,5
-1,5
-1,5
-1,5
-1,5.099019527435303
-1,5.099019527435303
-1,5.099019527435303
-1,5.099019527435303
-1,5.099019527435303
-1,5.099019527435303
-1,5.099019527435303
-1,5.099019527435303
-1,5.099019527435303
-1,5.099019527435303
-1,5.099019527435303
-1,5.099019527435303
-1,5.196152210235596
-1,5.196152210235596
-1,5.196152210235596
-1,5.196152210235596
-1,5.196152210235596
-1,5.196152210235596
-1,5.196152210235596
-1,5.196152210235596
-1,5.196152210235596
-1,5.385164737701416
-1,5.385164737701416
-1,5.385164737701416
-1,5.385164737701416
-1,5.385164737701416
-1,5.385164737701416
-1,5.385164737701416
-1,5.385164737701416
-1,5.385164737701416
-1,5.385164737701416
-1,5.385164737701416
-1,5.385164737701416
-1,5.385164737701416
-1,5.385164737701416
-1,5.385164737701416
-1,5.385164737701416
-1,5.385164737701416
-1,5.385164737701416
-1,5.385164737701416
-1,5.385164737701416
-1,5.385164737701416
-1,5.385164737701416
-1,5.385164737701416
-1,5.385164737701416
-1,5.385164737701416
-1,5.385164737701416
-1,5.385164737701416
-1,5.385164737701416
-1,5.385164737701416
-1,5.385164737701416
-1,5.4772257804870605
-1,5.4772257804870605
-1,5.4772257804870605
-1,5.4772257804870605
-1,5.4772257804870605
-1,5.4772257804870605
-1,5.4772257804870605
-1,5.4772257804870605
-1,5.4772257804870605
-1,5.4772257804870605
-1,5.656854152679443
-1,5.656854152679443
-1,5.656854152679443
-1,5.656854152679443
-1,5.656854152679443
-1,5.656854152679443
-1,5.656854152679443
-1,5.656854152679443
-1,5.656854152679443
-1,5.656854152679443
-1,5.656854152679443
-1,5.656854152679443
-1,5.656854152679443
-1,5.74456262588501
-1,5.74456262588501
-1,5.74456262588501
-1,5.74456262588501
-1,5.74456262588501
-1,5.74456262588501
-1,5.74456262588501
-1,5.74456262588501
-1,5.74456262588501
-1,5.74456262588501
-1,5.74456262588501
-1,5.830951690673828
-1,5.830951690673828
-1,5.830951690673828
-1,5.830951690673828
-1,5.830951690673828
-1,5.830951690673828
-1,5.830951690673828
-1,5.830951690673828
-1,5.830951690673828
-1,5.830951690673828
-1,5.830951690673828
-1,5.830951690673828
-1,5.830951690673828
-1,5.830951690673828
-1,5.830951690673828
-1,5.830951690673828
-1,5.916079998016357
-1,5.916079998016357
-1,5.916079998016357
-1,5.916079998016357
-1,5.916079998016357
-1,5.916079998016357
-1,5.916079998016357
-1,5.916079998016357
-1,5.916079998016357
-1,5.916079998016357
-1,5.916079998016357
-1,5.916079998016357
-1,5.916079998016357
-1,6
-1,6
-1,6
-1,6
-1,6
-1,6
-1,6
-1,6
-1,6
-1,6
-1,6
-1,6.082762718200684
-1,6.082762718200684
-1,6.082762718200684
-1,6.082762718200684
-1,6.082762718200684
-1,6.082762718200684
-1,6.082762718200684
-1,6.082762718200684
-1,6.082762718200684
-1,6.082762718200684
-1,6.082762718200684
-1,6.082762718200684
-1,6.082762718200684
-1,6.082762718200684
-1,6.082762718200684
-1,6.164413928985596
-1,6.164413928985596
-1,6.164413928985596
-1,6.164413928985596
-1,6.164413928985596
-1,6.164413928985596
-1,6.164413928985596
-1,6.164413928985596
-1,6.164413928985596
-1,6.164413928985596
-1,6.324555397033691
-1,6.324555397033691
-1,6.324555397033691
-1,6.324555397033691
-1,6.324555397033691
-1,6.324555397033691
-1,6.324555397033691
-1,6.324555397033691
-1,6.324555397033691
-1,6.324555397033691
-1,6.324555397033691
-1,6.324555397033691
-1,6.324555397033691
-1,6.4031243324279785
-1,6.4031243324279785
-1,6.4031243324279785
-1,6.4031243324279785
-1,6.4031243324279785
-1,6.4031243324279785
-1,6.4031243324279785
-1,6.4031243324279785
-1,6.4031243324279785
-1,6.4031243324279785
-1,6.4031243324279785
-1,6.4031243324279785
-1,6.4031243324279785
-1,6.4031243324279785
-1,6.4031243324279785
-1,6.4031243324279785
-1,6.4031243324279785
-1,6.4031243324279785
-1,6.4031243324279785
-1,6.4031243324279785
-1,6.4031243324279785
-1,6.480740547180176
-1,6.480740547180176
-1,6.480740547180176
-1,6.480740547180176
-1,6.480740547180176
-1,6.480740547180176
-1,6.480740547180176
-1,6.480740547180176
-1,6.480740547180176
-1,6.480740547180176
-1,6.557438373565674
-1,6.557438373565674
-1,6.557438373565674
-1,6.557438373565674
-1,6.557438373565674
-1,6.557438373565674
-1,6.557438373565674
-1,6.557438373565674
-1,6.633249759674072
-1,6.633249759674072
-1,6.7082037925720215
-1,6.7082037925720215
-1,6.7082037925720215
-1,6.7082037925720215
-1,6.7082037925720215
-1,6.7082037925720215
-1,6.7082037925720215
-1,6.7082037925720215
-1,6.7082037925720215
-1,6.7082037925720215
-1,6.7082037925720215
-1,6.7082037925720215
-1,6.7082037925720215
-1,6.7082037925720215
-1,6.7082037925720215
-1,6.7082037925720215
-1,6.7082037925720215
-1,6.7082037925720215
-1,6.7082037925720215
-1,6.7082037925720215
-1,6.7082037925720215
-1,6.7082037925720215
-1,6.7082037925720215
-1,6.78233003616333
-1,6.78233003616333
-1,6.78233003616333
-1,6.78233003616333
-1,6.78233003616333
-1,6.78233003616333
-1,6.78233003616333
-1,6.78233003616333
-1,6.78233003616333
-1,6.78233003616333
-1,6.78233003616333
-1,6.78233003616333
-1,6.78233003616333
-1,6.928203105926514
-1,6.928203105926514
-1,7
-1,7
-1,7
-1,7
-1,7
-1,7
-1,7
-1,7
-1,7
-1,7
-1,7
-1,7
-1,7
-1,7
-1,7
-1,7
-1,7
-1,7
-1,7
-1,7
-1,7
-1,7.071067810058594
-1,7.071067810058594
-1,7.071067810058594
-1,7.071067810058594
-1,7.071067810058594
-1,7.071067810058594
-1,7.071067810058594
-1,7.071067810058594
-1,7.071067810058594
-1,7.071067810058594
-1,7.071067810058594
-1,7.071067810058594
-1,7.071067810058594
-1,7.071067810058594
-1,7.071067810058594
-1,7.071067810058594
-1,7.071067810058594
-1,7.071067810058594
-1,7.071067810058594
-1,7.071067810058594
-1,7.141428470611572
-1,7.141428470611572
-1,7.141428470611572
-1,7.141428470611572
-1,7.141428470611572
-1,7.141428470611572
-1,7.141428470611572
-1,7.211102485656738
-1,7.211102485656738
-1,7.211102485656738
-1,7.211102485656738
-1,7.211102485656738
-1,7.211102485656738
-1,7.211102485656738
-1,7.211102485656738
-1,7.211102485656738
-1,7.211102485656738
-1,7.211102485656738
-1,7.211102485656738
-1,7.211102485656738
-1,7.280109882354736
-1,7.280109882354736
-1,7.280109882354736
-1,7.280109882354736
-1,7.280109882354736
-1,7.280109882354736
-1,7.280109882354736
-1,7.280109882354736
-1,7.280109882354736
-1,7.280109882354736
-1,7.280109882354736
-1,7.280109882354736
-1,7.280109882354736
-1,7.280109882354736
-1,7.348469257354736
-1,7.348469257354736
-1,7.348469257354736
-1,7.348469257354736
-1,7.348469257354736
-1,7.348469257354736
-1,7.348469257354736
-1,7.4833149909973145
-1,7.4833149909973145
-1,7.4833149909973145
-1,7.4833149909973145
-1,7.4833149909973145
-1,7.4833149909973145
-1,7.4833149909973145
-1,7.4833149909973145
-1,7.4833149909973145
-1,7.4833149909973145
-1,7.4833149909973145
-1,7.549834251403809
-1,7.549834251403809
-1,7.549834251403809
-1,7.549834251403809
-1,7.549834251403809
-1,7.549834251403809
-1,7.549834251403809
-1,7.549834251403809
-1,7.549834251403809
-1,7.549834251403809
-1,7.6157732009887695
-1,7.6157732009887695
-1,7.6157732009887695
-1,7.6157732009887695
-1,7.6157732009887695
-1,7.6157732009887695
-1,7.6157732009887695
-1,7.6157732009887695
-1,7.681145668029785
-1,7.681145668029785
-1,7.681145668029785
-1,7.681145668029785
-1,7.681145668029785
-1,7.681145668029785
-1,7.681145668029785
-1,7.681145668029785
-1,7.681145668029785
-1,7.681145668029785
-1,7.681145668029785
-1,7.681145668029785
-1,7.681145668029785
-1,7.8102498054504395
-1,7.8102498054504395
-1,7.8102498054504395
-1,7.8102498054504395
-1,7.8102498054504395
-1,7.8102498054504395
-1,7.8102498054504395
-1,7.8102498054504395
-1,7.8102498054504395
-1,7.8102498054504395
-1,7.8102498054504395
-1,7.874007701873779
-1,7.874007701873779
-1,7.874007701873779
-1,7.874007701873779
-1,7.874007701873779
-1,7.874007701873779
-1,7.874007701873779
-1,7.874007701873779
-1,7.874007701873779
-1,8
-1,8
-1,8
-1,8
-1,8.062257766723633
-1,8.062257766723633
-1,8.062257766723633
-1,8.062257766723633
-1,8.062257766723633
-1,8.062257766723633
-1,8.062257766723633
-1,8.062257766723633
-1,8.062257766723633
-1,8.062257766723633
-1,8.062257766723633
-1,8.062257766723633
-1,8.062257766723633
-1,8.062257766723633
-1,8.062257766723633
-1,8.062257766723633
-1,8.062257766723633
-1,8.062257766723633
-1,8.062257766723633
-1,8.062257766723633
-1,8.062257766723633
-1,8.062257766723633
-1,8.062257766723633
-1,8.062257766723633
-1,8.062257766723633
-1,8.062257766723633
-1,8.062257766723633
-1,8.062257766723633
-1,8.062257766723633
-1,8.062257766723633
-1,8.062257766723633
-1,8.124038696289063
-1,8.124038696289063
-1,8.124038696289063
-1,8.124038696289063
-1,8.124038696289063
-1,8.124038696289063
-1,8.124038696289063
-1,8.124038696289063
-1,8.124038696289063
-1,8.124038696289063
-1,8.124038696289063
-1,8.124038696289063
-1,8.185352325439453
-1,8.185352325439453
-1,8.246211051940918
-1,8.246211051940918
-1,8.246211051940918
-1,8.246211051940918
-1,8.246211051940918
-1,8.246211051940918
-1,8.246211051940918
-1,8.246211051940918
-1,8.246211051940918
-1,8.246211051940918
-1,8.246211051940918
-1,8.246211051940918
-1,8.246211051940918
-1,8.306623458862305
-1,8.306623458862305
-1,8.306623458862305
-1,8.306623458862305
-1,8.306623458862305
-1,8.306623458862305
-1,8.306623458862305
-1,8.306623458862305
-1,8.306623458862305
-1,8.366600036621094
-1,8.366600036621094
-1,8.366600036621094
-1,8.366600036621094
-1,8.366600036621094
-1,8.485280990600586
-1,8.485280990600586
-1,8.485280990600586
-1,8.485280990600586
-1,8.485280990600586
-1,8.485280990600586
-1,8.485280990600586
-1,8.5440034866333
-1,8.5440034866333
-1,8.5440034866333
-1,8.5440034866333
-1,8.5440034866333
-1,8.5440034866333
-1,8.5440034866333
-1,8.5440034866333
-1,8.5440034866333
-1,8.5440034866333
-1,8.5440034866333
-1,8.602325439453125
-1,8.602325439453125
-1,8.602325439453125
-1,8.602325439453125
-1,8.602325439453125
-1,8.602325439453125
-1,8.602325439453125
-1,8.602325439453125
-1,8.602325439453125
-1,8.602325439453125
-1,8.602325439453125
-1,8.602325439453125
-1,8.602325439453125
-1,8.602325439453125
-1,8.602325439453125
-1,8.602325439453125
-1,8.602325439453125
-1,8.602325439453125
-1,8.602325439453125
-1,8.66025447845459
-1,8.66025447845459
-1,8.66025447845459
-1,8.66025447845459
-1,8.66025447845459
-1,8.66025447845459
-1,8.66025447845459
-1,8.66025447845459
-1,8.66025447845459
-1,8.66025447845459
-1,8.717798233032227
-1,8.717798233032227
-1,8.717798233032227
-1,8.717798233032227
-1,8.717798233032227
-1,8.774964332580566
-1,8.774964332580566
-1,8.774964332580566
-1,8.774964332580566
-1,8.774964332580566
-1,8.774964332580566
-1,8.774964332580566
-1,8.774964332580566
-1,8.774964332580566
-1,8.774964332580566
-1,8.774964332580566
-1,8.774964332580566
-1,8.83176040649414
-1,8.83176040649414
-1,8.83176040649414
-1,8.83176040649414
-1,8.83176040649414
-1,8.83176040649414
-1,8.9442720413208
-1,8.9442720413208
-1,8.9442720413208
-1,8.9442720413208
-1,8.9442720413208
-1,8.9442720413208
-1,8.9442720413208
-1,8.9442720413208
-1,8.9442720413208
-1,8.9442720413208
-1,8.9442720413208
-1,9
-1,9
-1,9
-1,9
-1,9
-1,9
-1,9
-1,9
-1,9
-1,9
-1,9
-1,9
-1,9
-1,9
-1,9
-1,9.05538558959961
-1,9.05538558959961
-1,9.05538558959961
-1,9.05538558959961
-1,9.05538558959961
-1,9.05538558959961
-1,9.05538558959961
-1,9.05538558959961
-1,9.05538558959961
-1,9.110433578491211
-1,9.110433578491211
-1,9.110433578491211
-1,9.110433578491211
-1,9.110433578491211
-1,9.110433578491211
-1,9.110433578491211
-1,9.110433578491211
-1,9.165151596069336
-1,9.165151596069336
-1,9.165151596069336
-1,9.165151596069336
-1,9.165151596069336
-1,9.219544410705566
-1,9.219544410705566
-1,9.219544410705566
-1,9.219544410705566
-1,9.219544410705566
-1,9.219544410705566
-1,9.219544410705566
-1,9.219544410705566
-1,9.219544410705566
-1,9.219544410705566
-1,9.219544410705566
-1,9.273618698120117
-1,9.273618698120117
-1,9.273618698120117
-1,9.273618698120117
-1,9.273618698120117
-1,9.273618698120117
-1,9.273618698120117
-1,9.273618698120117
-1,9.273618698120117
-1,9.273618698120117
-1,9.273618698120117
-1,9.380831718444824
-1,9.433980941772461
-1,9.433980941772461
-1,9.433980941772461
-1,9.433980941772461
-1,9.433980941772461
-1,9.433980941772461
-1,9.433980941772461
-1,9.433980941772461
-1,9.433980941772461
-1,9.433980941772461
-1,9.433980941772461
-1,9.433980941772461
-1,9.486832618713379
-1,9.486832618713379
-1,9.486832618713379
-1,9.486832618713379
-1,9.486832618713379
-1,9.486832618713379
-1,9.486832618713379
-1,9.486832618713379
-1,9.486832618713379
-1,9.486832618713379
-1,9.486832618713379
-1,9.486832618713379
-1,9.539392471313477
-1,9.643651008605957
-1,9.643651008605957
-1,9.643651008605957
-1,9.643651008605957
-1,9.69536018371582
-1,9.69536018371582
-1,9.69536018371582
-1,9.69536018371582
-1,9.69536018371582
-1,9.69536018371582
-1,9.69536018371582
-1,9.797959327697754
-1,9.797959327697754
-1,9.797959327697754
-1,9.797959327697754
-1,9.797959327697754
-1,9.797959327697754
-1,9.848857879638672
-1,9.848857879638672
-1,9.848857879638672
-1,9.848857879638672
-1,9.848857879638672
-1,9.848857879638672
-1,9.848857879638672
-1,9.899495124816895
-1,9.899495124816895
-1,9.899495124816895
-1,9.899495124816895
-1,9.899495124816895
-1,9.899495124816895
-1,9.899495124816895
-1,9.899495124816895
-1,9.899495124816895
-1,9.949873924255371
-1,9.949873924255371
-1,9.949873924255371
-1,9.949873924255371
-1,9.949873924255371
-1,9.949873924255371
-1,10
-1,10
-1,10
-1,10
-1,10
-1,10
-1,10.049875259399414
-1,10.049875259399414
-1,10.049875259399414
-1,10.049875259399414
-1,10.049875259399414
-1,10.049875259399414
-1,10.099504470825195
-1,10.099504470825195
-1,10.099504470825195
-1,10.099504470825195
-1,10.099504470825195
-1,10.099504470825195
-1,10.099504470825195
-1,10.198039054870605
-1,10.198039054870605
-1,10.198039054870605
-1,10.198039054870605
-1,10.24695110321045
-1,10.24695110321045
-1,10.24695110321045
-1,10.24695110321045
-1,10.24695110321045
-1,10.24695110321045
-1,10.24695110321045
-1,10.24695110321045
-1,10.29563045501709
-1,10.29563045501709
-1,10.29563045501709
-1,10.29563045501709
-1,10.344079971313477
-1,10.392304420471191
-1,10.440306663513184
-1,10.440306663513184
-1,10.440306663513184
-1,10.440306663513184
-1,10.440306663513184
-1,10.440306663513184
-1,10.488088607788086
-1,10.630146026611328
-1,10.630146026611328
-1,10.630146026611328
-1,10.630146026611328
-1,10.630146026611328
-1,10.630146026611328
-1,10.630146026611328
-1,10.630146026611328
-1,10.630146026611328
-1,10.630146026611328
-1,10.677078247070313
-1,10.677078247070313
-1,10.72380542755127
-1,10.72380542755127
-1,10.770329475402832
-1,10.770329475402832
-1,10.770329475402832
-1,10.770329475402832
-1,10.770329475402832
-1,10.816654205322266
-1,10.816654205322266
-1,10.816654205322266
-1,10.954451560974121
-1,10.954451560974121
-1,10.954451560974121
-1,10.954451560974121
-1,10.954451560974121
-1,11
-1,11
-1,11
-1,11.045360565185547
-1,11.045360565185547
-1,11.045360565185547
-1,11.045360565185547
-1,11.090536117553711
-1,11.180339813232422
-1,11.180339813232422
-1,11.180339813232422
-1,11.180339813232422
-1,11.180339813232422
-1,11.180339813232422
-1,11.224971771240234
-1,11.224971771240234
-1,11.224971771240234
-1,11.224971771240234
-1,11.224971771240234
-1,11.313708305358887
-1,11.313708305358887
-1,11.357816696166992
-1,11.357816696166992
-1,11.357816696166992
-1,11.357816696166992
-1,11.357816696166992
-1,11.357816696166992
-1,11.357816696166992
-1,11.401754379272461
-1,11.445523262023926
-1,11.445523262023926
-1,11.48912525177002
-1,11.48912525177002
-1,11.48912525177002
-1,11.532562255859375
-1,11.532562255859375
-1,11.575837135314941
-1,11.661903381347656
-1,11.661903381347656
-1,11.661903381347656
-1,11.704699516296387
-1,11.789826393127441
-1,11.916375160217285
-1,11.916375160217285
-1,12
-1,12.041594505310059
-1,12.041594505310059
-1,12.041594505310059
-1,12.041594505310059
-1,12.083045959472656
-1,12.083045959472656
-1,12.12435531616211
-1,12.206555366516113
-1,12.206555366516113
-1,12.206555366516113
-1,12.247448921203613
-1,12.328827857971191
-1,12.369317054748535
-1,12.369317054748535
-1,12.449899673461914
-1,12.449899673461914
-1,12.529964447021484
-1,12.569805145263672
-1,12.569805145263672
-1,12.649110794067383
-1,12.688577651977539
-1,12.727922439575195
-1,12.727922439575195
-1,12.727922439575195
-1,12.767145156860352
-1,12.806248664855957
-1,12.845232963562012
-1,13
-1,13
-1,13.03840446472168
-1,13.03840446472168
-1,13.076696395874023
-1,13.114876747131348
-1,13.190905570983887
-1,13.266499519348145
-1,13.416407585144043
-1,13.45362377166748
-1,13.490737915039063
-1,13.490737915039063
-1,13.601470947265625
-1,13.601470947265625
-1,13.601470947265625
-1,13.601470947265625
-1,13.67479419708252
-1,13.747727394104004
-1,13.747727394104004
-1,13.747727394104004
-1,13.964240074157715
-1,14.071247100830078
-1,14.071247100830078
-1,14.177447319030762
-1,14.21267032623291
-1,14.21267032623291
-1,14.352700233459473
-1,14.352700233459473
-1,14.456831932067871
-1,14.491376876831055
-1,14.491376876831055
-1,14.525838851928711
-1,14.866068840026855
-1,14.866068840026855
-1,15.165750503540039
-1,15.165750503540039
-1,15.42724895477295
-1,15.524174690246582
-1,15.524174690246582
-1,15.55634880065918
-1,15.588457107543945
-1,15.779733657836914
-1,15.81138801574707
-1,15.842979431152344
-1,16.031219482421875
-1,16.031219482421875
-1,16.093477249145508
-1,16.18641471862793
-1,16.278820037841797
-1,16.5831241607666
-1,16.76305389404297
-1,16.792856216430664
-1,16.881942749023438
-1,17
-1,17.029386520385742
-1,17.233688354492188
-1,17.291616439819336
-1,17.34935188293457
-1,17.37814712524414
-1,17.6068172454834
-1,17.6068172454834
-1,17.83255386352539
-1,17.916473388671875
-1,18.357559204101563
-1,18.357559204101563
-1,18.493242263793945
-1,18.70828628540039
-1,19.209373474121094
-1,19.39072036743164
-1,19.84943389892578
-1,20.808652877807617
-1,21.954498291015625
1,inf
1,inf
1,inf
1,inf
1,inf
1,inf
1,inf
1,inf
1,1.4142135381698608
1,1.4142135381698608
1,1.4142135381698608
1,1.4142135381698608
1,1.4142135381698608
1,1.4142135381698608
1,1.4142135381698608
1,1.4142135381698608
1,1.4142135381698608
1,1.4142135381698608
1,1.4142135381698608
1,1.4142135381698608
1,1.4142135381698608
1,1.4142135381698608
1,1.4142135381698608
1,1.4142135381698608
1,1.4142135381698608
1,1.4142135381698608
1,1.4142135381698608
1,1.4142135381698608
1,1.4142135381698608
1,1.4142135381698608
1,1.4142135381698608
1,1.4142135381698608
1,1.4142135381698608
1,1.4142135381698608
1,1.4142135381698608
1,1.4142135381698608
1,1.4142135381698608
1,1.4142135381698608
1,1.4142135381698608
1,1.4142135381698608
1,1.4142135381698608
1,1.4142135381698608
1,1.4142135381698608
1,1.4142135381698608
1,1.4142135381698608
1,1.4142135381698608
1,1.4142135381698608
1,1.4142135381698608
1,1.4142135381698608
1,1.4142135381698608
1,1.4142135381698608
1,1.4142135381698608
1,1.4142135381698608
1,1.4142135381698608
1,1.4142135381698608
1,1.4142135381698608
1,1.4142135381698608
1,1.4142135381698608
1,1.4142135381698608
1,1.4142135381698608
1,1.4142135381698608
1,1.4142135381698608
1,1.4142135381698608
1,1.4142135381698608
1,1.4142135381698608
1,1.4142135381698608
1,1.4142135381698608
1,1.4142135381698608
1,1.4142135381698608
1,1.4142135381698608
1,1.4142135381698608
1,1.4142135381698608
1,1.4142135381698608
1,1.4142135381698608
1,1.4142135381698608
1,1.7320507764816284
1,1.7320507764816284
1,1.7320507764816284
1,1.7320507764816284
1,1.7320507764816284
1,1.7320507764816284
1,1.7320507764816284
1,1.7320507764816284
1,1.7320507764816284
1,1.7320507764816284
1,1.7320507764816284
1,1.7320507764816284
1,1.7320507764816284
1,1.7320507764816284
1,1.7320507764816284
1,1.7320507764816284
1,1.7320507764816284
1,1.7320507764816284
1,1.7320507764816284
1,1.7320507764816284
1,1.7320507764816284
1,1.7320507764816284
1,2
1,2
1,2
1,2
1,2
1,2
1,2
1,2
1,2
1,2
1,2
1,2
1,2
1,2
1,2
1,2
1,2
1,2
1,2
1,2
1,2
1,2
1,2
1,2
1,2
1,2
1,2
1,2
1,2
1,2
1,2
1,2
1,2
1,2.2360680103302
1,2.2360680103302
1,2.2360680103302
1,2.2360680103302
1,2.2360680103302
1,2.2360680103302
1,2.2360680103302
1,2.2360680103302
1,2.2360680103302
1,2.2360680103302
1,2.2360680103302
1,2.2360680103302
1,2.2360680103302
1,2.2360680103302
1,2.2360680103302
1,2.2360680103302
1,2.2360680103302
1,2.2360680103302
1,2.2360680103302
1,2.2360680103302
1,2.2360680103302
1,2.2360680103302
1,2.2360680103302
1,2.2360680103302
1,2.2360680103302
1,2.2360680103302
1,2.2360680103302
1,2.2360680103302
1,2.2360680103302
1,2.2360680103302
1,2.2360680103302
1,2.2360680103302
1,2.2360680103302
1,2.2360680103302
1,2.2360680103302
1,2.2360680103302
1,2.2360680103302
1,2.2360680103302
1,2.2360680103302
1,2.2360680103302
1,2.2360680103302
1,2.2360680103302
1,2.2360680103302
1,2.2360680103302
1,2.2360680103302
1,2.2360680103302
1,2.2360680103302
1,2.2360680103302
1,2.2360680103302
1,2.2360680103302
1,2.2360680103302
1,2.2360680103302
1,2.2360680103302
1,2.2360680103302
1,2.2360680103302
1,2.2360680103302
1,2.2360680103302
1,2.2360680103302
1,2.2360680103302
1,2.2360680103302
1,2.2360680103302
1,2.2360680103302
1,2.2360680103302
1,2.2360680103302
1,2.4494898319244385
1,2.4494898319244385
1,2.4494898319244385
1,2.4494898319244385
1,2.4494898319244385
1,2.4494898319244385
1,2.4494898319244385
1,2.4494898319244385
1,2.4494898319244385
1,2.4494898319244385
1,2.4494898319244385
1,2.4494898319244385
1,2.4494898319244385
1,2.4494898319244385
1,2.4494898319244385
1,2.4494898319244385
1,2.4494898319244385
1,2.4494898319244385
1,2.4494898319244385
1,2.4494898319244385
1,2.4494898319244385
1,2.4494898319244385
1,2.4494898319244385
1,2.4494898319244385
1,2.4494898319244385
1,2.4494898319244385
1,2.4494898319244385
1,2.4494898319244385
1,2.4494898319244385
1,2.4494898319244385
1,2.4494898319244385
1,2.4494898319244385
1,2.4494898319244385
1,2.4494898319244385
1,2.8284270763397217
1,2.8284270763397217
1,2.8284270763397217
1,2.8284270763397217
1,2.8284270763397217
1,2.8284270763397217
1,2.8284270763397217
1,2.8284270763397217
1,2.8284270763397217
1,2.8284270763397217
1,2.8284270763397217
1,2.8284270763397217
1,2.8284270763397217
1,2.8284270763397217
1,2.8284270763397217
1,2.8284270763397217
1,2.8284270763397217
1,2.8284270763397217
1,2.8284270763397217
1,2.8284270763397217
1,2.8284270763397217
1,2.8284270763397217
1,2.8284270763397217
1,2.8284270763397217
1,2.8284270763397217
1,2.8284270763397217
1,2.8284270763397217
1,2.8284270763397217
1,2.8284270763397217
1,2.8284270763397217
1,2.8284270763397217
1,3
1,3
1,3
1,3
1,3
1,3
1,3
1,3
1,3
1,3
1,3
1,3
1,3
1,3
1,3
1,3
1,3
1,3
1,3
1,3
1,3
1,3
1,3
1,3
1,3
1,3
1,3
1,3
1,3
1,3
1,3
1,3
1,3
1,3
1,3
1,3
1,3
1,3
1,3
1,3.1622776985168457
1,3.1622776985168457
1,3.1622776985168457
1,3.1622776985168457
1,3.1622776985168457
1,3.1622776985168457
1,3.1622776985168457
1,3.1622776985168457
1,3.1622776985168457
1,3.1622776985168457
1,3.1622776985168457
1,3.1622776985168457
1,3.1622776985168457
1,3.1622776985168457
1,3.1622776985168457
1,3.1622776985168457
1,3.1622776985168457
1,3.1622776985168457
1,3.1622776985168457
1,3.1622776985168457
1,3.1622776985168457
1,3.1622776985168457
1,3.1622776985168457
1,3.1622776985168457
1,3.1622776985168457
1,3.1622776985168457
1,3.1622776985168457
1,3.1622776985168457
1,3.316624879837036
1,3.316624879837036
1,3.316624879837036
1,3.316624879837036
1,3.316624879837036
1,3.316624879837036
1,3.316624879837036
1,3.316624879837036
1,3.316624879837036
1,3.316624879837036
1,3.316624879837036
1,3.464101552963257
1,3.464101552963257
1,3.464101552963257
1,3.464101552963257
1,3.464101552963257
1,3.464101552963257
1,3.605551242828369
1,3.605551242828369
1,3.605551242828369
1,3.605551242828369
1,3.605551242828369
1,3.605551242828369
1,3.605551242828369
1,3.605551242828369
1,3.605551242828369
1,3.605551242828369
1,3.605551242828369
1,3.605551242828369
1,3.605551242828369
1,3.605551242828369
1,3.605551242828369
1,3.605551242828369
1,3.605551242828369
1,3.605551242828369
1,3.605551242828369
1,3.605551242828369
1,3.605551242828369
1,3.605551242828369
1,3.605551242828369
1,3.7416574954986572
1,3.7416574954986572
1,3.7416574954986572
1,3.7416574954986572
1,3.7416574954986572
1,3.7416574954986572
1,3.7416574954986572
1,3.7416574954986572
1,3.7416574954986572
1,4
1,4
1,4
1,4
1,4
1,4
1,4
1,4
1,4
1,4
1,4
1,4
1,4.123105525970459
1,4.123105525970459
1,4.123105525970459
1,4.123105525970459
1,4.123105525970459
1,4.123105525970459
1,4.123105525970459
1,4.123105525970459
1,4.123105525970459
1,4.123105525970459
1,4.123105525970459
1,4.123105525970459
1,4.123105525970459
1,4.123105525970459
1,4.123105525970459
1,4.123105525970459
1,4.123105525970459
1,4.123105525970459
1,4.123105525970459
1,4.123105525970459
1,4.123105525970459
1,4.123105525970459
1,4.123105525970459
1,4.123105525970459
1,4.123105525970459
1,4.123105525970459
1,4.123105525970459
1,4.123105525970459
1,4.242640495300293
1,4.242640495300293
1,4.242640495300293
1,4.242640495300293
1,4.242640495300293
1,4.242640495300293
1,4.242640495300293
1,4.242640495300293
1,4.242640495300293
1,4.242640495300293
1,4.242640495300293
1,4.242640495300293
1,4.358899116516113
1,4.358899116516113
1,4.358899116516113
1,4.358899116516113
1,4.358899116516113
1,4.4721360206604
1,4.4721360206604
1,4.4721360206604
1,4.4721360206604
1,4.4721360206604
1,4.4721360206604
1,4.4721360206604
1,4.4721360206604
1,4.4721360206604
1,4.4721360206604
1,4.582575798034668
1,4.582575798034668
1,4.582575798034668
1,4.582575798034668
1,4.582575798034668
1,4.582575798034668
1,4.582575798034668
1,4.582575798034668
1,4.582575798034668
1,4.690415859222412
1,4.690415859222412
1,4.690415859222412
1,4.690415859222412
1,4.690415859222412
1,4.690415859222412
1,4.690415859222412
1,4.690415859222412
1,4.690415859222412
1,4.690415859222412
1,4.690415859222412
1,4.690415859222412
1,4.898979663848877
1,4.898979663848877
1,4.898979663848877
1,4.898979663848877
1,4.898979663848877
1,4.898979663848877
1,4.898979663848877
1,4.898979663848877
1,5
1,5
1,5
1,5
1,5
1,5
1,5
1,5
1,5
1,5
1,5
1,5
1,5
1,5
1,5
1,5
1,5
1,5
1,5
1,5
1,5
1,5
1,5
1,5
1,5
1,5
1,5
1,5.099019527435303
1,5.099019527435303
1,5.099019527435303
1,5.099019527435303
1,5.099019527435303
1,5.099019527435303
1,5.099019527435303
1,5.099019527435303
1,5.099019527435303
1,5.099019527435303
1,5.099019527435303
1,5.099019527435303
1,5.099019527435303
1,5.099019527435303
1,5.099019527435303
1,5.099019527435303
1,5.099019527435303
1,5.099019527435303
1,5.099019527435303
1,5.099019527435303
1,5.099019527435303
1,5.196152210235596
1,5.196152210235596
1,5.196152210235596
1,5.196152210235596
1,5.196152210235596
1,5.196152210235596
1,5.196152210235596
1,5.196152210235596
1,5.196152210235596
1,5.196152210235596
1,5.196152210235596
1,5.385164737701416
1,5.385164737701416
1,5.385164737701416
1,5.385164737701416
1,5.385164737701416
1,5.385164737701416
1,5.385164737701416
1,5.385164737701416
1,5.385164737701416
1,5.385164737701416
1,5.385164737701416
1,5.385164737701416
1,5.385164737701416
1,5.385164737701416
1,5.385164737701416
1,5.385164737701416
1,5.385164737701416
1,5.385164737701416
1,5.385164737701416
1,5.385164737701416
1,5.385164737701416
1,5.4772257804870605
1,5.4772257804870605
1,5.4772257804870605
1,5.4772257804870605
1,5.4772257804870605
1,5.4772257804870605
1,5.4772257804870605
1,5.4772257804870605
1,5.4772257804870605
1,5.656854152679443
1,5.656854152679443
1,5.656854152679443
1,5.656854152679443
1,5.656854152679443
1,5.656854152679443
1,5.656854152679443
1,5.656854152679443
1,5.656854152679443
1,5.656854152679443
1,5.656854152679443
1,5.656854152679443
1,5.74456262588501
1,5.74456262588501
1,5.74456262588501
1,5.74456262588501
1,5.74456262588501
1,5.74456262588501
1,5.74456262588501
1,5.74456262588501
1,5.74456262588501
1,5.74456262588501
1,5.74456262588501
1,5.74456262588501
1,5.830951690673828
1,5.830951690673828
1,5.830951690673828
1,5.830951690673828
1,5.830951690673828
1,5.830951690673828
1,5.830951690673828
1,5.830951690673828
1,5.830951690673828
1,5.830951690673828
1,5.830951690673828
1,5.830951690673828
1,5.830951690673828
1,5.830951690673828
1,5.830951690673828
1,5.830951690673828
1,5.830951690673828
1,5.830951690673828
1,5.830951690673828
1,5.830951690673828
1,5.830951690673828
1,5.830951690673828
1,5.830951690673828
1,5.830951690673828
1,5.830951690673828
1,5.916079998016357
1,5.916079998016357
1,5.916079998016357
1,5.916079998016357
1,5.916079998016357
1,5.916079998016357
1,5.916079998016357
1,5.916079998016357
1,6
1,6
1,6
1,6
1,6
1,6
1,6
1,6
1,6
1,6
1,6
1,6
1,6
1,6
1,6
1,6
1,6
1,6
1,6.082762718200684
1,6.082762718200684
1,6.082762718200684
1,6.082762718200684
1,6.082762718200684
1,6.082762718200684
1,6.082762718200684
1,6.082762718200684
1,6.082762718200684
1,6.082762718200684
1,6.082762718200684
1,6.082762718200684
1,6.082762718200684
1,6.082762718200684
1,6.082762718200684
1,6.164413928985596
1,6.164413928985596
1,6.164413928985596
1,6.164413928985596
1,6.164413928985596
1,6.164413928985596
1,6.164413928985596
1,6.164413928985596
1,6.164413928985596
1,6.324555397033691
1,6.324555397033691
1,6.324555397033691
1,6.324555397033691
1,6.324555397033691
1,6.324555397033691
1,6.324555397033691
1,6.324555397033691
1,6.324555397033691
1,6.324555397033691
1,6.324555397033691
1,6.324555397033691
1,6.324555397033691
1,6.324555397033691
1,6.324555397033691
1,6.4031243324279785
1,6.4031243324279785
1,6.4031243324279785
1,6.4031243324279785
1,6.4031243324279785
1,6.4031243324279785
1,6.4031243324279785
1,6.4031243324279785
1,6.4031243324279785
1,6.4031243324279785
1,6.4031243324279785
1,6.4031243324279785
1,6.4031243324279785
1,6.4031243324279785
1,6.4031243324279785
1,6.4031243324279785
1,6.4031243324279785
1,6.4031243324279785
1,6.4031243324279785
1,6.4031243324279785
1,6.4031243324279785
1,6.4031243324279785
1,6.4031243324279785
1,6.4031243324279785
1,6.4031243324279785
1,6.4031243324279785
1,6.480740547180176
1,6.480740547180176
1,6.480740547180176
1,6.480740547180176
1,6.480740547180176
1,6.480740547180176
1,6.480740547180176
1,6.480740547180176
1,6.480740547180176
1,6.480740547180176
1,6.480740547180176
1,6.480740547180176
1,6.480740547180176
1,6.557438373565674
1,6.557438373565674
1,6.557438373565674
1,6.633249759674072
1,6.633249759674072
1,6.633249759674072
1,6.633249759674072
1,6.7082037925720215
1,6.7082037925720215
1,6.7082037925720215
1,6.7082037925720215
1,6.7082037925720215
1,6.7082037925720215
1,6.7082037925720215
1,6.7082037925720215
1,6.7082037925720215
1,6.7082037925720215
1,6.7082037925720215
1,6.7082037925720215
1,6.7082037925720215
1,6.7082037925720215
1,6.7082037925720215
1,6.7082037925720215
1,6.78233003616333
1,6.78233003616333
1,6.78233003616333
1,6.78233003616333
1,6.78233003616333
1,6.78233003616333
1,6.78233003616333
1,6.78233003616333
1,6.78233003616333
1,6.78233003616333
1,6.78233003616333
1,6.78233003616333
1,6.928203105926514
1,7
1,7
1,7
1,7
1,7
1,7
1,7
1,7
1,7
1,7
1,7
1,7.071067810058594
1,7.071067810058594
1,7.071067810058594
1,7.071067810058594
1,7.071067810058594
1,7.071067810058594
1,7.071067810058594
1,7.071067810058594
1,7.071067810058594
1,7.071067810058594
1,7.071067810058594
1,7.071067810058594
1,7.071067810058594
1,7.071067810058594
1,7.071067810058594
1,7.071067810058594
1,7.071067810058594
1,7.071067810058594
1,7.071067810058594
1,7.141428470611572
1,7.141428470611572
1,7.141428470611572
1,7.141428470611572
1,7.141428470611572
1,7.211102485656738
1,7.211102485656738
1,7.211102485656738
1,7.211102485656738
1,7.211102485656738
1,7.211102485656738
1,7.211102485656738
1,7.211102485656738
1,7.211102485656738
1,7.211102485656738
1,7.211102485656738
1,7.211102485656738
1,7.211102485656738
1,7.211102485656738
1,7.211102485656738
1,7.211102485656738
1,7.280109882354736
1,7.280109882354736
1,7.280109882354736
1,7.280109882354736
1,7.280109882354736
1,7.280109882354736
1,7.280109882354736
1,7.280109882354736
1,7.280109882354736
1,7.280109882354736
1,7.280109882354736
1,7.280109882354736
1,7.280109882354736
1,7.280109882354736
1,7.280109882354736
1,7.280109882354736
1,7.280109882354736
1,7.280109882354736
1,7.280109882354736
1,7.280109882354736
1,7.280109882354736
1,7.280109882354736
1,7.280109882354736
1,7.280109882354736
1,7.348469257354736
1,7.348469257354736
1,7.348469257354736
1,7.348469257354736
1,7.348469257354736
1,7.348469257354736
1,7.348469257354736
1,7.348469257354736
1,7.348469257354736
1,7.348469257354736
1,7.348469257354736
1,7.4833149909973145
1,7.4833149909973145
1,7.4833149909973145
1,7.4833149909973145
1,7.4833149909973145
1,7.4833149909973145
1,7.4833149909973145
1,7.4833149909973145
1,7.4833149909973145
1,7.4833149909973145
1,7.4833149909973145
1,7.4833149909973145
1,7.549834251403809
1,7.549834251403809
1,7.549834251403809
1,7.549834251403809
1,7.549834251403809
1,7.549834251403809
1,7.549834251403809
1,7.549834251403809
1,7.549834251403809
1,7.6157732009887695
1,7.6157732009887695
1,7.6157732009887695
1,7.6157732009887695
1,7.6157732009887695
1,7.6157732009887695
1,7.6157732009887695
1,7.6157732009887695
1,7.6157732009887695
1,7.681145668029785
1,7.681145668029785
1,7.681145668029785
1,7.681145668029785
1,7.681145668029785
1,7.681145668029785
1,7.681145668029785
1,7.681145668029785
1,7.681145668029785
1,7.681145668029785
1,7.681145668029785
1,7.8102498054504395
1,7.8102498054504395
1,7.8102498054504395
1,7.8102498054504395
1,7.8102498054504395
1,7.8102498054504395
1,7.8102498054504395
1,7.8102498054504395
1,7.8102498054504395
1,7.8102498054504395
1,7.8102498054504395
1,7.8102498054504395
1,7.8102498054504395
1,7.8102498054504395
1,7.8102498054504395
1,7.8102498054504395
1,7.874007701873779
1,7.874007701873779
1,7.874007701873779
1,7.874007701873779
1,7.874007701873779
1,7.874007701873779
1,8
1,8
1,8
1,8
1,8
1,8
1,8
1,8
1,8
1,8
1,8.062257766723633
1,8.062257766723633
1,8.062257766723633
1,8.062257766723633
1,8.062257766723633
1,8.062257766723633
1,8.062257766723633
1,8.062257766723633
1,8.062257766723633
1,8.062257766723633
1,8.062257766723633
1,8.062257766723633
1,8.062257766723633
1,8.062257766723633
1,8.062257766723633
1,8.062257766723633
1,8.062257766723633
1,8.124038696289063
1,8.124038696289063
1,8.124038696289063
1,8.124038696289063
1,8.124038696289063
1,8.124038696289063
1,8.124038696289063
1,8.124038696289063
1,8.185352325439453
1,8.185352325439453
1,8.185352325439453
1,8.185352325439453
1,8.246211051940918
1,8.246211051940918
1,8.246211051940918
1,8.246211051940918
1,8.246211051940918
1,8.246211051940918
1,8.246211051940918
1,8.246211051940918
1,8.246211051940918
1,8.246211051940918
1,8.306623458862305
1,8.306623458862305
1,8.306623458862305
1,8.306623458862305
1,8.306623458862305
1,8.306623458862305
1,8.306623458862305
1,8.306623458862305
1,8.306623458862305
1,8.306623458862305
1,8.306623458862305
1,8.306623458862305
1,8.366600036621094
1,8.366600036621094
1,8.366600036621094
1,8.485280990600586
1,8.485280990600586
1,8.485280990600586
1,8.5440034866333
1,8.5440034866333
1,8.5440034866333
1,8.5440034866333
1,8.5440034866333
1,8.5440034866333
1,8.5440034866333
1,8.5440034866333
1,8.5440034866333
1,8.602325439453125
1,8.602325439453125
1,8.602325439453125
1,8.602325439453125
1,8.602325439453125
1,8.602325439453125
1,8.602325439453125
1,8.602325439453125
1,8.602325439453125
1,8.602325439453125
1,8.602325439453125
1,8.602325439453125
1,8.602325439453125
1,8.602325439453125
1,8.602325439453125
1,8.66025447845459
1,8.66025447845459
1,8.66025447845459
1,8.66025447845459
1,8.66025447845459
1,8.66025447845459
1,8.66025447845459
1,8.717798233032227
1,8.717798233032227
1,8.774964332580566
1,8.774964332580566
1,8.774964332580566
1,8.774964332580566
1,8.774964332580566
1,8.774964332580566
1,8.774964332580566
1,8.774964332580566
1,8.774964332580566
1,8.774964332580566
1,8.83176040649414
1,8.83176040649414
1,8.83176040649414
1,8.83176040649414
1,8.9442720413208
1,8.9442720413208
1,8.9442720413208
1,8.9442720413208
1,8.9442720413208
1,8.9442720413208
1,9
1,9
1,9
1,9
1,9
1,9
1,9
1,9
1,9
1,9
1,9
1,9
1,9
1,9
1,9
1,9
1,9
1,9.05538558959961
1,9.05538558959961
1,9.05538558959961
1,9.05538558959961
1,9.05538558959961
1,9.05538558959961
1,9.05538558959961
1,9.110433578491211
1,9.110433578491211
1,9.110433578491211
1,9.165151596069336
1,9.165151596069336
1,9.165151596069336
1,9.165151596069336
1,9.165151596069336
1,9.165151596069336
1,9.219544410705566
1,9.219544410705566
1,9.219544410705566
1,9.219544410705566
1,9.273618698120117
1,9.273618698120117
1,9.273618698120117
1,9.273618698120117
1,9.273618698120117
1,9.273618698120117
1,9.273618698120117
1,9.273618698120117
1,9.273618698120117
1,9.273618698120117
1,9.273618698120117
1,9.273618698120117
1,9.273618698120117
1,9.433980941772461
1,9.433980941772461
1,9.433980941772461
1,9.433980941772461
1,9.433980941772461
1,9.433980941772461
1,9.433980941772461
1,9.433980941772461
1,9.433980941772461
1,9.433980941772461
1,9.433980941772461
1,9.433980941772461
1,9.433980941772461
1,9.486832618713379
1,9.486832618713379
1,9.486832618713379
1,9.486832618713379
1,9.539392471313477
1,9.539392471313477
1,9.539392471313477
1,9.539392471313477
1,9.643651008605957
1,9.643651008605957
1,9.643651008605957
1,9.643651008605957
1,9.643651008605957
1,9.69536018371582
1,9.69536018371582
1,9.69536018371582
1,9.69536018371582
1,9.69536018371582
1,9.69536018371582
1,9.797959327697754
1,9.797959327697754
1,9.797959327697754
1,9.797959327697754
1,9.797959327697754
1,9.797959327697754
1,9.848857879638672
1,9.848857879638672
1,9.848857879638672
1,9.848857879638672
1,9.848857879638672
1,9.848857879638672
1,9.848857879638672
1,9.848857879638672
1,9.899495124816895
1,9.899495124816895
1,9.899495124816895
1,9.899495124816895
1,9.899495124816895
1,9.899495124816895
1,9.899495124816895
1,9.899495124816895
1,9.899495124816895
1,9.899495124816895
1,9.949873924255371
1,9.949873924255371
1,9.949873924255371
1,9.949873924255371
1,9.949873924255371
1,9.949873924255371
1,9.949873924255371
1,9.949873924255371
1,9.949873924255371
1,9.949873924255371
1,9.949873924255371
1,10
1,10
1,10
1,10
1,10
1,10.049875259399414
1,10.049875259399414
1,10.049875259399414
1,10.049875259399414
1,10.049875259399414
1,10.049875259399414
1,10.049875259399414
1,10.049875259399414
1,10.049875259399414
1,10.049875259399414
1,10.049875259399414
1,10.049875259399414
1,10.049875259399414
1,10.049875259399414
1,10.099504470825195
1,10.099504470825195
1,10.198039054870605
1,10.198039054870605
1,10.198039054870605
1,10.198039054870605
1,10.24695110321045
1,10.24695110321045
1,10.29563045501709
1,10.29563045501709
1,10.29563045501709
1,10.29563045501709
1,10.344079971313477
1,10.344079971313477
1,10.392304420471191
1,10.392304420471191
1,10.440306663513184
1,10.440306663513184
1,10.440306663513184
1,10.488088607788086
1,10.488088607788086
1,10.488088607788086
1,10.488088607788086
1,10.488088607788086
1,10.488088607788086
1,10.630146026611328
1,10.630146026611328
1,10.630146026611328
1,10.630146026611328
1,10.630146026611328
1,10.630146026611328
1,10.630146026611328
1,10.677078247070313
1,10.677078247070313
1,10.677078247070313
1,10.72380542755127
1,10.72380542755127
1,10.72380542755127
1,10.770329475402832
1,10.770329475402832
1,10.770329475402832
1,10.770329475402832
1,10.816654205322266
1,10.816654205322266
1,10.816654205322266
1,10.862780570983887
1,10.862780570983887
1,10.862780570983887
1,10.862780570983887
1,10.954451560974121
1,10.954451560974121
1,11
1,11
1,11
1,11
1,11
1,11
1,11.045360565185547
1,11.045360565185547
1,11.045360565185547
1,11.045360565185547
1,11.045360565185547
1,11.180339813232422
1,11.180339813232422
1,11.180339813232422
1,11.180339813232422
1,11.180339813232422
1,11.224971771240234
1,11.224971771240234
1,11.224971771240234
1,11.224971771240234
1,11.224971771240234
1,11.224971771240234
1,11.224971771240234
1,11.313708305358887
1,11.313708305358887
1,11.357816696166992
1,11.357816696166992
1,11.357816696166992
1,11.357816696166992
1,11.357816696166992
1,11.357816696166992
1,11.401754379272461
1,11.445523262023926
1,11.445523262023926
1,11.445523262023926
1,11.575837135314941
1,11.575837135314941
1,11.575837135314941
1,11.661903381347656
1,11.661903381347656
1,11.661903381347656
1,11.704699516296387
1,11.704699516296387
1,11.704699516296387
1,11.747340202331543
1,11.747340202331543
1,11.747340202331543
1,11.747340202331543
1,11.87434196472168
1,12.041594505310059
1,12.041594505310059
1,12.041594505310059
1,12.083045959472656
1,12.083045959472656
1,12.083045959472656
1,12.083045959472656
1,12.083045959472656
1,12.206555366516113
1,12.206555366516113
1,12.206555366516113
1,12.247448921203613
1,12.369317054748535
1,12.369317054748535
1,12.409673690795898
1,12.449899673461914
1,12.449899673461914
1,12.529964447021484
1,12.529964447021484
1,12.569805145263672
1,12.688577651977539
1,12.688577651977539
1,12.688577651977539
1,12.727922439575195
1,12.727922439575195
1,12.727922439575195
1,12.767145156860352
1,12.806248664855957
1,13
1,13
1,13.03840446472168
1,13.076696395874023
1,13.076696395874023
1,13.152946472167969
1,13.34166431427002
1,13.379088401794434
1,13.45362377166748
1,13.490737915039063
1,13.56466007232666
1,13.747727394104004
1,13.892443656921387
1,13.892443656921387
1,13.928388595581055
1,14.21267032623291
1,14.317821502685547
1,14.352700233459473
1,14.352700233459473
1,14.696938514709473
1,14.73091983795166
1,14.73091983795166
1,14.866068840026855
1,14.899664878845215
1,14.899664878845215
1,14.899664878845215
1,14.899664878845215
1,15.231546401977539
1,15.264337539672852
1,15.29705810546875
1,15.36229133605957
1,15.524174690246582
1,15.524174690246582
1,15.55634880065918
1,15.55634880065918
1,15.588457107543945
1,15.68438720703125
1,15.68438720703125
1,15.842979431152344
1,15.842979431152344
1,15.842979431152344
1,15.905973434448242
1,15.937376976013184
1,15.937376976013184
1,16.031219482421875
1,16.155494689941406
1,16.18641471862793
1,16.248077392578125
1,16.309507369995117
1,16.370704650878906
1,16.401220321655273
1,16.5831241607666
1,16.76305389404297
1,16.792856216430664
1,17.11724281311035
1,17.464248657226563
1,17.492855072021484
1,17.492855072021484
1,17.492855072021484
1,17.6068172454834
1,17.72004508972168
1,18.027755737304688
1,18.16590118408203
1,18.248287200927734
1,18.601076126098633
1,18.867961883544922
1,19.824228286743164
1.4142135381698608,inf
1.4142135381698608,inf
1.4142135381698608,inf
1.4142135381698608,inf
1.4142135381698608,inf
1.4142135381698608,inf
1.4142135381698608,inf
1.4142135381698608,inf
1.4142135381698608,inf
1.4142135381698608,inf
1.4142135381698608,inf
1.4142135381698608,inf
1.4142135381698608,inf
1.4142135381698608,inf
1.4142135381698608,1.7320507764816284
1.4142135381698608,1.7320507764816284
1.4142135381698608,1.7320507764816284
1.4142135381698608,1.7320507764816284
1.4142135381698608,1.7320507764816284
1.4142135381698608,1.7320507764816284
1.4142135381698608,1.7320507764816284
1.4142135381698608,1.7320507764816284
1.4142135381698608,1.7320507764816284
1.4142135381698608,1.7320507764816284
1.4142135381698608,1.7320507764816284
1.4142135381698608,1.7320507764816284
1.4142135381698608,1.7320507764816284
1.4142135381698608,1.7320507764816284
1.4142135381698608,1.7320507764816284
1.4142135381698608,1.7320507764816284
1.4142135381698608,1.7320507764816284
1.4142135381698608,1.7320507764816284
1.4142135381698608,1.7320507764816284
1.4142135381698608,1.7320507764816284
1.4142135381698608,2
1.4142135381698608,2
1.4142135381698608,2
1.4142135381698608,2
1.4142135381698608,2
1.4142135381698608,2
1.4142135381698608,2
1.4142135381698608,2
1.4142135381698608,2
1.4142135381698608,2
1.4142135381698608,2
1.4142135381698608,2
1.4142135381698608,2
1.4142135381698608,2
1.4142135381698608,2
1.4142135381698608,2
1.4142135381698608,2
1.4142135381698608,2
1.4142135381698608,2
1.4142135381698608,2
1.4142135381698608,2
1.4142135381698608,2
1.4142135381698608,2
1.4142135381698608,2
1.4142135381698608,2
1.4142135381698608,2
1.4142135381698608,2
1.4142135381698608,2
1.4142135381698608,2
1.4142135381698608,2
1.4142135381698608,2
1.4142135381698608,2
1.4142135381698608,2
1.4142135381698608,2
1.4142135381698608,2
1.4142135381698608,2
1.4142135381698608,2
1.4142135381698608,2
1.4142135381698608,2
1.4142135381698608,2
1.4142135381698608,2
1.4142135381698608,2
1.4142135381698608,2
1.4142135381698608,2
1.4142135381698608,2
1.4142135381698608,2
1.4142135381698608,2
1.4142135381698608,2
1.4142135381698608,2
1.4142135381698608,2
1.4142135381698608,2
1.4142135381698608,2
1.4142135381698608,2
1.4142135381698608,2
1.4142135381698608,2
1.4142135381698608,2
1.4142135381698608,2
1.4142135381698608,2
1.4142135381698608,2.2360680103302
1.4142135381698608,2.2360680103302
1.4142135381698608,2.2360680103302
1.4142135381698608,2.2360680103302
1.4142135381698608,2.2360680103302
1.4142135381698608,2.2360680103302
1.4142135381698608,2.2360680103302
1.4142135381698608,2.2360680103302
1.4142135381698608,2.2360680103302
1.4142135381698608,2.2360680103302
1.4142135381698608,2.2360680103302
1.4142135381698608,2.2360680103302
1.4142135381698608,2.2360680103302
1.4142135381698608,2.2360680103302
1.4142135381698608,2.2360680103302
1.4142135381698608,2.2360680103302
1.4142135381698608,2.2360680103302
1.4142135381698608,2.2360680103302
1.4142135381698608,2.2360680103302
1.4142135381698608,2.2360680103302
1.4142135381698608,2.2360680103302
1.4142135381698608,2.2360680103302
1.4142135381698608,2.2360680103302
1.4142135381698608,2.2360680103302
1.4142135381698608,2.2360680103302
1.4142135381698608,2.2360680103302
1.4142135381698608,2.2360680103302
1.4142135381698608,2.2360680103302
1.4142135381698608,2.2360680103302
1.4142135381698608,2.2360680103302
1.4142135381698608,2.2360680103302
1.4142135381698608,2.2360680103302
1.4142135381698608,2.2360680103302
1.4142135381698608,2.2360680103302
1.4142135381698608,2.2360680103302
1.4142135381698608,2.2360680103302
1.4142135381698608,2.2360680103302
1.4142135381698608,2.2360680103302
1.4142135381698608,2.2360680103302
1.4142135381698608,2.2360680103302
1.4142135381698608,2.2360680103302
1.4142135381698608,2.2360680103302
1.4142135381698608,2.2360680103302
1.4142135381698608,2.2360680103302
1.4142135381698608,2.2360680103302
1.4142135381698608,2.2360680103302
1.4142135381698608,2.2360680103302
1.4142135381698608,2.2360680103302
1.4142135381698608,2.2360680103302
1.4142135381698608,2.2360680103302
1.4142135381698608,2.2360680103302
1.4142135381698608,2.2360680103302
1.4142135381698608,2.2360680103302
1.4142135381698608,2.2360680103302
1.4142135381698608,2.2360680103302
1.4142135381698608,2.2360680103302
1.4142135381698608,2.2360680103302
1.4142135381698608,2.2360680103302
1.4142135381698608,2.2360680103302
1.4142135381698608,2.2360680103302
1.4142135381698608,2.2360680103302
1.4142135381698608,2.2360680103302
1.4142135381698608,2.2360680103302
1.4142135381698608,2.2360680103302
1.4142135381698608,2.2360680103302
1.4142135381698608,2.2360680103302
1.4142135381698608,2.2360680103302
1.4142135381698608,2.2360680103302
1.4142135381698608,2.2360680103302
1.4142135381698608,2.2360680103302
1.4142135381698608,2.2360680103302
1.4142135381698608,2.2360680103302
1.4142135381698608,2.2360680103302
1.4142135381698608,2.2360680103302
1.4142135381698608,2.2360680103302
1.4142135381698608,2.2360680103302
1.4142135381698608,2.2360680103302
1.4142135381698608,2.2360680103302
1.4142135381698608,2.2360680103302
1.4142135381698608,2.2360680103302
1.4142135381698608,2.2360680103302
1.4142135381698608,2.2360680103302
1.4142135381698608,2.4494898319244385
1.4142135381698608,2.4494898319244385
1.4142135381698608,2.4494898319244385
1.4142135381698608,2.4494898319244385
1.4142135381698608,2.4494898319244385
1.4142135381698608,2.4494898319244385
1.4142135381698608,2.4494898319244385
1.4142135381698608,2.4494898319244385
1.4142135381698608,2.4494898319244385
1.4142135381698608,2.4494898319244385
1.4142135381698608,2.4494898319244385
1.4142135381698608,2.4494898319244385
1.4142135381698608,2.4494898319244385
1.4142135381698608,2.4494898319244385
1.4142135381698608,2.4494898319244385
1.4142135381698608,2.4494898319244385
1.4142135381698608,2.4494898319244385
1.4142135381698608,2.4494898319244385
1.4142135381698608,2.4494898319244385
1.4142135381698608,2.4494898319244385
1.4142135381698608,2.4494898319244385
1.4142135381698608,2.4494898319244385
1.4142135381698608,2.4494898319244385
1.4142135381698608,2.4494898319244385
1.4142135381698608,2.4494898319244385
1.4142135381698608,2.4494898319244385
1.4142135381698608,2.4494898319244385
1.4142135381698608,2.4494898319244385
1.4142135381698608,2.4494898319244385
1.4142135381698608,2.4494898319244385
1.4142135381698608,2.4494898319244385
1.4142135381698608,2.4494898319244385
1.4142135381698608,2.4494898319244385
1.4142135381698608,2.8284270763397217
1.4142135381698608,2.8284270763397217
1.4142135381698608,2.8284270763397217
1.4142135381698608,2.8284270763397217
1.4142135381698608,2.8284270763397217
1.4142135381698608,2.8284270763397217
1.4142135381698608,2.8284270763397217
1.4142135381698608,2.8284270763397217
1.4142135381698608,2.8284270763397217
1.4142135381698608,2.8284270763397217
1.4142135381698608,2.8284270763397217
1.4142135381698608,2.8284270763397217
1.4142135381698608,2.8284270763397217
1.4142135381698608,2.8284270763397217
1.4142135381698608,2.8284270763397217
1.4142135381698608,2.8284270763397217
1.4142135381698608,2.8284270763397217
1.4142135381698608,2.8284270763397217
1.4142135381698608,2.8284270763397217
1.4142135381698608,2.8284270763397217
1.4142135381698608,2.8284270763397217
1.4142135381698608,2.8284270763397217
1.4142135381698608,2.8284270763397217
1.4142135381698608,2.8284270763397217
1.4142135381698608,2.8284270763397217
1.4142135381698608,2.8284270763397217
1.4142135381698608,2.8284270763397217
1.4142135381698608,3
1.4142135381698608,3
1.4142135381698608,3
1.4142135381698608,3
1.4142135381698608,3
1.4142135381698608,3
1.4142135381698608,3
1.4142135381698608,3
1.4142135381698608,3
1.4142135381698608,3
1.4142135381698608,3
1.4142135381698608,3
1.4142135381698608,3
1.4142135381698608,3
1.4142135381698608,3
1.4142135381698608,3
1.4142135381698608,3
1.4142135381698608,3
1.4142135381698608,3
1.4142135381698608,3
1.4142135381698608,3
1.4142135381698608,3
1.4142135381698608,3
1.4142135381698608,3
1.4142135381698608,3
1.4142135381698608,3
1.4142135381698608,3
1.4142135381698608,3
1.4142135381698608,3
1.4142135381698608,3
1.4142135381698608,3
1.4142135381698608,3
1.4142135381698608,3.1622776985168457
1.4142135381698608,3.1622776985168457
1.4142135381698608,3.1622776985168457
1.4142135381698608,3.1622776985168457
1.4142135381698608,3.1622776985168457
1.4142135381698608,3.1622776985168457
1.4142135381698608,3.1622776985168457
1.4142135381698608,3.1622776985168457
1.4142135381698608,3.1622776985168457
1.4142135381698608,3.1622776985168457
1.4142135381698608,3.1622776985168457
1.4142135381698608,3.1622776985168457
1.4142135381698608,3.1622776985168457
1.4142135381698608,3.1622776985168457
1.4142135381698608,3.1622776985168457
1.4142135381698608,3.1622776985168457
1.4142135381698608,3.1622776985168457
1.4142135381698608,3.1622776985168457
1.4142135381698608,3.316624879837036
1.4142135381698608,3.316624879837036
1.4142135381698608,3.316624879837036
1.4142135381698608,3.316624879837036
1.4142135381698608,3.316624879837036
1.4142135381698608,3.316624879837036
1.4142135381698608,3.316624879837036
1.4142135381698608,3.316624879837036
1.4142135381698608,3.316624879837036
1.4142135381698608,3.316624879837036
1.4142135381698608,3.316624879837036
1.4142135381698608,3.316624879837036
1.4142135381698608,3.316624879837036
1.4142135381698608,3.316624879837036
1.4142135381698608,3.316624879837036
1.4142135381698608,3.464101552963257
1.4142135381698608,3.464101552963257
1.4142135381698608,3.464101552963257
1.4142135381698608,3.464101552963257
1.4142135381698608,3.464101552963257
1.4142135381698608,3.464101552963257
1.4142135381698608,3.464101552963257
1.4142135381698608,3.464101552963257
1.4142135381698608,3.605551242828369
1.4142135381698608,3.605551242828369
1.4142135381698608,3.605551242828369
1.4142135381698608,3.605551242828369
1.4142135381698608,3.605551242828369
1.4142135381698608,3.605551242828369
1.4142135381698608,3.605551242828369
1.4142135381698608,3.605551242828369
1.4142135381698608,3.605551242828369
1.4142135381698608,3.605551242828369
1.4142135381698608,3.605551242828369
1.4142135381698608,3.605551242828369
1.4142135381698608,3.605551242828369
1.4142135381698608,3.605551242828369
1.4142135381698608,3.605551242828369
1.4142135381698608,3.605551242828369
1.4142135381698608,3.605551242828369
1.4142135381698608,3.605551242828369
1.4142135381698608,3.605551242828369
1.4142135381698608,3.605551242828369
1.4142135381698608,3.7416574954986572
1.4142135381698608,3.7416574954986572
1.4142135381698608,3.7416574954986572
1.4142135381698608,3.7416574954986572
1.4142135381698608,3.7416574954986572
1.4142135381698608,3.7416574954986572
1.4142135381698608,3.7416574954986572
1.4142135381698608,3.7416574954986572
1.4142135381698608,3.7416574954986572
1.4142135381698608,3.7416574954986572
1.4142135381698608,3.7416574954986572
1.4142135381698608,3.7416574954986572
1.4142135381698608,3.7416574954986572
1.4142135381698608,3.7416574954986572
1.4142135381698608,3.7416574954986572
1.4142135381698608,3.7416574954986572
1.4142135381698608,4
1.4142135381698608,4
1.4142135381698608,4
1.4142135381698608,4
1.4142135381698608,4
1.4142135381698608,4
1.4142135381698608,4
1.4142135381698608,4
1.4142135381698608,4
1.4142135381698608,4
1.4142135381698608,4
1.4142135381698608,4
1.4142135381698608,4
1.4142135381698608,4
1.4142135381698608,4
1.4142135381698608,4.123105525970459
1.4142135381698608,4.123105525970459
1.4142135381698608,4.123105525970459
1.4142135381698608,4.123105525970459
1.4142135381698608,4.123105525970459
1.4142135381698608,4.123105525970459
1.4142135381698608,4.123105525970459
1.4142135381698608,4.123105525970459
1.4142135381698608,4.123105525970459
1.4142135381698608,4.123105525970459
1.4142135381698608,4.123105525970459
1.4142135381698608,4.123105525970459
1.4142135381698608,4.123105525970459
1.4142135381698608,4.123105525970459
1.4142135381698608,4.123105525970459
1.4142135381698608,4.123105525970459
1.4142135381698608,4.123105525970459
1.4142135381698608,4.123105525970459
1.4142135381698608,4.123105525970459
1.4142135381698608,4.123105525970459
1.4142135381698608,4.123105525970459
1.4142135381698608,4.123105525970459
1.4142135381698608,4.123105525970459
1.4142135381698608,4.123105525970459
1.4142135381698608,4.242640495300293
1.4142135381698608,4.242640495300293
1.4142135381698608,4.242640495300293
1.4142135381698608,4.242640495300293
1.4142135381698608,4.242640495300293
1.4142135381698608,4.242640495300293
1.4142135381698608,4.242640495300293
1.4142135381698608,4.242640495300293
1.4142135381698608,4.242640495300293
1.4142135381698608,4.242640495300293
1.4142135381698608,4.358899116516113
1.4142135381698608,4.358899116516113
1.4142135381698608,4.358899116516113
1.4142135381698608,4.358899116516113
1.4142135381698608,4.358899116516113
1.4142135381698608,4.358899116516113
1.4142135381698608,4.358899116516113
1.4142135381698608,4.4721360206604
1.4142135381698608,4.4721360206604
1.4142135381698608,4.4721360206604
1.4142135381698608,4.4721360206604
1.4142135381698608,4.4721360206604
1.4142135381698608,4.4721360206604
1.4142135381698608,4.4721360206604
1.4142135381698608,4.4721360206604
1.4142135381698608,4.4721360206604
1.4142135381698608,4.4721360206604
1.4142135381698608,4.4721360206604
1.4142135381698608,4.4721360206604
1.4142135381698608,4.4721360206604
1.4142135381698608,4.582575798034668
1.4142135381698608,4.582575798034668
1.4142135381698608,4.582575798034668
1.4142135381698608,4.582575798034668
1.4142135381698608,4.582575798034668
1.4142135381698608,4.582575798034668
1.4142135381698608,4.582575798034668
1.4142135381698608,4.582575798034668
1.4142135381698608,4.582575798034668
1.4142135381698608,4.582575798034668
1.4142135381698608,4.582575798034668
1.4142135381698608,4.582575798034668
1.4142135381698608,4.582575798034668
1.4142135381698608,4.582575798034668
1.4142135381698608,4.690415859222412
1.4142135381698608,4.690415859222412
1.4142135381698608,4.690415859222412
1.4142135381698608,4.690415859222412
1.4142135381698608,4.690415859222412
1.4142135381698608,4.690415859222412
1.4142135381698608,4.690415859222412
1.4142135381698608,4.898979663848877
1.4142135381698608,4.898979663848877
1.4142135381698608,4.898979663848877
1.4142135381698608,5
1.4142135381698608,5
1.4142135381698608,5
1.4142135381698608,5
1.4142135381698608,5
1.4142135381698608,5
1.4142135381698608,5
1.4142135381698608,5
1.4142135381698608,5
1.4142135381698608,5
1.4142135381698608,5
1.4142135381698608,5
1.4142135381698608,5
1.4142135381698608,5
1.4142135381698608,5
1.4142135381698608,5
1.4142135381698608,5
1.4142135381698608,5
1.4142135381698608,5
1.4142135381698608,5
1.4142135381698608,5
1.4142135381698608,5
1.4142135381698608,5
1.4142135381698608,5
1.4142135381698608,5
1.4142135381698608,5
1.4142135381698608,5
1.4142135381698608,5
1.4142135381698608,5
1.4142135381698608,5
1.4142135381698608,5
1.4142135381698608,5.099019527435303
1.4142135381698608,5.099019527435303
1.4142135381698608,5.099019527435303
1.4142135381698608,5.099019527435303
1.4142135381698608,5.099019527435303
1.4142135381698608,5.099019527435303
1.4142135381698608,5.099019527435303
1.4142135381698608,5.099019527435303
1.4142135381698608,5.099019527435303
1.4142135381698608,5.099019527435303
1.4142135381698608,5.099019527435303
1.4142135381698608,5.099019527435303
1.4142135381698608,5.099019527435303
1.4142135381698608,5.099019527435303
1.4142135381698608,5.099019527435303
1.4142135381698608,5.099019527435303
1.4142135381698608,5.099019527435303
1.4142135381698608,5.099019527435303
1.4142135381698608,5.099019527435303
1.4142135381698608,5.099019527435303
1.4142135381698608,5.099019527435303
1.4142135381698608,5.196152210235596
1.4142135381698608,5.196152210235596
1.4142135381698608,5.196152210235596
1.4142135381698608,5.196152210235596
1.4142135381698608,5.196152210235596
1.4142135381698608,5.196152210235596
1.4142135381698608,5.196152210235596
1.4142135381698608,5.385164737701416
1.4142135381698608,5.385164737701416
1.4142135381698608,5.385164737701416
1.4142135381698608,5.385164737701416
1.4142135381698608,5.385164737701416
1.4142135381698608,5.385164737701416
1.4142135381698608,5.385164737701416
1.4142135381698608,5.385164737701416
1.4142135381698608,5.385164737701416
1.4142135381698608,5.385164737701416
1.4142135381698608,5.385164737701416
1.4142135381698608,5.385164737701416
1.4142135381698608,5.385164737701416
1.4142135381698608,5.385164737701416
1.4142135381698608,5.385164737701416
1.4142135381698608,5.385164737701416
1.4142135381698608,5.385164737701416
1.4142135381698608,5.385164737701416
1.4142135381698608,5.385164737701416
1.4142135381698608,5.4772257804870605
1.4142135381698608,5.4772257804870605
1.4142135381698608,5.4772257804870605
1.4142135381698608,5.4772257804870605
1.4142135381698608,5.4772257804870605
1.4142135381698608,5.4772257804870605
1.4142135381698608,5.4772257804870605
1.4142135381698608,5.656854152679443
1.4142135381698608,5.656854152679443
1.4142135381698608,5.656854152679443
1.4142135381698608,5.656854152679443
1.4142135381698608,5.74456262588501
1.4142135381698608,5.74456262588501
1.4142135381698608,5.74456262588501
1.4142135381698608,5.74456262588501
1.4142135381698608,5.74456262588501
1.4142135381698608,5.830951690673828
1.4142135381698608,5.830951690673828
1.4142135381698608,5.830951690673828
1.4142135381698608,5.830951690673828
1.4142135381698608,5.830951690673828
1.4142135381698608,5.830951690673828
1.4142135381698608,5.830951690673828
1.4142135381698608,5.830951690673828
1.4142135381698608,5.830951690673828
1.4142135381698608,5.830951690673828
1.4142135381698608,5.830951690673828
1.4142135381698608,5.830951690673828
1.4142135381698608,5.830951690673828
1.4142135381698608,5.830951690673828
1.4142135381698608,5.916079998016357
1.4142135381698608,5.916079998016357
1.4142135381698608,5.916079998016357
1.4142135381698608,5.916079998016357
1.4142135381698608,5.916079998016357
1.4142135381698608,5.916079998016357
1.4142135381698608,5.916079998016357
1.4142135381698608,5.916079998016357
1.4142135381698608,6
1.4142135381698608,6
1.4142135381698608,6
1.4142135381698608,6
1.4142135381698608,6
1.4142135381698608,6
1.4142135381698608,6
1.4142135381698608,6
1.4142135381698608,6
1.4142135381698608,6
1.4142135381698608,6
1.4142135381698608,6
1.4142135381698608,6
1.4142135381698608,6.082762718200684
1.4142135381698608,6.082762718200684
1.4142135381698608,6.082762718200684
1.4142135381698608,6.082762718200684
1.4142135381698608,6.082762718200684
1.4142135381698608,6.082762718200684
1.4142135381698608,6.082762718200684
1.4142135381698608,6.082762718200684
1.4142135381698608,6.082762718200684
1.4142135381698608,6.082762718200684
1.4142135381698608,6.082762718200684
1.4142135381698608,6.082762718200684
1.4142135381698608,6.164413928985596
1.4142135381698608,6.164413928985596
1.4142135381698608,6.164413928985596
1.4142135381698608,6.164413928985596
1.4142135381698608,6.164413928985596
1.4142135381698608,6.164413928985596
1.4142135381698608,6.164413928985596
1.4142135381698608,6.164413928985596
1.4142135381698608,6.164413928985596
1.4142135381698608,6.164413928985596
1.4142135381698608,6.164413928985596
1.4142135381698608,6.324555397033691
1.4142135381698608,6.324555397033691
1.4142135381698608,6.324555397033691
1.4142135381698608,6.324555397033691
1.4142135381698608,6.324555397033691
1.4142135381698608,6.324555397033691
1.4142135381698608,6.324555397033691
1.4142135381698608,6.324555397033691
1.4142135381698608,6.324555397033691
1.4142135381698608,6.324555397033691
1.4142135381698608,6.324555397033691
1.4142135381698608,6.324555397033691
1.4142135381698608,6.324555397033691
1.4142135381698608,6.324555397033691
1.4142135381698608,6.4031243324279785
1.4142135381698608,6.4031243324279785
1.4142135381698608,6.4031243324279785
1.4142135381698608,6.4031243324279785
1.4142135381698608,6.4031243324279785
1.4142135381698608,6.4031243324279785
1.4142135381698608,6.4031243324279785
1.4142135381698608,6.4031243324279785
1.4142135381698608,6.4031243324279785
1.4142135381698608,6.4031243324279785
1.4142135381698608,6.4031243324279785
1.4142135381698608,6.4031243324279785
1.4142135381698608,6.4031243324279785
1.4142135381698608,6.4031243324279785
1.4142135381698608,6.4031243324279785
1.4142135381698608,6.4031243324279785
1.4142135381698608,6.4031243324279785
1.4142135381698608,6.4031243324279785
1.4142135381698608,6.4031243324279785
1.4142135381698608,6.480740547180176
1.4142135381698608,6.480740547180176
1.4142135381698608,6.480740547180176
1.4142135381698608,6.480740547180176
1.4142135381698608,6.480740547180176
1.4142135381698608,6.480740547180176
1.4142135381698608,6.480740547180176
1.4142135381698608,6.480740547180176
1.4142135381698608,6.480740547180176
1.4142135381698608,6.557438373565674
1.4142135381698608,6.557438373565674
1.4142135381698608,6.557438373565674
1.4142135381698608,6.557438373565674
1.4142135381698608,6.557438373565674
1.4142135381698608,6.557438373565674
1.4142135381698608,6.557438373565674
1.4142135381698608,6.633249759674072
1.4142135381698608,6.633249759674072
1.4142135381698608,6.633249759674072
1.4142135381698608,6.7082037925720215
1.4142135381698608,6.7082037925720215
1.4142135381698608,6.7082037925720215
1.4142135381698608,6.7082037925720215
1.4142135381698608,6.7082037925720215
1.4142135381698608,6.7082037925720215
1.4142135381698608,6.7082037925720215
1.4142135381698608,6.7082037925720215
1.4142135381698608,6.7082037925720215
1.4142135381698608,6.7082037925720215
1.4142135381698608,6.7082037925720215
1.4142135381698608,6.7082037925720215
1.4142135381698608,6.7082037925720215
1.4142135381698608,6.7082037925720215
1.4142135381698608,6.7082037925720215
1.4142135381698608,6.78233003616333
1.4142135381698608,6.78233003616333
1.4142135381698608,6.78233003616333
1.4142135381698608,7
1.4142135381698608,7
1.4142135381698608,7
1.4142135381698608,7
1.4142135381698608,7
1.4142135381698608,7
1.4142135381698608,7
1.4142135381698608,7
1.4142135381698608,7
1.4142135381698608,7
1.4142135381698608,7
1.4142135381698608,7.071067810058594
1.4142135381698608,7.071067810058594
1.4142135381698608,7.071067810058594
1.4142135381698608,7.071067810058594
1.4142135381698608,7.071067810058594
1.4142135381698608,7.071067810058594
1.4142135381698608,7.071067810058594
1.4142135381698608,7.071067810058594
1.4142135381698608,7.071067810058594
1.4142135381698608,7.071067810058594
1.4142135381698608,7.071067810058594
1.4142135381698608,7.071067810058594
1.4142135381698608,7.071067810058594
1.4142135381698608,7.071067810058594
1.4142135381698608,7.071067810058594
1.4142135381698608,7.071067810058594
1.4142135381698608,7.071067810058594
1.4142135381698608,7.141428470611572
1.4142135381698608,7.141428470611572
1.4142135381698608,7.141428470611572
1.4142135381698608,7.141428470611572
1.4142135381698608,7.211102485656738
1.4142135381698608,7.211102485656738
1.4142135381698608,7.211102485656738
1.4142135381698608,7.211102485656738
1.4142135381698608,7.211102485656738
1.4142135381698608,7.211102485656738
1.4142135381698608,7.211102485656738
1.4142135381698608,7.211102485656738
1.4142135381698608,7.211102485656738
1.4142135381698608,7.211102485656738
1.4142135381698608,7.280109882354736
1.4142135381698608,7.280109882354736
1.4142135381698608,7.280109882354736
1.4142135381698608,7.280109882354736
1.4142135381698608,7.280109882354736
1.4142135381698608,7.280109882354736
1.4142135381698608,7.280109882354736
1.4142135381698608,7.280109882354736
1.4142135381698608,7.280109882354736
1.4142135381698608,7.280109882354736
1.4142135381698608,7.280109882354736
1.4142135381698608,7.280109882354736
1.4142135381698608,7.280109882354736
1.4142135381698608,7.348469257354736
1.4142135381698608,7.348469257354736
1.4142135381698608,7.348469257354736
1.4142135381698608,7.348469257354736
1.4142135381698608,7.348469257354736
1.4142135381698608,7.348469257354736
1.4142135381698608,7.348469257354736
1.4142135381698608,7.348469257354736
1.4142135381698608,7.348469257354736
1.4142135381698608,7.4833149909973145
1.4142135381698608,7.4833149909973145
1.4142135381698608,7.4833149909973145
1.4142135381698608,7.4833149909973145
1.4142135381698608,7.4833149909973145
1.4142135381698608,7.4833149909973145
1.4142135381698608,7.549834251403809
1.4142135381698608,7.549834251403809
1.4142135381698608,7.549834251403809
1.4142135381698608,7.549834251403809
1.4142135381698608,7.6157732009887695
1.4142135381698608,7.6157732009887695
1.4142135381698608,7.6157732009887695
1.4142135381698608,7.6157732009887695
1.4142135381698608,7.6157732009887695
1.4142135381698608,7.681145668029785
1.4142135381698608,7.681145668029785
1.4142135381698608,7.681145668029785
1.4142135381698608,7.681145668029785
1.4142135381698608,7.681145668029785
1.4142135381698608,7.681145668029785
1.4142135381698608,7.8102498054504395
1.4142135381698608,7.8102498054504395
1.4142135381698608,7.8102498054504395
1.4142135381698608,7.8102498054504395
1.4142135381698608,7.8102498054504395
1.4142135381698608,7.8102498054504395
1.4142135381698608,7.8102498054504395
1.4142135381698608,7.8102498054504395
1.4142135381698608,7.8102498054504395
1.4142135381698608,7.8102498054504395
1.4142135381698608,7.8102498054504395
1.4142135381698608,7.8102498054504395
1.4142135381698608,7.874007701873779
1.4142135381698608,7.874007701873779
1.4142135381698608,7.874007701873779
1.4142135381698608,7.874007701873779
1.4142135381698608,7.874007701873779
1.4142135381698608,7.874007701873779
1.4142135381698608,7.874007701873779
1.4142135381698608,7.874007701873779
1.4142135381698608,7.874007701873779
1.4142135381698608,8
1.4142135381698608,8
1.4142135381698608,8
1.4142135381698608,8
1.4142135381698608,8.062257766723633
1.4142135381698608,8.062257766723633
1.4142135381698608,8.062257766723633
1.4142135381698608,8.062257766723633
1.4142135381698608,8.062257766723633
1.4142135381698608,8.062257766723633
1.4142135381698608,8.062257766723633
1.4142135381698608,8.062257766723633
1.4142135381698608,8.062257766723633
1.4142135381698608,8.062257766723633
1.4142135381698608,8.062257766723633
1.4142135381698608,8.062257766723633
1.4142135381698608,8.062257766723633
1.4142135381698608,8.062257766723633
1.4142135381698608,8.062257766723633
1.4142135381698608,8.062257766723633
1.4142135381698608,8.062257766723633
1.4142135381698608,8.062257766723633
1.4142135381698608,8.062257766723633
1.4142135381698608,8.062257766723633
1.4142135381698608,8.062257766723633
1.4142135381698608,8.124038696289063
1.4142135381698608,8.124038696289063
1.4142135381698608,8.124038696289063
1.4142135381698608,8.185352325439453
1.4142135381698608,8.185352325439453
1.4142135381698608,8.185352325439453
1.4142135381698608,8.185352325439453
1.4142135381698608,8.246211051940918
1.4142135381698608,8.246211051940918
1.4142135381698608,8.246211051940918
1.4142135381698608,8.306623458862305
1.4142135381698608,8.306623458862305
1.4142135381698608,8.306623458862305
1.4142135381698608,8.306623458862305
1.4142135381698608,8.306623458862305
1.4142135381698608,8.306623458862305
1.4142135381698608,8.366600036621094
1.4142135381698608,8.366600036621094
1.4142135381698608,8.366600036621094
1.4142135381698608,8.366600036621094
1.4142135381698608,8.366600036621094
1.4142135381698608,8.366600036621094
1.4142135381698608,8.485280990600586
1.4142135381698608,8.485280990600586
1.4142135381698608,8.485280990600586
1.4142135381698608,8.485280990600586
1.4142135381698608,8.485280990600586
1.4142135381698608,8.485280990600586
1.4142135381698608,8.485280990600586
1.4142135381698608,8.485280990600586
1.4142135381698608,8.5440034866333
1.4142135381698608,8.5440034866333
1.4142135381698608,8.5440034866333
1.4142135381698608,8.5440034866333
1.4142135381698608,8.5440034866333
1.4142135381698608,8.5440034866333
1.4142135381698608,8.5440034866333
1.4142135381698608,8.5440034866333
1.4142135381698608,8.5440034866333
1.4142135381698608,8.602325439453125
1.4142135381698608,8.602325439453125
1.4142135381698608,8.602325439453125
1.4142135381698608,8.602325439453125
1.4142135381698608,8.602325439453125
1.4142135381698608,8.602325439453125
1.4142135381698608,8.602325439453125
1.4142135381698608,8.602325439453125
1.4142135381698608,8.602325439453125
1.4142135381698608,8.602325439453125
1.4142135381698608,8.602325439453125
1.4142135381698608,8.602325439453125
1.4142135381698608,8.602325439453125
1.4142135381698608,8.602325439453125
1.4142135381698608,8.602325439453125
1.4142135381698608,8.66025447845459
1.4142135381698608,8.66025447845459
1.4142135381698608,8.717798233032227
1.4142135381698608,8.717798233032227
1.4142135381698608,8.717798233032227
1.4142135381698608,8.774964332580566
1.4142135381698608,8.774964332580566
1.4142135381698608,8.774964332580566
1.4142135381698608,8.774964332580566
1.4142135381698608,8.774964332580566
1.4142135381698608,8.774964332580566
1.4142135381698608,8.774964332580566
1.4142135381698608,8.83176040649414
1.4142135381698608,8.83176040649414
1.4142135381698608,8.83176040649414
1.4142135381698608,8.9442720413208
1.4142135381698608,8.9442720413208
1.4142135381698608,8.9442720413208
1.4142135381698608,8.9442720413208
1.4142135381698608,8.9442720413208
1.4142135381698608,8.9442720413208
1.4142135381698608,9
1.4142135381698608,9
1.4142135381698608,9
1.4142135381698608,9
1.4142135381698608,9
1.4142135381698608,9
1.4142135381698608,9
1.4142135381698608,9
1.4142135381698608,9
1.4142135381698608,9.05538558959961
1.4142135381698608,9.05538558959961
1.4142135381698608,9.05538558959961
1.4142135381698608,9.05538558959961
1.4142135381698608,9.05538558959961
1.4142135381698608,9.05538558959961
1.4142135381698608,9.05538558959961
1.4142135381698608,9.05538558959961
1.4142135381698608,9.05538558959961
1.4142135381698608,9.05538558959961
1.4142135381698608,9.110433578491211
1.4142135381698608,9.110433578491211
1.4142135381698608,9.110433578491211
1.4142135381698608,9.110433578491211
1.4142135381698608,9.165151596069336
1.4142135381698608,9.165151596069336
1.4142135381698608,9.165151596069336
1.4142135381698608,9.219544410705566
1.4142135381698608,9.219544410705566
1.4142135381698608,9.219544410705566
1.4142135381698608,9.219544410705566
1.4142135381698608,9.219544410705566
1.4142135381698608,9.219544410705566
1.4142135381698608,9.219544410705566
1.4142135381698608,9.219544410705566
1.4142135381698608,9.219544410705566
1.4142135381698608,9.273618698120117
1.4142135381698608,9.273618698120117
1.4142135381698608,9.273618698120117
1.4142135381698608,9.273618698120117
1.4142135381698608,9.273618698120117
1.4142135381698608,9.273618698120117
1.4142135381698608,9.273618698120117
1.4142135381698608,9.273618698120117
1.4142135381698608,9.273618698120117
1.4142135381698608,9.380831718444824
1.4142135381698608,9.380831718444824
1.4142135381698608,9.433980941772461
1.4142135381698608,9.433980941772461
1.4142135381698608,9.433980941772461
1.4142135381698608,9.433980941772461
1.4142135381698608,9.433980941772461
1.4142135381698608,9.433980941772461
1.4142135381698608,9.433980941772461
1.4142135381698608,9.433980941772461
1.4142135381698608,9.433980941772461
1.4142135381698608,9.433980941772461
1.4142135381698608,9.433980941772461
1.4142135381698608,9.433980941772461
1.4142135381698608,9.486832618713379
1.4142135381698608,9.486832618713379
1.4142135381698608,9.486832618713379
1.4142135381698608,9.486832618713379
1.4142135381698608,9.486832618713379
1.4142135381698608,9.486832618713379
1.4142135381698608,9.486832618713379
1.4142135381698608,9.539392471313477
1.4142135381698608,9.539392471313477
1.4142135381698608,9.539392471313477
1.4142135381698608,9.539392471313477
1.4142135381698608,9.643651008605957
1.4142135381698608,9.643651008605957
1.4142135381698608,9.643651008605957
1.4142135381698608,9.643651008605957
1.4142135381698608,9.643651008605957
1.4142135381698608,9.69536018371582
1.4142135381698608,9.69536018371582
1.4142135381698608,9.69536018371582
1.4142135381698608,9.69536018371582
1.4142135381698608,9.69536018371582
1.4142135381698608,9.69536018371582
1.4142135381698608,9.69536018371582
1.4142135381698608,9.69536018371582
1.4142135381698608,9.69536018371582
1.4142135381698608,9.69536018371582
1.4142135381698608,9.848857879638672
1.4142135381698608,9.848857879638672
1.4142135381698608,9.848857879638672
1.4142135381698608,9.848857879638672
1.4142135381698608,9.848857879638672
1.4142135381698608,9.848857879638672
1.4142135381698608,9.848857879638672
1.4142135381698608,9.899495124816895
1.4142135381698608,9.899495124816895
1.4142135381698608,9.899495124816895
1.4142135381698608,9.899495124816895
1.4142135381698608,9.899495124816895
1.4142135381698608,9.899495124816895
1.4142135381698608,9.899495124816895
1.4142135381698608,9.899495124816895
1.4142135381698608,9.899495124816895
1.4142135381698608,9.899495124816895
1.4142135381698608,9.899495124816895
1.4142135381698608,9.899495124816895
1.4142135381698608,9.949873924255371
1.4142135381698608,9.949873924255371
1.4142135381698608,9.949873924255371
1.4142135381698608,9.949873924255371
1.4142135381698608,10
1.4142135381698608,10
1.4142135381698608,10
1.4142135381698608,10
1.4142135381698608,10
1.4142135381698608,10.049875259399414
1.4142135381698608,10.049875259399414
1.4142135381698608,10.049875259399414
1.4142135381698608,10.049875259399414
1.4142135381698608,10.099504470825195
1.4142135381698608,10.099504470825195
1.4142135381698608,10.198039054870605
1.4142135381698608,10.198039054870605
1.4142135381698608,10.198039054870605
1.4142135381698608,10.198039054870605
1.4142135381698608,10.24695110321045
1.4142135381698608,10.24695110321045
1.4142135381698608,10.24695110321045
1.4142135381698608,10.24695110321045
1.4142135381698608,10.24695110321045
1.4142135381698608,10.24695110321045
1.4142135381698608,10.29563045501709
1.4142135381698608,10.29563045501709
1.4142135381698608,10.29563045501709
1.4142135381698608,10.29563045501709
1.4142135381698608,10.29563045501709
1.4142135381698608,10.29563045501709
1.4142135381698608,10.29563045501709
1.4142135381698608,10.344079971313477
1.4142135381698608,10.344079971313477
1.4142135381698608,10.344079971313477
1.4142135381698608,10.344079971313477
1.4142135381698608,10.344079971313477
1.4142135381698608,10.392304420471191
1.4142135381698608,10.392304420471191
1.4142135381698608,10.392304420471191
1.4142135381698608,10.440306663513184
1.4142135381698608,10.440306663513184
1.4142135381698608,10.488088607788086
1.4142135381698608,10.488088607788086
1.4142135381698608,10.488088607788086
1.4142135381698608,10.488088607788086
1.4142135381698608,10.488088607788086
1.4142135381698608,10.488088607788086
1.4142135381698608,10.488088607788086
1.4142135381698608,10.630146026611328
1.4142135381698608,10.630146026611328
1.4142135381698608,10.630146026611328
1.4142135381698608,10.630146026611328
1.4142135381698608,10.630146026611328
1.4142135381698608,10.630146026611328
1.4142135381698608,10.630146026611328
1.4142135381698608,10.677078247070313
1.4142135381698608,10.677078247070313
1.4142135381698608,10.677078247070313
1.4142135381698608,10.677078247070313
1.4142135381698608,10.677078247070313
1.4142135381698608,10.677078247070313
1.4142135381698608,10.72380542755127
1.4142135381698608,10.72380542755127
1.4142135381698608,10.770329475402832
1.4142135381698608,10.770329475402832
1.4142135381698608,10.770329475402832
1.4142135381698608,10.770329475402832
1.4142135381698608,10.816654205322266
1.4142135381698608,10.816654205322266
1.4142135381698608,10.816654205322266
1.4142135381698608,10.816654205322266
1.4142135381698608,10.862780570983887
1.4142135381698608,10.862780570983887
1.4142135381698608,10.954451560974121
1.4142135381698608,10.954451560974121
1.4142135381698608,10.954451560974121
1.4142135381698608,11
1.4142135381698608,11
1.4142135381698608,11.045360565185547
1.4142135381698608,11.045360565185547
1.4142135381698608,11.045360565185547
1.4142135381698608,11.045360565185547
1.4142135381698608,11.045360565185547
1.4142135381698608,11.090536117553711
1.4142135381698608,11.090536117553711
1.4142135381698608,11.090536117553711
1.4142135381698608,11.180339813232422
1.4142135381698608,11.180339813232422
1.4142135381698608,11.180339813232422
1.4142135381698608,11.180339813232422
1.4142135381698608,11.180339813232422
1.4142135381698608,11.180339813232422
1.4142135381698608,11.224971771240234
1.4142135381698608,11.224971771240234
1.4142135381698608,11.313708305358887
1.4142135381698608,11.357816696166992
1.4142135381698608,11.357816696166992
1.4142135381698608,11.357816696166992
1.4142135381698608,11.357816696166992
1.4142135381698608,11.357816696166992
1.4142135381698608,11.401754379272461
1.4142135381698608,11.401754379272461
1.4142135381698608,11.445523262023926
1.4142135381698608,11.445523262023926
1.4142135381698608,11.48912525177002
1.4142135381698608,11.48912525177002
1.4142135381698608,11.532562255859375
1.4142135381698608,11.532562255859375
1.4142135381698608,11.575837135314941
1.4142135381698608,11.575837135314941
1.4142135381698608,11.575837135314941
1.4142135381698608,11.661903381347656
1.4142135381698608,11.704699516296387
1.4142135381698608,11.704699516296387
1.4142135381698608,11.704699516296387
1.4142135381698608,11.704699516296387
1.4142135381698608,11.704699516296387
1.4142135381698608,11.704699516296387
1.4142135381698608,11.704699516296387
1.4142135381698608,11.747340202331543
1.4142135381698608,11.789826393127441
1.4142135381698608,11.789826393127441
1.4142135381698608,11.789826393127441
1.4142135381698608,12.041594505310059
1.4142135381698608,12.083045959472656
1.4142135381698608,12.083045959472656
1.4142135381698608,12.083045959472656
1.4142135381698608,12.12435531616211
1.4142135381698608,12.165525436401367
1.4142135381698608,12.206555366516113
1.4142135381698608,12.206555366516113
1.4142135381698608,12.328827857971191
1.4142135381698608,12.328827857971191
1.4142135381698608,12.369317054748535
1.4142135381698608,12.409673690795898
1.4142135381698608,12.569805145263672
1.4142135381698608,12.727922439575195
1.4142135381698608,12.806248664855957
1.4142135381698608,13
1.4142135381698608,13
1.4142135381698608,13.03840446472168
1.4142135381698608,13.076696395874023
1.4142135381698608,13.076696395874023
1.4142135381698608,13.152946472167969
1.4142135381698608,13.34166431427002
1.4142135381698608,13.379088401794434
1.4142135381698608,13.379088401794434
1.4142135381698608,13.416407585144043
1.4142135381698608,13.747727394104004
1.4142135381698608,13.747727394104004
1.4142135381698608,13.964240074157715
1.4142135381698608,14
1.4142135381698608,14.03566837310791
1.4142135381698608,14.142135620117188
1.4142135381698608,14.177447319030762
1.4142135381698608,14.177447319030762
1.4142135381698608,14.21267032623291
1.4142135381698608,14.317821502685547
1.4142135381698608,14.352700233459473
1.4142135381698608,14.352700233459473
1.4142135381698608,14.696938514709473
1.4142135381698608,14.764822959899902
1.4142135381698608,14.764822959899902
1.4142135381698608,14.798648834228516
1.4142135381698608,14.866068840026855
1.4142135381698608,14.899664878845215
1.4142135381698608,15
1.4142135381698608,15.066518783569336
1.4142135381698608,15.066518783569336
1.4142135381698608,15.29705810546875
1.4142135381698608,15.36229133605957
1.4142135381698608,15.394804000854492
1.4142135381698608,15.394804000854492
1.4142135381698608,15.42724895477295
1.4142135381698608,15.620499610900879
1.4142135381698608,15.620499610900879
1.4142135381698608,15.779733657836914
1.4142135381698608,15.842979431152344
1.4142135381698608,16.18641471862793
1.4142135381698608,16.278820037841797
1.4142135381698608,16.401220321655273
1.4142135381698608,16.401220321655273
1.4142135381698608,16.431676864624023
1.4142135381698608,16.431676864624023
1.4142135381698608,16.431676864624023
1.4142135381698608,16.431676864624023
1.4142135381698608,16.552946090698242
1.4142135381698608,16.67333221435547
1.4142135381698608,16.76305389404297
1.4142135381698608,16.881942749023438
1.4142135381698608,17.11724281311035
1.4142135381698608,17.233688354492188
1.4142135381698608,17.233688354492188
1.4142135381698608,17.32050895690918
1.4142135381698608,17.69180679321289
1.4142135381698608,19.646883010864258
1.4142135381698608,20.832666397094727
1.4142135381698608,22.472204208374023
2,inf
2,inf
2,inf
2,inf
2,inf
2,inf
2,inf
2,inf
2,inf
2,inf
2,inf
2,inf
2,inf
2,inf
2,inf
2,inf
2,inf
2,inf
2,inf
2,inf
2,inf
2,inf
2,inf
2,inf
2,inf
2,inf
2,inf
2,inf
2,2.2360680103302
2,2.2360680103302
2,2.2360680103302
2,2.2360680103302
2,2.2360680103302
2,2.2360680103302
2,2.2360680103302
2,2.2360680103302
2,2.2360680103302
2,2.2360680103302
2,2.2360680103302
2,2.2360680103302
2,2.2360680103302
2,2.2360680103302
2,2.2360680103302
2,2.2360680103302
2,2.2360680103302
2,2.2360680103302
2,2.2360680103302
2,2.2360680103302
2,2.2360680103302
2,2.2360680103302
2,2.2360680103302
2,2.2360680103302
2,2.2360680103302
2,2.2360680103302
2,2.2360680103302
2,2.2360680103302
2,2.2360680103302
2,2.2360680103302
2,2.2360680103302
2,2.2360680103302
2,2.2360680103302
2,2.2360680103302
2,2.2360680103302
2,2.2360680103302
2,2.2360680103302
2,2.4494898319244385
2,2.4494898319244385
2,2.4494898319244385
2,2.4494898319244385
2,2.4494898319244385
2,2.4494898319244385
2,2.4494898319244385
2,2.4494898319244385
2,2.4494898319244385
2,2.4494898319244385
2,2.4494898319244385
2,2.4494898319244385
2,2.4494898319244385
2,2.4494898319244385
2,2.4494898319244385
2,2.8284270763397217
2,2.8284270763397217
2,2.8284270763397217
2,2.8284270763397217
2,2.8284270763397217
2,2.8284270763397217
2,2.8284270763397217
2,2.8284270763397217
2,3
2,3
2,3
2,3
2,3
2,3
2,3
2,3.1622776985168457
2,3.1622776985168457
2,3.1622776985168457
2,3.1622776985168457
2,3.1622776985168457
2,3.1622776985168457
2,3.1622776985168457
2,3.1622776985168457
2,3.316624879837036
2,3.316624879837036
2,3.316624879837036
2,3.316624879837036
2,3.464101552963257
2,3.464101552963257
2,3.605551242828369
2,3.605551242828369
2,3.605551242828369
2,3.605551242828369
2,3.605551242828369
2,3.605551242828369
2,3.605551242828369
2,3.605551242828369
2,3.7416574954986572
2,3.7416574954986572
2,3.7416574954986572
2,3.7416574954986572
2,3.7416574954986572
2,3.7416574954986572
2,4
2,4
2,4
2,4
2,4
2,4
2,4
2,4
2,4.123105525970459
2,4.123105525970459
2,4.242640495300293
2,4.242640495300293
2,4.242640495300293
2,4.242640495300293
2,4.358899116516113
2,4.4721360206604
2,4.4721360206604
2,4.4721360206604
2,4.4721360206604
2,4.4721360206604
2,4.582575798034668
2,4.690415859222412
2,4.898979663848877
2,5
2,5
2,5
2,5.099019527435303
2,5.196152210235596
2,5.196152210235596
2,5.385164737701416
2,5.385164737701416
2,5.385164737701416
2,5.385164737701416
2,5.656854152679443
2,5.656854152679443
2,5.74456262588501
2,5.74456262588501
2,5.74456262588501
2,5.74456262588501
2,5.830951690673828
2,5.830951690673828
2,5.830951690673828
2,5.916079998016357
2,5.916079998016357
2,5.916079998016357
2,5.916079998016357
2,6
2,6
2,6
2,6.082762718200684
2,6.164413928985596
2,6.164413928985596
2,6.164413928985596
2,6.324555397033691
2,6.324555397033691
2,6.324555397033691
2,6.324555397033691
2,6.4031243324279785
2,6.4031243324279785
2,6.4031243324279785
2,6.4031243324279785
2,6.4031243324279785
2,6.4031243324279785
2,6.4031243324279785
2,6.4031243324279785
2,6.480740547180176
2,6.557438373565674
2,6.7082037925720215
2,6.78233003616333
2,6.928203105926514
2,7
2,7
2,7
2,7.071067810058594
2,7.141428470611572
2,7.211102485656738
2,7.211102485656738
2,7.211102485656738
2,7.348469257354736
2,7.348469257354736
2,7.4833149909973145
2,7.4833149909973145
2,7.549834251403809
2,7.6157732009887695
2,7.681145668029785
2,8
2,8
2,8.062257766723633
2,8.124038696289063
2,8.124038696289063
2,8.306623458862305
2,8.485280990600586
2,8.5440034866333
2,8.602325439453125
2,8.602325439453125
2,8.66025447845459
2,8.717798233032227
2,8.717798233032227
2,8.717798233032227
2,8.774964332580566
2,8.774964332580566
2,8.774964332580566
2,9
2,9.05538558959961
2,9.05538558959961
2,9.05538558959961
2,9.110433578491211
2,9.219544410705566
2,9.219544410705566
2,9.219544410705566
2,9.273618698120117
2,9.273618698120117
2,9.380831718444824
2,9.433980941772461
2,9.433980941772461
2,9.486832618713379
2,9.539392471313477
2,9.643651008605957
2,9.69536018371582
2,9.797959327697754
2,9.899495124816895
2,9.899495124816895
2,9.899495124816895
2,9.949873924255371
2,10
2,10
2,10.049875259399414
2,10.049875259399414
2,10.198039054870605
2,10.29563045501709
2,10.29563045501709
2,10.29563045501709
2,10.29563045501709
2,10.344079971313477
2,10.440306663513184
2,10.488088607788086
2,10.677078247070313
2,10.677078247070313
2,10.677078247070313
2,10.677078247070313
2,10.677078247070313
2,10.770329475402832
2,10.816654205322266
2,10.862780570983887
2,10.862780570983887
2,10.862780570983887
2,10.954451560974121
2,10.954451560974121
2,11
2,11.045360565185547
2,11.090536117553711
2,11.224971771240234
2,11.224971771240234
2,11.401754379272461
2,11.401754379272461
2,11.401754379272461
2,11.445523262023926
2,11.575837135314941
2,11.704699516296387
2,11.789826393127441
2,11.87434196472168
2,12
2,12.083045959472656
2,12.206555366516113
2,12.206555366516113
2,12.206555366516113
2,12.328827857971191
2,12.369317054748535
2,12.649110794067383
2,12.727922439575195
2,12.845232963562012
2,13
2,13.45362377166748
2,13.45362377166748
2,13.490737915039063
2,13.56466007232666
2,13.601470947265625
2,14.696938514709473
2,15.099668502807617
2,15.524174690246582
2,15.524174690246582
2,15.68438720703125
2,18.384777069091797
2,18.788293838500977
2,19.646883010864258
2,22.203603744506836
2,23.021728515625
2.2360680103302,inf
2.2360680103302,inf
2.2360680103302,inf
2.2360680103302,inf
2.2360680103302,inf
2.2360680103302,inf
2.2360680103302,inf
2.2360680103302,inf
2.2360680103302,inf
2.2360680103302,inf
2.2360680103302,inf
2.2360680103302,inf
2.2360680103302,inf
2.2360680103302,inf
2.2360680103302,inf
2.2360680103302,inf
2.2360680103302,inf
2.2360680103302,inf
2.2360680103302,inf
2.2360680103302,inf
2.2360680103302,inf
2.2360680103302,inf
2.2360680103302,inf
2.2360680103302,inf
2.2360680103302,inf
2.2360680103302,inf
2.2360680103302,inf
2.2360680103302,inf
2.2360680103302,inf
2.2360680103302,inf
2.2360680103302,inf
2.2360680103302,2.4494898319244385
2.2360680103302,2.4494898319244385
2.2360680103302,2.4494898319244385
2.2360680103302,2.4494898319244385
2.2360680103302,2.4494898319244385
2.2360680103302,2.4494898319244385
2.2360680103302,2.4494898319244385
2.2360680103302,2.4494898319244385
2.2360680103302,2.4494898319244385
2.2360680103302,2.4494898319244385
2.2360680103302,2.4494898319244385
2.2360680103302,2.4494898319244385
2.2360680103302,2.4494898319244385
2.2360680103302,2.4494898319244385
2.2360680103302,2.4494898319244385
2.2360680103302,2.4494898319244385
2.2360680103302,2.4494898319244385
2.2360680103302,2.4494898319244385
2.2360680103302,2.4494898319244385
2.2360680103302,2.4494898319244385
2.2360680103302,2.4494898319244385
2.2360680103302,2.4494898319244385
2.2360680103302,2.4494898319244385
2.2360680103302,2.4494898319244385
2.2360680103302,2.4494898319244385
2.2360680103302,2.4494898319244385
2.2360680103302,2.4494898319244385
2.2360680103302,2.4494898319244385
2.2360680103302,2.4494898319244385
2.2360680103302,2.4494898319244385
2.2360680103302,2.4494898319244385
2.2360680103302,2.4494898319244385
2.2360680103302,2.8284270763397217
2.2360680103302,2.8284270763397217
2.2360680103302,2.8284270763397217
2.2360680103302,2.8284270763397217
2.2360680103302,2.8284270763397217
2.2360680103302,2.8284270763397217
2.2360680103302,2.8284270763397217
2.2360680103302,2.8284270763397217
2.2360680103302,2.8284270763397217
2.2360680103302,2.8284270763397217
2.2360680103302,2.8284270763397217
2.2360680103302,2.8284270763397217
2.2360680103302,2.8284270763397217
2.2360680103302,2.8284270763397217
2.2360680103302,2.8284270763397217
2.2360680103302,2.8284270763397217
2.2360680103302,2.8284270763397217
2.2360680103302,2.8284270763397217
2.2360680103302,2.8284270763397217
2.2360680103302,2.8284270763397217
2.2360680103302,2.8284270763397217
2.2360680103302,2.8284270763397217
2.2360680103302,2.8284270763397217
2.2360680103302,2.8284270763397217
2.2360680103302,2.8284270763397217
2.2360680103302,2.8284270763397217
2.2360680103302,2.8284270763397217
2.2360680103302,2.8284270763397217
2.2360680103302,2.8284270763397217
2.2360680103302,2.8284270763397217
2.2360680103302,2.8284270763397217
2.2360680103302,2.8284270763397217
2.2360680103302,2.8284270763397217
2.2360680103302,2.8284270763397217
2.2360680103302,2.8284270763397217
2.2360680103302,2.8284270763397217
2.2360680103302,2.8284270763397217
2.2360680103302,2.8284270763397217
2.2360680103302,3
2.2360680103302,3
2.2360680103302,3
2.2360680103302,3
2.2360680103302,3
2.2360680103302,3
2.2360680103302,3
2.2360680103302,3
2.2360680103302,3
2.2360680103302,3
2.2360680103302,3
2.2360680103302,3
2.2360680103302,3
2.2360680103302,3
2.2360680103302,3
2.2360680103302,3
2.2360680103302,3
2.2360680103302,3
2.2360680103302,3
2.2360680103302,3
2.2360680103302,3
2.2360680103302,3
2.2360680103302,3
2.2360680103302,3
2.2360680103302,3
2.2360680103302,3
2.2360680103302,3
2.2360680103302,3
2.2360680103302,3
2.2360680103302,3
2.2360680103302,3
2.2360680103302,3
2.2360680103302,3
2.2360680103302,3
2.2360680103302,3
2.2360680103302,3
2.2360680103302,3
2.2360680103302,3
2.2360680103302,3
2.2360680103302,3
2.2360680103302,3
2.2360680103302,3
2.2360680103302,3
2.2360680103302,3
2.2360680103302,3
2.2360680103302,3
2.2360680103302,3
2.2360680103302,3
2.2360680103302,3
2.2360680103302,3
2.2360680103302,3
2.2360680103302,3
2.2360680103302,3
2.2360680103302,3
2.2360680103302,3
2.2360680103302,3
2.2360680103302,3
2.2360680103302,3
2.2360680103302,3
2.2360680103302,3.1622776985168457
2.2360680103302,3.1622776985168457
2.2360680103302,3.1622776985168457
2.2360680103302,3.1622776985168457
2.2360680103302,3.1622776985168457
2.2360680103302,3.1622776985168457
2.2360680103302,3.1622776985168457
2.2360680103302,3.1622776985168457
2.2360680103302,3.1622776985168457
2.2360680103302,3.1622776985168457
2.2360680103302,3.1622776985168457
2.2360680103302,3.1622776985168457
2.2360680103302,3.1622776985168457
2.2360680103302,3.1622776985168457
2.2360680103302,3.1622776985168457
2.2360680103302,3.1622776985168457
2.2360680103302,3.1622776985168457
2.2360680103302,3.1622776985168457
2.2360680103302,3.1622776985168457
2.2360680103302,3.1622776985168457
2.2360680103302,3.1622776985168457
2.2360680103302,3.1622776985168457
2.2360680103302,3.1622776985168457
2.2360680103302,3.1622776985168457
2.2360680103302,3.316624879837036
2.2360680103302,3.316624879837036
2.2360680103302,3.316624879837036
2.2360680103302,3.316624879837036
2.2360680103302,3.316624879837036
2.2360680103302,3.316624879837036
2.2360680103302,3.316624879837036
2.2360680103302,3.316624879837036
2.2360680103302,3.316624879837036
2.2360680103302,3.316624879837036
2.2360680103302,3.316624879837036
2.2360680103302,3.464101552963257
2.2360680103302,3.464101552963257
2.2360680103302,3.464101552963257
2.2360680103302,3.464101552963257
2.2360680103302,3.464101552963257
2.2360680103302,3.464101552963257
2.2360680103302,3.464101552963257
2.2360680103302,3.605551242828369
2.2360680103302,3.605551242828369
2.2360680103302,3.605551242828369
2.2360680103302,3.605551242828369
2.2360680103302,3.605551242828369
2.2360680103302,3.605551242828369
2.2360680103302,3.605551242828369
2.2360680103302,3.605551242828369
2.2360680103302,3.605551242828369
2.2360680103302,3.605551242828369
2.2360680103302,3.605551242828369
2.2360680103302,3.605551242828369
2.2360680103302,3.605551242828369
2.2360680103302,3.605551242828369
2.2360680103302,3.605551242828369
2.2360680103302,3.605551242828369
2.2360680103302,3.605551242828369
2.2360680103302,3.605551242828369
2.2360680103302,3.605551242828369
2.2360680103302,3.605551242828369
2.2360680103302,3.605551242828369
2.2360680103302,3.605551242828369
2.2360680103302,3.605551242828369
2.2360680103302,3.605551242828369
2.2360680103302,3.605551242828369
2.2360680103302,3.7416574954986572
2.2360680103302,3.7416574954986572
2.2360680103302,3.7416574954986572
2.2360680103302,3.7416574954986572
2.2360680103302,3.7416574954986572
2.2360680103302,3.7416574954986572
2.2360680103302,3.7416574954986572
2.2360680103302,3.7416574954986572
2.2360680103302,3.7416574954986572
2.2360680103302,3.7416574954986572
2.2360680103302,3.7416574954986572
2.2360680103302,3.7416574954986572
2.2360680103302,3.7416574954986572
2.2360680103302,3.7416574954986572
2.2360680103302,3.7416574954986572
2.2360680103302,3.7416574954986572
2.2360680103302,4
2.2360680103302,4
2.2360680103302,4
2.2360680103302,4
2.2360680103302,4
2.2360680103302,4
2.2360680103302,4
2.2360680103302,4
2.2360680103302,4.123105525970459
2.2360680103302,4.123105525970459
2.2360680103302,4.123105525970459
2.2360680103302,4.123105525970459
2.2360680103302,4.123105525970459
2.2360680103302,4.123105525970459
2.2360680103302,4.123105525970459
2.2360680103302,4.123105525970459
2.2360680103302,4.123105525970459
2.2360680103302,4.123105525970459
2.2360680103302,4.123105525970459
2.2360680103302,4.123105525970459
2.2360680103302,4.123105525970459
2.2360680103302,4.123105525970459
2.2360680103302,4.123105525970459
2.2360680103302,4.123105525970459
2.2360680103302,4.123105525970459
2.2360680103302,4.123105525970459
2.2360680103302,4.123105525970459
2.2360680103302,4.123105525970459
2.2360680103302,4.123105525970459
2.2360680103302,4.123105525970459
2.2360680103302,4.123105525970459
2.2360680103302,4.242640495300293
2.2360680103302,4.242640495300293
2.2360680103302,4.242640495300293
2.2360680103302,4.242640495300293
2.2360680103302,4.242640495300293
2.2360680103302,4.242640495300293
2.2360680103302,4.242640495300293
2.2360680103302,4.242640495300293
2.2360680103302,4.242640495300293
2.2360680103302,4.242640495300293
2.2360680103302,4.242640495300293
2.2360680103302,4.242640495300293
2.2360680103302,4.242640495300293
2.2360680103302,4.242640495300293
2.2360680103302,4.242640495300293
2.2360680103302,4.242640495300293
2.2360680103302,4.242640495300293
2.2360680103302,4.242640495300293
2.2360680103302,4.358899116516113
2.2360680103302,4.358899116516113
2.2360680103302,4.358899116516113
2.2360680103302,4.358899116516113
2.2360680103302,4.358899116516113
2.2360680103302,4.358899116516113
2.2360680103302,4.358899116516113
2.2360680103302,4.358899116516113
2.2360680103302,4.358899116516113
2.2360680103302,4.4721360206604
2.2360680103302,4.4721360206604
2.2360680103302,4.4721360206604
2.2360680103302,4.4721360206604
2.2360680103302,4.4721360206604
2.2360680103302,4.582575798034668
2.2360680103302,4.582575798034668
2.2360680103302,4.582575798034668
2.2360680103302,4.582575798034668
2.2360680103302,4.582575798034668
2.2360680103302,4.582575798034668
2.2360680103302,4.582575798034668
2.2360680103302,4.582575798034668
2.2360680103302,4.582575798034668
2.2360680103302,4.582575798034668
2.2360680103302,4.582575798034668
2.2360680103302,4.582575798034668
2.2360680103302,4.582575798034668
2.2360680103302,4.582575798034668
2.2360680103302,4.582575798034668
2.2360680103302,4.582575798034668
2.2360680103302,4.690415859222412
2.2360680103302,4.690415859222412
2.2360680103302,4.690415859222412
2.2360680103302,4.690415859222412
2.2360680103302,4.690415859222412
2.2360680103302,4.690415859222412
2.2360680103302,4.690415859222412
2.2360680103302,4.690415859222412
2.2360680103302,4.898979663848877
2.2360680103302,4.898979663848877
2.2360680103302,4.898979663848877
2.2360680103302,4.898979663848877
2.2360680103302,4.898979663848877
2.2360680103302,4.898979663848877
2.2360680103302,5
2.2360680103302,5
2.2360680103302,5
2.2360680103302,5
2.2360680103302,5
2.2360680103302,5
2.2360680103302,5
2.2360680103302,5
2.2360680103302,5
2.2360680103302,5
2.2360680103302,5
2.2360680103302,5
2.2360680103302,5.099019527435303
2.2360680103302,5.099019527435303
2.2360680103302,5.099019527435303
2.2360680103302,5.099019527435303
2.2360680103302,5.099019527435303
2.2360680103302,5.099019527435303
2.2360680103302,5.099019527435303
2.2360680103302,5.099019527435303
2.2360680103302,5.099019527435303
2.2360680103302,5.099019527435303
2.2360680103302,5.099019527435303
2.2360680103302,5.099019527435303
2.2360680103302,5.099019527435303
2.2360680103302,5.099019527435303
2.2360680103302,5.099019527435303
2.2360680103302,5.099019527435303
2.2360680103302,5.099019527435303
2.2360680103302,5.099019527435303
2.2360680103302,5.099019527435303
2.2360680103302,5.099019527435303
2.2360680103302,5.196152210235596
2.2360680103302,5.196152210235596
2.2360680103302,5.196152210235596
2.2360680103302,5.196152210235596
2.2360680103302,5.385164737701416
2.2360680103302,5.385164737701416
2.2360680103302,5.385164737701416
2.2360680103302,5.385164737701416
2.2360680103302,5.385164737701416
2.2360680103302,5.385164737701416
2.2360680103302,5.385164737701416
2.2360680103302,5.385164737701416
2.2360680103302,5.385164737701416
2.2360680103302,5.385164737701416
2.2360680103302,5.385164737701416
2.2360680103302,5.4772257804870605
2.2360680103302,5.4772257804870605
2.2360680103302,5.4772257804870605
2.2360680103302,5.4772257804870605
2.2360680103302,5.4772257804870605
2.2360680103302,5.4772257804870605
2.2360680103302,5.4772257804870605
2.2360680103302,5.4772257804870605
2.2360680103302,5.4772257804870605
2.2360680103302,5.4772257804870605
2.2360680103302,5.4772257804870605
2.2360680103302,5.656854152679443
2.2360680103302,5.656854152679443
2.2360680103302,5.656854152679443
2.2360680103302,5.656854152679443
2.2360680103302,5.656854152679443
2.2360680103302,5.656854152679443
2.2360680103302,5.656854152679443
2.2360680103302,5.74456262588501
2.2360680103302,5.74456262588501
2.2360680103302,5.74456262588501
2.2360680103302,5.74456262588501
2.2360680103302,5.830951690673828
2.2360680103302,5.830951690673828
2.2360680103302,5.830951690673828
2.2360680103302,5.830951690673828
2.2360680103302,5.830951690673828
2.2360680103302,5.830951690673828
2.2360680103302,5.830951690673828
2.2360680103302,5.830951690673828
2.2360680103302,5.830951690673828
2.2360680103302,5.830951690673828
2.2360680103302,5.830951690673828
2.2360680103302,5.830951690673828
2.2360680103302,5.830951690673828
2.2360680103302,5.830951690673828
2.2360680103302,5.830951690673828
2.2360680103302,5.830951690673828
2.2360680103302,5.830951690673828
2.2360680103302,5.830951690673828
2.2360680103302,5.916079998016357
2.2360680103302,5.916079998016357
2.2360680103302,5.916079998016357
2.2360680103302,5.916079998016357
2.2360680103302,5.916079998016357
2.2360680103302,5.916079998016357
2.2360680103302,5.916079998016357
2.2360680103302,5.916079998016357
2.2360680103302,6
2.2360680103302,6
2.2360680103302,6
2.2360680103302,6
2.2360680103302,6
2.2360680103302,6
2.2360680103302,6
2.2360680103302,6
2.2360680103302,6
2.2360680103302,6
2.2360680103302,6
2.2360680103302,6
2.2360680103302,6.082762718200684
2.2360680103302,6.082762718200684
2.2360680103302,6.082762718200684
2.2360680103302,6.082762718200684
2.2360680103302,6.082762718200684
2.2360680103302,6.082762718200684
2.2360680103302,6.164413928985596
2.2360680103302,6.164413928985596
2.2360680103302,6.164413928985596
2.2360680103302,6.164413928985596
2.2360680103302,6.164413928985596
2.2360680103302,6.164413928985596
2.2360680103302,6.164413928985596
2.2360680103302,6.164413928985596
2.2360680103302,6.164413928985596
2.2360680103302,6.164413928985596
2.2360680103302,6.164413928985596
2.2360680103302,6.164413928985596
2.2360680103302,6.164413928985596
2.2360680103302,6.164413928985596
2.2360680103302,6.164413928985596
2.2360680103302,6.164413928985596
2.2360680103302,6.164413928985596
2.2360680103302,6.324555397033691
2.2360680103302,6.324555397033691
2.2360680103302,6.324555397033691
2.2360680103302,6.324555397033691
2.2360680103302,6.324555397033691
2.2360680103302,6.324555397033691
2.2360680103302,6.324555397033691
2.2360680103302,6.324555397033691
2.2360680103302,6.324555397033691
2.2360680103302,6.4031243324279785
2.2360680103302,6.4031243324279785
2.2360680103302,6.4031243324279785
2.2360680103302,6.4031243324279785
2.2360680103302,6.4031243324279785
2.2360680103302,6.4031243324279785
2.2360680103302,6.4031243324279785
2.2360680103302,6.4031243324279785
2.2360680103302,6.4031243324279785
2.2360680103302,6.4031243324279785
2.2360680103302,6.4031243324279785
2.2360680103302,6.4031243324279785
2.2360680103302,6.4031243324279785
2.2360680103302,6.4031243324279785
2.2360680103302,6.4031243324279785
2.2360680103302,6.4031243324279785
2.2360680103302,6.480740547180176
2.2360680103302,6.480740547180176
2.2360680103302,6.480740547180176
2.2360680103302,6.480740547180176
2.2360680103302,6.480740547180176
2.2360680103302,6.557438373565674
2.2360680103302,6.557438373565674
2.2360680103302,6.557438373565674
2.2360680103302,6.557438373565674
2.2360680103302,6.557438373565674
2.2360680103302,6.633249759674072
2.2360680103302,6.633249759674072
2.2360680103302,6.633249759674072
2.2360680103302,6.633249759674072
2.2360680103302,6.633249759674072
2.2360680103302,6.7082037925720215
2.2360680103302,6.7082037925720215
2.2360680103302,6.7082037925720215
2.2360680103302,6.7082037925720215
2.2360680103302,6.7082037925720215
2.2360680103302,6.7082037925720215
2.2360680103302,6.7082037925720215
2.2360680103302,6.7082037925720215
2.2360680103302,6.7082037925720215
2.2360680103302,6.7082037925720215
2.2360680103302,6.7082037925720215
2.2360680103302,6.7082037925720215
2.2360680103302,6.7082037925720215
2.2360680103302,6.7082037925720215
2.2360680103302,6.7082037925720215
2.2360680103302,6.78233003616333
2.2360680103302,6.78233003616333
2.2360680103302,6.78233003616333
2.2360680103302,6.928203105926514
2.2360680103302,6.928203105926514
2.2360680103302,6.928203105926514
2.2360680103302,7
2.2360680103302,7
2.2360680103302,7
2.2360680103302,7
2.2360680103302,7
2.2360680103302,7
2.2360680103302,7
2.2360680103302,7
2.2360680103302,7
2.2360680103302,7
2.2360680103302,7
2.2360680103302,7
2.2360680103302,7
2.2360680103302,7
2.2360680103302,7
2.2360680103302,7.071067810058594
2.2360680103302,7.071067810058594
2.2360680103302,7.071067810058594
2.2360680103302,7.071067810058594
2.2360680103302,7.071067810058594
2.2360680103302,7.071067810058594
2.2360680103302,7.071067810058594
2.2360680103302,7.071067810058594
2.2360680103302,7.071067810058594
2.2360680103302,7.071067810058594
2.2360680103302,7.071067810058594
2.2360680103302,7.071067810058594
2.2360680103302,7.071067810058594
2.2360680103302,7.071067810058594
2.2360680103302,7.071067810058594
2.2360680103302,7.141428470611572
2.2360680103302,7.141428470611572
2.2360680103302,7.141428470611572
2.2360680103302,7.141428470611572
2.2360680103302,7.141428470611572
2.2360680103302,7.141428470611572
2.2360680103302,7.211102485656738
2.2360680103302,7.211102485656738
2.2360680103302,7.211102485656738
2.2360680103302,7.211102485656738
2.2360680103302,7.211102485656738
2.2360680103302,7.211102485656738
2.2360680103302,7.211102485656738
2.2360680103302,7.211102485656738
2.2360680103302,7.280109882354736
2.2360680103302,7.280109882354736
2.2360680103302,7.280109882354736
2.2360680103302,7.280109882354736
2.2360680103302,7.280109882354736
2.2360680103302,7.280109882354736
2.2360680103302,7.280109882354736
2.2360680103302,7.280109882354736
2.2360680103302,7.280109882354736
2.2360680103302,7.280109882354736
2.2360680103302,7.348469257354736
2.2360680103302,7.348469257354736
2.2360680103302,7.348469257354736
2.2360680103302,7.348469257354736
2.2360680103302,7.348469257354736
2.2360680103302,7.348469257354736
2.2360680103302,7.348469257354736
2.2360680103302,7.348469257354736
2.2360680103302,7.348469257354736
2.2360680103302,7.348469257354736
2.2360680103302,7.348469257354736
2.2360680103302,7.348469257354736
2.2360680103302,7.4833149909973145
2.2360680103302,7.4833149909973145
2.2360680103302,7.4833149909973145
2.2360680103302,7.4833149909973145
2.2360680103302,7.4833149909973145
2.2360680103302,7.4833149909973145
2.2360680103302,7.4833149909973145
2.2360680103302,7.549834251403809
2.2360680103302,7.6157732009887695
2.2360680103302,7.6157732009887695
2.2360680103302,7.6157732009887695
2.2360680103302,7.6157732009887695
2.2360680103302,7.6157732009887695
2.2360680103302,7.6157732009887695
2.2360680103302,7.681145668029785
2.2360680103302,7.681145668029785
2.2360680103302,7.681145668029785
2.2360680103302,7.681145668029785
2.2360680103302,7.681145668029785
2.2360680103302,7.681145668029785
2.2360680103302,7.681145668029785
2.2360680103302,7.8102498054504395
2.2360680103302,7.8102498054504395
2.2360680103302,7.8102498054504395
2.2360680103302,7.8102498054504395
2.2360680103302,7.8102498054504395
2.2360680103302,7.8102498054504395
2.2360680103302,7.8102498054504395
2.2360680103302,7.874007701873779
2.2360680103302,7.874007701873779
2.2360680103302,7.874007701873779
2.2360680103302,8
2.2360680103302,8
2.2360680103302,8
2.2360680103302,8
2.2360680103302,8
2.2360680103302,8.062257766723633
2.2360680103302,8.062257766723633
2.2360680103302,8.062257766723633
2.2360680103302,8.062257766723633
2.2360680103302,8.062257766723633
2.2360680103302,8.062257766723633
2.2360680103302,8.062257766723633
2.2360680103302,8.062257766723633
2.2360680103302,8.062257766723633
2.2360680103302,8.062257766723633
2.2360680103302,8.062257766723633
2.2360680103302,8.062257766723633
2.2360680103302,8.124038696289063
2.2360680103302,8.124038696289063
2.2360680103302,8.124038696289063
2.2360680103302,8.124038696289063
2.2360680103302,8.124038696289063
2.2360680103302,8.124038696289063
2.2360680103302,8.185352325439453
2.2360680103302,8.185352325439453
2.2360680103302,8.185352325439453
2.2360680103302,8.246211051940918
2.2360680103302,8.246211051940918
2.2360680103302,8.246211051940918
2.2360680103302,8.306623458862305
2.2360680103302,8.306623458862305
2.2360680103302,8.306623458862305
2.2360680103302,8.306623458862305
2.2360680103302,8.306623458862305
2.2360680103302,8.306623458862305
2.2360680103302,8.366600036621094
2.2360680103302,8.366600036621094
2.2360680103302,8.485280990600586
2.2360680103302,8.485280990600586
2.2360680103302,8.485280990600586
2.2360680103302,8.485280990600586
2.2360680103302,8.485280990600586
2.2360680103302,8.485280990600586
2.2360680103302,8.485280990600586
2.2360680103302,8.485280990600586
2.2360680103302,8.5440034866333
2.2360680103302,8.5440034866333
2.2360680103302,8.5440034866333
2.2360680103302,8.5440034866333
2.2360680103302,8.5440034866333
2.2360680103302,8.5440034866333
2.2360680103302,8.5440034866333
2.2360680103302,8.5440034866333
2.2360680103302,8.5440034866333
2.2360680103302,8.5440034866333
2.2360680103302,8.602325439453125
2.2360680103302,8.602325439453125
2.2360680103302,8.602325439453125
2.2360680103302,8.602325439453125
2.2360680103302,8.602325439453125
2.2360680103302,8.66025447845459
2.2360680103302,8.66025447845459
2.2360680103302,8.66025447845459
2.2360680103302,8.66025447845459
2.2360680103302,8.66025447845459
2.2360680103302,8.66025447845459
2.2360680103302,8.66025447845459
2.2360680103302,8.66025447845459
2.2360680103302,8.717798233032227
2.2360680103302,8.774964332580566
2.2360680103302,8.774964332580566
2.2360680103302,8.774964332580566
2.2360680103302,8.83176040649414
2.2360680103302,8.83176040649414
2.2360680103302,8.83176040649414
2.2360680103302,8.83176040649414
2.2360680103302,8.9442720413208
2.2360680103302,8.9442720413208
2.2360680103302,8.9442720413208
2.2360680103302,8.9442720413208
2.2360680103302,8.9442720413208
2.2360680103302,8.9442720413208
2.2360680103302,8.9442720413208
2.2360680103302,8.9442720413208
2.2360680103302,8.9442720413208
2.2360680103302,8.9442720413208
2.2360680103302,8.9442720413208
2.2360680103302,8.9442720413208
2.2360680103302,9
2.2360680103302,9
2.2360680103302,9
2.2360680103302,9
2.2360680103302,9
2.2360680103302,9
2.2360680103302,9
2.2360680103302,9
2.2360680103302,9
2.2360680103302,9
2.2360680103302,9
2.2360680103302,9
2.2360680103302,9.05538558959961
2.2360680103302,9.05538558959961
2.2360680103302,9.05538558959961
2.2360680103302,9.05538558959961
2.2360680103302,9.05538558959961
2.2360680103302,9.110433578491211
2.2360680103302,9.110433578491211
2.2360680103302,9.165151596069336
2.2360680103302,9.165151596069336
2.2360680103302,9.219544410705566
2.2360680103302,9.219544410705566
2.2360680103302,9.219544410705566
2.2360680103302,9.219544410705566
2.2360680103302,9.219544410705566
2.2360680103302,9.219544410705566
2.2360680103302,9.219544410705566
2.2360680103302,9.219544410705566
2.2360680103302,9.219544410705566
2.2360680103302,9.273618698120117
2.2360680103302,9.273618698120117
2.2360680103302,9.273618698120117
2.2360680103302,9.273618698120117
2.2360680103302,9.380831718444824
2.2360680103302,9.433980941772461
2.2360680103302,9.433980941772461
2.2360680103302,9.433980941772461
2.2360680103302,9.433980941772461
2.2360680103302,9.486832618713379
2.2360680103302,9.486832618713379
2.2360680103302,9.486832618713379
2.2360680103302,9.486832618713379
2.2360680103302,9.486832618713379
2.2360680103302,9.486832618713379
2.2360680103302,9.486832618713379
2.2360680103302,9.486832618713379
2.2360680103302,9.486832618713379
2.2360680103302,9.486832618713379
2.2360680103302,9.486832618713379
2.2360680103302,9.486832618713379
2.2360680103302,9.486832618713379
2.2360680103302,9.539392471313477
2.2360680103302,9.539392471313477
2.2360680103302,9.539392471313477
2.2360680103302,9.539392471313477
2.2360680103302,9.643651008605957
2.2360680103302,9.643651008605957
2.2360680103302,9.643651008605957
2.2360680103302,9.643651008605957
2.2360680103302,9.69536018371582
2.2360680103302,9.69536018371582
2.2360680103302,9.69536018371582
2.2360680103302,9.69536018371582
2.2360680103302,9.69536018371582
2.2360680103302,9.848857879638672
2.2360680103302,9.848857879638672
2.2360680103302,9.848857879638672
2.2360680103302,9.848857879638672
2.2360680103302,9.848857879638672
2.2360680103302,9.848857879638672
2.2360680103302,9.899495124816895
2.2360680103302,9.899495124816895
2.2360680103302,9.899495124816895
2.2360680103302,9.899495124816895
2.2360680103302,9.899495124816895
2.2360680103302,9.899495124816895
2.2360680103302,9.899495124816895
2.2360680103302,10
2.2360680103302,10
2.2360680103302,10
2.2360680103302,10
2.2360680103302,10.049875259399414
2.2360680103302,10.049875259399414
2.2360680103302,10.049875259399414
2.2360680103302,10.049875259399414
2.2360680103302,10.049875259399414
2.2360680103302,10.049875259399414
2.2360680103302,10.099504470825195
2.2360680103302,10.198039054870605
2.2360680103302,10.198039054870605
2.2360680103302,10.24695110321045
2.2360680103302,10.24695110321045
2.2360680103302,10.24695110321045
2.2360680103302,10.24695110321045
2.2360680103302,10.29563045501709
2.2360680103302,10.29563045501709
2.2360680103302,10.29563045501709
2.2360680103302,10.344079971313477
2.2360680103302,10.344079971313477
2.2360680103302,10.344079971313477
2.2360680103302,10.344079971313477
2.2360680103302,10.392304420471191
2.2360680103302,10.392304420471191
2.2360680103302,10.440306663513184
2.2360680103302,10.440306663513184
2.2360680103302,10.488088607788086
2.2360680103302,10.488088607788086
2.2360680103302,10.488088607788086
2.2360680103302,10.488088607788086
2.2360680103302,10.488088607788086
2.2360680103302,10.630146026611328
2.2360680103302,10.630146026611328
2.2360680103302,10.630146026611328
2.2360680103302,10.630146026611328
2.2360680103302,10.677078247070313
2.2360680103302,10.677078247070313
2.2360680103302,10.677078247070313
2.2360680103302,10.677078247070313
2.2360680103302,10.677078247070313
2.2360680103302,10.72380542755127
2.2360680103302,10.770329475402832
2.2360680103302,10.770329475402832
2.2360680103302,10.816654205322266
2.2360680103302,10.862780570983887
2.2360680103302,10.862780570983887
2.2360680103302,10.862780570983887
2.2360680103302,10.862780570983887
2.2360680103302,10.862780570983887
2.2360680103302,10.862780570983887
2.2360680103302,10.954451560974121
2.2360680103302,10.954451560974121
2.2360680103302,11
2.2360680103302,11
2.2360680103302,11
2.2360680103302,11
2.2360680103302,11
2.2360680103302,11
2.2360680103302,11
2.2360680103302,11.045360565185547
2.2360680103302,11.045360565185547
2.2360680103302,11.045360565185547
2.2360680103302,11.045360565185547
2.2360680103302,11.090536117553711
2.2360680103302,11.180339813232422
2.2360680103302,11.180339813232422
2.2360680103302,11.180339813232422
2.2360680103302,11.224971771240234
2.2360680103302,11.224971771240234
2.2360680103302,11.313708305358887
2.2360680103302,11.313708305358887
2.2360680103302,11.313708305358887
2.2360680103302,11.357816696166992
2.2360680103302,11.357816696166992
2.2360680103302,11.401754379272461
2.2360680103302,11.401754379272461
2.2360680103302,11.445523262023926
2.2360680103302,11.48912525177002
2.2360680103302,11.532562255859375
2.2360680103302,11.575837135314941
2.2360680103302,11.704699516296387
2.2360680103302,11.704699516296387
2.2360680103302,11.704699516296387
2.2360680103302,11.704699516296387
2.2360680103302,11.704699516296387
2.2360680103302,11.747340202331543
2.2360680103302,11.789826393127441
2.2360680103302,11.832159996032715
2.2360680103302,11.832159996032715
2.2360680103302,11.87434196472168
2.2360680103302,11.87434196472168
2.2360680103302,11.87434196472168
2.2360680103302,11.87434196472168
2.2360680103302,11.916375160217285
2.2360680103302,12.041594505310059
2.2360680103302,12.12435531616211
2.2360680103302,12.12435531616211
2.2360680103302,12.12435531616211
2.2360680103302,12.165525436401367
2.2360680103302,12.206555366516113
2.2360680103302,12.247448921203613
2.2360680103302,12.247448921203613
2.2360680103302,12.328827857971191
2.2360680103302,12.328827857971191
2.2360680103302,12.449899673461914
2.2360680103302,12.529964447021484
2.2360680103302,12.529964447021484
2.2360680103302,12.529964447021484
2.2360680103302,12.569805145263672
2.2360680103302,12.649110794067383
2.2360680103302,12.688577651977539
2.2360680103302,12.688577651977539
2.2360680103302,12.727922439575195
2.2360680103302,12.806248664855957
2.2360680103302,12.806248664855957
2.2360680103302,12.845232963562012
2.2360680103302,12.884099006652832
2.2360680103302,13
2.2360680103302,13
2.2360680103302,13.03840446472168
2.2360680103302,13.076696395874023
2.2360680103302,13.076696395874023
2.2360680103302,13.114876747131348
2.2360680103302,13.152946472167969
2.2360680103302,13.190905570983887
2.2360680103302,13.416407585144043
2.2360680103302,13.45362377166748
2.2360680103302,13.638181686401367
2.2360680103302,13.67479419708252
2.2360680103302,13.747727394104004
2.2360680103302,13.784049034118652
2.2360680103302,13.928388595581055
2.2360680103302,14.142135620117188
2.2360680103302,14.352700233459473
2.2360680103302,14.352700233459473
2.2360680103302,14.560219764709473
2.2360680103302,14.59451961517334
2.2360680103302,14.59451961517334
2.2360680103302,14.73091983795166
2.2360680103302,14.798648834228516
2.2360680103302,15.165750503540039
2.2360680103302,15.264337539672852
2.2360680103302,15.524174690246582
2.2360680103302,16.18641471862793
2.2360680103302,16.248077392578125
2.2360680103302,16.309507369995117
2.2360680103302,16.401220321655273
2.2360680103302,16.552946090698242
2.2360680103302,16.67333221435547
2.2360680103302,16.881942749023438
2.2360680103302,17.11724281311035
2.2360680103302,17.14642906188965
2.2360680103302,17.57839584350586
2.2360680103302,17.804492950439453
2.2360680103302,18.027755737304688
2.2360680103302,18.357559204101563
2.2360680103302,18.788293838500977
2.2360680103302,20
2.8284270763397217,inf
2.8284270763397217,inf
2.8284270763397217,inf
2.8284270763397217,inf
2.8284270763397217,inf
2.8284270763397217,inf
2.8284270763397217,inf
2.8284270763397217,inf
2.8284270763397217,inf
2.8284270763397217,inf
2.8284270763397217,inf
2.8284270763397217,inf
2.8284270763397217,inf
2.8284270763397217,inf
2.8284270763397217,inf
2.8284270763397217,inf
2.8284270763397217,inf
2.8284270763397217,inf
2.8284270763397217,inf
2.8284270763397217,inf
2.8284270763397217,inf
2.8284270763397217,inf
2.8284270763397217,inf
2.8284270763397217,inf
2.8284270763397217,inf
2.8284270763397217,inf
2.8284270763397217,3
2.8284270763397217,3
2.8284270763397217,3
2.8284270763397217,3
2.8284270763397217,3
2.8284270763397217,3
2.8284270763397217,3
2.8284270763397217,3
2.8284270763397217,3
2.8284270763397217,3
2.8284270763397217,3
2.8284270763397217,3
2.8284270763397217,3
2.8284270763397217,3
2.8284270763397217,3
2.8284270763397217,3
2.8284270763397217,3
2.8284270763397217,3
2.8284270763397217,3
2.8284270763397217,3
2.8284270763397217,3
2.8284270763397217,3
2.8284270763397217,3
2.8284270763397217,3
2.8284270763397217,3
2.8284270763397217,3
2.8284270763397217,3
2.8284270763397217,3
2.8284270763397217,3.1622776985168457
2.8284270763397217,3.1622776985168457
2.8284270763397217,3.1622776985168457
2.8284270763397217,3.1622776985168457
2.8284270763397217,3.1622776985168457
2.8284270763397217,3.1622776985168457
2.8284270763397217,3.1622776985168457
2.8284270763397217,3.1622776985168457
2.8284270763397217,3.1622776985168457
2.8284270763397217,3.1622776985168457
2.8284270763397217,3.1622776985168457
2.8284270763397217,3.1622776985168457
2.8284270763397217,3.1622776985168457
2.8284270763397217,3.1622776985168457
2.8284270763397217,3.1622776985168457
2.8284270763397217,3.1622776985168457
2.8284270763397217,3.1622776985168457
2.8284270763397217,3.1622776985168457
2.8284270763397217,3.1622776985168457
2.8284270763397217,3.1622776985168457
2.8284270763397217,3.1622776985168457
2.8284270763397217,3.316624879837036
2.8284270763397217,3.316624879837036
2.8284270763397217,3.316624879837036
2.8284270763397217,3.464101552963257
2.8284270763397217,3.464101552963257
2.8284270763397217,3.464101552963257
2.8284270763397217,3.464101552963257
2.8284270763397217,3.464101552963257
2.8284270763397217,3.464101552963257
2.8284270763397217,3.605551242828369
2.8284270763397217,3.605551242828369
2.8284270763397217,3.605551242828369
2.8284270763397217,3.605551242828369
2.8284270763397217,3.605551242828369
2.8284270763397217,3.605551242828369
2.8284270763397217,3.7416574954986572
2.8284270763397217,3.7416574954986572
2.8284270763397217,3.7416574954986572
2.8284270763397217,3.7416574954986572
2.8284270763397217,3.7416574954986572
2.8284270763397217,3.7416574954986572
2.8284270763397217,3.7416574954986572
2.8284270763397217,3.7416574954986572
2.8284270763397217,3.7416574954986572
2.8284270763397217,3.7416574954986572
2.8284270763397217,3.7416574954986572
2.8284270763397217,3.7416574954986572
2.8284270763397217,3.7416574954986572
2.8284270763397217,4
2.8284270763397217,4
2.8284270763397217,4
2.8284270763397217,4
2.8284270763397217,4
2.8284270763397217,4
2.8284270763397217,4
2.8284270763397217,4.123105525970459
2.8284270763397217,4.123105525970459
2.8284270763397217,4.123105525970459
2.8284270763397217,4.123105525970459
2.8284270763397217,4.123105525970459
2.8284270763397217,4.123105525970459
2.8284270763397217,4.123105525970459
2.8284270763397217,4.123105525970459
2.8284270763397217,4.123105525970459
2.8284270763397217,4.242640495300293
2.8284270763397217,4.242640495300293
2.8284270763397217,4.242640495300293
2.8284270763397217,4.242640495300293
2.8284270763397217,4.242640495300293
2.8284270763397217,4.242640495300293
2.8284270763397217,4.242640495300293
2.8284270763397217,4.242640495300293
2.8284270763397217,4.358899116516113
2.8284270763397217,4.358899116516113
2.8284270763397217,4.358899116516113
2.8284270763397217,4.358899116516113
2.8284270763397217,4.4721360206604
2.8284270763397217,4.4721360206604
2.8284270763397217,4.4721360206604
2.8284270763397217,4.4721360206604
2.8284270763397217,4.4721360206604
2.8284270763397217,4.4721360206604
2.8284270763397217,4.4721360206604
2.8284270763397217,4.582575798034668
2.8284270763397217,4.582575798034668
2.8284270763397217,4.582575798034668
2.8284270763397217,4.582575798034668
2.8284270763397217,4.582575798034668
2.8284270763397217,4.582575798034668
2.8284270763397217,4.582575798034668
2.8284270763397217,4.582575798034668
2.8284270763397217,4.582575798034668
2.8284270763397217,4.582575798034668
2.8284270763397217,4.690415859222412
2.8284270763397217,4.690415859222412
2.8284270763397217,4.898979663848877
2.8284270763397217,4.898979663848877
2.8284270763397217,5
2.8284270763397217,5
2.8284270763397217,5
2.8284270763397217,5
2.8284270763397217,5
2.8284270763397217,5
2.8284270763397217,5
2.8284270763397217,5
2.8284270763397217,5
2.8284270763397217,5.099019527435303
2.8284270763397217,5.099019527435303
2.8284270763397217,5.099019527435303
2.8284270763397217,5.099019527435303
2.8284270763397217,5.099019527435303
2.8284270763397217,5.099019527435303
2.8284270763397217,5.099019527435303
2.8284270763397217,5.099019527435303
2.8284270763397217,5.099019527435303
2.8284270763397217,5.099019527435303
2.8284270763397217,5.196152210235596
2.8284270763397217,5.196152210235596
2.8284270763397217,5.196152210235596
2.8284270763397217,5.385164737701416
2.8284270763397217,5.385164737701416
2.8284270763397217,5.385164737701416
2.8284270763397217,5.385164737701416
2.8284270763397217,5.385164737701416
2.8284270763397217,5.4772257804870605
2.8284270763397217,5.4772257804870605
2.8284270763397217,5.4772257804870605
2.8284270763397217,5.4772257804870605
2.8284270763397217,5.4772257804870605
2.8284270763397217,5.4772257804870605
2.8284270763397217,5.656854152679443
2.8284270763397217,5.656854152679443
2.8284270763397217,5.656854152679443
2.8284270763397217,5.74456262588501
2.8284270763397217,5.74456262588501
2.8284270763397217,5.74456262588501
2.8284270763397217,5.830951690673828
2.8284270763397217,5.830951690673828
2.8284270763397217,5.830951690673828
2.8284270763397217,5.830951690673828
2.8284270763397217,5.830951690673828
2.8284270763397217,5.830951690673828
2.8284270763397217,5.916079998016357
2.8284270763397217,5.916079998016357
2.8284270763397217,5.916079998016357
2.8284270763397217,5.916079998016357
2.8284270763397217,6
2.8284270763397217,6
2.8284270763397217,6
2.8284270763397217,6
2.8284270763397217,6.082762718200684
2.8284270763397217,6.082762718200684
2.8284270763397217,6.082762718200684
2.8284270763397217,6.164413928985596
2.8284270763397217,6.164413928985596
2.8284270763397217,6.164413928985596
2.8284270763397217,6.164413928985596
2.8284270763397217,6.164413928985596
2.8284270763397217,6.324555397033691
2.8284270763397217,6.324555397033691
2.8284270763397217,6.324555397033691
2.8284270763397217,6.324555397033691
2.8284270763397217,6.324555397033691
2.8284270763397217,6.4031243324279785
2.8284270763397217,6.4031243324279785
2.8284270763397217,6.4031243324279785
2.8284270763397217,6.4031243324279785
2.8284270763397217,6.4031243324279785
2.8284270763397217,6.4031243324279785
2.8284270763397217,6.4031243324279785
2.8284270763397217,6.480740547180176
2.8284270763397217,6.480740547180176
2.8284270763397217,6.480740547180176
2.8284270763397217,6.480740547180176
2.8284270763397217,6.480740547180176
2.8284270763397217,6.633249759674072
2.8284270763397217,6.633249759674072
2.8284270763397217,6.7082037925720215
2.8284270763397217,6.7082037925720215
2.8284270763397217,6.7082037925720215
2.8284270763397217,6.7082037925720215
2.8284270763397217,6.7082037925720215
2.8284270763397217,6.7082037925720215
2.8284270763397217,6.7082037925720215
2.8284270763397217,6.78233003616333
2.8284270763397217,6.78233003616333
2.8284270763397217,6.78233003616333
2.8284270763397217,6.78233003616333
2.8284270763397217,6.78233003616333
2.8284270763397217,6.928203105926514
2.8284270763397217,6.928203105926514
2.8284270763397217,7
2.8284270763397217,7
2.8284270763397217,7
2.8284270763397217,7
2.8284270763397217,7
2.8284270763397217,7.071067810058594
2.8284270763397217,7.071067810058594
2.8284270763397217,7.071067810058594
2.8284270763397217,7.071067810058594
2.8284270763397217,7.071067810058594
2.8284270763397217,7.141428470611572
2.8284270763397217,7.141428470611572
2.8284270763397217,7.141428470611572
2.8284270763397217,7.211102485656738
2.8284270763397217,7.211102485656738
2.8284270763397217,7.211102485656738
2.8284270763397217,7.211102485656738
2.8284270763397217,7.211102485656738
2.8284270763397217,7.280109882354736
2.8284270763397217,7.280109882354736
2.8284270763397217,7.280109882354736
2.8284270763397217,7.348469257354736
2.8284270763397217,7.348469257354736
2.8284270763397217,7.348469257354736
2.8284270763397217,7.348469257354736
2.8284270763397217,7.348469257354736
2.8284270763397217,7.4833149909973145
2.8284270763397217,7.549834251403809
2.8284270763397217,7.549834251403809
2.8284270763397217,7.549834251403809
2.8284270763397217,7.549834251403809
2.8284270763397217,7.549834251403809
2.8284270763397217,7.6157732009887695
2.8284270763397217,7.6157732009887695
2.8284270763397217,7.6157732009887695
2.8284270763397217,7.6157732009887695
2.8284270763397217,7.6157732009887695
2.8284270763397217,7.6157732009887695
2.8284270763397217,7.681145668029785
2.8284270763397217,7.681145668029785
2.8284270763397217,7.681145668029785
2.8284270763397217,7.681145668029785
2.8284270763397217,7.681145668029785
2.8284270763397217,7.681145668029785
2.8284270763397217,7.681145668029785
2.8284270763397217,7.8102498054504395
2.8284270763397217,7.874007701873779
2.8284270763397217,7.874007701873779
2.8284270763397217,7.874007701873779
2.8284270763397217,7.874007701873779
2.8284270763397217,8
2.8284270763397217,8.062257766723633
2.8284270763397217,8.062257766723633
2.8284270763397217,8.062257766723633
2.8284270763397217,8.062257766723633
2.8284270763397217,8.062257766723633
2.8284270763397217,8.062257766723633
2.8284270763397217,8.062257766723633
2.8284270763397217,8.062257766723633
2.8284270763397217,8.062257766723633
2.8284270763397217,8.062257766723633
2.8284270763397217,8.062257766723633
2.8284270763397217,8.062257766723633
2.8284270763397217,8.062257766723633
2.8284270763397217,8.124038696289063
2.8284270763397217,8.124038696289063
2.8284270763397217,8.185352325439453
2.8284270763397217,8.185352325439453
2.8284270763397217,8.246211051940918
2.8284270763397217,8.306623458862305
2.8284270763397217,8.306623458862305
2.8284270763397217,8.306623458862305
2.8284270763397217,8.306623458862305
2.8284270763397217,8.366600036621094
2.8284270763397217,8.485280990600586
2.8284270763397217,8.485280990600586
2.8284270763397217,8.5440034866333
2.8284270763397217,8.5440034866333
2.8284270763397217,8.602325439453125
2.8284270763397217,8.602325439453125
2.8284270763397217,8.602325439453125
2.8284270763397217,8.602325439453125
2.8284270763397217,8.602325439453125
2.8284270763397217,8.66025447845459
2.8284270763397217,8.66025447845459
2.8284270763397217,8.717798233032227
2.8284270763397217,8.774964332580566
2.8284270763397217,8.774964332580566
2.8284270763397217,8.774964332580566
2.8284270763397217,8.9442720413208
2.8284270763397217,8.9442720413208
2.8284270763397217,9
2.8284270763397217,9
2.8284270763397217,9
2.8284270763397217,9.05538558959961
2.8284270763397217,9.05538558959961
2.8284270763397217,9.110433578491211
2.8284270763397217,9.110433578491211
2.8284270763397217,9.110433578491211
2.8284270763397217,9.110433578491211
2.8284270763397217,9.219544410705566
2.8284270763397217,9.219544410705566
2.8284270763397217,9.219544410705566
2.8284270763397217,9.273618698120117
2.8284270763397217,9.273618698120117
2.8284270763397217,9.273618698120117
2.8284270763397217,9.273618698120117
2.8284270763397217,9.380831718444824
2.8284270763397217,9.433980941772461
2.8284270763397217,9.433980941772461
2.8284270763397217,9.433980941772461
2.8284270763397217,9.433980941772461
2.8284270763397217,9.433980941772461
2.8284270763397217,9.433980941772461
2.8284270763397217,9.433980941772461
2.8284270763397217,9.433980941772461
2.8284270763397217,9.486832618713379
2.8284270763397217,9.539392471313477
2.8284270763397217,9.643651008605957
2.8284270763397217,9.643651008605957
2.8284270763397217,9.69536018371582
2.8284270763397217,9.848857879638672
2.8284270763397217,9.848857879638672
2.8284270763397217,9.899495124816895
2.8284270763397217,9.899495124816895
2.8284270763397217,9.899495124816895
2.8284270763397217,9.899495124816895
2.8284270763397217,9.899495124816895
2.8284270763397217,9.949873924255371
2.8284270763397217,9.949873924255371
2.8284270763397217,9.949873924255371
2.8284270763397217,10
2.8284270763397217,10
2.8284270763397217,10.049875259399414
2.8284270763397217,10.049875259399414
2.8284270763397217,10.049875259399414
2.8284270763397217,10.24695110321045
2.8284270763397217,10.24695110321045
2.8284270763397217,10.24695110321045
2.8284270763397217,10.29563045501709
2.8284270763397217,10.344079971313477
2.8284270763397217,10.344079971313477
2.8284270763397217,10.344079971313477
2.8284270763397217,10.344079971313477
2.8284270763397217,10.344079971313477
2.8284270763397217,10.392304420471191
2.8284270763397217,10.392304420471191
2.8284270763397217,10.488088607788086
2.8284270763397217,10.488088607788086
2.8284270763397217,10.488088607788086
2.8284270763397217,10.630146026611328
2.8284270763397217,10.72380542755127
2.8284270763397217,10.72380542755127
2.8284270763397217,10.816654205322266
2.8284270763397217,10.816654205322266
2.8284270763397217,10.816654205322266
2.8284270763397217,10.816654205322266
2.8284270763397217,10.862780570983887
2.8284270763397217,10.954451560974121
2.8284270763397217,11
2.8284270763397217,11
2.8284270763397217,11
2.8284270763397217,11
2.8284270763397217,11
2.8284270763397217,11.045360565185547
2.8284270763397217,11.045360565185547
2.8284270763397217,11.045360565185547
2.8284270763397217,11.180339813232422
2.8284270763397217,11.180339813232422
2.8284270763397217,11.224971771240234
2.8284270763397217,11.357816696166992
2.8284270763397217,11.357816696166992
2.8284270763397217,11.357816696166992
2.8284270763397217,11.401754379272461
2.8284270763397217,11.401754379272461
2.8284270763397217,11.87434196472168
2.8284270763397217,12
2.8284270763397217,12
2.8284270763397217,12.041594505310059
2.8284270763397217,12.083045959472656
2.8284270763397217,12.083045959472656
2.8284270763397217,12.083045959472656
2.8284270763397217,12.206555366516113
2.8284270763397217,12.247448921203613
2.8284270763397217,12.369317054748535
2.8284270763397217,12.449899673461914
2.8284270763397217,12.688577651977539
2.8284270763397217,12.845232963562012
2.8284270763397217,12.961481094360352
2.8284270763397217,13
2.8284270763397217,13
2.8284270763397217,13.03840446472168
2.8284270763397217,13.03840446472168
2.8284270763397217,13.03840446472168
2.8284270763397217,13.190905570983887
2.8284270763397217,13.416407585144043
2.8284270763397217,13.601470947265625
2.8284270763397217,13.747727394104004
2.8284270763397217,13.928388595581055
2.8284270763397217,13.928388595581055
2.8284270763397217,14.177447319030762
2.8284270763397217,14.21267032623291
2.8284270763397217,14.282856941223145
2.8284270763397217,14.317821502685547
2.8284270763397217,15
2.8284270763397217,16.34013557434082
2.8284270763397217,16.401220321655273
2.8284270763397217,16.401220321655273
2.8284270763397217,17.291616439819336
2.8284270763397217,18.055469512939453
2.8284270763397217,20.639766693115234
3,inf
3,inf
3,inf
3,inf
3,inf
3,inf
3,inf
3,inf
3,inf
3,inf
3,inf
3,inf
3,3.1622776985168457
3,3.1622776985168457
3,3.1622776985168457
3,3.1622776985168457
3,3.1622776985168457
3,3.1622776985168457
3,3.316624879837036
3,3.316624879837036
3,3.316624879837036
3,3.316624879837036
3,3.464101552963257
3,3.464101552963257
3,3.464101552963257
3,3.464101552963257
3,3.464101552963257
3,3.464101552963257
3,3.605551242828369
3,3.605551242828369
3,3.605551242828369
3,3.605551242828369
3,3.7416574954986572
3,3.7416574954986572
3,3.7416574954986572
3,3.7416574954986572
3,3.7416574954986572
3,3.7416574954986572
3,4.123105525970459
3,4.123105525970459
3,4.123105525970459
3,4.123105525970459
3,4.242640495300293
3,4.242640495300293
3,4.242640495300293
3,4.242640495300293
3,4.358899116516113
3,4.358899116516113
3,4.358899116516113
3,4.4721360206604
3,4.4721360206604
3,4.690415859222412
3,4.690415859222412
3,4.690415859222412
3,4.898979663848877
3,4.898979663848877
3,5
3,5
3,5
3,5
3,5
3,5.099019527435303
3,5.196152210235596
3,5.196152210235596
3,5.196152210235596
3,5.196152210235596
3,5.196152210235596
3,5.385164737701416
3,5.385164737701416
3,5.385164737701416
3,5.385164737701416
3,5.385164737701416
3,5.4772257804870605
3,5.4772257804870605
3,5.4772257804870605
3,5.656854152679443
3,5.74456262588501
3,5.74456262588501
3,5.830951690673828
3,5.830951690673828
3,5.830951690673828
3,6
3,6
3,6
3,6.082762718200684
3,6.082762718200684
3,6.164413928985596
3,6.324555397033691
3,6.324555397033691
3,6.4031243324279785
3,6.4031243324279785
3,6.480740547180176
3,6.480740547180176
3,6.480740547180176
3,6.633249759674072
3,6.7082037925720215
3,6.78233003616333
3,6.78233003616333
3,7
3,7
3,7.071067810058594
3,7.280109882354736
3,7.348469257354736
3,7.4833149909973145
3,7.4833149909973145
3,7.6157732009887695
3,7.681145668029785
3,7.8102498054504395
3,7.8102498054504395
3,8.062257766723633
3,8.124038696289063
3,8.246211051940918
3,8.246211051940918
3,8.306623458862305
3,8.366600036621094
3,8.485280990600586
3,8.5440034866333
3,8.602325439453125
3,8.602325439453125
3,8.602325439453125
3,8.717798233032227
3,9
3,9
3,9
3,9
3,9.05538558959961
3,9.273618698120117
3,9.273618698120117
3,9.433980941772461
3,9.433980941772461
3,9.433980941772461
3,9.433980941772461
3,9.433980941772461
3,9.69536018371582
3,9.899495124816895
3,10
3,10.049875259399414
3,10.049875259399414
3,10.630146026611328
3,10.677078247070313
3,10.72380542755127
3,10.770329475402832
3,10.816654205322266
3,10.862780570983887
3,11.045360565185547
3,11.313708305358887
3,11.357816696166992
3,11.357816696166992
3,11.401754379272461
3,11.445523262023926
3,11.445523262023926
3,11.445523262023926
3,11.48912525177002
3,11.575837135314941
3,11.575837135314941
3,11.575837135314941
3,11.661903381347656
3,11.704699516296387
3,12.041594505310059
3,12.041594505310059
3,12.12435531616211
3,12.165525436401367
3,12.529964447021484
3,12.569805145263672
3,12.649110794067383
3,12.649110794067383
3,12.688577651977539
3,12.688577651977539
3,12.767145156860352
3,13.152946472167969
3,13.490737915039063
3,13.601470947265625
3,14.071247100830078
3,14.177447319030762
3,14.247806549072266
3,14.456831932067871
3,14.73091983795166
3,15.55634880065918
3,16.124515533447266
3,17.11724281311035
3,18.248287200927734
3,24.351591110229492
3.1622776985168457,inf
3.1622776985168457,inf
3.1622776985168457,inf
3.1622776985168457,inf
3.1622776985168457,inf
3.1622776985168457,inf
3.1622776985168457,inf
3.1622776985168457,inf
3.1622776985168457,inf
3.1622776985168457,inf
3.1622776985168457,inf
3.1622776985168457,inf
3.1622776985168457,inf
3.1622776985168457,inf
3.1622776985168457,inf
3.1622776985168457,inf
3.1622776985168457,inf
3.1622776985168457,inf
3.1622776985168457,inf
3.1622776985168457,inf
3.1622776985168457,inf
3.1622776985168457,inf
3.1622776985168457,3.316624879837036
3.1622776985168457,3.316624879837036
3.1622776985168457,3.316624879837036
3.1622776985168457,3.316624879837036
3.1622776985168457,3.316624879837036
3.1622776985168457,3.316624879837036
3.1622776985168457,3.316624879837036
3.1622776985168457,3.316624879837036
3.1622776985168457,3.316624879837036
3.1622776985168457,3.316624879837036
3.1622776985168457,3.316624879837036
3.1622776985168457,3.316624879837036
3.1622776985168457,3.316624879837036
3.1622776985168457,3.316624879837036
3.1622776985168457,3.316624879837036
3.1622776985168457,3.316624879837036
3.1622776985168457,3.316624879837036
3.1622776985168457,3.316624879837036
3.1622776985168457,3.316624879837036
3.1622776985168457,3.316624879837036
3.1622776985168457,3.316624879837036
3.1622776985168457,3.316624879837036
3.1622776985168457,3.464101552963257
3.1622776985168457,3.464101552963257
3.1622776985168457,3.464101552963257
3.1622776985168457,3.464101552963257
3.1622776985168457,3.464101552963257
3.1622776985168457,3.464101552963257
3.1622776985168457,3.464101552963257
3.1622776985168457,3.464101552963257
3.1622776985168457,3.464101552963257
3.1622776985168457,3.464101552963257
3.1622776985168457,3.464101552963257
3.1622776985168457,3.464101552963257
3.1622776985168457,3.464101552963257
3.1622776985168457,3.464101552963257
3.1622776985168457,3.464101552963257
3.1622776985168457,3.464101552963257
3.1622776985168457,3.464101552963257
3.1622776985168457,3.464101552963257
3.1622776985168457,3.464101552963257
3.1622776985168457,3.464101552963257
3.1622776985168457,3.605551242828369
3.1622776985168457,3.605551242828369
3.1622776985168457,3.605551242828369
3.1622776985168457,3.605551242828369
3.1622776985168457,3.605551242828369
3.1622776985168457,3.605551242828369
3.1622776985168457,3.605551242828369
3.1622776985168457,3.605551242828369
3.1622776985168457,3.605551242828369
3.1622776985168457,3.605551242828369
3.1622776985168457,3.605551242828369
3.1622776985168457,3.605551242828369
3.1622776985168457,3.7416574954986572
3.1622776985168457,3.7416574954986572
3.1622776985168457,3.7416574954986572
3.1622776985168457,3.7416574954986572
3.1622776985168457,3.7416574954986572
3.1622776985168457,3.7416574954986572
3.1622776985168457,3.7416574954986572
3.1622776985168457,3.7416574954986572
3.1622776985168457,3.7416574954986572
3.1622776985168457,3.7416574954986572
3.1622776985168457,3.7416574954986572
3.1622776985168457,3.7416574954986572
3.1622776985168457,4
3.1622776985168457,4
3.1622776985168457,4
3.1622776985168457,4
3.1622776985168457,4.123105525970459
3.1622776985168457,4.123105525970459
3.1622776985168457,4.123105525970459
3.1622776985168457,4.123105525970459
3.1622776985168457,4.123105525970459
3.1622776985168457,4.123105525970459
3.1622776985168457,4.123105525970459
3.1622776985168457,4.123105525970459
3.1622776985168457,4.123105525970459
3.1622776985168457,4.123105525970459
3.1622776985168457,4.242640495300293
3.1622776985168457,4.242640495300293
3.1622776985168457,4.242640495300293
3.1622776985168457,4.242640495300293
3.1622776985168457,4.242640495300293
3.1622776985168457,4.242640495300293
3.1622776985168457,4.242640495300293
3.1622776985168457,4.242640495300293
3.1622776985168457,4.242640495300293
3.1622776985168457,4.242640495300293
3.1622776985168457,4.242640495300293
3.1622776985168457,4.242640495300293
3.1622776985168457,4.358899116516113
3.1622776985168457,4.358899116516113
3.1622776985168457,4.358899116516113
3.1622776985168457,4.358899116516113
3.1622776985168457,4.358899116516113
3.1622776985168457,4.358899116516113
3.1622776985168457,4.4721360206604
3.1622776985168457,4.4721360206604
3.1622776985168457,4.4721360206604
3.1622776985168457,4.4721360206604
3.1622776985168457,4.4721360206604
3.1622776985168457,4.582575798034668
3.1622776985168457,4.582575798034668
3.1622776985168457,4.582575798034668
3.1622776985168457,4.582575798034668
3.1622776985168457,4.582575798034668
3.1622776985168457,4.582575798034668
3.1622776985168457,4.582575798034668
3.1622776985168457,4.582575798034668
3.1622776985168457,4.690415859222412
3.1622776985168457,4.690415859222412
3.1622776985168457,4.690415859222412
3.1622776985168457,4.690415859222412
3.1622776985168457,4.690415859222412
3.1622776985168457,4.690415859222412
3.1622776985168457,4.898979663848877
3.1622776985168457,4.898979663848877
3.1622776985168457,4.898979663848877
3.1622776985168457,4.898979663848877
3.1622776985168457,4.898979663848877
3.1622776985168457,5
3.1622776985168457,5
3.1622776985168457,5
3.1622776985168457,5
3.1622776985168457,5
3.1622776985168457,5
3.1622776985168457,5
3.1622776985168457,5
3.1622776985168457,5
3.1622776985168457,5
3.1622776985168457,5
3.1622776985168457,5.099019527435303
3.1622776985168457,5.099019527435303
3.1622776985168457,5.099019527435303
3.1622776985168457,5.099019527435303
3.1622776985168457,5.099019527435303
3.1622776985168457,5.099019527435303
3.1622776985168457,5.099019527435303
3.1622776985168457,5.099019527435303
3.1622776985168457,5.099019527435303
3.1622776985168457,5.196152210235596
3.1622776985168457,5.196152210235596
3.1622776985168457,5.196152210235596
3.1622776985168457,5.196152210235596
3.1622776985168457,5.196152210235596
3.1622776985168457,5.385164737701416
3.1622776985168457,5.385164737701416
3.1622776985168457,5.385164737701416
3.1622776985168457,5.385164737701416
3.1622776985168457,5.385164737701416
3.1622776985168457,5.385164737701416
3.1622776985168457,5.385164737701416
3.1622776985168457,5.385164737701416
3.1622776985168457,5.385164737701416
3.1622776985168457,5.4772257804870605
3.1622776985168457,5.4772257804870605
3.1622776985168457,5.4772257804870605
3.1622776985168457,5.4772257804870605
3.1622776985168457,5.656854152679443
3.1622776985168457,5.656854152679443
3.1622776985168457,5.656854152679443
3.1622776985168457,5.74456262588501
3.1622776985168457,5.74456262588501
3.1622776985168457,5.74456262588501
3.1622776985168457,5.74456262588501
3.1622776985168457,5.74456262588501
3.1622776985168457,5.830951690673828
3.1622776985168457,5.830951690673828
3.1622776985168457,5.830951690673828
3.1622776985168457,5.830951690673828
3.1622776985168457,5.830951690673828
3.1622776985168457,5.830951690673828
3.1622776985168457,5.830951690673828
3.1622776985168457,5.830951690673828
3.1622776985168457,5.916079998016357
3.1622776985168457,5.916079998016357
3.1622776985168457,5.916079998016357
3.1622776985168457,5.916079998016357
3.1622776985168457,5.916079998016357
3.1622776985168457,5.916079998016357
3.1622776985168457,5.916079998016357
3.1622776985168457,6
3.1622776985168457,6
3.1622776985168457,6
3.1622776985168457,6
3.1622776985168457,6
3.1622776985168457,6.164413928985596
3.1622776985168457,6.164413928985596
3.1622776985168457,6.164413928985596
3.1622776985168457,6.164413928985596
3.1622776985168457,6.164413928985596
3.1622776985168457,6.164413928985596
3.1622776985168457,6.164413928985596
3.1622776985168457,6.164413928985596
3.1622776985168457,6.164413928985596
3.1622776985168457,6.164413928985596
3.1622776985168457,6.324555397033691
3.1622776985168457,6.324555397033691
3.1622776985168457,6.324555397033691
3.1622776985168457,6.324555397033691
3.1622776985168457,6.4031243324279785
3.1622776985168457,6.4031243324279785
3.1622776985168457,6.4031243324279785
3.1622776985168457,6.4031243324279785
3.1622776985168457,6.4031243324279785
3.1622776985168457,6.4031243324279785
3.1622776985168457,6.4031243324279785
3.1622776985168457,6.4031243324279785
3.1622776985168457,6.4031243324279785
3.1622776985168457,6.4031243324279785
3.1622776985168457,6.4031243324279785
3.1622776985168457,6.480740547180176
3.1622776985168457,6.633249759674072
3.1622776985168457,6.633249759674072
3.1622776985168457,6.633249759674072
3.1622776985168457,6.633249759674072
3.1622776985168457,6.7082037925720215
3.1622776985168457,6.7082037925720215
3.1622776985168457,6.7082037925720215
3.1622776985168457,6.7082037925720215
3.1622776985168457,6.7082037925720215
3.1622776985168457,6.7082037925720215
3.1622776985168457,6.7082037925720215
3.1622776985168457,6.7082037925720215
3.1622776985168457,6.7082037925720215
3.1622776985168457,6.78233003616333
3.1622776985168457,6.78233003616333
3.1622776985168457,6.78233003616333
3.1622776985168457,6.78233003616333
3.1622776985168457,6.78233003616333
3.1622776985168457,6.78233003616333
3.1622776985168457,6.78233003616333
3.1622776985168457,6.78233003616333
3.1622776985168457,6.78233003616333
3.1622776985168457,6.78233003616333
3.1622776985168457,7
3.1622776985168457,7
3.1622776985168457,7
3.1622776985168457,7
3.1622776985168457,7
3.1622776985168457,7
3.1622776985168457,7
3.1622776985168457,7
3.1622776985168457,7
3.1622776985168457,7
3.1622776985168457,7
3.1622776985168457,7
3.1622776985168457,7
3.1622776985168457,7
3.1622776985168457,7
3.1622776985168457,7
3.1622776985168457,7
3.1622776985168457,7
3.1622776985168457,7.071067810058594
3.1622776985168457,7.071067810058594
3.1622776985168457,7.071067810058594
3.1622776985168457,7.071067810058594
3.1622776985168457,7.071067810058594
3.1622776985168457,7.071067810058594
3.1622776985168457,7.141428470611572
3.1622776985168457,7.141428470611572
3.1622776985168457,7.211102485656738
3.1622776985168457,7.211102485656738
3.1622776985168457,7.211102485656738
3.1622776985168457,7.280109882354736
3.1622776985168457,7.280109882354736
3.1622776985168457,7.348469257354736
3.1622776985168457,7.348469257354736
3.1622776985168457,7.4833149909973145
3.1622776985168457,7.4833149909973145
3.1622776985168457,7.549834251403809
3.1622776985168457,7.6157732009887695
3.1622776985168457,7.6157732009887695
3.1622776985168457,7.6157732009887695
3.1622776985168457,7.6157732009887695
3.1622776985168457,7.681145668029785
3.1622776985168457,7.681145668029785
3.1622776985168457,7.681145668029785
3.1622776985168457,7.681145668029785
3.1622776985168457,7.681145668029785
3.1622776985168457,7.8102498054504395
3.1622776985168457,7.8102498054504395
3.1622776985168457,7.8102498054504395
3.1622776985168457,7.8102498054504395
3.1622776985168457,7.8102498054504395
3.1622776985168457,7.874007701873779
3.1622776985168457,7.874007701873779
3.1622776985168457,7.874007701873779
3.1622776985168457,7.874007701873779
3.1622776985168457,7.874007701873779
3.1622776985168457,8
3.1622776985168457,8.062257766723633
3.1622776985168457,8.062257766723633
3.1622776985168457,8.062257766723633
3.1622776985168457,8.062257766723633
3.1622776985168457,8.062257766723633
3.1622776985168457,8.062257766723633
3.1622776985168457,8.124038696289063
3.1622776985168457,8.124038696289063
3.1622776985168457,8.124038696289063
3.1622776985168457,8.124038696289063
3.1622776985168457,8.185352325439453
3.1622776985168457,8.185352325439453
3.1622776985168457,8.185352325439453
3.1622776985168457,8.246211051940918
3.1622776985168457,8.246211051940918
3.1622776985168457,8.246211051940918
3.1622776985168457,8.306623458862305
3.1622776985168457,8.306623458862305
3.1622776985168457,8.306623458862305
3.1622776985168457,8.306623458862305
3.1622776985168457,8.306623458862305
3.1622776985168457,8.366600036621094
3.1622776985168457,8.485280990600586
3.1622776985168457,8.485280990600586
3.1622776985168457,8.485280990600586
3.1622776985168457,8.485280990600586
3.1622776985168457,8.485280990600586
3.1622776985168457,8.485280990600586
3.1622776985168457,8.5440034866333
3.1622776985168457,8.5440034866333
3.1622776985168457,8.5440034866333
3.1622776985168457,8.5440034866333
3.1622776985168457,8.5440034866333
3.1622776985168457,8.602325439453125
3.1622776985168457,8.602325439453125
3.1622776985168457,8.602325439453125
3.1622776985168457,8.602325439453125
3.1622776985168457,8.602325439453125
3.1622776985168457,8.602325439453125
3.1622776985168457,8.602325439453125
3.1622776985168457,8.66025447845459
3.1622776985168457,8.66025447845459
3.1622776985168457,8.717798233032227
3.1622776985168457,8.774964332580566
3.1622776985168457,8.774964332580566
3.1622776985168457,8.83176040649414
3.1622776985168457,8.83176040649414
3.1622776985168457,8.9442720413208
3.1622776985168457,8.9442720413208
3.1622776985168457,8.9442720413208
3.1622776985168457,9
3.1622776985168457,9
3.1622776985168457,9
3.1622776985168457,9
3.1622776985168457,9.110433578491211
3.1622776985168457,9.110433578491211
3.1622776985168457,9.110433578491211
3.1622776985168457,9.165151596069336
3.1622776985168457,9.165151596069336
3.1622776985168457,9.165151596069336
3.1622776985168457,9.219544410705566
3.1622776985168457,9.219544410705566
3.1622776985168457,9.273618698120117
3.1622776985168457,9.273618698120117
3.1622776985168457,9.433980941772461
3.1622776985168457,9.433980941772461
3.1622776985168457,9.433980941772461
3.1622776985168457,9.433980941772461
3.1622776985168457,9.486832618713379
3.1622776985168457,9.486832618713379
3.1622776985168457,9.643651008605957
3.1622776985168457,9.69536018371582
3.1622776985168457,9.69536018371582
3.1622776985168457,9.797959327697754
3.1622776985168457,9.848857879638672
3.1622776985168457,9.848857879638672
3.1622776985168457,9.848857879638672
3.1622776985168457,9.848857879638672
3.1622776985168457,9.899495124816895
3.1622776985168457,9.899495124816895
3.1622776985168457,9.899495124816895
3.1622776985168457,9.899495124816895
3.1622776985168457,9.949873924255371
3.1622776985168457,10
3.1622776985168457,10
3.1622776985168457,10
3.1622776985168457,10
3.1622776985168457,10
3.1622776985168457,10.049875259399414
3.1622776985168457,10.049875259399414
3.1622776985168457,10.049875259399414
3.1622776985168457,10.049875259399414
3.1622776985168457,10.049875259399414
3.1622776985168457,10.049875259399414
3.1622776985168457,10.049875259399414
3.1622776985168457,10.198039054870605
3.1622776985168457,10.198039054870605
3.1622776985168457,10.198039054870605
3.1622776985168457,10.24695110321045
3.1622776985168457,10.24695110321045
3.1622776985168457,10.24695110321045
3.1622776985168457,10.29563045501709
3.1622776985168457,10.29563045501709
3.1622776985168457,10.29563045501709
3.1622776985168457,10.392304420471191
3.1622776985168457,10.392304420471191
3.1622776985168457,10.440306663513184
3.1622776985168457,10.488088607788086
3.1622776985168457,10.488088607788086
3.1622776985168457,10.630146026611328
3.1622776985168457,10.630146026611328
3.1622776985168457,10.630146026611328
3.1622776985168457,10.630146026611328
3.1622776985168457,10.630146026611328
3.1622776985168457,10.630146026611328
3.1622776985168457,10.630146026611328
3.1622776985168457,10.630146026611328
3.1622776985168457,10.677078247070313
3.1622776985168457,10.677078247070313
3.1622776985168457,10.72380542755127
3.1622776985168457,10.770329475402832
3.1622776985168457,10.770329475402832
3.1622776985168457,11
3.1622776985168457,11.045360565185547
3.1622776985168457,11.090536117553711
3.1622776985168457,11.180339813232422
3.1622776985168457,11.180339813232422
3.1622776985168457,11.180339813232422
3.1622776985168457,11.224971771240234
3.1622776985168457,11.224971771240234
3.1622776985168457,11.357816696166992
3.1622776985168457,11.357816696166992
3.1622776985168457,11.357816696166992
3.1622776985168457,11.445523262023926
3.1622776985168457,11.445523262023926
3.1622776985168457,11.445523262023926
3.1622776985168457,11.445523262023926
3.1622776985168457,11.445523262023926
3.1622776985168457,11.661903381347656
3.1622776985168457,11.704699516296387
3.1622776985168457,11.704699516296387
3.1622776985168457,11.789826393127441
3.1622776985168457,11.832159996032715
3.1622776985168457,11.87434196472168
3.1622776985168457,12
3.1622776985168457,12
3.1622776985168457,12.083045959472656
3.1622776985168457,12.083045959472656
3.1622776985168457,12.083045959472656
3.1622776985168457,12.083045959472656
3.1622776985168457,12.083045959472656
3.1622776985168457,12.083045959472656
3.1622776985168457,12.083045959472656
3.1622776985168457,12.12435531616211
3.1622776985168457,12.165525436401367
3.1622776985168457,12.206555366516113
3.1622776985168457,12.247448921203613
3.1622776985168457,12.369317054748535
3.1622776985168457,12.409673690795898
3.1622776985168457,12.727922439575195
3.1622776985168457,12.806248664855957
3.1622776985168457,13.03840446472168
3.1622776985168457,13.076696395874023
3.1622776985168457,13.076696395874023
3.1622776985168457,13.34166431427002
3.1622776985168457,13.601470947265625
3.1622776985168457,13.638181686401367
3.1622776985168457,13.747727394104004
3.1622776985168457,13.964240074157715
3.1622776985168457,13.964240074157715
3.1622776985168457,14.03566837310791
3.1622776985168457,14.525838851928711
3.1622776985168457,14.59451961517334
3.1622776985168457,15.748015403747559
3.1622776985168457,15.905973434448242
3.1622776985168457,16.309507369995117
3.1622776985168457,16.309507369995117
3.1622776985168457,16.552946090698242
3.1622776985168457,20.248456954956055
3.1622776985168457,24.718414306640625
3.605551242828369,inf
3.605551242828369,inf
3.605551242828369,inf
3.605551242828369,inf
3.605551242828369,inf
3.605551242828369,inf
3.605551242828369,inf
3.605551242828369,inf
3.605551242828369,inf
3.605551242828369,inf
3.605551242828369,inf
3.605551242828369,inf
3.605551242828369,inf
3.605551242828369,inf
3.605551242828369,inf
3.605551242828369,inf
3.605551242828369,inf
3.605551242828369,inf
3.605551242828369,inf
3.605551242828369,inf
3.605551242828369,inf
3.605551242828369,inf
3.605551242828369,inf
3.605551242828369,inf
3.605551242828369,inf
3.605551242828369,inf
3.605551242828369,inf
3.605551242828369,inf
3.605551242828369,3.7416574954986572
3.605551242828369,3.7416574954986572
3.605551242828369,3.7416574954986572
3.605551242828369,3.7416574954986572
3.605551242828369,3.7416574954986572
3.605551242828369,3.7416574954986572
3.605551242828369,3.7416574954986572
3.605551242828369,3.7416574954986572
3.605551242828369,3.7416574954986572
3.605551242828369,3.7416574954986572
3.605551242828369,3.7416574954986572
3.605551242828369,3.7416574954986572
3.605551242828369,3.7416574954986572
3.605551242828369,3.7416574954986572
3.605551242828369,3.7416574954986572
3.605551242828369,3.7416574954986572
3.605551242828369,3.7416574954986572
3.605551242828369,4.123105525970459
3.605551242828369,4.123105525970459
3.605551242828369,4.123105525970459
3.605551242828369,4.123105525970459
3.605551242828369,4.123105525970459
3.605551242828369,4.123105525970459
3.605551242828369,4.123105525970459
3.605551242828369,4.123105525970459
3.605551242828369,4.123105525970459
3.605551242828369,4.123105525970459
3.605551242828369,4.123105525970459
3.605551242828369,4.123105525970459
3.605551242828369,4.123105525970459
3.605551242828369,4.123105525970459
3.605551242828369,4.123105525970459
3.605551242828369,4.123105525970459
3.605551242828369,4.123105525970459
3.605551242828369,4.123105525970459
3.605551242828369,4.123105525970459
3.605551242828369,4.123105525970459
3.605551242828369,4.123105525970459
3.605551242828369,4.123105525970459
3.605551242828369,4.123105525970459
3.605551242828369,4.242640495300293
3.605551242828369,4.242640495300293
3.605551242828369,4.242640495300293
3.605551242828369,4.242640495300293
3.605551242828369,4.242640495300293
3.605551242828369,4.242640495300293
3.605551242828369,4.242640495300293
3.605551242828369,4.242640495300293
3.605551242828369,4.242640495300293
3.605551242828369,4.358899116516113
3.605551242828369,4.358899116516113
3.605551242828369,4.358899116516113
3.605551242828369,4.4721360206604
3.605551242828369,4.4721360206604
3.605551242828369,4.4721360206604
3.605551242828369,4.4721360206604
3.605551242828369,4.4721360206604
3.605551242828369,4.4721360206604
3.605551242828369,4.582575798034668
3.605551242828369,4.582575798034668
3.605551242828369,4.582575798034668
3.605551242828369,4.582575798034668
3.605551242828369,4.582575798034668
3.605551242828369,4.582575798034668
3.605551242828369,4.582575798034668
3.605551242828369,4.582575798034668
3.605551242828369,4.582575798034668
3.605551242828369,4.582575798034668
3.605551242828369,4.690415859222412
3.605551242828369,4.690415859222412
3.605551242828369,4.690415859222412
3.605551242828369,4.690415859222412
3.605551242828369,4.898979663848877
3.605551242828369,4.898979663848877
3.605551242828369,4.898979663848877
3.605551242828369,4.898979663848877
3.605551242828369,5
3.605551242828369,5
3.605551242828369,5
3.605551242828369,5
3.605551242828369,5
3.605551242828369,5
3.605551242828369,5
3.605551242828369,5
3.605551242828369,5
3.605551242828369,5
3.605551242828369,5
3.605551242828369,5
3.605551242828369,5
3.605551242828369,5.099019527435303
3.605551242828369,5.099019527435303
3.605551242828369,5.099019527435303
3.605551242828369,5.099019527435303
3.605551242828369,5.099019527435303
3.605551242828369,5.099019527435303
3.605551242828369,5.196152210235596
3.605551242828369,5.196152210235596
3.605551242828369,5.196152210235596
3.605551242828369,5.196152210235596
3.605551242828369,5.196152210235596
3.605551242828369,5.385164737701416
3.605551242828369,5.385164737701416
3.605551242828369,5.385164737701416
3.605551242828369,5.385164737701416
3.605551242828369,5.385164737701416
3.605551242828369,5.385164737701416
3.605551242828369,5.385164737701416
3.605551242828369,5.385164737701416
3.605551242828369,5.4772257804870605
3.605551242828369,5.4772257804870605
3.605551242828369,5.4772257804870605
3.605551242828369,5.4772257804870605
3.605551242828369,5.4772257804870605
3.605551242828369,5.656854152679443
3.605551242828369,5.656854152679443
3.605551242828369,5.656854152679443
3.605551242828369,5.656854152679443
3.605551242828369,5.74456262588501
3.605551242828369,5.74456262588501
3.605551242828369,5.74456262588501
3.605551242828369,5.74456262588501
3.605551242828369,5.74456262588501
3.605551242828369,5.74456262588501
3.605551242828369,5.74456262588501
3.605551242828369,5.74456262588501
3.605551242828369,5.74456262588501
3.605551242828369,5.830951690673828
3.605551242828369,5.830951690673828
3.605551242828369,5.830951690673828
3.605551242828369,5.830951690673828
3.605551242828369,5.830951690673828
3.605551242828369,5.830951690673828
3.605551242828369,5.830951690673828
3.605551242828369,5.830951690673828
3.605551242828369,5.916079998016357
3.605551242828369,5.916079998016357
3.605551242828369,5.916079998016357
3.605551242828369,5.916079998016357
3.605551242828369,6
3.605551242828369,6
3.605551242828369,6
3.605551242828369,6
3.605551242828369,6
3.605551242828369,6
3.605551242828369,6
3.605551242828369,6.082762718200684
3.605551242828369,6.082762718200684
3.605551242828369,6.082762718200684
3.605551242828369,6.082762718200684
3.605551242828369,6.082762718200684
3.605551242828369,6.082762718200684
3.605551242828369,6.082762718200684
3.605551242828369,6.164413928985596
3.605551242828369,6.164413928985596
3.605551242828369,6.164413928985596
3.605551242828369,6.164413928985596
3.605551242828369,6.164413928985596
3.605551242828369,6.164413928985596
3.605551242828369,6.164413928985596
3.605551242828369,6.324555397033691
3.605551242828369,6.324555397033691
3.605551242828369,6.324555397033691
3.605551242828369,6.324555397033691
3.605551242828369,6.324555397033691
3.605551242828369,6.4031243324279785
3.605551242828369,6.4031243324279785
3.605551242828369,6.4031243324279785
3.605551242828369,6.4031243324279785
3.605551242828369,6.4031243324279785
3.605551242828369,6.4031243324279785
3.605551242828369,6.4031243324279785
3.605551242828369,6.4031243324279785
3.605551242828369,6.4031243324279785
3.605551242828369,6.480740547180176
3.605551242828369,6.480740547180176
3.605551242828369,6.557438373565674
3.605551242828369,6.633249759674072
3.605551242828369,6.633249759674072
3.605551242828369,6.633249759674072
3.605551242828369,6.7082037925720215
3.605551242828369,6.7082037925720215
3.605551242828369,6.7082037925720215
3.605551242828369,6.7082037925720215
3.605551242828369,6.7082037925720215
3.605551242828369,6.7082037925720215
3.605551242828369,6.78233003616333
3.605551242828369,6.78233003616333
3.605551242828369,6.78233003616333
3.605551242828369,6.928203105926514
3.605551242828369,7
3.605551242828369,7
3.605551242828369,7
3.605551242828369,7
3.605551242828369,7
3.605551242828369,7
3.605551242828369,7
3.605551242828369,7.071067810058594
3.605551242828369,7.071067810058594
3.605551242828369,7.071067810058594
3.605551242828369,7.071067810058594
3.605551242828369,7.071067810058594
3.605551242828369,7.071067810058594
3.605551242828369,7.071067810058594
3.605551242828369,7.071067810058594
3.605551242828369,7.141428470611572
3.605551242828369,7.211102485656738
3.605551242828369,7.211102485656738
3.605551242828369,7.280109882354736
3.605551242828369,7.280109882354736
3.605551242828369,7.280109882354736
3.605551242828369,7.280109882354736
3.605551242828369,7.348469257354736
3.605551242828369,7.348469257354736
3.605551242828369,7.348469257354736
3.605551242828369,7.348469257354736
3.605551242828369,7.4833149909973145
3.605551242828369,7.4833149909973145
3.605551242828369,7.4833149909973145
3.605551242828369,7.549834251403809
3.605551242828369,7.549834251403809
3.605551242828369,7.549834251403809
3.605551242828369,7.6157732009887695
3.605551242828369,7.6157732009887695
3.605551242828369,7.6157732009887695
3.605551242828369,7.6157732009887695
3.605551242828369,7.681145668029785
3.605551242828369,7.681145668029785
3.605551242828369,7.8102498054504395
3.605551242828369,7.8102498054504395
3.605551242828369,7.8102498054504395
3.605551242828369,7.8102498054504395
3.605551242828369,7.8102498054504395
3.605551242828369,7.8102498054504395
3.605551242828369,7.8102498054504395
3.605551242828369,7.8102498054504395
3.605551242828369,7.874007701873779
3.605551242828369,7.874007701873779
3.605551242828369,7.874007701873779
3.605551242828369,7.874007701873779
3.605551242828369,7.874007701873779
3.605551242828369,7.874007701873779
3.605551242828369,7.874007701873779
3.605551242828369,7.874007701873779
3.605551242828369,8.062257766723633
3.605551242828369,8.062257766723633
3.605551242828369,8.062257766723633
3.605551242828369,8.062257766723633
3.605551242828369,8.062257766723633
3.605551242828369,8.062257766723633
3.605551242828369,8.062257766723633
3.605551242828369,8.062257766723633
3.605551242828369,8.062257766723633
3.605551242828369,8.062257766723633
3.605551242828369,8.062257766723633
3.605551242828369,8.124038696289063
3.605551242828369,8.124038696289063
3.605551242828369,8.124038696289063
3.605551242828369,8.246211051940918
3.605551242828369,8.246211051940918
3.605551242828369,8.246211051940918
3.605551242828369,8.306623458862305
3.605551242828369,8.306623458862305
3.605551242828369,8.306623458862305
3.605551242828369,8.306623458862305
3.605551242828369,8.306623458862305
3.605551242828369,8.306623458862305
3.605551242828369,8.366600036621094
3.605551242828369,8.366600036621094
3.605551242828369,8.366600036621094
3.605551242828369,8.366600036621094
3.605551242828369,8.366600036621094
3.605551242828369,8.366600036621094
3.605551242828369,8.485280990600586
3.605551242828369,8.485280990600586
3.605551242828369,8.485280990600586
3.605551242828369,8.5440034866333
3.605551242828369,8.602325439453125
3.605551242828369,8.602325439453125
3.605551242828369,8.602325439453125
3.605551242828369,8.602325439453125
3.605551242828369,8.602325439453125
3.605551242828369,8.602325439453125
3.605551242828369,8.602325439453125
3.605551242828369,8.602325439453125
3.605551242828369,8.717798233032227
3.605551242828369,8.717798233032227
3.605551242828369,8.774964332580566
3.605551242828369,8.774964332580566
3.605551242828369,8.774964332580566
3.605551242828369,8.9442720413208
3.605551242828369,9
3.605551242828369,9
3.605551242828369,9
3.605551242828369,9
3.605551242828369,9.05538558959961
3.605551242828369,9.05538558959961
3.605551242828369,9.05538558959961
3.605551242828369,9.110433578491211
3.605551242828369,9.165151596069336
3.605551242828369,9.219544410705566
3.605551242828369,9.219544410705566
3.605551242828369,9.273618698120117
3.605551242828369,9.273618698120117
3.605551242828369,9.380831718444824
3.605551242828369,9.433980941772461
3.605551242828369,9.433980941772461
3.605551242828369,9.433980941772461
3.605551242828369,9.486832618713379
3.605551242828369,9.486832618713379
3.605551242828369,9.486832618713379
3.605551242828369,9.486832618713379
3.605551242828369,9.486832618713379
3.605551242828369,9.69536018371582
3.605551242828369,9.797959327697754
3.605551242828369,9.848857879638672
3.605551242828369,9.848857879638672
3.605551242828369,9.848857879638672
3.605551242828369,9.899495124816895
3.605551242828369,9.949873924255371
3.605551242828369,9.949873924255371
3.605551242828369,9.949873924255371
3.605551242828369,10
3.605551242828369,10
3.605551242828369,10.049875259399414
3.605551242828369,10.049875259399414
3.605551242828369,10.049875259399414
3.605551242828369,10.198039054870605
3.605551242828369,10.198039054870605
3.605551242828369,10.29563045501709
3.605551242828369,10.344079971313477
3.605551242828369,10.392304420471191
3.605551242828369,10.392304420471191
3.605551242828369,10.440306663513184
3.605551242828369,10.488088607788086
3.605551242828369,10.488088607788086
3.605551242828369,10.630146026611328
3.605551242828369,10.770329475402832
3.605551242828369,10.816654205322266
3.605551242828369,10.816654205322266
3.605551242828369,10.816654205322266
3.605551242828369,10.816654205322266
3.605551242828369,10.862780570983887
3.605551242828369,10.862780570983887
3.605551242828369,10.862780570983887
3.605551242828369,10.954451560974121
3.605551242828369,11
3.605551242828369,11
3.605551242828369,11
3.605551242828369,11
3.605551242828369,11.045360565185547
3.605551242828369,11.180339813232422
3.605551242828369,11.180339813232422
3.605551242828369,11.180339813232422
3.605551242828369,11.357816696166992
3.605551242828369,11.357816696166992
3.605551242828369,11.357816696166992
3.605551242828369,11.445523262023926
3.605551242828369,11.532562255859375
3.605551242828369,11.704699516296387
3.605551242828369,11.747340202331543
3.605551242828369,11.789826393127441
3.605551242828369,11.789826393127441
3.605551242828369,12.083045959472656
3.605551242828369,12.206555366516113
3.605551242828369,12.688577651977539
3.605551242828369,12.806248664855957
3.605551242828369,12.806248664855957
3.605551242828369,12.845232963562012
3.605551242828369,12.884099006652832
3.605551242828369,13
3.605551242828369,13
3.605551242828369,13
3.605551242828369,13.190905570983887
3.605551242828369,13.379088401794434
3.605551242828369,13.490737915039063
3.605551242828369,13.964240074157715
3.605551242828369,14.317821502685547
3.605551242828369,14.317821502685547
3.605551242828369,14.866068840026855
3.605551242828369,15.68438720703125
3.605551242828369,17.11724281311035
3.605551242828369,18.70828628540039
4,inf
4,inf
4,inf
4,inf
4,inf
4,inf
4,inf
4,inf
4,inf
4,inf
4,inf
4,inf
4,inf
4,inf
4,inf
4,inf
4,inf
4,4.123105525970459
4,4.242640495300293
4,4.242640495300293
4,4.358899116516113
4,4.4721360206604
4,4.582575798034668
4,4.582575798034668
4,4.690415859222412
4,4.898979663848877
4,4.898979663848877
4,4.898979663848877
4,4.898979663848877
4,4.898979663848877
4,5.099019527435303
4,5.099019527435303
4,5.099019527435303
4,5.099019527435303
4,5.196152210235596
4,5.196152210235596
4,5.196152210235596
4,5.196152210235596
4,5.196152210235596
4,5.385164737701416
4,5.4772257804870605
4,5.4772257804870605
4,5.656854152679443
4,5.74456262588501
4,5.74456262588501
4,5.74456262588501
4,5.74456262588501
4,5.74456262588501
4,5.74456262588501
4,5.74456262588501
4,5.74456262588501
4,5.830951690673828
4,5.830951690673828
4,5.830951690673828
4,5.916079998016357
4,5.916079998016357
4,5.916079998016357
4,5.916079998016357
4,6
4,6.082762718200684
4,6.082762718200684
4,6.164413928985596
4,6.164413928985596
4,6.164413928985596
4,6.4031243324279785
4,6.4031243324279785
4,6.4031243324279785
4,6.557438373565674
4,6.633249759674072
4,6.7082037925720215
4,6.78233003616333
4,6.928203105926514
4,7
4,7
4,7
4,7
4,7
4,7.071067810058594
4,7.071067810058594
4,7.141428470611572
4,7.141428470611572
4,7.211102485656738
4,7.211102485656738
4,7.211102485656738
4,7.348469257354736
4,7.4833149909973145
4,7.4833149909973145
4,7.549834251403809
4,7.6157732009887695
4,7.6157732009887695
4,7.681145668029785
4,7.681145668029785
4,7.8102498054504395
4,8.062257766723633
4,8.062257766723633
4,8.124038696289063
4,8.485280990600586
4,8.5440034866333
4,8.602325439453125
4,9.05538558959961
4,9.165151596069336
4,9.273618698120117
4,9.273618698120117
4,9.380831718444824
4,9.433980941772461
4,9.486832618713379
4,9.486832618713379
4,9.69536018371582
4,9.69536018371582
4,9.797959327697754
4,9.899495124816895
4,10.049875259399414
4,10.344079971313477
4,10.630146026611328
4,11
4,11
4,11.313708305358887
4,11.575837135314941
4,11.704699516296387
4,11.704699516296387
4,11.789826393127441
4,12.409673690795898
4,12.409673690795898
4,12.449899673461914
4,12.529964447021484
4,13
4,13.03840446472168
4,13.152946472167969
4,13.416407585144043
4,13.45362377166748
4,14.071247100830078
4,14.352700233459473
4,14.456831932067871
4,15.588457107543945
4,16.309507369995117
4,17.20465087890625
4,21.189620971679688
4,27.147743225097656
4.123105525970459,inf
4.123105525970459,inf
4.123105525970459,inf
4.123105525970459,inf
4.123105525970459,inf
4.123105525970459,inf
4.123105525970459,inf
4.123105525970459,inf
4.123105525970459,inf
4.123105525970459,inf
4.123105525970459,inf
4.123105525970459,inf
4.123105525970459,inf
4.123105525970459,inf
4.123105525970459,inf
4.123105525970459,inf
4.123105525970459,inf
4.123105525970459,inf
4.123105525970459,inf
4.123105525970459,inf
4.123105525970459,inf
4.123105525970459,inf
4.123105525970459,inf
4.123105525970459,inf
4.123105525970459,4.242640495300293
4.123105525970459,4.242640495300293
4.123105525970459,4.242640495300293
4.123105525970459,4.242640495300293
4.123105525970459,4.242640495300293
4.123105525970459,4.242640495300293
4.123105525970459,4.242640495300293
4.123105525970459,4.242640495300293
4.123105525970459,4.358899116516113
4.123105525970459,4.358899116516113
4.123105525970459,4.358899116516113
4.123105525970459,4.4721360206604
4.123105525970459,4.4721360206604
4.123105525970459,4.4721360206604
4.123105525970459,4.4721360206604
4.123105525970459,4.4721360206604
4.123105525970459,4.4721360206604
4.123105525970459,4.4721360206604
4.123105525970459,4.4721360206604
4.123105525970459,4.582575798034668
4.123105525970459,4.582575798034668
4.123105525970459,4.582575798034668
4.123105525970459,4.582575798034668
4.123105525970459,4.582575798034668
4.123105525970459,4.582575798034668
4.123105525970459,4.690415859222412
4.123105525970459,4.690415859222412
4.123105525970459,4.690415859222412
4.123105525970459,4.690415859222412
4.123105525970459,4.690415859222412
4.123105525970459,4.690415859222412
4.123105525970459,4.690415859222412
4.123105525970459,4.898979663848877
4.123105525970459,4.898979663848877
4.123105525970459,4.898979663848877
4.123105525970459,4.898979663848877
4.123105525970459,4.898979663848877
4.123105525970459,4.898979663848877
4.123105525970459,4.898979663848877
4.123105525970459,5
4.123105525970459,5
4.123105525970459,5
4.123105525970459,5
4.123105525970459,5
4.123105525970459,5
4.123105525970459,5
4.123105525970459,5
4.123105525970459,5
4.123105525970459,5
4.123105525970459,5.099019527435303
4.123105525970459,5.099019527435303
4.123105525970459,5.099019527435303
4.123105525970459,5.099019527435303
4.123105525970459,5.099019527435303
4.123105525970459,5.196152210235596
4.123105525970459,5.196152210235596
4.123105525970459,5.196152210235596
4.123105525970459,5.196152210235596
4.123105525970459,5.196152210235596
4.123105525970459,5.385164737701416
4.123105525970459,5.385164737701416
4.123105525970459,5.385164737701416
4.123105525970459,5.385164737701416
4.123105525970459,5.385164737701416
4.123105525970459,5.385164737701416
4.123105525970459,5.385164737701416
4.123105525970459,5.385164737701416
4.123105525970459,5.4772257804870605
4.123105525970459,5.656854152679443
4.123105525970459,5.656854152679443
4.123105525970459,5.656854152679443
4.123105525970459,5.656854152679443
4.123105525970459,5.74456262588501
4.123105525970459,5.74456262588501
4.123105525970459,5.74456262588501
4.123105525970459,5.74456262588501
4.123105525970459,5.830951690673828
4.123105525970459,5.830951690673828
4.123105525970459,5.830951690673828
4.123105525970459,5.830951690673828
4.123105525970459,5.830951690673828
4.123105525970459,5.830951690673828
4.123105525970459,5.830951690673828
4.123105525970459,5.916079998016357
4.123105525970459,5.916079998016357
4.123105525970459,5.916079998016357
4.123105525970459,5.916079998016357
4.123105525970459,6
4.123105525970459,6
4.123105525970459,6
4.123105525970459,6
4.123105525970459,6.082762718200684
4.123105525970459,6.082762718200684
4.123105525970459,6.082762718200684
4.123105525970459,6.082762718200684
4.123105525970459,6.082762718200684
4.123105525970459,6.082762718200684
4.123105525970459,6.082762718200684
4.123105525970459,6.164413928985596
4.123105525970459,6.164413928985596
4.123105525970459,6.164413928985596
4.123105525970459,6.324555397033691
4.123105525970459,6.324555397033691
4.123105525970459,6.324555397033691
4.123105525970459,6.324555397033691
4.123105525970459,6.324555397033691
4.123105525970459,6.324555397033691
4.123105525970459,6.324555397033691
4.123105525970459,6.4031243324279785
4.123105525970459,6.4031243324279785
4.123105525970459,6.4031243324279785
4.123105525970459,6.4031243324279785
4.123105525970459,6.4031243324279785
4.123105525970459,6.480740547180176
4.123105525970459,6.480740547180176
4.123105525970459,6.480740547180176
4.123105525970459,6.557438373565674
4.123105525970459,6.633249759674072
4.123105525970459,6.7082037925720215
4.123105525970459,6.7082037925720215
4.123105525970459,6.7082037925720215
4.123105525970459,6.7082037925720215
4.123105525970459,6.7082037925720215
4.123105525970459,6.7082037925720215
4.123105525970459,6.7082037925720215
4.123105525970459,6.78233003616333
4.123105525970459,6.78233003616333
4.123105525970459,6.928203105926514
4.123105525970459,6.928203105926514
4.123105525970459,7
4.123105525970459,7
4.123105525970459,7
4.123105525970459,7
4.123105525970459,7.071067810058594
4.123105525970459,7.071067810058594
4.123105525970459,7.071067810058594
4.123105525970459,7.071067810058594
4.123105525970459,7.071067810058594
4.123105525970459,7.071067810058594
4.123105525970459,7.071067810058594
4.123105525970459,7.071067810058594
4.123105525970459,7.071067810058594
4.123105525970459,7.071067810058594
4.123105525970459,7.141428470611572
4.123105525970459,7.141428470611572
4.123105525970459,7.211102485656738
4.123105525970459,7.211102485656738
4.123105525970459,7.211102485656738
4.123105525970459,7.280109882354736
4.123105525970459,7.280109882354736
4.123105525970459,7.280109882354736
4.123105525970459,7.280109882354736
4.123105525970459,7.280109882354736
4.123105525970459,7.280109882354736
4.123105525970459,7.348469257354736
4.123105525970459,7.348469257354736
4.123105525970459,7.348469257354736
4.123105525970459,7.348469257354736
4.123105525970459,7.4833149909973145
4.123105525970459,7.4833149909973145
4.123105525970459,7.549834251403809
4.123105525970459,7.6157732009887695
4.123105525970459,7.6157732009887695
4.123105525970459,7.681145668029785
4.123105525970459,7.681145668029785
4.123105525970459,7.681145668029785
4.123105525970459,7.8102498054504395
4.123105525970459,7.874007701873779
4.123105525970459,7.874007701873779
4.123105525970459,7.874007701873779
4.123105525970459,7.874007701873779
4.123105525970459,8
4.123105525970459,8
4.123105525970459,8.062257766723633
4.123105525970459,8.062257766723633
4.123105525970459,8.062257766723633
4.123105525970459,8.062257766723633
4.123105525970459,8.124038696289063
4.123105525970459,8.124038696289063
4.123105525970459,8.185352325439453
4.123105525970459,8.246211051940918
4.123105525970459,8.246211051940918
4.123105525970459,8.306623458862305
4.123105525970459,8.306623458862305
4.123105525970459,8.366600036621094
4.123105525970459,8.366600036621094
4.123105525970459,8.485280990600586
4.123105525970459,8.485280990600586
4.123105525970459,8.485280990600586
4.123105525970459,8.485280990600586
4.123105525970459,8.5440034866333
4.123105525970459,8.602325439453125
4.123105525970459,8.602325439453125
4.123105525970459,8.66025447845459
4.123105525970459,8.66025447845459
4.123105525970459,8.717798233032227
4.123105525970459,8.717798233032227
4.123105525970459,8.774964332580566
4.123105525970459,8.83176040649414
4.123105525970459,8.9442720413208
4.123105525970459,9
4.123105525970459,9
4.123105525970459,9
4.123105525970459,9
4.123105525970459,9.165151596069336
4.123105525970459,9.219544410705566
4.123105525970459,9.219544410705566
4.123105525970459,9.219544410705566
4.123105525970459,9.219544410705566
4.123105525970459,9.273618698120117
4.123105525970459,9.273618698120117
4.123105525970459,9.273618698120117
4.123105525970459,9.433980941772461
4.123105525970459,9.433980941772461
4.123105525970459,9.433980941772461
4.123105525970459,9.539392471313477
4.123105525970459,9.539392471313477
4.123105525970459,9.643651008605957
4.123105525970459,9.797959327697754
4.123105525970459,9.848857879638672
4.123105525970459,9.899495124816895
4.123105525970459,9.899495124816895
4.123105525970459,9.949873924255371
4.123105525970459,10
4.123105525970459,10.049875259399414
4.123105525970459,10.049875259399414
4.123105525970459,10.099504470825195
4.123105525970459,10.099504470825195
4.123105525970459,10.198039054870605
4.123105525970459,10.198039054870605
4.123105525970459,10.24695110321045
4.123105525970459,10.29563045501709
4.123105525970459,10.440306663513184
4.123105525970459,10.440306663513184
4.123105525970459,10.440306663513184
4.123105525970459,10.488088607788086
4.123105525970459,10.488088607788086
4.123105525970459,10.630146026611328
4.123105525970459,10.677078247070313
4.123105525970459,10.677078247070313
4.123105525970459,10.677078247070313
4.123105525970459,10.72380542755127
4.123105525970459,10.816654205322266
4.123105525970459,11
4.123105525970459,11.180339813232422
4.123105525970459,11.224971771240234
4.123105525970459,11.224971771240234
4.123105525970459,11.357816696166992
4.123105525970459,11.401754379272461
4.123105525970459,11.445523262023926
4.123105525970459,11.445523262023926
4.123105525970459,11.661903381347656
4.123105525970459,11.704699516296387
4.123105525970459,11.747340202331543
4.123105525970459,11.789826393127441
4.123105525970459,11.832159996032715
4.123105525970459,12.041594505310059
4.123105525970459,12.165525436401367
4.123105525970459,12.206555366516113
4.123105525970459,12.369317054748535
4.123105525970459,12.369317054748535
4.123105525970459,12.369317054748535
4.123105525970459,12.529964447021484
4.123105525970459,12.727922439575195
4.123105525970459,13.076696395874023
4.123105525970459,13.928388595581055
4.123105525970459,14.628738403320313
4.123105525970459,15.066518783569336
4.123105525970459,15.779733657836914
4.123105525970459,16.18641471862793
4.123105525970459,20.663978576660156
4.242640495300293,inf
4.242640495300293,inf
4.242640495300293,inf
4.242640495300293,inf
4.242640495300293,inf
4.242640495300293,inf
4.242640495300293,inf
4.242640495300293,inf
4.242640495300293,inf
4.242640495300293,inf
4.242640495300293,inf
4.242640495300293,inf
4.242640495300293,inf
4.242640495300293,inf
4.242640495300293,inf
4.242640495300293,4.358899116516113
4.242640495300293,4.358899116516113
4.242640495300293,4.358899116516113
4.242640495300293,4.358899116516113
4.242640495300293,4.4721360206604
4.242640495300293,4.4721360206604
4.242640495300293,4.4721360206604
4.242640495300293,4.4721360206604
4.242640495300293,4.4721360206604
4.242640495300293,4.4721360206604
4.242640495300293,4.4721360206604
4.242640495300293,4.4721360206604
4.242640495300293,4.4721360206604
4.242640495300293,4.582575798034668
4.242640495300293,4.582575798034668
4.242640495300293,4.582575798034668
4.242640495300293,4.582575798034668
4.242640495300293,4.690415859222412
4.242640495300293,4.898979663848877
4.242640495300293,5
4.242640495300293,5
4.242640495300293,5.099019527435303
4.242640495300293,5.099019527435303
4.242640495300293,5.099019527435303
4.242640495300293,5.099019527435303
4.242640495300293,5.099019527435303
4.242640495300293,5.099019527435303
4.242640495300293,5.099019527435303
4.242640495300293,5.196152210235596
4.242640495300293,5.196152210235596
4.242640495300293,5.385164737701416
4.242640495300293,5.385164737701416
4.242640495300293,5.385164737701416
4.242640495300293,5.385164737701416
4.242640495300293,5.385164737701416
4.242640495300293,5.4772257804870605
4.242640495300293,5.4772257804870605
4.242640495300293,5.4772257804870605
4.242640495300293,5.656854152679443
4.242640495300293,5.656854152679443
4.242640495300293,5.74456262588501
4.242640495300293,5.830951690673828
4.242640495300293,5.830951690673828
4.242640495300293,5.830951690673828
4.242640495300293,5.830951690673828
4.242640495300293,5.830951690673828
4.242640495300293,5.830951690673828
4.242640495300293,5.916079998016357
4.242640495300293,5.916079998016357
4.242640495300293,5.916079998016357
4.242640495300293,6
4.242640495300293,6
4.242640495300293,6.082762718200684
4.242640495300293,6.164413928985596
4.242640495300293,6.164413928985596
4.242640495300293,6.324555397033691
4.242640495300293,6.324555397033691
4.242640495300293,6.324555397033691
4.242640495300293,6.4031243324279785
4.242640495300293,6.4031243324279785
4.242640495300293,6.4031243324279785
4.242640495300293,6.4031243324279785
4.242640495300293,6.4031243324279785
4.242640495300293,6.4031243324279785
4.242640495300293,6.557438373565674
4.242640495300293,6.633249759674072
4.242640495300293,6.7082037925720215
4.242640495300293,6.78233003616333
4.242640495300293,6.928203105926514
4.242640495300293,7
4.242640495300293,7
4.242640495300293,7.071067810058594
4.242640495300293,7.071067810058594
4.242640495300293,7.071067810058594
4.242640495300293,7.071067810058594
4.242640495300293,7.280109882354736
4.242640495300293,7.280109882354736
4.242640495300293,7.348469257354736
4.242640495300293,7.4833149909973145
4.242640495300293,7.4833149909973145
4.242640495300293,7.549834251403809
4.242640495300293,7.549834251403809
4.242640495300293,7.6157732009887695
4.242640495300293,7.681145668029785
4.242640495300293,7.8102498054504395
4.242640495300293,7.8102498054504395
4.242640495300293,7.8102498054504395
4.242640495300293,7.8102498054504395
4.242640495300293,7.8102498054504395
4.242640495300293,7.8102498054504395
4.242640495300293,7.8102498054504395
4.242640495300293,7.874007701873779
4.242640495300293,8
4.242640495300293,8.062257766723633
4.242640495300293,8.062257766723633
4.242640495300293,8.246211051940918
4.242640495300293,8.306623458862305
4.242640495300293,8.306623458862305
4.242640495300293,8.485280990600586
4.242640495300293,8.602325439453125
4.242640495300293,8.774964332580566
4.242640495300293,8.774964332580566
4.242640495300293,8.9442720413208
4.242640495300293,9
4.242640495300293,9.05538558959961
4.242640495300293,9.110433578491211
4.242640495300293,9.110433578491211
4.242640495300293,9.110433578491211
4.242640495300293,9.219544410705566
4.242640495300293,9.273618698120117
4.242640495300293,9.273618698120117
4.242640495300293,9.273618698120117
4.242640495300293,9.273618698120117
4.242640495300293,9.273618698120117
4.242640495300293,9.380831718444824
4.242640495300293,9.643651008605957
4.242640495300293,9.69536018371582
4.242640495300293,9.848857879638672
4.242640495300293,9.848857879638672
4.242640495300293,9.899495124816895
4.242640495300293,10.24695110321045
4.242640495300293,10.24695110321045
4.242640495300293,10.488088607788086
4.242640495300293,10.630146026611328
4.242640495300293,10.677078247070313
4.242640495300293,10.72380542755127
4.242640495300293,10.770329475402832
4.242640495300293,11
4.242640495300293,11.180339813232422
4.242640495300293,11.575837135314941
4.242640495300293,11.704699516296387
4.242640495300293,12.206555366516113
4.242640495300293,12.409673690795898
4.242640495300293,12.569805145263672
4.242640495300293,13.638181686401367
4.242640495300293,14.177447319030762
4.242640495300293,14.59451961517334
4.242640495300293,14.866068840026855
4.4721360206604,inf
4.4721360206604,inf
4.4721360206604,inf
4.4721360206604,inf
4.4721360206604,inf
4.4721360206604,inf
4.4721360206604,inf
4.4721360206604,inf
4.4721360206604,inf
4.4721360206604,inf
4.4721360206604,inf
4.4721360206604,inf
4.4721360206604,inf
4.4721360206604,inf
4.4721360206604,inf
4.4721360206604,inf
4.4721360206604,inf
4.4721360206604,inf
4.4721360206604,inf
4.4721360206604,inf
4.4721360206604,inf
4.4721360206604,inf
4.4721360206604,inf
4.4721360206604,4.582575798034668
4.4721360206604,4.582575798034668
4.4721360206604,4.582575798034668
4.4721360206604,4.582575798034668
4.4721360206604,4.582575798034668
4.4721360206604,4.582575798034668
4.4721360206604,4.582575798034668
4.4721360206604,4.582575798034668
4.4721360206604,4.690415859222412
4.4721360206604,4.690415859222412
4.4721360206604,4.690415859222412
4.4721360206604,4.690415859222412
4.4721360206604,4.690415859222412
4.4721360206604,4.690415859222412
4.4721360206604,4.690415859222412
4.4721360206604,4.690415859222412
4.4721360206604,4.690415859222412
4.4721360206604,4.690415859222412
4.4721360206604,4.690415859222412
4.4721360206604,4.690415859222412
4.4721360206604,4.690415859222412
4.4721360206604,4.690415859222412
4.4721360206604,4.690415859222412
4.4721360206604,4.690415859222412
4.4721360206604,4.690415859222412
4.4721360206604,4.898979663848877
4.4721360206604,4.898979663848877
4.4721360206604,4.898979663848877
4.4721360206604,4.898979663848877
4.4721360206604,4.898979663848877
4.4721360206604,4.898979663848877
4.4721360206604,4.898979663848877
4.4721360206604,4.898979663848877
4.4721360206604,4.898979663848877
4.4721360206604,5
4.4721360206604,5
4.4721360206604,5
4.4721360206604,5
4.4721360206604,5
4.4721360206604,5
4.4721360206604,5
4.4721360206604,5
4.4721360206604,5
4.4721360206604,5
4.4721360206604,5
4.4721360206604,5.099019527435303
4.4721360206604,5.099019527435303
4.4721360206604,5.099019527435303
4.4721360206604,5.099019527435303
4.4721360206604,5.099019527435303
4.4721360206604,5.099019527435303
4.4721360206604,5.099019527435303
4.4721360206604,5.099019527435303
4.4721360206604,5.099019527435303
4.4721360206604,5.196152210235596
4.4721360206604,5.196152210235596
4.4721360206604,5.196152210235596
4.4721360206604,5.196152210235596
4.4721360206604,5.196152210235596
4.4721360206604,5.385164737701416
4.4721360206604,5.385164737701416
4.4721360206604,5.385164737701416
4.4721360206604,5.385164737701416
4.4721360206604,5.385164737701416
4.4721360206604,5.385164737701416
4.4721360206604,5.385164737701416
4.4721360206604,5.385164737701416
4.4721360206604,5.4772257804870605
4.4721360206604,5.4772257804870605
4.4721360206604,5.4772257804870605
4.4721360206604,5.4772257804870605
4.4721360206604,5.656854152679443
4.4721360206604,5.656854152679443
4.4721360206604,5.656854152679443
4.4721360206604,5.656854152679443
4.4721360206604,5.656854152679443
4.4721360206604,5.656854152679443
4.4721360206604,5.74456262588501
4.4721360206604,5.74456262588501
4.4721360206604,5.830951690673828
4.4721360206604,5.830951690673828
4.4721360206604,5.830951690673828
4.4721360206604,5.830951690673828
4.4721360206604,5.830951690673828
4.4721360206604,5.830951690673828
4.4721360206604,5.830951690673828
4.4721360206604,5.916079998016357
4.4721360206604,5.916079998016357
4.4721360206604,6
4.4721360206604,6
4.4721360206604,6
4.4721360206604,6
4.4721360206604,6
4.4721360206604,6.082762718200684
4.4721360206604,6.082762718200684
4.4721360206604,6.082762718200684
4.4721360206604,6.164413928985596
4.4721360206604,6.164413928985596
4.4721360206604,6.164413928985596
4.4721360206604,6.164413928985596
4.4721360206604,6.164413928985596
4.4721360206604,6.164413928985596
4.4721360206604,6.324555397033691
4.4721360206604,6.324555397033691
4.4721360206604,6.324555397033691
4.4721360206604,6.324555397033691
4.4721360206604,6.4031243324279785
4.4721360206604,6.4031243324279785
4.4721360206604,6.4031243324279785
4.4721360206604,6.4031243324279785
4.4721360206604,6.4031243324279785
4.4721360206604,6.4031243324279785
4.4721360206604,6.4031243324279785
4.4721360206604,6.4031243324279785
4.4721360206604,6.480740547180176
4.4721360206604,6.480740547180176
4.4721360206604,6.480740547180176
4.4721360206604,6.480740547180176
4.4721360206604,6.557438373565674
4.4721360206604,6.557438373565674
4.4721360206604,6.633249759674072
4.4721360206604,6.633249759674072
4.4721360206604,6.7082037925720215
4.4721360206604,6.7082037925720215
4.4721360206604,6.7082037925720215
4.4721360206604,6.7082037925720215
4.4721360206604,6.7082037925720215
4.4721360206604,6.7082037925720215
4.4721360206604,6.7082037925720215
4.4721360206604,7
4.4721360206604,7
4.4721360206604,7
4.4721360206604,7
4.4721360206604,7.071067810058594
4.4721360206604,7.071067810058594
4.4721360206604,7.071067810058594
4.4721360206604,7.071067810058594
4.4721360206604,7.071067810058594
4.4721360206604,7.141428470611572
4.4721360206604,7.141428470611572
4.4721360206604,7.211102485656738
4.4721360206604,7.211102485656738
4.4721360206604,7.211102485656738
4.4721360206604,7.280109882354736
4.4721360206604,7.280109882354736
4.4721360206604,7.280109882354736
4.4721360206604,7.280109882354736
4.4721360206604,7.348469257354736
4.4721360206604,7.348469257354736
4.4721360206604,7.348469257354736
4.4721360206604,7.348469257354736
4.4721360206604,7.348469257354736
4.4721360206604,7.348469257354736
4.4721360206604,7.4833149909973145
4.4721360206604,7.4833149909973145
4.4721360206604,7.6157732009887695
4.4721360206604,7.6157732009887695
4.4721360206604,7.6157732009887695
4.4721360206604,7.681145668029785
4.4721360206604,7.681145668029785
4.4721360206604,7.681145668029785
4.4721360206604,7.8102498054504395
4.4721360206604,7.8102498054504395
4.4721360206604,7.8102498054504395
4.4721360206604,7.8102498054504395
4.4721360206604,7.874007701873779
4.4721360206604,7.874007701873779
4.4721360206604,7.874007701873779
4.4721360206604,7.874007701873779
4.4721360206604,7.874007701873779
4.4721360206604,7.874007701873779
4.4721360206604,7.874007701873779
4.4721360206604,8.062257766723633
4.4721360206604,8.062257766723633
4.4721360206604,8.062257766723633
4.4721360206604,8.062257766723633
4.4721360206604,8.062257766723633
4.4721360206604,8.124038696289063
4.4721360206604,8.124038696289063
4.4721360206604,8.124038696289063
4.4721360206604,8.185352325439453
4.4721360206604,8.246211051940918
4.4721360206604,8.246211051940918
4.4721360206604,8.306623458862305
4.4721360206604,8.306623458862305
4.4721360206604,8.306623458862305
4.4721360206604,8.306623458862305
4.4721360206604,8.306623458862305
4.4721360206604,8.366600036621094
4.4721360206604,8.366600036621094
4.4721360206604,8.485280990600586
4.4721360206604,8.485280990600586
4.4721360206604,8.5440034866333
4.4721360206604,8.5440034866333
4.4721360206604,8.5440034866333
4.4721360206604,8.5440034866333
4.4721360206604,8.602325439453125
4.4721360206604,8.602325439453125
4.4721360206604,8.602325439453125
4.4721360206604,8.66025447845459
4.4721360206604,8.66025447845459
4.4721360206604,8.66025447845459
4.4721360206604,8.66025447845459
4.4721360206604,8.66025447845459
4.4721360206604,8.66025447845459
4.4721360206604,8.774964332580566
4.4721360206604,8.774964332580566
4.4721360206604,8.774964332580566
4.4721360206604,8.774964332580566
4.4721360206604,8.774964332580566
4.4721360206604,8.9442720413208
4.4721360206604,8.9442720413208
4.4721360206604,9
4.4721360206604,9
4.4721360206604,9
4.4721360206604,9.110433578491211
4.4721360206604,9.110433578491211
4.4721360206604,9.165151596069336
4.4721360206604,9.219544410705566
4.4721360206604,9.273618698120117
4.4721360206604,9.273618698120117
4.4721360206604,9.273618698120117
4.4721360206604,9.273618698120117
4.4721360206604,9.380831718444824
4.4721360206604,9.433980941772461
4.4721360206604,9.433980941772461
4.4721360206604,9.433980941772461
4.4721360206604,9.486832618713379
4.4721360206604,9.486832618713379
4.4721360206604,9.539392471313477
4.4721360206604,9.69536018371582
4.4721360206604,9.797959327697754
4.4721360206604,9.848857879638672
4.4721360206604,9.848857879638672
4.4721360206604,9.899495124816895
4.4721360206604,9.899495124816895
4.4721360206604,9.899495124816895
4.4721360206604,9.899495124816895
4.4721360206604,9.899495124816895
4.4721360206604,9.949873924255371
4.4721360206604,10
4.4721360206604,10
4.4721360206604,10.049875259399414
4.4721360206604,10.29563045501709
4.4721360206604,10.29563045501709
4.4721360206604,10.29563045501709
4.4721360206604,10.344079971313477
4.4721360206604,10.344079971313477
4.4721360206604,10.344079971313477
4.4721360206604,10.630146026611328
4.4721360206604,10.630146026611328
4.4721360206604,10.862780570983887
4.4721360206604,10.862780570983887
4.4721360206604,10.954451560974121
4.4721360206604,10.954451560974121
4.4721360206604,11
4.4721360206604,11
4.4721360206604,11
4.4721360206604,11
4.4721360206604,11.045360565185547
4.4721360206604,11.180339813232422
4.4721360206604,11.224971771240234
4.4721360206604,11.357816696166992
4.4721360206604,11.445523262023926
4.4721360206604,11.48912525177002
4.4721360206604,11.575837135314941
4.4721360206604,11.575837135314941
4.4721360206604,11.661903381347656
4.4721360206604,11.789826393127441
4.4721360206604,12.041594505310059
4.4721360206604,12.041594505310059
4.4721360206604,12.083045959472656
4.4721360206604,12.206555366516113
4.4721360206604,12.206555366516113
4.4721360206604,12.328827857971191
4.4721360206604,12.727922439575195
4.4721360206604,13
4.4721360206604,13.03840446472168
4.4721360206604,13.379088401794434
4.4721360206604,13.45362377166748
4.4721360206604,13.601470947265625
4.4721360206604,13.601470947265625
4.4721360206604,14.317821502685547
4.4721360206604,14.352700233459473
4.4721360206604,14.764822959899902
4.4721360206604,14.866068840026855
4.4721360206604,15
4.4721360206604,16.67333221435547
5,inf
5,inf
5,inf
5,inf
5,inf
5,inf
5,inf
5,inf
5,inf
5,inf
5,inf
5,inf
5,inf
5,inf
5,inf
5,inf
5,inf
5,inf
5,inf
5,inf
5,inf
5,inf
5,inf
5,inf
5,inf
5,inf
5,inf
5,inf
5,inf
5,inf
5,inf
5,inf
5,inf
5,inf
5,inf
5,inf
5,inf
5,inf
5,inf
5,inf
5,inf
5,inf
5,inf
5,inf
5,inf
5,inf
5,inf
5,inf
5,inf
5,inf
5,inf
5,inf
5,inf
5,inf
5,5.099019527435303
5,5.099019527435303
5,5.099019527435303
5,5.099019527435303
5,5.099019527435303
5,5.099019527435303
5,5.099019527435303
5,5.196152210235596
5,5.196152210235596
5,5.196152210235596
5,5.385164737701416
5,5.385164737701416
5,5.385164737701416
5,5.385164737701416
5,5.385164737701416
5,5.385164737701416
5,5.385164737701416
5,5.385164737701416
5,5.385164737701416
5,5.385164737701416
5,5.385164737701416
5,5.385164737701416
5,5.385164737701416
5,5.385164737701416
5,5.385164737701416
5,5.385164737701416
5,5.385164737701416
5,5.385164737701416
5,5.385164737701416
5,5.385164737701416
5,5.4772257804870605
5,5.4772257804870605
5,5.4772257804870605
5,5.4772257804870605
5,5.4772257804870605
5,5.656854152679443
5,5.74456262588501
5,5.74456262588501
5,5.74456262588501
5,5.74456262588501
5,5.830951690673828
5,5.830951690673828
5,5.830951690673828
5,5.830951690673828
5,5.830951690673828
5,5.830951690673828
5,5.916079998016357
5,5.916079998016357
5,6
5,6
5,6
5,6.082762718200684
5,6.082762718200684
5,6.082762718200684
5,6.082762718200684
5,6.082762718200684
5,6.164413928985596
5,6.164413928985596
5,6.164413928985596
5,6.164413928985596
5,6.164413928985596
5,6.164413928985596
5,6.164413928985596
5,6.324555397033691
5,6.324555397033691
5,6.324555397033691
5,6.324555397033691
5,6.324555397033691
5,6.324555397033691
5,6.324555397033691
5,6.4031243324279785
5,6.4031243324279785
5,6.4031243324279785
5,6.4031243324279785
5,6.4031243324279785
5,6.4031243324279785
5,6.4031243324279785
5,6.4031243324279785
5,6.4031243324279785
5,6.480740547180176
5,6.480740547180176
5,6.557438373565674
5,6.557438373565674
5,6.557438373565674
5,6.557438373565674
5,6.633249759674072
5,6.7082037925720215
5,6.7082037925720215
5,6.7082037925720215
5,6.7082037925720215
5,6.7082037925720215
5,6.7082037925720215
5,6.78233003616333
5,6.928203105926514
5,6.928203105926514
5,7
5,7
5,7
5,7
5,7
5,7.071067810058594
5,7.071067810058594
5,7.071067810058594
5,7.071067810058594
5,7.071067810058594
5,7.071067810058594
5,7.071067810058594
5,7.071067810058594
5,7.071067810058594
5,7.071067810058594
5,7.071067810058594
5,7.071067810058594
5,7.071067810058594
5,7.071067810058594
5,7.071067810058594
5,7.071067810058594
5,7.141428470611572
5,7.141428470611572
5,7.211102485656738
5,7.211102485656738
5,7.211102485656738
5,7.211102485656738
5,7.280109882354736
5,7.280109882354736
5,7.280109882354736
5,7.280109882354736
5,7.280109882354736
5,7.280109882354736
5,7.280109882354736
5,7.280109882354736
5,7.280109882354736
5,7.280109882354736
5,7.348469257354736
5,7.348469257354736
5,7.348469257354736
5,7.4833149909973145
5,7.4833149909973145
5,7.4833149909973145
5,7.4833149909973145
5,7.549834251403809
5,7.6157732009887695
5,7.6157732009887695
5,7.6157732009887695
5,7.6157732009887695
5,7.681145668029785
5,7.681145668029785
5,7.681145668029785
5,7.681145668029785
5,7.8102498054504395
5,7.8102498054504395
5,7.8102498054504395
5,7.8102498054504395
5,7.874007701873779
5,7.874007701873779
5,8
5,8.062257766723633
5,8.062257766723633
5,8.062257766723633
5,8.062257766723633
5,8.062257766723633
5,8.062257766723633
5,8.124038696289063
5,8.124038696289063
5,8.124038696289063
5,8.124038696289063
5,8.185352325439453
5,8.185352325439453
5,8.246211051940918
5,8.246211051940918
5,8.306623458862305
5,8.306623458862305
5,8.306623458862305
5,8.306623458862305
5,8.306623458862305
5,8.366600036621094
5,8.366600036621094
5,8.366600036621094
5,8.5440034866333
5,8.5440034866333
5,8.5440034866333
5,8.602325439453125
5,8.602325439453125
5,8.602325439453125
5,8.602325439453125
5,8.602325439453125
5,8.602325439453125
5,8.602325439453125
5,8.602325439453125
5,8.66025447845459
5,8.66025447845459
5,8.66025447845459
5,8.66025447845459
5,8.66025447845459
5,8.66025447845459
5,8.66025447845459
5,8.83176040649414
5,8.83176040649414
5,8.9442720413208
5,8.9442720413208
5,8.9442720413208
5,9
5,9
5,9
5,9
5,9
5,9
5,9.165151596069336
5,9.219544410705566
5,9.273618698120117
5,9.273618698120117
5,9.433980941772461
5,9.486832618713379
5,9.539392471313477
5,9.539392471313477
5,9.539392471313477
5,9.539392471313477
5,9.643651008605957
5,9.69536018371582
5,9.69536018371582
5,9.797959327697754
5,9.848857879638672
5,9.899495124816895
5,9.899495124816895
5,9.899495124816895
5,9.899495124816895
5,10
5,10
5,10
5,10.198039054870605
5,10.198039054870605
5,10.198039054870605
5,10.24695110321045
5,10.344079971313477
5,10.440306663513184
5,10.488088607788086
5,10.677078247070313
5,10.677078247070313
5,10.816654205322266
5,10.816654205322266
5,10.862780570983887
5,11
5,11
5,11
5,11
5,11.045360565185547
5,11.090536117553711
5,11.313708305358887
5,11.313708305358887
5,11.357816696166992
5,11.445523262023926
5,11.445523262023926
5,11.48912525177002
5,11.87434196472168
5,12.083045959472656
5,12.165525436401367
5,12.206555366516113
5,12.369317054748535
5,12.369317054748535
5,12.449899673461914
5,12.569805145263672
5,12.845232963562012
5,13
5,13.152946472167969
5,13.34166431427002
5,14.03566837310791
5,14.071247100830078
5,14.866068840026855
5,17.69180679321289
5.099019527435303,inf
5.099019527435303,inf
5.099019527435303,inf
5.099019527435303,inf
5.099019527435303,inf
5.099019527435303,inf
5.099019527435303,inf
5.099019527435303,inf
5.099019527435303,inf
5.099019527435303,inf
5.099019527435303,inf
5.099019527435303,inf
5.099019527435303,inf
5.099019527435303,inf
5.099019527435303,inf
5.099019527435303,inf
5.099019527435303,inf
5.099019527435303,inf
5.099019527435303,inf
5.099019527435303,inf
5.099019527435303,inf
5.099019527435303,inf
5.099019527435303,inf
5.099019527435303,inf
5.099019527435303,inf
5.099019527435303,inf
5.099019527435303,inf
5.099019527435303,inf
5.099019527435303,5.196152210235596
5.099019527435303,5.196152210235596
5.099019527435303,5.196152210235596
5.099019527435303,5.385164737701416
5.099019527435303,5.385164737701416
5.099019527435303,5.385164737701416
5.099019527435303,5.385164737701416
5.099019527435303,5.385164737701416
5.099019527435303,5.385164737701416
5.099019527435303,5.385164737701416
5.099019527435303,5.385164737701416
5.099019527435303,5.385164737701416
5.099019527435303,5.385164737701416
5.099019527435303,5.4772257804870605
5.099019527435303,5.4772257804870605
5.099019527435303,5.4772257804870605
5.099019527435303,5.4772257804870605
5.099019527435303,5.4772257804870605
5.099019527435303,5.656854152679443
5.099019527435303,5.74456262588501
5.099019527435303,5.74456262588501
5.099019527435303,5.74456262588501
5.099019527435303,5.74456262588501
5.099019527435303,5.74456262588501
5.099019527435303,5.830951690673828
5.099019527435303,5.830951690673828
5.099019527435303,5.830951690673828
5.099019527435303,5.830951690673828
5.099019527435303,5.830951690673828
5.099019527435303,5.830951690673828
5.099019527435303,5.830951690673828
5.099019527435303,5.830951690673828
5.099019527435303,5.830951690673828
5.099019527435303,5.830951690673828
5.099019527435303,5.830951690673828
5.099019527435303,5.830951690673828
5.099019527435303,5.830951690673828
5.099019527435303,5.916079998016357
5.099019527435303,5.916079998016357
5.099019527435303,5.916079998016357
5.099019527435303,5.916079998016357
5.099019527435303,5.916079998016357
5.099019527435303,6
5.099019527435303,6
5.099019527435303,6
5.099019527435303,6
5.099019527435303,6.164413928985596
5.099019527435303,6.164413928985596
5.099019527435303,6.164413928985596
5.099019527435303,6.164413928985596
5.099019527435303,6.164413928985596
5.099019527435303,6.324555397033691
5.099019527435303,6.324555397033691
5.099019527435303,6.324555397033691
5.099019527435303,6.4031243324279785
5.099019527435303,6.4031243324279785
5.099019527435303,6.4031243324279785
5.099019527435303,6.4031243324279785
5.099019527435303,6.4031243324279785
5.099019527435303,6.4031243324279785
5.099019527435303,6.480740547180176
5.099019527435303,6.480740547180176
5.099019527435303,6.633249759674072
5.099019527435303,6.7082037925720215
5.099019527435303,6.7082037925720215
5.099019527435303,6.7082037925720215
5.099019527435303,6.7082037925720215
5.099019527435303,6.7082037925720215
5.099019527435303,6.7082037925720215
5.099019527435303,6.78233003616333
5.099019527435303,6.78233003616333
5.099019527435303,7
5.099019527435303,7
5.099019527435303,7
5.099019527435303,7
5.099019527435303,7.071067810058594
5.099019527435303,7.071067810058594
5.099019527435303,7.071067810058594
5.099019527435303,7.141428470611572
5.099019527435303,7.141428470611572
5.099019527435303,7.211102485656738
5.099019527435303,7.211102485656738
5.099019527435303,7.211102485656738
5.099019527435303,7.211102485656738
5.099019527435303,7.211102485656738
5.099019527435303,7.211102485656738
5.099019527435303,7.211102485656738
5.099019527435303,7.280109882354736
5.099019527435303,7.280109882354736
5.099019527435303,7.280109882354736
5.099019527435303,7.348469257354736
5.099019527435303,7.348469257354736
5.099019527435303,7.348469257354736
5.099019527435303,7.348469257354736
5.099019527435303,7.4833149909973145
5.099019527435303,7.4833149909973145
5.099019527435303,7.4833149909973145
5.099019527435303,7.549834251403809
5.099019527435303,7.549834251403809
5.099019527435303,7.6157732009887695
5.099019527435303,7.6157732009887695
5.099019527435303,7.6157732009887695
5.099019527435303,7.6157732009887695
5.099019527435303,7.6157732009887695
5.099019527435303,7.681145668029785
5.099019527435303,7.8102498054504395
5.099019527435303,7.8102498054504395
5.099019527435303,7.8102498054504395
5.099019527435303,7.8102498054504395
5.099019527435303,7.874007701873779
5.099019527435303,7.874007701873779
5.099019527435303,7.874007701873779
5.099019527435303,8.062257766723633
5.099019527435303,8.062257766723633
5.099019527435303,8.185352325439453
5.099019527435303,8.185352325439453
5.099019527435303,8.246211051940918
5.099019527435303,8.246211051940918
5.099019527435303,8.246211051940918
5.099019527435303,8.246211051940918
5.099019527435303,8.485280990600586
5.099019527435303,8.602325439453125
5.099019527435303,8.602325439453125
5.099019527435303,8.602325439453125
5.099019527435303,8.66025447845459
5.099019527435303,8.717798233032227
5.099019527435303,8.83176040649414
5.099019527435303,8.9442720413208
5.099019527435303,9
5.099019527435303,9
5.099019527435303,9.05538558959961
5.099019527435303,9.110433578491211
5.099019527435303,9.110433578491211
5.099019527435303,9.110433578491211
5.099019527435303,9.165151596069336
5.099019527435303,9.165151596069336
5.099019527435303,9.219544410705566
5.099019527435303,9.273618698120117
5.099019527435303,9.273618698120117
5.099019527435303,9.433980941772461
5.099019527435303,9.486832618713379
5.099019527435303,9.643651008605957
5.099019527435303,9.69536018371582
5.099019527435303,9.69536018371582
5.099019527435303,9.899495124816895
5.099019527435303,9.949873924255371
5.099019527435303,10.049875259399414
5.099019527435303,10.049875259399414
5.099019527435303,10.049875259399414
5.099019527435303,10.049875259399414
5.099019527435303,10.24695110321045
5.099019527435303,10.24695110321045
5.099019527435303,10.488088607788086
5.099019527435303,10.630146026611328
5.099019527435303,10.954451560974121
5.099019527435303,11.180339813232422
5.099019527435303,11.357816696166992
5.099019527435303,11.575837135314941
5.099019527435303,11.789826393127441
5.099019527435303,12.206555366516113
5.099019527435303,12.569805145263672
5.099019527435303,13.928388595581055
5.099019527435303,14.247806549072266
5.099019527435303,15.132745742797852
5.099019527435303,15.81138801574707
5.099019527435303,16.031219482421875
5.099019527435303,18.055469512939453
5.385164737701416,inf
5.385164737701416,inf
5.385164737701416,inf
5.385164737701416,inf
5.385164737701416,inf
5.385164737701416,inf
5.385164737701416,inf
5.385164737701416,inf
5.385164737701416,inf
5.385164737701416,inf
5.385164737701416,inf
5.385164737701416,inf
5.385164737701416,inf
5.385164737701416,inf
5.385164737701416,inf
5.385164737701416,inf
5.385164737701416,inf
5.385164737701416,inf
5.385164737701416,inf
5.385164737701416,inf
5.385164737701416,inf
5.385164737701416,inf
5.385164737701416,inf
5.385164737701416,inf
5.385164737701416,5.4772257804870605
5.385164737701416,5.4772257804870605
5.385164737701416,5.4772257804870605
5.385164737701416,5.4772257804870605
5.385164737701416,5.4772257804870605
5.385164737701416,5.4772257804870605
5.385164737701416,5.656854152679443
5.385164737701416,5.74456262588501
5.385164737701416,5.74456262588501
5.385164737701416,5.74456262588501
5.385164737701416,5.74456262588501
5.385164737701416,5.74456262588501
5.385164737701416,5.74456262588501
5.385164737701416,5.74456262588501
5.385164737701416,5.74456262588501
5.385164737701416,5.74456262588501
5.385164737701416,5.830951690673828
5.385164737701416,5.830951690673828
5.385164737701416,5.830951690673828
5.385164737701416,5.830951690673828
5.385164737701416,5.830951690673828
5.385164737701416,5.830951690673828
5.385164737701416,5.830951690673828
5.385164737701416,5.830951690673828
5.385164737701416,5.830951690673828
5.385164737701416,5.830951690673828
5.385164737701416,5.830951690673828
5.385164737701416,5.916079998016357
5.385164737701416,5.916079998016357
5.385164737701416,5.916079998016357
5.385164737701416,5.916079998016357
5.385164737701416,5.916079998016357
5.385164737701416,5.916079998016357
5.385164737701416,5.916079998016357
5.385164737701416,5.916079998016357
5.385164737701416,6
5.385164737701416,6
5.385164737701416,6
5.385164737701416,6
5.385164737701416,6
5.385164737701416,6
5.385164737701416,6
5.385164737701416,6.082762718200684
5.385164737701416,6.082762718200684
5.385164737701416,6.082762718200684
5.385164737701416,6.082762718200684
5.385164737701416,6.082762718200684
5.385164737701416,6.164413928985596
5.385164737701416,6.164413928985596
5.385164737701416,6.164413928985596
5.385164737701416,6.164413928985596
5.385164737701416,6.324555397033691
5.385164737701416,6.324555397033691
5.385164737701416,6.324555397033691
5.385164737701416,6.324555397033691
5.385164737701416,6.4031243324279785
5.385164737701416,6.4031243324279785
5.385164737701416,6.4031243324279785
5.385164737701416,6.4031243324279785
5.385164737701416,6.4031243324279785
5.385164737701416,6.4031243324279785
5.385164737701416,6.4031243324279785
5.385164737701416,6.4031243324279785
5.385164737701416,6.4031243324279785
5.385164737701416,6.4031243324279785
5.385164737701416,6.480740547180176
5.385164737701416,6.633249759674072
5.385164737701416,6.7082037925720215
5.385164737701416,6.7082037925720215
5.385164737701416,6.7082037925720215
5.385164737701416,6.7082037925720215
5.385164737701416,6.7082037925720215
5.385164737701416,6.7082037925720215
5.385164737701416,6.7082037925720215
5.385164737701416,6.7082037925720215
5.385164737701416,6.7082037925720215
5.385164737701416,6.78233003616333
5.385164737701416,6.78233003616333
5.385164737701416,6.928203105926514
5.385164737701416,7
5.385164737701416,7.071067810058594
5.385164737701416,7.071067810058594
5.385164737701416,7.071067810058594
5.385164737701416,7.071067810058594
5.385164737701416,7.071067810058594
5.385164737701416,7.071067810058594
5.385164737701416,7.071067810058594
5.385164737701416,7.071067810058594
5.385164737701416,7.141428470611572
5.385164737701416,7.141428470611572
5.385164737701416,7.211102485656738
5.385164737701416,7.211102485656738
5.385164737701416,7.280109882354736
5.385164737701416,7.280109882354736
5.385164737701416,7.280109882354736
5.385164737701416,7.280109882354736
5.385164737701416,7.280109882354736
5.385164737701416,7.348469257354736
5.385164737701416,7.348469257354736
5.385164737701416,7.348469257354736
5.385164737701416,7.348469257354736
5.385164737701416,7.348469257354736
5.385164737701416,7.4833149909973145
5.385164737701416,7.549834251403809
5.385164737701416,7.549834251403809
5.385164737701416,7.549834251403809
5.385164737701416,7.6157732009887695
5.385164737701416,7.681145668029785
5.385164737701416,7.681145668029785
5.385164737701416,7.8102498054504395
5.385164737701416,7.8102498054504395
5.385164737701416,7.874007701873779
5.385164737701416,8.062257766723633
5.385164737701416,8.062257766723633
5.385164737701416,8.062257766723633
5.385164737701416,8.062257766723633
5.385164737701416,8.062257766723633
5.385164737701416,8.062257766723633
5.385164737701416,8.062257766723633
5.385164737701416,8.124038696289063
5.385164737701416,8.124038696289063
5.385164737701416,8.124038696289063
5.385164737701416,8.124038696289063
5.385164737701416,8.246211051940918
5.385164737701416,8.246211051940918
5.385164737701416,8.246211051940918
5.385164737701416,8.366600036621094
5.385164737701416,8.366600036621094
5.385164737701416,8.366600036621094
5.385164737701416,8.5440034866333
5.385164737701416,8.5440034866333
5.385164737701416,8.5440034866333
5.385164737701416,8.602325439453125
5.385164737701416,8.602325439453125
5.385164737701416,8.66025447845459
5.385164737701416,8.717798233032227
5.385164737701416,8.9442720413208
5.385164737701416,8.9442720413208
5.385164737701416,8.9442720413208
5.385164737701416,9
5.385164737701416,9
5.385164737701416,9.05538558959961
5.385164737701416,9.05538558959961
5.385164737701416,9.110433578491211
5.385164737701416,9.110433578491211
5.385164737701416,9.165151596069336
5.385164737701416,9.219544410705566
5.385164737701416,9.273618698120117
5.385164737701416,9.273618698120117
5.385164737701416,9.273618698120117
5.385164737701416,9.380831718444824
5.385164737701416,9.433980941772461
5.385164737701416,9.433980941772461
5.385164737701416,9.433980941772461
5.385164737701416,9.486832618713379
5.385164737701416,9.486832618713379
5.385164737701416,9.643651008605957
5.385164737701416,9.69536018371582
5.385164737701416,9.797959327697754
5.385164737701416,9.899495124816895
5.385164737701416,9.949873924255371
5.385164737701416,10.049875259399414
5.385164737701416,10.049875259399414
5.385164737701416,10.099504470825195
5.385164737701416,10.198039054870605
5.385164737701416,10.198039054870605
5.385164737701416,10.198039054870605
5.385164737701416,10.24695110321045
5.385164737701416,10.29563045501709
5.385164737701416,10.344079971313477
5.385164737701416,10.344079971313477
5.385164737701416,10.440306663513184
5.385164737701416,10.440306663513184
5.385164737701416,10.488088607788086
5.385164737701416,10.630146026611328
5.385164737701416,10.677078247070313
5.385164737701416,10.72380542755127
5.385164737701416,10.816654205322266
5.385164737701416,10.862780570983887
5.385164737701416,11
5.385164737701416,11.357816696166992
5.385164737701416,11.401754379272461
5.385164737701416,11.48912525177002
5.385164737701416,11.575837135314941
5.385164737701416,11.575837135314941
5.385164737701416,11.704699516296387
5.385164737701416,12.041594505310059
5.385164737701416,12.041594505310059
5.385164737701416,12.041594505310059
5.385164737701416,12.041594505310059
5.385164737701416,12.041594505310059
5.385164737701416,12.247448921203613
5.385164737701416,13.490737915039063
5.385164737701416,13.601470947265625
5.385164737701416,14.456831932067871
5.385164737701416,15.165750503540039
5.385164737701416,15.55634880065918
5.385164737701416,16.733200073242188
5.656854152679443,inf
5.656854152679443,inf
5.656854152679443,inf
5.656854152679443,inf
5.656854152679443,inf
5.656854152679443,inf
5.656854152679443,inf
5.656854152679443,inf
5.656854152679443,inf
5.656854152679443,inf
5.656854152679443,5.74456262588501
5.656854152679443,5.74456262588501
5.656854152679443,5.74456262588501
5.656854152679443,5.74456262588501
5.656854152679443,5.830951690673828
5.656854152679443,5.830951690673828
5.656854152679443,5.916079998016357
5.656854152679443,6
5.656854152679443,6.164413928985596
5.656854152679443,6.164413928985596
5.656854152679443,6.164413928985596
5.656854152679443,6.324555397033691
5.656854152679443,6.4031243324279785
5.656854152679443,6.557438373565674
5.656854152679443,6.7082037925720215
5.656854152679443,6.928203105926514
5.656854152679443,7
5.656854152679443,7.071067810058594
5.656854152679443,7.211102485656738
5.656854152679443,7.211102485656738
5.656854152679443,7.280109882354736
5.656854152679443,7.280109882354736
5.656854152679443,7.280109882354736
5.656854152679443,7.348469257354736
5.656854152679443,7.348469257354736
5.656854152679443,7.348469257354736
5.656854152679443,7.549834251403809
5.656854152679443,7.6157732009887695
5.656854152679443,7.6157732009887695
5.656854152679443,7.681145668029785
5.656854152679443,7.8102498054504395
5.656854152679443,7.8102498054504395
5.656854152679443,7.874007701873779
5.656854152679443,8
5.656854152679443,8.062257766723633
5.656854152679443,8.062257766723633
5.656854152679443,8.062257766723633
5.656854152679443,8.246211051940918
5.656854152679443,8.306623458862305
5.656854152679443,8.602325439453125
5.656854152679443,8.602325439453125
5.656854152679443,8.717798233032227
5.656854152679443,8.774964332580566
5.656854152679443,8.83176040649414
5.656854152679443,8.83176040649414
5.656854152679443,9.110433578491211
5.656854152679443,9.165151596069336
5.656854152679443,9.273618698120117
5.656854152679443,9.486832618713379
5.656854152679443,9.69536018371582
5.656854152679443,9.899495124816895
5.656854152679443,10.24695110321045
5.656854152679443,10.24695110321045
5.656854152679443,10.677078247070313
5.656854152679443,11.045360565185547
5.656854152679443,12.569805145263672
5.656854152679443,14.317821502685547
5.830951690673828,inf
5.830951690673828,inf
5.830951690673828,inf
5.830951690673828,inf
5.830951690673828,inf
5.830951690673828,inf
5.830951690673828,inf
5.830951690673828,inf
5.830951690673828,inf
5.830951690673828,inf
5.830951690673828,inf
5.830951690673828,inf
5.830951690673828,inf
5.830951690673828,inf
5.830951690673828,inf
5.830951690673828,inf
5.830951690673828,inf
5.830951690673828,inf
5.830951690673828,inf
5.830951690673828,inf
5.830951690673828,inf
5.830951690673828,inf
5.830951690673828,5.916079998016357
5.830951690673828,5.916079998016357
5.830951690673828,5.916079998016357
5.830951690673828,5.916079998016357
5.830951690673828,6
5.830951690673828,6
5.830951690673828,6
5.830951690673828,6.082762718200684
5.830951690673828,6.082762718200684
5.830951690673828,6.082762718200684
5.830951690673828,6.082762718200684
5.830951690673828,6.082762718200684
5.830951690673828,6.082762718200684
5.830951690673828,6.164413928985596
5.830951690673828,6.164413928985596
5.830951690673828,6.164413928985596
5.830951690673828,6.164413928985596
5.830951690673828,6.164413928985596
5.830951690673828,6.164413928985596
5.830951690673828,6.164413928985596
5.830951690673828,6.324555397033691
5.830951690673828,6.324555397033691
5.830951690673828,6.324555397033691
5.830951690673828,6.324555397033691
5.830951690673828,6.324555397033691
5.830951690673828,6.324555397033691
5.830951690673828,6.4031243324279785
5.830951690673828,6.4031243324279785
5.830951690673828,6.4031243324279785
5.830951690673828,6.4031243324279785
5.830951690673828,6.4031243324279785
5.830951690673828,6.4031243324279785
5.830951690673828,6.4031243324279785
5.830951690673828,6.4031243324279785
5.830951690673828,6.4031243324279785
5.830951690673828,6.4031243324279785
5.830951690673828,6.480740547180176
5.830951690673828,6.480740547180176
5.830951690673828,6.480740547180176
5.830951690673828,6.480740547180176
5.830951690673828,6.557438373565674
5.830951690673828,6.557438373565674
5.830951690673828,6.557438373565674
5.830951690673828,6.633249759674072
5.830951690673828,6.7082037925720215
5.830951690673828,6.7082037925720215
5.830951690673828,6.7082037925720215
5.830951690673828,6.7082037925720215
5.830951690673828,6.7082037925720215
5.830951690673828,6.7082037925720215
5.830951690673828,6.7082037925720215
5.830951690673828,6.7082037925720215
5.830951690673828,6.78233003616333
5.830951690673828,6.78233003616333
5.830951690673828,6.78233003616333
5.830951690673828,6.78233003616333
5.830951690673828,7
5.830951690673828,7
5.830951690673828,7
5.830951690673828,7.071067810058594
5.830951690673828,7.141428470611572
5.830951690673828,7.141428470611572
5.830951690673828,7.141428470611572
5.830951690673828,7.141428470611572
5.830951690673828,7.141428470611572
5.830951690673828,7.141428470611572
5.830951690673828,7.141428470611572
5.830951690673828,7.211102485656738
5.830951690673828,7.211102485656738
5.830951690673828,7.211102485656738
5.830951690673828,7.211102485656738
5.830951690673828,7.211102485656738
5.830951690673828,7.211102485656738
5.830951690673828,7.211102485656738
5.830951690673828,7.280109882354736
5.830951690673828,7.280109882354736
5.830951690673828,7.280109882354736
5.830951690673828,7.280109882354736
5.830951690673828,7.280109882354736
5.830951690673828,7.348469257354736
5.830951690673828,7.348469257354736
5.830951690673828,7.348469257354736
5.830951690673828,7.4833149909973145
5.830951690673828,7.4833149909973145
5.830951690673828,7.6157732009887695
5.830951690673828,7.6157732009887695
5.830951690673828,7.6157732009887695
5.830951690673828,7.6157732009887695
5.830951690673828,7.681145668029785
5.830951690673828,7.8102498054504395
5.830951690673828,7.8102498054504395
5.830951690673828,7.8102498054504395
5.830951690673828,7.8102498054504395
5.830951690673828,7.874007701873779
5.830951690673828,7.874007701873779
5.830951690673828,7.874007701873779
5.830951690673828,8
5.830951690673828,8.062257766723633
5.830951690673828,8.062257766723633
5.830951690673828,8.062257766723633
5.830951690673828,8.062257766723633
5.830951690673828,8.062257766723633
5.830951690673828,8.062257766723633
5.830951690673828,8.062257766723633
5.830951690673828,8.062257766723633
5.830951690673828,8.124038696289063
5.830951690673828,8.124038696289063
5.830951690673828,8.185352325439453
5.830951690673828,8.246211051940918
5.830951690673828,8.306623458862305
5.830951690673828,8.306623458862305
5.830951690673828,8.306623458862305
5.830951690673828,8.366600036621094
5.830951690673828,8.5440034866333
5.830951690673828,8.5440034866333
5.830951690673828,8.602325439453125
5.830951690673828,8.66025447845459
5.830951690673828,8.66025447845459
5.830951690673828,8.66025447845459
5.830951690673828,8.774964332580566
5.830951690673828,8.83176040649414
5.830951690673828,8.83176040649414
5.830951690673828,9.165151596069336
5.830951690673828,9.219544410705566
5.830951690673828,9.219544410705566
5.830951690673828,9.219544410705566
5.830951690673828,9.219544410705566
5.830951690673828,9.219544410705566
5.830951690673828,9.433980941772461
5.830951690673828,9.433980941772461
5.830951690673828,9.433980941772461
5.830951690673828,9.433980941772461
5.830951690673828,9.433980941772461
5.830951690673828,9.433980941772461
5.830951690673828,9.486832618713379
5.830951690673828,9.486832618713379
5.830951690673828,9.486832618713379
5.830951690673828,9.486832618713379
5.830951690673828,9.486832618713379
5.830951690673828,9.539392471313477
5.830951690673828,9.69536018371582
5.830951690673828,9.797959327697754
5.830951690673828,9.848857879638672
5.830951690673828,9.899495124816895
5.830951690673828,9.899495124816895
5.830951690673828,9.949873924255371
5.830951690673828,10.049875259399414
5.830951690673828,10.049875259399414
5.830951690673828,10.049875259399414
5.830951690673828,10.198039054870605
5.830951690673828,10.198039054870605
5.830951690673828,10.198039054870605
5.830951690673828,10.198039054870605
5.830951690673828,10.24695110321045
5.830951690673828,10.29563045501709
5.830951690673828,10.488088607788086
5.830951690673828,10.630146026611328
5.830951690673828,10.630146026611328
5.830951690673828,10.72380542755127
5.830951690673828,10.816654205322266
5.830951690673828,10.816654205322266
5.830951690673828,10.816654205322266
5.830951690673828,11
5.830951690673828,11.180339813232422
5.830951690673828,11.180339813232422
5.830951690673828,11.48912525177002
5.830951690673828,11.704699516296387
5.830951690673828,13
5.830951690673828,13.114876747131348
5.830951690673828,13.114876747131348
5.830951690673828,13.114876747131348
5.830951690673828,13.304134368896484
5.830951690673828,13.601470947265625
5.830951690673828,13.892443656921387
5.830951690673828,13.928388595581055
5.830951690673828,14.491376876831055
5.830951690673828,17.492855072021484
6,inf
6,inf
6,inf
6,inf
6,inf
6,inf
6,inf
6,inf
6,inf
6,inf
6,inf
6,inf
6,inf
6,inf
6,inf
6,inf
6,6.082762718200684
6,6.082762718200684
6,6.082762718200684
6,6.082762718200684
6,6.164413928985596
6,6.4031243324279785
6,6.4031243324279785
6,6.480740547180176
6,6.480740547180176
6,6.480740547180176
6,6.633249759674072
6,6.633249759674072
6,6.7082037925720215
6,6.7082037925720215
6,6.78233003616333
6,6.78233003616333
6,7
6,7
6,7.071067810058594
6,7.071067810058594
6,7.141428470611572
6,7.141428470611572
6,7.348469257354736
6,7.348469257354736
6,7.348469257354736
6,7.549834251403809
6,7.549834251403809
6,7.6157732009887695
6,7.681145668029785
6,7.681145668029785
6,7.8102498054504395
6,7.8102498054504395
6,7.8102498054504395
6,7.8102498054504395
6,7.874007701873779
6,7.874007701873779
6,8.062257766723633
6,8.062257766723633
6,8.062257766723633
6,8.062257766723633
6,8.124038696289063
6,8.124038696289063
6,8.124038696289063
6,8.124038696289063
6,8.124038696289063
6,8.185352325439453
6,8.185352325439453
6,8.306623458862305
6,8.306623458862305
6,8.306623458862305
6,8.366600036621094
6,8.366600036621094
6,8.485280990600586
6,8.5440034866333
6,8.602325439453125
6,8.602325439453125
6,8.66025447845459
6,8.66025447845459
6,8.66025447845459
6,8.66025447845459
6,8.774964332580566
6,8.774964332580566
6,8.774964332580566
6,8.774964332580566
6,8.83176040649414
6,9
6,9
6,9.219544410705566
6,9.273618698120117
6,9.273618698120117
6,9.433980941772461
6,9.486832618713379
6,9.848857879638672
6,10.29563045501709
6,12.845232963562012
6,13
6,19.646883010864258
6.082762718200684,inf
6.082762718200684,inf
6.082762718200684,inf
6.082762718200684,inf
6.082762718200684,inf
6.082762718200684,inf
6.082762718200684,inf
6.082762718200684,inf
6.082762718200684,inf
6.082762718200684,inf
6.082762718200684,inf
6.082762718200684,inf
6.082762718200684,inf
6.082762718200684,inf
6.082762718200684,inf
6.082762718200684,inf
6.082762718200684,inf
6.082762718200684,6.164413928985596
6.082762718200684,6.164413928985596
6.082762718200684,6.164413928985596
6.082762718200684,6.164413928985596
6.082762718200684,6.164413928985596
6.082762718200684,6.164413928985596
6.082762718200684,6.324555397033691
6.082762718200684,6.324555397033691
6.082762718200684,6.324555397033691
6.082762718200684,6.324555397033691
6.082762718200684,6.324555397033691
6.082762718200684,6.324555397033691
6.082762718200684,6.324555397033691
6.082762718200684,6.324555397033691
6.082762718200684,6.324555397033691
6.082762718200684,6.324555397033691
6.082762718200684,6.324555397033691
6.082762718200684,6.324555397033691
6.082762718200684,6.324555397033691
6.082762718200684,6.324555397033691
6.082762718200684,6.324555397033691
6.082762718200684,6.324555397033691
6.082762718200684,6.4031243324279785
6.082762718200684,6.4031243324279785
6.082762718200684,6.4031243324279785
6.082762718200684,6.480740547180176
6.082762718200684,6.557438373565674
6.082762718200684,6.633249759674072
6.082762718200684,6.633249759674072
6.082762718200684,6.633249759674072
6.082762718200684,6.7082037925720215
6.082762718200684,6.7082037925720215
6.082762718200684,6.7082037925720215
6.082762718200684,6.7082037925720215
6.082762718200684,6.7082037925720215
6.082762718200684,6.7082037925720215
6.082762718200684,6.78233003616333
6.082762718200684,6.78233003616333
6.082762718200684,7
6.082762718200684,7
6.082762718200684,7.071067810058594
6.082762718200684,7.071067810058594
6.082762718200684,7.071067810058594
6.082762718200684,7.071067810058594
6.082762718200684,7.071067810058594
6.082762718200684,7.211102485656738
6.082762718200684,7.211102485656738
6.082762718200684,7.211102485656738
6.082762718200684,7.280109882354736
6.082762718200684,7.280109882354736
6.082762718200684,7.280109882354736
6.082762718200684,7.280109882354736
6.082762718200684,7.280109882354736
6.082762718200684,7.280109882354736
6.082762718200684,7.280109882354736
6.082762718200684,7.280109882354736
6.082762718200684,7.280109882354736
6.082762718200684,7.280109882354736
6.082762718200684,7.280109882354736
6.082762718200684,7.280109882354736
6.082762718200684,7.348469257354736
6.082762718200684,7.348469257354736
6.082762718200684,7.348469257354736
6.082762718200684,7.4833149909973145
6.082762718200684,7.4833149909973145
6.082762718200684,7.4833149909973145
6.082762718200684,7.549834251403809
6.082762718200684,7.549834251403809
6.082762718200684,7.6157732009887695
6.082762718200684,7.6157732009887695
6.082762718200684,7.6157732009887695
6.082762718200684,7.681145668029785
6.082762718200684,7.681145668029785
6.082762718200684,7.681145668029785
6.082762718200684,7.681145668029785
6.082762718200684,7.8102498054504395
6.082762718200684,7.8102498054504395
6.082762718200684,7.8102498054504395
6.082762718200684,7.8102498054504395
6.082762718200684,7.8102498054504395
6.082762718200684,7.874007701873779
6.082762718200684,7.874007701873779
6.082762718200684,8
6.082762718200684,8
6.082762718200684,8.062257766723633
6.082762718200684,8.062257766723633
6.082762718200684,8.062257766723633
6.082762718200684,8.124038696289063
6.082762718200684,8.124038696289063
6.082762718200684,8.124038696289063
6.082762718200684,8.124038696289063
6.082762718200684,8.124038696289063
6.082762718200684,8.124038696289063
6.082762718200684,8.185352325439453
6.082762718200684,8.185352325439453
6.082762718200684,8.246211051940918
6.082762718200684,8.246211051940918
6.082762718200684,8.246211051940918
6.082762718200684,8.246211051940918
6.082762718200684,8.246211051940918
6.082762718200684,8.306623458862305
6.082762718200684,8.306623458862305
6.082762718200684,8.366600036621094
6.082762718200684,8.366600036621094
6.082762718200684,8.485280990600586
6.082762718200684,8.485280990600586
6.082762718200684,8.5440034866333
6.082762718200684,8.602325439453125
6.082762718200684,8.602325439453125
6.082762718200684,8.602325439453125
6.082762718200684,8.602325439453125
6.082762718200684,8.66025447845459
6.082762718200684,8.717798233032227
6.082762718200684,8.717798233032227
6.082762718200684,8.717798233032227
6.082762718200684,8.774964332580566
6.082762718200684,8.83176040649414
6.082762718200684,9
6.082762718200684,9
6.082762718200684,9
6.082762718200684,9.05538558959961
6.082762718200684,9.05538558959961
6.082762718200684,9.110433578491211
6.082762718200684,9.165151596069336
6.082762718200684,9.165151596069336
6.082762718200684,9.219544410705566
6.082762718200684,9.273618698120117
6.082762718200684,9.273618698120117
6.082762718200684,9.433980941772461
6.082762718200684,9.643651008605957
6.082762718200684,9.69536018371582
6.082762718200684,9.899495124816895
6.082762718200684,10
6.082762718200684,10.049875259399414
6.082762718200684,10.099504470825195
6.082762718200684,10.198039054870605
6.082762718200684,10.198039054870605
6.082762718200684,10.24695110321045
6.082762718200684,10.344079971313477
6.082762718200684,10.630146026611328
6.082762718200684,10.816654205322266
6.082762718200684,11
6.082762718200684,11.357816696166992
6.082762718200684,11.445523262023926
6.082762718200684,11.575837135314941
6.082762718200684,12.206555366516113
6.082762718200684,13.076696395874023
6.082762718200684,14.866068840026855
6.082762718200684,14.966629981994629
6.082762718200684,15.29705810546875
6.082762718200684,20.34699058532715
6.324555397033691,inf
6.324555397033691,inf
6.324555397033691,inf
6.324555397033691,inf
6.324555397033691,inf
6.324555397033691,inf
6.324555397033691,inf
6.324555397033691,inf
6.324555397033691,inf
6.324555397033691,inf
6.324555397033691,inf
6.324555397033691,inf
6.324555397033691,inf
6.324555397033691,inf
6.324555397033691,inf
6.324555397033691,inf
6.324555397033691,inf
6.324555397033691,inf
6.324555397033691,inf
6.324555397033691,inf
6.324555397033691,inf
6.324555397033691,6.4031243324279785
6.324555397033691,6.4031243324279785
6.324555397033691,6.4031243324279785
6.324555397033691,6.4031243324279785
6.324555397033691,6.4031243324279785
6.324555397033691,6.4031243324279785
6.324555397033691,6.4031243324279785
6.324555397033691,6.480740547180176
6.324555397033691,6.480740547180176
6.324555397033691,6.633249759674072
6.324555397033691,6.633249759674072
6.324555397033691,6.7082037925720215
6.324555397033691,6.7082037925720215
6.324555397033691,6.7082037925720215
6.324555397033691,6.7082037925720215
6.324555397033691,6.78233003616333
6.324555397033691,6.78233003616333
6.324555397033691,6.78233003616333
6.324555397033691,6.78233003616333
6.324555397033691,7.071067810058594
6.324555397033691,7.071067810058594
6.324555397033691,7.071067810058594
6.324555397033691,7.141428470611572
6.324555397033691,7.141428470611572
6.324555397033691,7.211102485656738
6.324555397033691,7.211102485656738
6.324555397033691,7.211102485656738
6.324555397033691,7.211102485656738
6.324555397033691,7.211102485656738
6.324555397033691,7.211102485656738
6.324555397033691,7.211102485656738
6.324555397033691,7.280109882354736
6.324555397033691,7.280109882354736
6.324555397033691,7.280109882354736
6.324555397033691,7.280109882354736
6.324555397033691,7.280109882354736
6.324555397033691,7.280109882354736
6.324555397033691,7.280109882354736
6.324555397033691,7.348469257354736
6.324555397033691,7.348469257354736
6.324555397033691,7.348469257354736
6.324555397033691,7.4833149909973145
6.324555397033691,7.549834251403809
6.324555397033691,7.549834251403809
6.324555397033691,7.549834251403809
6.324555397033691,7.549834251403809
6.324555397033691,7.549834251403809
6.324555397033691,7.6157732009887695
6.324555397033691,7.681145668029785
6.324555397033691,7.681145668029785
6.324555397033691,7.681145668029785
6.324555397033691,7.8102498054504395
6.324555397033691,7.8102498054504395
6.324555397033691,7.8102498054504395
6.324555397033691,7.8102498054504395
6.324555397033691,7.8102498054504395
6.324555397033691,7.874007701873779
6.324555397033691,7.874007701873779
6.324555397033691,7.874007701873779
6.324555397033691,7.874007701873779
6.324555397033691,7.874007701873779
6.324555397033691,7.874007701873779
6.324555397033691,8.062257766723633
6.324555397033691,8.062257766723633
6.324555397033691,8.124038696289063
6.324555397033691,8.124038696289063
6.324555397033691,8.124038696289063
6.324555397033691,8.124038696289063
6.324555397033691,8.246211051940918
6.324555397033691,8.246211051940918
6.324555397033691,8.246211051940918
6.324555397033691,8.246211051940918
6.324555397033691,8.306623458862305
6.324555397033691,8.306623458862305
6.324555397033691,8.5440034866333
6.324555397033691,8.5440034866333
6.324555397033691,8.602325439453125
6.324555397033691,8.602325439453125
6.324555397033691,8.66025447845459
6.324555397033691,8.66025447845459
6.324555397033691,8.717798233032227
6.324555397033691,8.9442720413208
6.324555397033691,9
6.324555397033691,9.05538558959961
6.324555397033691,9.110433578491211
6.324555397033691,9.219544410705566
6.324555397033691,9.219544410705566
6.324555397033691,9.69536018371582
6.324555397033691,9.797959327697754
6.324555397033691,9.848857879638672
6.324555397033691,9.848857879638672
6.324555397033691,9.899495124816895
6.324555397033691,9.949873924255371
6.324555397033691,9.949873924255371
6.324555397033691,10
6.324555397033691,10.049875259399414
6.324555397033691,10.29563045501709
6.324555397033691,10.488088607788086
6.324555397033691,10.677078247070313
6.324555397033691,11
6.324555397033691,11.180339813232422
6.324555397033691,11.180339813232422
6.324555397033691,11.180339813232422
6.324555397033691,11.180339813232422
6.324555397033691,11.401754379272461
6.324555397033691,11.48912525177002
6.324555397033691,12.165525436401367
6.324555397033691,12.206555366516113
6.324555397033691,13.03840446472168
6.324555397033691,13.076696395874023
6.4031243324279785,inf
6.4031243324279785,inf
6.4031243324279785,inf
6.4031243324279785,inf
6.4031243324279785,inf
6.4031243324279785,inf
6.4031243324279785,inf
6.4031243324279785,inf
6.4031243324279785,inf
6.4031243324279785,inf
6.4031243324279785,inf
6.4031243324279785,inf
6.4031243324279785,inf
6.4031243324279785,inf
6.4031243324279785,inf
6.4031243324279785,6.633249759674072
6.4031243324279785,6.7082037925720215
6.4031243324279785,6.7082037925720215
6.4031243324279785,6.7082037925720215
6.4031243324279785,6.7082037925720215
6.4031243324279785,6.7082037925720215
6.4031243324279785,6.78233003616333
6.4031243324279785,7
6.4031243324279785,7
6.4031243324279785,7
6.4031243324279785,7.141428470611572
6.4031243324279785,7.211102485656738
6.4031243324279785,7.211102485656738
6.4031243324279785,7.280109882354736
6.4031243324279785,7.280109882354736
6.4031243324279785,7.549834251403809
6.4031243324279785,7.549834251403809
6.4031243324279785,7.549834251403809
6.4031243324279785,7.549834251403809
6.4031243324279785,7.6157732009887695
6.4031243324279785,7.8102498054504395
6.4031243324279785,7.8102498054504395
6.4031243324279785,7.874007701873779
6.4031243324279785,7.874007701873779
6.4031243324279785,8
6.4031243324279785,8.062257766723633
6.4031243324279785,8.062257766723633
6.4031243324279785,8.062257766723633
6.4031243324279785,8.124038696289063
6.4031243324279785,8.246211051940918
6.4031243324279785,8.246211051940918
6.4031243324279785,8.306623458862305
6.4031243324279785,8.366600036621094
6.4031243324279785,8.485280990600586
6.4031243324279785,8.485280990600586
6.4031243324279785,8.5440034866333
6.4031243324279785,8.5440034866333
6.4031243324279785,8.602325439453125
6.4031243324279785,8.774964332580566
6.4031243324279785,9.05538558959961
6.4031243324279785,9.05538558959961
6.4031243324279785,9.05538558959961
6.4031243324279785,9.05538558959961
6.4031243324279785,9.05538558959961
6.4031243324279785,9.110433578491211
6.4031243324279785,9.273618698120117
6.4031243324279785,9.273618698120117
6.4031243324279785,9.433980941772461
6.4031243324279785,9.433980941772461
6.4031243324279785,9.433980941772461
6.4031243324279785,9.486832618713379
6.4031243324279785,9.69536018371582
6.4031243324279785,9.69536018371582
6.4031243324279785,9.797959327697754
6.4031243324279785,9.848857879638672
6.4031243324279785,9.899495124816895
6.4031243324279785,9.899495124816895
6.4031243324279785,9.899495124816895
6.4031243324279785,10
6.4031243324279785,10.198039054870605
6.4031243324279785,10.392304420471191
6.4031243324279785,10.488088607788086
6.4031243324279785,10.770329475402832
6.4031243324279785,10.816654205322266
6.4031243324279785,10.816654205322266
6.4031243324279785,11.045360565185547
6.4031243324279785,11.357816696166992
6.4031243324279785,12.083045959472656
6.4031243324279785,12.206555366516113
6.4031243324279785,15.55634880065918
6.7082037925720215,inf
6.7082037925720215,inf
6.7082037925720215,inf
6.7082037925720215,inf
6.7082037925720215,inf
6.7082037925720215,inf
6.7082037925720215,inf
6.7082037925720215,inf
6.7082037925720215,inf
6.7082037925720215,inf
6.7082037925720215,inf
6.7082037925720215,inf
6.7082037925720215,inf
6.7082037925720215,inf
6.7082037925720215,inf
6.7082037925720215,inf
6.7082037925720215,inf
6.7082037925720215,inf
6.7082037925720215,inf
6.7082037925720215,inf
6.7082037925720215,6.78233003616333
6.7082037925720215,6.928203105926514
6.7082037925720215,7
6.7082037925720215,7
6.7082037925720215,7
6.7082037925720215,7
6.7082037925720215,7
6.7082037925720215,7
6.7082037925720215,7.071067810058594
6.7082037925720215,7.071067810058594
6.7082037925720215,7.071067810058594
6.7082037925720215,7.071067810058594
6.7082037925720215,7.071067810058594
6.7082037925720215,7.071067810058594
6.7082037925720215,7.071067810058594
6.7082037925720215,7.071067810058594
6.7082037925720215,7.071067810058594
6.7082037925720215,7.071067810058594
6.7082037925720215,7.071067810058594
6.7082037925720215,7.071067810058594
6.7082037925720215,7.141428470611572
6.7082037925720215,7.141428470611572
6.7082037925720215,7.141428470611572
6.7082037925720215,7.141428470611572
6.7082037925720215,7.211102485656738
6.7082037925720215,7.280109882354736
6.7082037925720215,7.280109882354736
6.7082037925720215,7.280109882354736
6.7082037925720215,7.280109882354736
6.7082037925720215,7.280109882354736
6.7082037925720215,7.280109882354736
6.7082037925720215,7.280109882354736
6.7082037925720215,7.280109882354736
6.7082037925720215,7.280109882354736
6.7082037925720215,7.348469257354736
6.7082037925720215,7.348469257354736
6.7082037925720215,7.348469257354736
6.7082037925720215,7.549834251403809
6.7082037925720215,7.549834251403809
6.7082037925720215,7.549834251403809
6.7082037925720215,7.549834251403809
6.7082037925720215,7.549834251403809
6.7082037925720215,7.549834251403809
6.7082037925720215,7.549834251403809
6.7082037925720215,7.6157732009887695
6.7082037925720215,7.6157732009887695
6.7082037925720215,7.681145668029785
6.7082037925720215,7.681145668029785
6.7082037925720215,7.681145668029785
6.7082037925720215,7.681145668029785
6.7082037925720215,7.8102498054504395
6.7082037925720215,7.8102498054504395
6.7082037925720215,7.8102498054504395
6.7082037925720215,7.8102498054504395
6.7082037925720215,7.8102498054504395
6.7082037925720215,7.8102498054504395
6.7082037925720215,7.8102498054504395
6.7082037925720215,7.874007701873779
6.7082037925720215,7.874007701873779
6.7082037925720215,8
6.7082037925720215,8
6.7082037925720215,8.062257766723633
6.7082037925720215,8.062257766723633
6.7082037925720215,8.062257766723633
6.7082037925720215,8.062257766723633
6.7082037925720215,8.062257766723633
6.7082037925720215,8.062257766723633
6.7082037925720215,8.124038696289063
6.7082037925720215,8.124038696289063
6.7082037925720215,8.124038696289063
6.7082037925720215,8.124038696289063
6.7082037925720215,8.124038696289063
6.7082037925720215,8.185352325439453
6.7082037925720215,8.185352325439453
6.7082037925720215,8.185352325439453
6.7082037925720215,8.185352325439453
6.7082037925720215,8.246211051940918
6.7082037925720215,8.306623458862305
6.7082037925720215,8.306623458862305
6.7082037925720215,8.306623458862305
6.7082037925720215,8.306623458862305
6.7082037925720215,8.366600036621094
6.7082037925720215,8.485280990600586
6.7082037925720215,8.485280990600586
6.7082037925720215,8.485280990600586
6.7082037925720215,8.5440034866333
6.7082037925720215,8.5440034866333
6.7082037925720215,8.5440034866333
6.7082037925720215,8.5440034866333
6.7082037925720215,8.5440034866333
6.7082037925720215,8.602325439453125
6.7082037925720215,8.602325439453125
6.7082037925720215,8.83176040649414
6.7082037925720215,8.83176040649414
6.7082037925720215,8.83176040649414
6.7082037925720215,8.83176040649414
6.7082037925720215,8.83176040649414
6.7082037925720215,8.9442720413208
6.7082037925720215,8.9442720413208
6.7082037925720215,9
6.7082037925720215,9.05538558959961
6.7082037925720215,9.05538558959961
6.7082037925720215,9.05538558959961
6.7082037925720215,9.165151596069336
6.7082037925720215,9.219544410705566
6.7082037925720215,9.219544410705566
6.7082037925720215,9.273618698120117
6.7082037925720215,9.273618698120117
6.7082037925720215,9.273618698120117
6.7082037925720215,9.380831718444824
6.7082037925720215,9.433980941772461
6.7082037925720215,9.433980941772461
6.7082037925720215,9.433980941772461
6.7082037925720215,9.69536018371582
6.7082037925720215,9.797959327697754
6.7082037925720215,9.848857879638672
6.7082037925720215,9.848857879638672
6.7082037925720215,9.848857879638672
6.7082037925720215,9.899495124816895
6.7082037925720215,9.899495124816895
6.7082037925720215,9.899495124816895
6.7082037925720215,9.949873924255371
6.7082037925720215,10
6.7082037925720215,10
6.7082037925720215,10.049875259399414
6.7082037925720215,10.198039054870605
6.7082037925720215,10.29563045501709
6.7082037925720215,10.29563045501709
6.7082037925720215,10.29563045501709
6.7082037925720215,10.440306663513184
6.7082037925720215,10.630146026611328
6.7082037925720215,10.770329475402832
6.7082037925720215,10.816654205322266
6.7082037925720215,10.816654205322266
6.7082037925720215,10.816654205322266
6.7082037925720215,11.045360565185547
6.7082037925720215,11.224971771240234
6.7082037925720215,11.357816696166992
6.7082037925720215,11.401754379272461
6.7082037925720215,12.041594505310059
6.7082037925720215,12.083045959472656
6.7082037925720215,12.688577651977539
6.7082037925720215,12.806248664855957
6.7082037925720215,13
6.7082037925720215,14.317821502685547
6.7082037925720215,15.620499610900879
7,inf
7,inf
7,inf
7,inf
7,inf
7,inf
7,7.071067810058594
7,7.071067810058594
7,7.071067810058594
7,7.071067810058594
7,7.071067810058594
7,7.071067810058594
7,7.141428470611572
7,7.141428470611572
7,7.211102485656738
7,7.280109882354736
7,7.280109882354736
7,7.348469257354736
7,7.348469257354736
7,7.4833149909973145
7,7.681145668029785
7,7.8102498054504395
7,7.874007701873779
7,7.874007701873779
7,8
7,8
7,8.062257766723633
7,8.062257766723633
7,8.124038696289063
7,8.124038696289063
7,8.246211051940918
7,8.306623458862305
7,8.306623458862305
7,8.366600036621094
7,8.366600036621094
7,8.366600036621094
7,8.485280990600586
7,8.485280990600586
7,8.485280990600586
7,8.5440034866333
7,8.5440034866333
7,8.602325439453125
7,8.602325439453125
7,8.602325439453125
7,8.602325439453125
7,8.602325439453125
7,8.66025447845459
7,8.66025447845459
7,8.66025447845459
7,8.66025447845459
7,8.717798233032227
7,8.774964332580566
7,8.774964332580566
7,8.774964332580566
7,8.83176040649414
7,9
7,9
7,9.110433578491211
7,9.165151596069336
7,9.219544410705566
7,9.219544410705566
7,9.219544410705566
7,9.273618698120117
7,9.273618698120117
7,9.273618698120117
7,9.273618698120117
7,9.433980941772461
7,9.486832618713379
7,9.848857879638672
7,9.949873924255371
7,10.24695110321045
7,10.344079971313477
7,10.677078247070313
7,11.357816696166992
7,21.470911026000977
7.071067810058594,inf
7.071067810058594,inf
7.071067810058594,inf
7.071067810058594,inf
7.071067810058594,inf
7.071067810058594,inf
7.071067810058594,inf
7.071067810058594,inf
7.071067810058594,inf
7.071067810058594,inf
7.071067810058594,inf
7.071067810058594,inf
7.071067810058594,inf
7.071067810058594,inf
7.071067810058594,inf
7.071067810058594,inf
7.071067810058594,inf
7.071067810058594,inf
7.071067810058594,inf
7.071067810058594,inf
7.071067810058594,inf
7.071067810058594,7.141428470611572
7.071067810058594,7.141428470611572
7.071067810058594,7.141428470611572
7.071067810058594,7.141428470611572
7.071067810058594,7.141428470611572
7.071067810058594,7.141428470611572
7.071067810058594,7.211102485656738
7.071067810058594,7.211102485656738
7.071067810058594,7.211102485656738
7.071067810058594,7.211102485656738
7.071067810058594,7.280109882354736
7.071067810058594,7.280109882354736
7.071067810058594,7.280109882354736
7.071067810058594,7.280109882354736
7.071067810058594,7.280109882354736
7.071067810058594,7.280109882354736
7.071067810058594,7.280109882354736
7.071067810058594,7.280109882354736
7.071067810058594,7.280109882354736
7.071067810058594,7.280109882354736
7.071067810058594,7.280109882354736
7.071067810058594,7.280109882354736
7.071067810058594,7.280109882354736
7.071067810058594,7.280109882354736
7.071067810058594,7.280109882354736
7.071067810058594,7.280109882354736
7.071067810058594,7.280109882354736
7.071067810058594,7.280109882354736
7.071067810058594,7.348469257354736
7.071067810058594,7.348469257354736
7.071067810058594,7.348469257354736
7.071067810058594,7.348469257354736
7.071067810058594,7.348469257354736
7.071067810058594,7.4833149909973145
7.071067810058594,7.4833149909973145
7.071067810058594,7.4833149909973145
7.071067810058594,7.4833149909973145
7.071067810058594,7.549834251403809
7.071067810058594,7.549834251403809
7.071067810058594,7.549834251403809
7.071067810058594,7.6157732009887695
7.071067810058594,7.6157732009887695
7.071067810058594,7.6157732009887695
7.071067810058594,7.6157732009887695
7.071067810058594,7.6157732009887695
7.071067810058594,7.6157732009887695
7.071067810058594,7.6157732009887695
7.071067810058594,7.6157732009887695
7.071067810058594,7.6157732009887695
7.071067810058594,7.6157732009887695
7.071067810058594,7.6157732009887695
7.071067810058594,7.6157732009887695
7.071067810058594,7.6157732009887695
7.071067810058594,7.681145668029785
7.071067810058594,7.681145668029785
7.071067810058594,7.681145668029785
7.071067810058594,7.681145668029785
7.071067810058594,7.8102498054504395
7.071067810058594,7.8102498054504395
7.071067810058594,7.8102498054504395
7.071067810058594,7.874007701873779
7.071067810058594,7.874007701873779
7.071067810058594,7.874007701873779
7.071067810058594,8.062257766723633
7.071067810058594,8.062257766723633
7.071067810058594,8.062257766723633
7.071067810058594,8.062257766723633
7.071067810058594,8.062257766723633
7.071067810058594,8.062257766723633
7.071067810058594,8.062257766723633
7.071067810058594,8.062257766723633
7.071067810058594,8.062257766723633
7.071067810058594,8.062257766723633
7.071067810058594,8.062257766723633
7.071067810058594,8.062257766723633
7.071067810058594,8.062257766723633
7.071067810058594,8.062257766723633
7.071067810058594,8.062257766723633
7.071067810058594,8.062257766723633
7.071067810058594,8.124038696289063
7.071067810058594,8.124038696289063
7.071067810058594,8.124038696289063
7.071067810058594,8.124038696289063
7.071067810058594,8.185352325439453
7.071067810058594,8.246211051940918
7.071067810058594,8.246211051940918
7.071067810058594,8.306623458862305
7.071067810058594,8.306623458862305
7.071067810058594,8.306623458862305
7.071067810058594,8.306623458862305
7.071067810058594,8.366600036621094
7.071067810058594,8.366600036621094
7.071067810058594,8.485280990600586
7.071067810058594,8.5440034866333
7.071067810058594,8.5440034866333
7.071067810058594,8.602325439453125
7.071067810058594,8.602325439453125
7.071067810058594,8.602325439453125
7.071067810058594,8.602325439453125
7.071067810058594,8.602325439453125
7.071067810058594,8.602325439453125
7.071067810058594,8.602325439453125
7.071067810058594,8.66025447845459
7.071067810058594,8.717798233032227
7.071067810058594,8.717798233032227
7.071067810058594,8.774964332580566
7.071067810058594,8.774964332580566
7.071067810058594,8.774964332580566
7.071067810058594,8.774964332580566
7.071067810058594,8.774964332580566
7.071067810058594,8.774964332580566
7.071067810058594,8.774964332580566
7.071067810058594,8.774964332580566
7.071067810058594,8.83176040649414
7.071067810058594,8.9442720413208
7.071067810058594,8.9442720413208
7.071067810058594,8.9442720413208
7.071067810058594,8.9442720413208
7.071067810058594,8.9442720413208
7.071067810058594,9
7.071067810058594,9
7.071067810058594,9
7.071067810058594,9
7.071067810058594,9.05538558959961
7.071067810058594,9.110433578491211
7.071067810058594,9.110433578491211
7.071067810058594,9.165151596069336
7.071067810058594,9.165151596069336
7.071067810058594,9.219544410705566
7.071067810058594,9.219544410705566
7.071067810058594,9.273618698120117
7.071067810058594,9.273618698120117
7.071067810058594,9.273618698120117
7.071067810058594,9.273618698120117
7.071067810058594,9.273618698120117
7.071067810058594,9.433980941772461
7.071067810058594,9.433980941772461
7.071067810058594,9.433980941772461
7.071067810058594,9.433980941772461
7.071067810058594,9.486832618713379
7.071067810058594,9.486832618713379
7.071067810058594,9.643651008605957
7.071067810058594,9.69536018371582
7.071067810058594,9.797959327697754
7.071067810058594,9.848857879638672
7.071067810058594,9.899495124816895
7.071067810058594,9.949873924255371
7.071067810058594,10.099504470825195
7.071067810058594,10.198039054870605
7.071067810058594,10.344079971313477
7.071067810058594,10.440306663513184
7.071067810058594,10.488088607788086
7.071067810058594,10.816654205322266
7.071067810058594,11
7.071067810058594,11.661903381347656
7.071067810058594,11.704699516296387
7.071067810058594,12
7.071067810058594,12.041594505310059
7.071067810058594,12.041594505310059
7.071067810058594,12.083045959472656
7.071067810058594,12.083045959472656
7.071067810058594,12.247448921203613
7.071067810058594,12.369317054748535
7.071067810058594,13.490737915039063
7.071067810058594,15.29705810546875
7.071067810058594,16.792856216430664
7.211102485656738,inf
7.211102485656738,inf
7.211102485656738,inf
7.211102485656738,inf
7.211102485656738,inf
7.211102485656738,inf
7.211102485656738,inf
7.211102485656738,inf
7.211102485656738,inf
7.211102485656738,inf
7.211102485656738,inf
7.211102485656738,inf
7.211102485656738,7.280109882354736
7.211102485656738,7.280109882354736
7.211102485656738,7.280109882354736
7.211102485656738,7.348469257354736
7.211102485656738,7.348469257354736
7.211102485656738,7.348469257354736
7.211102485656738,7.348469257354736
7.211102485656738,7.348469257354736
7.211102485656738,7.4833149909973145
7.211102485656738,7.549834251403809
7.211102485656738,7.549834251403809
7.211102485656738,7.6157732009887695
7.211102485656738,7.6157732009887695
7.211102485656738,7.6157732009887695
7.211102485656738,7.6157732009887695
7.211102485656738,7.6157732009887695
7.211102485656738,7.6157732009887695
7.211102485656738,7.681145668029785
7.211102485656738,7.681145668029785
7.211102485656738,7.681145668029785
7.211102485656738,7.681145668029785
7.211102485656738,7.681145668029785
7.211102485656738,7.681145668029785
7.211102485656738,7.8102498054504395
7.211102485656738,7.8102498054504395
7.211102485656738,7.8102498054504395
7.211102485656738,7.8102498054504395
7.211102485656738,7.8102498054504395
7.211102485656738,7.874007701873779
7.211102485656738,7.874007701873779
7.211102485656738,7.874007701873779
7.211102485656738,7.874007701873779
7.211102485656738,7.874007701873779
7.211102485656738,7.874007701873779
7.211102485656738,8.062257766723633
7.211102485656738,8.062257766723633
7.211102485656738,8.062257766723633
7.211102485656738,8.062257766723633
7.211102485656738,8.062257766723633
7.211102485656738,8.124038696289063
7.211102485656738,8.124038696289063
7.211102485656738,8.124038696289063
7.211102485656738,8.124038696289063
7.211102485656738,8.124038696289063
7.211102485656738,8.124038696289063
7.211102485656738,8.185352325439453
7.211102485656738,8.185352325439453
7.211102485656738,8.185352325439453
7.211102485656738,8.246211051940918
7.211102485656738,8.246211051940918
7.211102485656738,8.246211051940918
7.211102485656738,8.306623458862305
7.211102485656738,8.306623458862305
7.211102485656738,8.366600036621094
7.211102485656738,8.366600036621094
7.211102485656738,8.366600036621094
7.211102485656738,8.485280990600586
7.211102485656738,8.485280990600586
7.211102485656738,8.5440034866333
7.211102485656738,8.5440034866333
7.211102485656738,8.602325439453125
7.211102485656738,8.66025447845459
7.211102485656738,8.66025447845459
7.211102485656738,8.66025447845459
7.211102485656738,8.774964332580566
7.211102485656738,8.83176040649414
7.211102485656738,8.83176040649414
7.211102485656738,8.9442720413208
7.211102485656738,9
7.211102485656738,9
7.211102485656738,9
7.211102485656738,9
7.211102485656738,9.05538558959961
7.211102485656738,9.05538558959961
7.211102485656738,9.110433578491211
7.211102485656738,9.110433578491211
7.211102485656738,9.219544410705566
7.211102485656738,9.219544410705566
7.211102485656738,9.433980941772461
7.211102485656738,9.433980941772461
7.211102485656738,9.433980941772461
7.211102485656738,9.486832618713379
7.211102485656738,9.486832618713379
7.211102485656738,9.486832618713379
7.211102485656738,9.643651008605957
7.211102485656738,9.643651008605957
7.211102485656738,9.848857879638672
7.211102485656738,9.899495124816895
7.211102485656738,9.899495124816895
7.211102485656738,9.949873924255371
7.211102485656738,10.049875259399414
7.211102485656738,10.049875259399414
7.211102485656738,10.049875259399414
7.211102485656738,10.198039054870605
7.211102485656738,10.24695110321045
7.211102485656738,10.24695110321045
7.211102485656738,10.29563045501709
7.211102485656738,10.29563045501709
7.211102485656738,10.392304420471191
7.211102485656738,10.816654205322266
7.211102485656738,10.816654205322266
7.211102485656738,10.954451560974121
7.211102485656738,10.954451560974121
7.211102485656738,11.045360565185547
7.211102485656738,11.090536117553711
7.211102485656738,11.313708305358887
7.211102485656738,11.575837135314941
7.211102485656738,11.575837135314941
7.211102485656738,12.041594505310059
7.211102485656738,12.569805145263672
7.211102485656738,13.379088401794434
7.211102485656738,13.45362377166748
7.211102485656738,13.45362377166748
7.280109882354736,inf
7.280109882354736,inf
7.280109882354736,inf
7.280109882354736,inf
7.280109882354736,inf
7.280109882354736,inf
7.280109882354736,inf
7.280109882354736,inf
7.280109882354736,inf
7.280109882354736,inf
7.280109882354736,7.348469257354736
7.280109882354736,7.348469257354736
7.280109882354736,7.348469257354736
7.280109882354736,7.348469257354736
7.280109882354736,7.348469257354736
7.280109882354736,7.6157732009887695
7.280109882354736,7.6157732009887695
7.280109882354736,7.6157732009887695
7.280109882354736,7.6157732009887695
7.280109882354736,7.6157732009887695
7.280109882354736,7.6157732009887695
7.280109882354736,7.6157732009887695
7.280109882354736,7.681145668029785
7.280109882354736,7.681145668029785
7.280109882354736,7.681145668029785
7.280109882354736,7.8102498054504395
7.280109882354736,7.8102498054504395
7.280109882354736,7.8102498054504395
7.280109882354736,7.874007701873779
7.280109882354736,8.062257766723633
7.280109882354736,8.062257766723633
7.280109882354736,8.062257766723633
7.280109882354736,8.062257766723633
7.280109882354736,8.062257766723633
7.280109882354736,8.124038696289063
7.280109882354736,8.306623458862305
7.280109882354736,8.485280990600586
7.280109882354736,8.485280990600586
7.280109882354736,8.485280990600586
7.280109882354736,8.5440034866333
7.280109882354736,8.5440034866333
7.280109882354736,8.5440034866333
7.280109882354736,8.602325439453125
7.280109882354736,8.602325439453125
7.280109882354736,8.602325439453125
7.280109882354736,8.66025447845459
7.280109882354736,8.66025447845459
7.280109882354736,8.9442720413208
7.280109882354736,8.9442720413208
7.280109882354736,8.9442720413208
7.280109882354736,8.9442720413208
7.280109882354736,9
7.280109882354736,9
7.280109882354736,9.05538558959961
7.280109882354736,9.110433578491211
7.280109882354736,9.273618698120117
7.280109882354736,9.273618698120117
7.280109882354736,9.273618698120117
7.280109882354736,9.433980941772461
7.280109882354736,9.539392471313477
7.280109882354736,9.643651008605957
7.280109882354736,9.69536018371582
7.280109882354736,9.797959327697754
7.280109882354736,9.899495124816895
7.280109882354736,10
7.280109882354736,10.049875259399414
7.280109882354736,10.29563045501709
7.280109882354736,10.29563045501709
7.280109882354736,10.344079971313477
7.280109882354736,10.630146026611328
7.280109882354736,10.677078247070313
7.280109882354736,11.661903381347656
7.6157732009887695,inf
7.6157732009887695,inf
7.6157732009887695,inf
7.6157732009887695,inf
7.6157732009887695,inf
7.6157732009887695,inf
7.6157732009887695,inf
7.6157732009887695,inf
7.6157732009887695,inf
7.6157732009887695,inf
7.6157732009887695,inf
7.6157732009887695,inf
7.6157732009887695,inf
7.6157732009887695,inf
7.6157732009887695,7.681145668029785
7.6157732009887695,7.681145668029785
7.6157732009887695,7.681145668029785
7.6157732009887695,7.681145668029785
7.6157732009887695,7.8102498054504395
7.6157732009887695,7.8102498054504395
7.6157732009887695,7.874007701873779
7.6157732009887695,7.874007701873779
7.6157732009887695,7.874007701873779
7.6157732009887695,7.874007701873779
7.6157732009887695,8
7.6157732009887695,8.062257766723633
7.6157732009887695,8.062257766723633
7.6157732009887695,8.062257766723633
7.6157732009887695,8.062257766723633
7.6157732009887695,8.062257766723633
7.6157732009887695,8.062257766723633
7.6157732009887695,8.124038696289063
7.6157732009887695,8.124038696289063
7.6157732009887695,8.124038696289063
7.6157732009887695,8.124038696289063
7.6157732009887695,8.124038696289063
7.6157732009887695,8.124038696289063
7.6157732009887695,8.185352325439453
7.6157732009887695,8.185352325439453
7.6157732009887695,8.185352325439453
7.6157732009887695,8.185352325439453
7.6157732009887695,8.185352325439453
7.6157732009887695,8.185352325439453
7.6157732009887695,8.185352325439453
7.6157732009887695,8.246211051940918
7.6157732009887695,8.246211051940918
7.6157732009887695,8.246211051940918
7.6157732009887695,8.306623458862305
7.6157732009887695,8.306623458862305
7.6157732009887695,8.306623458862305
7.6157732009887695,8.366600036621094
7.6157732009887695,8.366600036621094
7.6157732009887695,8.366600036621094
7.6157732009887695,8.485280990600586
7.6157732009887695,8.485280990600586
7.6157732009887695,8.485280990600586
7.6157732009887695,8.5440034866333
7.6157732009887695,8.5440034866333
7.6157732009887695,8.5440034866333
7.6157732009887695,8.5440034866333
7.6157732009887695,8.5440034866333
7.6157732009887695,8.5440034866333
7.6157732009887695,8.602325439453125
7.6157732009887695,8.602325439453125
7.6157732009887695,8.602325439453125
7.6157732009887695,8.602325439453125
7.6157732009887695,8.66025447845459
7.6157732009887695,8.66025447845459
7.6157732009887695,8.66025447845459
7.6157732009887695,8.66025447845459
7.6157732009887695,8.66025447845459
7.6157732009887695,8.66025447845459
7.6157732009887695,8.66025447845459
7.6157732009887695,8.66025447845459
7.6157732009887695,8.66025447845459
7.6157732009887695,8.717798233032227
7.6157732009887695,8.717798233032227
7.6157732009887695,8.774964332580566
7.6157732009887695,8.774964332580566
7.6157732009887695,8.774964332580566
7.6157732009887695,8.774964332580566
7.6157732009887695,8.774964332580566
7.6157732009887695,8.774964332580566
7.6157732009887695,8.83176040649414
7.6157732009887695,8.9442720413208
7.6157732009887695,9
7.6157732009887695,9
7.6157732009887695,9.05538558959961
7.6157732009887695,9.110433578491211
7.6157732009887695,9.219544410705566
7.6157732009887695,9.219544410705566
7.6157732009887695,9.273618698120117
7.6157732009887695,9.273618698120117
7.6157732009887695,9.380831718444824
7.6157732009887695,9.433980941772461
7.6157732009887695,9.433980941772461
7.6157732009887695,9.433980941772461
7.6157732009887695,9.486832618713379
7.6157732009887695,9.486832618713379
7.6157732009887695,9.486832618713379
7.6157732009887695,9.539392471313477
7.6157732009887695,9.69536018371582
7.6157732009887695,9.69536018371582
7.6157732009887695,10.049875259399414
7.6157732009887695,10.29563045501709
7.6157732009887695,10.392304420471191
7.6157732009887695,10.72380542755127
7.6157732009887695,10.770329475402832
7.6157732009887695,10.816654205322266
7.6157732009887695,11.045360565185547
7.6157732009887695,11.045360565185547
7.6157732009887695,11.180339813232422
7.6157732009887695,11.704699516296387
7.6157732009887695,11.87434196472168
7.6157732009887695,12.083045959472656
7.6157732009887695,12.206555366516113
7.6157732009887695,12.688577651977539
7.6157732009887695,12.806248664855957
7.6157732009887695,13.076696395874023
7.8102498054504395,inf
7.8102498054504395,inf
7.8102498054504395,inf
7.8102498054504395,inf
7.8102498054504395,inf
7.8102498054504395,inf
7.8102498054504395,inf
7.8102498054504395,inf
7.8102498054504395,inf
7.8102498054504395,inf
7.8102498054504395,inf
7.8102498054504395,inf
7.8102498054504395,inf
7.8102498054504395,inf
7.8102498054504395,inf
7.8102498054504395,7.874007701873779
7.8102498054504395,7.874007701873779
7.8102498054504395,7.874007701873779
7.8102498054504395,7.874007701873779
7.8102498054504395,7.874007701873779
7.8102498054504395,7.874007701873779
7.8102498054504395,8.062257766723633
7.8102498054504395,8.062257766723633
7.8102498054504395,8.062257766723633
7.8102498054504395,8.062257766723633
7.8102498054504395,8.185352325439453
7.8102498054504395,8.246211051940918
7.8102498054504395,8.306623458862305
7.8102498054504395,8.485280990600586
7.8102498054504395,8.485280990600586
7.8102498054504395,8.5440034866333
7.8102498054504395,8.5440034866333
7.8102498054504395,8.602325439453125
7.8102498054504395,8.602325439453125
7.8102498054504395,8.717798233032227
7.8102498054504395,8.774964332580566
7.8102498054504395,9
7.8102498054504395,9
7.8102498054504395,9.05538558959961
7.8102498054504395,9.05538558959961
7.8102498054504395,9.165151596069336
7.8102498054504395,9.219544410705566
7.8102498054504395,9.219544410705566
7.8102498054504395,9.433980941772461
7.8102498054504395,9.433980941772461
7.8102498054504395,9.486832618713379
7.8102498054504395,10
7.8102498054504395,10.29563045501709
7.8102498054504395,10.344079971313477
7.8102498054504395,10.677078247070313
7.8102498054504395,10.954451560974121
7.8102498054504395,11.090536117553711
7.8102498054504395,11.224971771240234
7.8102498054504395,11.575837135314941
7.8102498054504395,12.529964447021484
7.8102498054504395,12.767145156860352
8,inf
8,inf
8,inf
8,inf
8,inf
8,inf
8,inf
8,inf
8,inf
8,inf
8,inf
8,inf
8,8.062257766723633
8,8.062257766723633
8,8.062257766723633
8,8.062257766723633
8,8.062257766723633
8,8.124038696289063
8,8.124038696289063
8,8.306623458862305
8,8.306623458862305
8,8.306623458862305
8,8.306623458862305
8,8.485280990600586
8,8.602325439453125
8,8.774964332580566
8,8.774964332580566
8,9
8,9.05538558959961
8,9.05538558959961
8,9.05538558959961
8,9.05538558959961
8,9.110433578491211
8,9.165151596069336
8,9.165151596069336
8,9.219544410705566
8,9.273618698120117
8,9.433980941772461
8,9.486832618713379
8,9.539392471313477
8,9.643651008605957
8,9.643651008605957
8,9.69536018371582
8,9.797959327697754
8,9.797959327697754
8,9.949873924255371
8,10.049875259399414
8,10.049875259399414
8,10.24695110321045
8,10.24695110321045
8,10.440306663513184
8,10.440306663513184
8,10.488088607788086
8,10.677078247070313
8,13
8.062257766723633,inf
8.062257766723633,inf
8.062257766723633,inf
8.062257766723633,inf
8.062257766723633,inf
8.062257766723633,inf
8.062257766723633,inf
8.062257766723633,inf
8.062257766723633,inf
8.062257766723633,inf
8.062257766723633,inf
8.062257766723633,inf
8.062257766723633,inf
8.062257766723633,inf
8.062257766723633,inf
8.062257766723633,inf
8.062257766723633,inf
8.062257766723633,inf
8.062257766723633,inf
8.062257766723633,inf
8.062257766723633,8.124038696289063
8.062257766723633,8.124038696289063
8.062257766723633,8.124038696289063
8.062257766723633,8.124038696289063
8.062257766723633,8.124038696289063
8.062257766723633,8.124038696289063
8.062257766723633,8.124038696289063
8.062257766723633,8.124038696289063
8.062257766723633,8.124038696289063
8.062257766723633,8.185352325439453
8.062257766723633,8.246211051940918
8.062257766723633,8.246211051940918
8.062257766723633,8.246211051940918
8.062257766723633,8.246211051940918
8.062257766723633,8.246211051940918
8.062257766723633,8.246211051940918
8.062257766723633,8.246211051940918
8.062257766723633,8.246211051940918
8.062257766723633,8.246211051940918
8.062257766723633,8.246211051940918
8.062257766723633,8.246211051940918
8.062257766723633,8.246211051940918
8.062257766723633,8.246211051940918
8.062257766723633,8.246211051940918
8.062257766723633,8.246211051940918
8.062257766723633,8.246211051940918
8.062257766723633,8.246211051940918
8.062257766723633,8.306623458862305
8.062257766723633,8.306623458862305
8.062257766723633,8.306623458862305
8.062257766723633,8.366600036621094
8.062257766723633,8.366600036621094
8.062257766723633,8.366600036621094
8.062257766723633,8.366600036621094
8.062257766723633,8.366600036621094
8.062257766723633,8.485280990600586
8.062257766723633,8.485280990600586
8.062257766723633,8.485280990600586
8.062257766723633,8.5440034866333
8.062257766723633,8.5440034866333
8.062257766723633,8.5440034866333
8.062257766723633,8.5440034866333
8.062257766723633,8.5440034866333
8.062257766723633,8.5440034866333
8.062257766723633,8.5440034866333
8.062257766723633,8.5440034866333
8.062257766723633,8.5440034866333
8.062257766723633,8.5440034866333
8.062257766723633,8.5440034866333
8.062257766723633,8.5440034866333
8.062257766723633,8.602325439453125
8.062257766723633,8.602325439453125
8.062257766723633,8.602325439453125
8.062257766723633,8.602325439453125
8.062257766723633,8.602325439453125
8.062257766723633,8.602325439453125
8.062257766723633,8.602325439453125
8.062257766723633,8.602325439453125
8.062257766723633,8.602325439453125
8.062257766723633,8.602325439453125
8.062257766723633,8.66025447845459
8.062257766723633,8.66025447845459
8.062257766723633,8.717798233032227
8.062257766723633,8.774964332580566
8.062257766723633,8.774964332580566
8.062257766723633,8.774964332580566
8.062257766723633,8.774964332580566
8.062257766723633,8.774964332580566
8.062257766723633,8.774964332580566
8.062257766723633,8.774964332580566
8.062257766723633,8.774964332580566
8.062257766723633,8.774964332580566
8.062257766723633,8.774964332580566
8.062257766723633,8.774964332580566
8.062257766723633,8.774964332580566
8.062257766723633,8.774964332580566
8.062257766723633,8.774964332580566
8.062257766723633,8.774964332580566
8.062257766723633,8.83176040649414
8.062257766723633,8.83176040649414
8.062257766723633,8.9442720413208
8.062257766723633,8.9442720413208
8.062257766723633,8.9442720413208
8.062257766723633,9
8.062257766723633,9
8.062257766723633,9
8.062257766723633,9
8.062257766723633,9
8.062257766723633,9
8.062257766723633,9
8.062257766723633,9
8.062257766723633,9
8.062257766723633,9
8.062257766723633,9.05538558959961
8.062257766723633,9.05538558959961
8.062257766723633,9.05538558959961
8.062257766723633,9.05538558959961
8.062257766723633,9.05538558959961
8.062257766723633,9.05538558959961
8.062257766723633,9.05538558959961
8.062257766723633,9.05538558959961
8.062257766723633,9.165151596069336
8.062257766723633,9.165151596069336
8.062257766723633,9.219544410705566
8.062257766723633,9.219544410705566
8.062257766723633,9.219544410705566
8.062257766723633,9.219544410705566
8.062257766723633,9.273618698120117
8.062257766723633,9.273618698120117
8.062257766723633,9.273618698120117
8.062257766723633,9.273618698120117
8.062257766723633,9.273618698120117
8.062257766723633,9.273618698120117
8.062257766723633,9.273618698120117
8.062257766723633,9.273618698120117
8.062257766723633,9.273618698120117
8.062257766723633,9.273618698120117
8.062257766723633,9.433980941772461
8.062257766723633,9.433980941772461
8.062257766723633,9.433980941772461
8.062257766723633,9.433980941772461
8.062257766723633,9.433980941772461
8.062257766723633,9.433980941772461
8.062257766723633,9.433980941772461
8.062257766723633,9.433980941772461
8.062257766723633,9.433980941772461
8.062257766723633,9.433980941772461
8.062257766723633,9.486832618713379
8.062257766723633,9.486832618713379
8.062257766723633,9.486832618713379
8.062257766723633,9.486832618713379
8.062257766723633,9.486832618713379
8.062257766723633,9.486832618713379
8.062257766723633,9.539392471313477
8.062257766723633,9.643651008605957
8.062257766723633,9.643651008605957
8.062257766723633,9.643651008605957
8.062257766723633,9.69536018371582
8.062257766723633,9.69536018371582
8.062257766723633,9.69536018371582
8.062257766723633,9.69536018371582
8.062257766723633,9.69536018371582
8.062257766723633,9.848857879638672
8.062257766723633,9.848857879638672
8.062257766723633,9.848857879638672
8.062257766723633,9.848857879638672
8.062257766723633,9.848857879638672
8.062257766723633,9.899495124816895
8.062257766723633,9.899495124816895
8.062257766723633,9.899495124816895
8.062257766723633,9.899495124816895
8.062257766723633,9.949873924255371
8.062257766723633,10
8.062257766723633,10
8.062257766723633,10.049875259399414
8.062257766723633,10.049875259399414
8.062257766723633,10.049875259399414
8.062257766723633,10.099504470825195
8.062257766723633,10.099504470825195
8.062257766723633,10.198039054870605
8.062257766723633,10.24695110321045
8.062257766723633,10.344079971313477
8.062257766723633,10.344079971313477
8.062257766723633,10.344079971313477
8.062257766723633,10.344079971313477
8.062257766723633,10.392304420471191
8.062257766723633,10.392304420471191
8.062257766723633,10.440306663513184
8.062257766723633,10.440306663513184
8.062257766723633,10.440306663513184
8.062257766723633,10.488088607788086
8.062257766723633,10.488088607788086
8.062257766723633,10.630146026611328
8.062257766723633,10.630146026611328
8.062257766723633,10.630146026611328
8.062257766723633,10.677078247070313
8.062257766723633,10.677078247070313
8.062257766723633,10.72380542755127
8.062257766723633,10.862780570983887
8.062257766723633,10.862780570983887
8.062257766723633,11
8.062257766723633,11.045360565185547
8.062257766723633,11.180339813232422
8.062257766723633,11.180339813232422
8.062257766723633,11.445523262023926
8.062257766723633,11.445523262023926
8.062257766723633,11.532562255859375
8.062257766723633,11.832159996032715
8.062257766723633,11.832159996032715
8.062257766723633,12.529964447021484
8.246211051940918,inf
8.246211051940918,inf
8.246211051940918,inf
8.246211051940918,inf
8.246211051940918,inf
8.246211051940918,inf
8.246211051940918,inf
8.246211051940918,inf
8.246211051940918,inf
8.246211051940918,inf
8.246211051940918,inf
8.246211051940918,8.306623458862305
8.246211051940918,8.306623458862305
8.246211051940918,8.306623458862305
8.246211051940918,8.306623458862305
8.246211051940918,8.306623458862305
8.246211051940918,8.485280990600586
8.246211051940918,8.5440034866333
8.246211051940918,8.5440034866333
8.246211051940918,8.5440034866333
8.246211051940918,8.5440034866333
8.246211051940918,8.5440034866333
8.246211051940918,8.5440034866333
8.246211051940918,8.66025447845459
8.246211051940918,8.717798233032227
8.246211051940918,8.9442720413208
8.246211051940918,8.9442720413208
8.246211051940918,8.9442720413208
8.246211051940918,9
8.246211051940918,9
8.246211051940918,9.433980941772461
8.246211051940918,9.643651008605957
8.246211051940918,9.797959327697754
8.246211051940918,9.949873924255371
8.246211051940918,10.049875259399414
8.246211051940918,10.049875259399414
8.246211051940918,10.049875259399414
8.246211051940918,10.29563045501709
8.246211051940918,10.392304420471191
8.246211051940918,10.392304420471191
8.246211051940918,10.392304420471191
8.246211051940918,10.488088607788086
8.246211051940918,10.630146026611328
8.246211051940918,10.677078247070313
8.246211051940918,10.677078247070313
8.246211051940918,10.770329475402832
8.246211051940918,10.862780570983887
8.246211051940918,11
8.246211051940918,11.045360565185547
8.246211051940918,11.180339813232422
8.246211051940918,11.313708305358887
8.246211051940918,12.688577651977539
8.246211051940918,13.152946472167969
8.485280990600586,inf
8.485280990600586,inf
8.485280990600586,inf
8.485280990600586,inf
8.485280990600586,inf
8.485280990600586,inf
8.485280990600586,inf
8.485280990600586,inf
8.485280990600586,inf
8.485280990600586,inf
8.485280990600586,inf
8.485280990600586,inf
8.485280990600586,8.5440034866333
8.485280990600586,8.5440034866333
8.485280990600586,8.5440034866333
8.485280990600586,8.5440034866333
8.485280990600586,8.602325439453125
8.485280990600586,8.602325439453125
8.485280990600586,8.602325439453125
8.485280990600586,8.774964332580566
8.485280990600586,9
8.485280990600586,9.273618698120117
8.485280990600586,9.273618698120117
8.485280990600586,9.433980941772461
8.485280990600586,9.433980941772461
8.485280990600586,9.433980941772461
8.485280990600586,9.643651008605957
8.485280990600586,9.848857879638672
8.485280990600586,10.049875259399414
8.485280990600586,10.630146026611328
8.485280990600586,10.630146026611328
8.485280990600586,10.770329475402832
8.485280990600586,11
8.485280990600586,11.090536117553711
8.485280990600586,12.083045959472656
8.485280990600586,12.12435531616211
8.5440034866333,inf
8.5440034866333,inf
8.5440034866333,inf
8.5440034866333,inf
8.5440034866333,inf
8.5440034866333,inf
8.5440034866333,inf
8.5440034866333,inf
8.5440034866333,inf
8.5440034866333,inf
8.5440034866333,inf
8.5440034866333,inf
8.5440034866333,inf
8.5440034866333,inf
8.5440034866333,inf
8.5440034866333,inf
8.5440034866333,8.602325439453125
8.5440034866333,8.602325439453125
8.5440034866333,8.602325439453125
8.5440034866333,8.774964332580566
8.5440034866333,8.774964332580566
8.5440034866333,8.774964332580566
8.5440034866333,8.83176040649414
8.5440034866333,8.83176040649414
8.5440034866333,8.83176040649414
8.5440034866333,8.9442720413208
8.5440034866333,8.9442720413208
8.5440034866333,9
8.5440034866333,9.05538558959961
8.5440034866333,9.05538558959961
8.5440034866333,9.05538558959961
8.5440034866333,9.05538558959961
8.5440034866333,9.110433578491211
8.5440034866333,9.110433578491211
8.5440034866333,9.110433578491211
8.5440034866333,9.165151596069336
8.5440034866333,9.219544410705566
8.5440034866333,9.219544410705566
8.5440034866333,9.219544410705566
8.5440034866333,9.219544410705566
8.5440034866333,9.219544410705566
8.5440034866333,9.273618698120117
8.5440034866333,9.380831718444824
8.5440034866333,9.380831718444824
8.5440034866333,9.380831718444824
8.5440034866333,9.380831718444824
8.5440034866333,9.433980941772461
8.5440034866333,9.433980941772461
8.5440034866333,9.433980941772461
8.5440034866333,9.643651008605957
8.5440034866333,9.69536018371582
8.5440034866333,9.69536018371582
8.5440034866333,9.848857879638672
8.5440034866333,9.848857879638672
8.5440034866333,10
8.5440034866333,10.24695110321045
8.5440034866333,10.24695110321045
8.5440034866333,10.29563045501709
8.5440034866333,10.344079971313477
8.5440034866333,10.440306663513184
8.5440034866333,10.488088607788086
8.5440034866333,10.488088607788086
8.5440034866333,10.630146026611328
8.5440034866333,10.630146026611328
8.5440034866333,10.630146026611328
8.5440034866333,10.72380542755127
8.5440034866333,10.816654205322266
8.5440034866333,11
8.5440034866333,11.224971771240234
8.5440034866333,11.401754379272461
8.5440034866333,11.445523262023926
8.5440034866333,11.445523262023926
8.5440034866333,11.789826393127441
8.5440034866333,12.529964447021484
8.602325439453125,inf
8.602325439453125,inf
8.602325439453125,inf
8.602325439453125,inf
8.602325439453125,inf
8.602325439453125,inf
8.602325439453125,inf
8.602325439453125,8.66025447845459
8.602325439453125,8.66025447845459
8.602325439453125,8.66025447845459
8.602325439453125,8.717798233032227
8.602325439453125,8.717798233032227
8.602325439453125,8.717798233032227
8.602325439453125,8.717798233032227
8.602325439453125,8.774964332580566
8.602325439453125,8.774964332580566
8.602325439453125,8.774964332580566
8.602325439453125,8.83176040649414
8.602325439453125,9
8.602325439453125,9
8.602325439453125,9
8.602325439453125,9
8.602325439453125,9
8.602325439453125,9.05538558959961
8.602325439453125,9.05538558959961
8.602325439453125,9.05538558959961
8.602325439453125,9.219544410705566
8.602325439453125,9.273618698120117
8.602325439453125,9.273618698120117
8.602325439453125,9.380831718444824
8.602325439453125,9.380831718444824
8.602325439453125,9.380831718444824
8.602325439453125,9.380831718444824
8.602325439453125,9.380831718444824
8.602325439453125,9.380831718444824
8.602325439453125,9.433980941772461
8.602325439453125,9.433980941772461
8.602325439453125,9.433980941772461
8.602325439453125,9.69536018371582
8.602325439453125,9.69536018371582
8.602325439453125,9.899495124816895
8.602325439453125,9.949873924255371
8.602325439453125,10.29563045501709
8.602325439453125,10.29563045501709
8.602325439453125,10.440306663513184
8.602325439453125,10.630146026611328
8.602325439453125,10.630146026611328
8.602325439453125,11
8.602325439453125,11.045360565185547
8.602325439453125,11.045360565185547
8.602325439453125,11.045360565185547
8.602325439453125,11.045360565185547
8.602325439453125,11.313708305358887
8.602325439453125,11.357816696166992
8.602325439453125,11.357816696166992
8.602325439453125,11.401754379272461
8.602325439453125,11.401754379272461
8.602325439453125,11.445523262023926
8.602325439453125,11.445523262023926
8.602325439453125,15.29705810546875
8.9442720413208,inf
8.9442720413208,inf
8.9442720413208,inf
8.9442720413208,inf
8.9442720413208,inf
8.9442720413208,inf
8.9442720413208,inf
8.9442720413208,inf
8.9442720413208,inf
8.9442720413208,inf
8.9442720413208,inf
8.9442720413208,inf
8.9442720413208,inf
8.9442720413208,9
8.9442720413208,9
8.9442720413208,9
8.9442720413208,9
8.9442720413208,9.110433578491211
8.9442720413208,9.165151596069336
8.9442720413208,9.165151596069336
8.9442720413208,9.165151596069336
8.9442720413208,9.165151596069336
8.9442720413208,9.165151596069336
8.9442720413208,9.165151596069336
8.9442720413208,9.219544410705566
8.9442720413208,9.273618698120117
8.9442720413208,9.433980941772461
8.9442720413208,9.433980941772461
8.9442720413208,9.433980941772461
8.9442720413208,9.433980941772461
8.9442720413208,9.433980941772461
8.9442720413208,9.433980941772461
8.9442720413208,9.433980941772461
8.9442720413208,9.433980941772461
8.9442720413208,9.433980941772461
8.9442720413208,9.433980941772461
8.9442720413208,9.433980941772461
8.9442720413208,9.433980941772461
8.9442720413208,9.433980941772461
8.9442720413208,9.486832618713379
8.9442720413208,9.486832618713379
8.9442720413208,9.486832618713379
8.9442720413208,9.486832618713379
8.9442720413208,9.486832618713379
8.9442720413208,9.486832618713379
8.9442720413208,9.486832618713379
8.9442720413208,9.486832618713379
8.9442720413208,9.486832618713379
8.9442720413208,9.539392471313477
8.9442720413208,9.643651008605957
8.9442720413208,9.69536018371582
8.9442720413208,9.69536018371582
8.9442720413208,9.69536018371582
8.9442720413208,9.69536018371582
8.9442720413208,9.69536018371582
8.9442720413208,9.797959327697754
8.9442720413208,9.848857879638672
8.9442720413208,9.848857879638672
8.9442720413208,9.899495124816895
8.9442720413208,9.899495124816895
8.9442720413208,9.899495124816895
8.9442720413208,9.899495124816895
8.9442720413208,9.899495124816895
8.9442720413208,9.949873924255371
8.9442720413208,9.949873924255371
8.9442720413208,9.949873924255371
8.9442720413208,10
8.9442720413208,10.049875259399414
8.9442720413208,10.049875259399414
8.9442720413208,10.049875259399414
8.9442720413208,10.099504470825195
8.9442720413208,10.198039054870605
8.9442720413208,10.24695110321045
8.9442720413208,10.29563045501709
8.9442720413208,10.392304420471191
8.9442720413208,10.392304420471191
8.9442720413208,10.630146026611328
8.9442720413208,10.630146026611328
8.9442720413208,10.677078247070313
8.9442720413208,10.677078247070313
8.9442720413208,10.862780570983887
8.9442720413208,11
8.9442720413208,11.224971771240234
8.9442720413208,11.313708305358887
8.9442720413208,11.401754379272461
8.9442720413208,11.789826393127441
8.9442720413208,11.789826393127441
8.9442720413208,11.87434196472168
9,inf
9,inf
9,inf
9,inf
9,inf
9,inf
9,inf
9,9.05538558959961
9,9.05538558959961
9,9.05538558959961
9,9.219544410705566
9,9.219544410705566
9,9.219544410705566
9,9.219544410705566
9,9.273618698120117
9,9.486832618713379
9,9.539392471313477
9,9.643651008605957
9,9.69536018371582
9,9.69536018371582
9,9.69536018371582
9,9.899495124816895
9,9.949873924255371
9,10.049875259399414
9,10.049875259399414
9,10.049875259399414
9,10.198039054870605
9,10.29563045501709
9,10.29563045501709
9,10.344079971313477
9,10.630146026611328
9.05538558959961,inf
9.05538558959961,inf
9.05538558959961,inf
9.05538558959961,inf
9.05538558959961,inf
9.05538558959961,inf
9.05538558959961,inf
9.05538558959961,inf
9.05538558959961,9.110433578491211
9.05538558959961,9.110433578491211
9.05538558959961,9.110433578491211
9.05538558959961,9.110433578491211
9.05538558959961,9.110433578491211
9.05538558959961,9.165151596069336
9.05538558959961,9.219544410705566
9.05538558959961,9.219544410705566
9.05538558959961,9.219544410705566
9.05538558959961,9.219544410705566
9.05538558959961,9.219544410705566
9.05538558959961,9.219544410705566
9.05538558959961,9.219544410705566
9.05538558959961,9.219544410705566
9.05538558959961,9.219544410705566
9.05538558959961,9.219544410705566
9.05538558959961,9.273618698120117
9.05538558959961,9.273618698120117
9.05538558959961,9.273618698120117
9.05538558959961,9.433980941772461
9.05538558959961,9.486832618713379
9.05538558959961,9.486832618713379
9.05538558959961,9.539392471313477
9.05538558959961,9.539392471313477
9.05538558959961,9.69536018371582
9.05538558959961,9.797959327697754
9.05538558959961,9.848857879638672
9.05538558959961,9.899495124816895
9.05538558959961,9.949873924255371
9.05538558959961,10
9.05538558959961,10
9.05538558959961,10.198039054870605
9.05538558959961,10.29563045501709
9.05538558959961,10.29563045501709
9.05538558959961,10.440306663513184
9.05538558959961,10.488088607788086
9.05538558959961,10.488088607788086
9.05538558959961,10.630146026611328
9.05538558959961,10.630146026611328
9.05538558959961,10.770329475402832
9.05538558959961,10.770329475402832
9.05538558959961,10.816654205322266
9.05538558959961,10.954451560974121
9.05538558959961,11
9.05538558959961,11
9.05538558959961,11.045360565185547
9.05538558959961,11.180339813232422
9.05538558959961,12
9.05538558959961,12.206555366516113
9.05538558959961,13.928388595581055
9.219544410705566,inf
9.219544410705566,inf
9.219544410705566,inf
9.219544410705566,inf
9.219544410705566,inf
9.219544410705566,inf
9.219544410705566,inf
9.219544410705566,inf
9.219544410705566,inf
9.219544410705566,inf
9.219544410705566,inf
9.219544410705566,inf
9.219544410705566,inf
9.219544410705566,inf
9.219544410705566,inf
9.219544410705566,inf
9.219544410705566,inf
9.219544410705566,inf
9.219544410705566,inf
9.219544410705566,inf
9.219544410705566,inf
9.219544410705566,inf
9.219544410705566,inf
9.219544410705566,9.273618698120117
9.219544410705566,9.273618698120117
9.219544410705566,9.273618698120117
9.219544410705566,9.273618698120117
9.219544410705566,9.273618698120117
9.219544410705566,9.433980941772461
9.219544410705566,9.433980941772461
9.219544410705566,9.433980941772461
9.219544410705566,9.433980941772461
9.219544410705566,9.433980941772461
9.219544410705566,9.433980941772461
9.219544410705566,9.433980941772461
9.219544410705566,9.486832618713379
9.219544410705566,9.486832618713379
9.219544410705566,9.486832618713379
9.219544410705566,9.486832618713379
9.219544410705566,9.486832618713379
9.219544410705566,9.539392471313477
9.219544410705566,9.539392471313477
9.219544410705566,9.539392471313477
9.219544410705566,9.539392471313477
9.219544410705566,9.643651008605957
9.219544410705566,9.643651008605957
9.219544410705566,9.69536018371582
9.219544410705566,9.69536018371582
9.219544410705566,9.848857879638672
9.219544410705566,9.899495124816895
9.219544410705566,9.899495124816895
9.219544410705566,9.949873924255371
9.219544410705566,10.049875259399414
9.219544410705566,10.049875259399414
9.219544410705566,10.099504470825195
9.219544410705566,10.198039054870605
9.219544410705566,10.198039054870605
9.219544410705566,10.198039054870605
9.219544410705566,10.29563045501709
9.219544410705566,10.344079971313477
9.219544410705566,10.630146026611328
9.219544410705566,10.630146026611328
9.219544410705566,10.630146026611328
9.219544410705566,10.770329475402832
9.219544410705566,10.816654205322266
9.219544410705566,10.816654205322266
9.219544410705566,10.816654205322266
9.219544410705566,10.816654205322266
9.219544410705566,11
9.219544410705566,11.704699516296387
9.219544410705566,12.529964447021484
9.433980941772461,inf
9.433980941772461,inf
9.433980941772461,inf
9.433980941772461,inf
9.433980941772461,inf
9.433980941772461,inf
9.433980941772461,inf
9.433980941772461,inf
9.433980941772461,inf
9.433980941772461,9.486832618713379
9.433980941772461,9.486832618713379
9.433980941772461,9.486832618713379
9.433980941772461,9.486832618713379
9.433980941772461,9.486832618713379
9.433980941772461,9.486832618713379
9.433980941772461,9.486832618713379
9.433980941772461,9.539392471313477
9.433980941772461,9.643651008605957
9.433980941772461,9.643651008605957
9.433980941772461,9.643651008605957
9.433980941772461,9.643651008605957
9.433980941772461,9.643651008605957
9.433980941772461,9.643651008605957
9.433980941772461,9.69536018371582
9.433980941772461,9.69536018371582
9.433980941772461,9.69536018371582
9.433980941772461,9.69536018371582
9.433980941772461,9.69536018371582
9.433980941772461,9.69536018371582
9.433980941772461,9.69536018371582
9.433980941772461,9.797959327697754
9.433980941772461,9.848857879638672
9.433980941772461,9.848857879638672
9.433980941772461,9.848857879638672
9.433980941772461,9.899495124816895
9.433980941772461,9.899495124816895
9.433980941772461,9.949873924255371
9.433980941772461,10
9.433980941772461,10
9.433980941772461,10
9.433980941772461,10.049875259399414
9.433980941772461,10.049875259399414
9.433980941772461,10.198039054870605
9.433980941772461,10.198039054870605
9.433980941772461,10.198039054870605
9.433980941772461,10.24695110321045
9.433980941772461,10.24695110321045
9.433980941772461,10.24695110321045
9.433980941772461,10.24695110321045
9.433980941772461,10.29563045501709
9.433980941772461,10.29563045501709
9.433980941772461,10.344079971313477
9.433980941772461,10.344079971313477
9.433980941772461,10.344079971313477
9.433980941772461,10.344079971313477
9.433980941772461,10.440306663513184
9.433980941772461,10.488088607788086
9.433980941772461,10.488088607788086
9.433980941772461,10.488088607788086
9.433980941772461,10.488088607788086
9.433980941772461,10.488088607788086
9.433980941772461,10.488088607788086
9.433980941772461,10.630146026611328
9.433980941772461,10.72380542755127
9.433980941772461,10.770329475402832
9.433980941772461,10.816654205322266
9.433980941772461,11
9.433980941772461,11.224971771240234
9.433980941772461,12.041594505310059
9.433980941772461,12.083045959472656
9.433980941772461,12.369317054748535
9.433980941772461,13.45362377166748
9.433980941772461,15.588457107543945
9.486832618713379,inf
9.486832618713379,inf
9.486832618713379,inf
9.486832618713379,inf
9.486832618713379,inf
9.486832618713379,inf
9.486832618713379,inf
9.486832618713379,inf
9.486832618713379,inf
9.486832618713379,inf
9.486832618713379,9.539392471313477
9.486832618713379,9.69536018371582
9.486832618713379,9.69536018371582
9.486832618713379,9.69536018371582
9.486832618713379,9.69536018371582
9.486832618713379,9.69536018371582
9.486832618713379,9.69536018371582
9.486832618713379,9.69536018371582
9.486832618713379,9.899495124816895
9.486832618713379,9.899495124816895
9.486832618713379,9.949873924255371
9.486832618713379,9.949873924255371
9.486832618713379,9.949873924255371
9.486832618713379,10
9.486832618713379,10.049875259399414
9.486832618713379,10.099504470825195
9.486832618713379,10.198039054870605
9.486832618713379,10.29563045501709
9.486832618713379,10.677078247070313
9.486832618713379,10.816654205322266
9.486832618713379,11
9.486832618713379,11.180339813232422
9.486832618713379,11.704699516296387
9.486832618713379,12.12435531616211
9.848857879638672,inf
9.848857879638672,inf
9.848857879638672,inf
9.848857879638672,inf
9.848857879638672,inf
9.848857879638672,inf
9.848857879638672,inf
9.848857879638672,inf
9.848857879638672,inf
9.848857879638672,inf
9.848857879638672,inf
9.848857879638672,9.899495124816895
9.848857879638672,9.899495124816895
9.848857879638672,9.899495124816895
9.848857879638672,9.899495124816895
9.848857879638672,9.899495124816895
9.848857879638672,9.899495124816895
9.848857879638672,9.899495124816895
9.848857879638672,9.949873924255371
9.848857879638672,10
9.848857879638672,10
9.848857879638672,10
9.848857879638672,10.049875259399414
9.848857879638672,10.198039054870605
9.848857879638672,10.198039054870605
9.848857879638672,10.198039054870605
9.848857879638672,10.24695110321045
9.848857879638672,10.29563045501709
9.848857879638672,10.29563045501709
9.848857879638672,10.29563045501709
9.848857879638672,10.344079971313477
9.848857879638672,10.440306663513184
9.848857879638672,10.440306663513184
9.848857879638672,10.440306663513184
9.848857879638672,10.488088607788086
9.848857879638672,10.630146026611328
9.848857879638672,10.630146026611328
9.848857879638672,10.630146026611328
9.848857879638672,10.630146026611328
9.848857879638672,10.630146026611328
9.848857879638672,10.677078247070313
9.848857879638672,10.677078247070313
9.848857879638672,10.677078247070313
9.848857879638672,10.677078247070313
9.848857879638672,10.770329475402832
9.848857879638672,10.816654205322266
9.848857879638672,10.816654205322266
9.848857879638672,10.816654205322266
9.848857879638672,10.816654205322266
9.848857879638672,10.954451560974121
9.848857879638672,10.954451560974121
9.848857879638672,10.954451560974121
9.848857879638672,11
9.848857879638672,11.045360565185547
9.848857879638672,11.357816696166992
9.848857879638672,11.401754379272461
9.848857879638672,11.532562255859375
9.848857879638672,12.206555366516113
9.848857879638672,13.076696395874023
9.899495124816895,inf
9.899495124816895,inf
9.899495124816895,inf
9.899495124816895,inf
9.899495124816895,inf
9.899495124816895,inf
9.899495124816895,inf
9.899495124816895,inf
9.899495124816895,9.949873924255371
9.899495124816895,9.949873924255371
9.899495124816895,10.049875259399414
9.899495124816895,10.198039054870605
9.899495124816895,10.488088607788086
9.899495124816895,10.72380542755127
9.899495124816895,10.72380542755127
9.899495124816895,11.313708305358887
9.899495124816895,11.357816696166992
9.899495124816895,12.206555366516113
9.899495124816895,13.152946472167969
10,inf
10,inf
10,inf
10,inf
10,inf
10,inf
10,inf
10,inf
10,inf
10,inf
10,inf
10,inf
10,inf
10,inf
10,inf
10,inf
10,inf
10,inf
10,10.049875259399414
10,10.049875259399414
10,10.049875259399414
10,10.049875259399414
10,10.049875259399414
10,10.049875259399414
10,10.049875259399414
10,10.049875259399414
10,10.099504470825195
10,10.099504470825195
10,10.099504470825195
10,10.099504470825195
10,10.198039054870605
10,10.198039054870605
10,10.198039054870605
10,10.24695110321045
10,10.24695110321045
10,10.24695110321045
10,10.29563045501709
10,10.29563045501709
10,10.344079971313477
10,10.392304420471191
10,10.392304420471191
10,10.440306663513184
10,10.440306663513184
10,10.440306663513184
10,10.488088607788086
10,10.630146026611328
10,10.630146026611328
10,10.630146026611328
10,10.630146026611328
10,10.770329475402832
10,10.816654205322266
10,10.816654205322266
10,10.862780570983887
10,10.954451560974121
10,10.954451560974121
10,11.045360565185547
10,11.045360565185547
10,11.045360565185547
10,11.357816696166992
10,15.524174690246582
10.049875259399414,inf
10.049875259399414,inf
10.049875259399414,inf
10.049875259399414,inf
10.049875259399414,inf
10.049875259399414,inf
10.049875259399414,inf
10.049875259399414,inf
10.049875259399414,inf
10.049875259399414,inf
10.049875259399414,10.099504470825195
10.049875259399414,10.099504470825195
10.049875259399414,10.198039054870605
10.049875259399414,10.198039054870605
10.049875259399414,10.198039054870605
10.049875259399414,10.198039054870605
10.049875259399414,10.198039054870605
10.049875259399414,10.24695110321045
10.049875259399414,10.24695110321045
10.049875259399414,10.24695110321045
10.049875259399414,10.24695110321045
10.049875259399414,10.440306663513184
10.049875259399414,10.488088607788086
10.049875259399414,10.488088607788086
10.049875259399414,10.630146026611328
10.049875259399414,10.816654205322266
10.049875259399414,10.816654205322266
10.049875259399414,11
10.049875259399414,11
10.049875259399414,11.180339813232422
10.049875259399414,11.224971771240234
10.049875259399414,11.357816696166992
10.049875259399414,11.445523262023926
10.049875259399414,11.48912525177002
10.049875259399414,11.832159996032715
10.198039054870605,inf
10.198039054870605,inf
10.198039054870605,inf
10.198039054870605,inf
10.198039054870605,inf
10.198039054870605,inf
10.198039054870605,inf
10.198039054870605,inf
10.198039054870605,10.24695110321045
10.198039054870605,10.24695110321045
10.198039054870605,10.24695110321045
10.198039054870605,10.24695110321045
10.198039054870605,10.392304420471191
10.198039054870605,10.392304420471191
10.198039054870605,10.488088607788086
10.198039054870605,10.488088607788086
10.198039054870605,10.630146026611328
10.198039054870605,10.630146026611328
10.198039054870605,10.630146026611328
10.198039054870605,10.677078247070313
10.198039054870605,10.770329475402832
10.198039054870605,10.770329475402832
10.198039054870605,10.770329475402832
10.198039054870605,10.862780570983887
10.198039054870605,11.045360565185547
10.198039054870605,14.525838851928711
10.29563045501709,inf
10.29563045501709,inf
10.29563045501709,inf
10.29563045501709,inf
10.29563045501709,inf
10.29563045501709,inf
10.29563045501709,inf
10.29563045501709,inf
10.29563045501709,inf
10.29563045501709,inf
10.29563045501709,10.344079971313477
10.29563045501709,10.344079971313477
10.29563045501709,10.392304420471191
10.29563045501709,10.488088607788086
10.29563045501709,10.488088607788086
10.29563045501709,10.488088607788086
10.29563045501709,10.488088607788086
10.29563045501709,10.630146026611328
10.29563045501709,10.630146026611328
10.29563045501709,10.677078247070313
10.29563045501709,10.677078247070313
10.29563045501709,10.72380542755127
10.29563045501709,10.72380542755127
10.29563045501709,10.72380542755127
10.29563045501709,10.862780570983887
10.29563045501709,10.862780570983887
10.29563045501709,10.862780570983887
10.29563045501709,10.862780570983887
10.29563045501709,11.045360565185547
10.29563045501709,11.045360565185547
10.29563045501709,11.045360565185547
10.29563045501709,11.090536117553711
10.29563045501709,11.357816696166992
10.29563045501709,13
10.29563045501709,14.247806549072266
10.29563045501709,15.68438720703125
10.440306663513184,inf
10.440306663513184,inf
10.440306663513184,inf
10.440306663513184,inf
10.440306663513184,inf
10.440306663513184,inf
10.440306663513184,inf
10.440306663513184,inf
10.440306663513184,10.488088607788086
10.440306663513184,10.630146026611328
10.440306663513184,10.630146026611328
10.440306663513184,10.770329475402832
10.440306663513184,10.770329475402832
10.440306663513184,10.862780570983887
10.440306663513184,10.862780570983887
10.440306663513184,10.862780570983887
10.440306663513184,11.045360565185547
10.440306663513184,11.532562255859375
10.440306663513184,12.529964447021484
10.440306663513184,12.529964447021484
10.630146026611328,inf
10.630146026611328,inf
10.630146026611328,inf
10.630146026611328,inf
10.630146026611328,inf
10.630146026611328,inf
10.630146026611328,inf
10.630146026611328,inf
10.630146026611328,inf
10.630146026611328,inf
10.630146026611328,inf
10.630146026611328,10.72380542755127
10.630146026611328,10.770329475402832
10.630146026611328,10.770329475402832
10.630146026611328,10.816654205322266
10.630146026611328,10.816654205322266
10.630146026611328,11.045360565185547
10.630146026611328,11.045360565185547
10.630146026611328,11.401754379272461
10.630146026611328,11.401754379272461
10.630146026611328,11.48912525177002
10.630146026611328,13.45362377166748
10.770329475402832,inf
10.770329475402832,inf
10.770329475402832,inf
10.770329475402832,inf
10.770329475402832,inf
10.770329475402832,inf
10.770329475402832,inf
10.770329475402832,10.816654205322266
10.770329475402832,10.816654205322266
10.770329475402832,10.954451560974121
10.770329475402832,10.954451560974121
10.770329475402832,10.954451560974121
10.770329475402832,11
10.770329475402832,11.045360565185547
10.770329475402832,11.045360565185547
10.770329475402832,11.224971771240234
10.770329475402832,11.313708305358887
10.770329475402832,11.357816696166992
10.770329475402832,11.357816696166992
10.770329475402832,11.357816696166992
10.770329475402832,11.48912525177002
10.770329475402832,11.575837135314941
10.770329475402832,12.206555366516113
10.770329475402832,20.688159942626953
10.816654205322266,inf
10.816654205322266,inf
10.816654205322266,inf
10.816654205322266,inf
10.816654205322266,inf
10.816654205322266,inf
10.816654205322266,inf
10.816654205322266,inf
10.816654205322266,inf
10.816654205322266,inf
10.816654205322266,inf
10.816654205322266,10.862780570983887
10.816654205322266,10.954451560974121
10.816654205322266,11.045360565185547
10.816654205322266,11.045360565185547
10.816654205322266,11.090536117553711
10.816654205322266,11.180339813232422
10.816654205322266,11.401754379272461
10.816654205322266,11.401754379272461
10.816654205322266,11.48912525177002
10.816654205322266,12.041594505310059
11,11.045360565185547
11,11.180339813232422
11,11.180339813232422
11,11.445523262023926
11.045360565185547,11.090536117553711
11.045360565185547,11.224971771240234
11.045360565185547,11.357816696166992
11.045360565185547,11.401754379272461
11.045360565185547,11.401754379272461
11.045360565185547,11.445523262023926
11.045360565185547,11.575837135314941
11.045360565185547,11.575837135314941
11.045360565185547,11.789826393127441
11.045360565185547,11.87434196472168
11.045360565185547,12.041594505310059
11.045360565185547,12.083045959472656
11.045360565185547,12.12435531616211
11.045360565185547,13.03840446472168
11.180339813232422,inf
11.180339813232422,inf
11.180339813232422,inf
11.180339813232422,inf
11.180339813232422,inf
11.180339813232422,inf
11.180339813232422,11.224971771240234
11.180339813232422,11.224971771240234
11.180339813232422,11.224971771240234
11.180339813232422,11.224971771240234
11.180339813232422,11.357816696166992
11.180339813232422,11.357816696166992
11.180339813232422,11.357816696166992
11.180339813232422,11.401754379272461
11.180339813232422,11.401754379272461
11.180339813232422,11.401754379272461
11.180339813232422,11.445523262023926
11.180339813232422,11.575837135314941
11.180339813232422,11.704699516296387
11.180339813232422,11.789826393127441
11.180339813232422,11.789826393127441
11.180339813232422,11.789826393127441
11.180339813232422,11.789826393127441
11.180339813232422,11.87434196472168
11.180339813232422,12.12435531616211
11.180339813232422,12.12435531616211
11.180339813232422,12.206555366516113
11.180339813232422,13
11.180339813232422,13.747727394104004
11.180339813232422,15.748015403747559
11.313708305358887,inf
11.313708305358887,inf
11.313708305358887,inf
11.313708305358887,inf
11.313708305358887,inf
11.313708305358887,inf
11.313708305358887,inf
11.313708305358887,inf
11.313708305358887,inf
11.313708305358887,inf
11.313708305358887,11.357816696166992
11.313708305358887,11.357816696166992
11.313708305358887,11.575837135314941
11.313708305358887,11.661903381347656
11.401754379272461,inf
11.401754379272461,inf
11.401754379272461,inf
11.401754379272461,inf
11.401754379272461,inf
11.401754379272461,inf
11.401754379272461,inf
11.401754379272461,inf
11.401754379272461,inf
11.401754379272461,inf
11.401754379272461,11.445523262023926
11.401754379272461,11.445523262023926
11.401754379272461,11.445523262023926
11.401754379272461,11.48912525177002
11.401754379272461,11.575837135314941
11.401754379272461,11.575837135314941
11.401754379272461,11.789826393127441
11.401754379272461,11.789826393127441
11.401754379272461,11.789826393127441
11.401754379272461,11.87434196472168
11.401754379272461,12
11.401754379272461,12.041594505310059
11.401754379272461,12.12435531616211
11.401754379272461,12.165525436401367
11.661903381347656,inf
11.661903381347656,inf
11.661903381347656,inf
11.661903381347656,inf
11.661903381347656,inf
11.661903381347656,11.704699516296387
11.661903381347656,11.704699516296387
11.661903381347656,11.832159996032715
11.661903381347656,12.247448921203613
11.661903381347656,12.449899673461914
11.661903381347656,13.076696395874023
11.661903381347656,13.379088401794434
11.661903381347656,13.490737915039063
11.661903381347656,14.764822959899902
11.704699516296387,11.747340202331543
11.704699516296387,11.747340202331543
11.704699516296387,11.747340202331543
11.704699516296387,11.87434196472168
11.704699516296387,12.083045959472656
11.704699516296387,12.328827857971191
11.704699516296387,12.806248664855957
12,13.076696395874023
12.041594505310059,inf
12.041594505310059,inf
12.041594505310059,inf
12.041594505310059,inf
12.041594505310059,inf
12.041594505310059,inf
12.041594505310059,inf
12.041594505310059,inf
12.041594505310059,inf
12.041594505310059,inf
12.041594505310059,inf
12.041594505310059,inf
12.041594505310059,inf
12.041594505310059,inf
12.041594505310059,inf
12.041594505310059,inf
12.041594505310059,12.083045959472656
12.041594505310059,12.083045959472656
12.041594505310059,12.083045959472656
12.041594505310059,12.206555366516113
12.041594505310059,12.206555366516113
12.041594505310059,12.206555366516113
12.041594505310059,12.206555366516113
12.041594505310059,12.247448921203613
12.041594505310059,12.247448921203613
12.041594505310059,12.247448921203613
12.041594505310059,12.328827857971191
12.041594505310059,12.569805145263672
12.041594505310059,13
12.041594505310059,14.21267032623291
12.041594505310059,15.779733657836914
12.083045959472656,inf
12.083045959472656,12.12435531616211
12.083045959472656,12.206555366516113
12.083045959472656,12.206555366516113
12.083045959472656,12.247448921203613
12.083045959472656,12.409673690795898
12.083045959472656,12.449899673461914
12.083045959472656,13.856406211853027
12.083045959472656,15.68438720703125
12.165525436401367,12.206555366516113
12.165525436401367,12.206555366516113
12.165525436401367,12.369317054748535
12.165525436401367,12.649110794067383
12.165525436401367,13.03840446472168
12.206555366516113,inf
12.206555366516113,inf
12.206555366516113,inf
12.206555366516113,inf
12.206555366516113,12.569805145263672
12.369317054748535,12.409673690795898
12.369317054748535,12.529964447021484
12.369317054748535,12.688577651977539
12.369317054748535,13.152946472167969
12.529964447021484,inf
12.529964447021484,inf
12.529964447021484,12.569805145263672
12.529964447021484,12.688577651977539
12.529964447021484,13.601470947265625
12.529964447021484,13.964240074157715
12.649110794067383,12.688577651977539
12.649110794067383,12.884099006652832
12.649110794067383,13.34166431427002
12.727922439575195,inf
12.727922439575195,inf
12.727922439575195,inf
12.727922439575195,inf
12.727922439575195,inf
12.727922439575195,inf
12.727922439575195,inf
12.727922439575195,inf
12.727922439575195,inf
12.727922439575195,inf
12.727922439575195,inf
12.727922439575195,12.767145156860352
12.727922439575195,13.03840446472168
12.806248664855957,inf
12.806248664855957,inf
12.806248664855957,inf
12.806248664855957,inf
12.806248664855957,inf
12.806248664855957,13.076696395874023
13,inf
13,13.03840446472168
13,13.152946472167969
13,13.416407585144043
13,13.490737915039063
13.03840446472168,inf
13.03840446472168,inf
13.03840446472168,13.076696395874023
13.03840446472168,13.076696395874023
13.03840446472168,13.304134368896484
13.03840446472168,13.601470947265625
13.03840446472168,13.964240074157715
13.03840446472168,15.29705810546875
13.152946472167969,13.190905570983887
13.152946472167969,13.190905570983887
13.416407585144043,13.45362377166748
13.416407585144043,13.747727394104004
13.416407585144043,14.456831932067871
13.45362377166748,inf
13.45362377166748,inf
13.45362377166748,inf
13.45362377166748,inf
13.45362377166748,inf
13.45362377166748,inf
13.45362377166748,inf
13.45362377166748,inf
13.45362377166748,inf
13.45362377166748,inf
13.45362377166748,inf
13.45362377166748,13.892443656921387
13.601470947265625,inf
13.601470947265625,inf
13.601470947265625,inf
13.601470947265625,14.03566837310791
13.892443656921387,13.928388595581055
13.892443656921387,14.071247100830078
13.892443656921387,14.177447319030762
14,14.03566837310791
14,15.394804000854492
14.03566837310791,15.42724895477295
14.03566837310791,15.524174690246582
14.142135620117188,inf
14.142135620117188,inf
14.142135620117188,inf
14.142135620117188,inf
14.142135620117188,inf
14.142135620117188,inf
14.142135620117188,inf
14.21267032623291,inf
14.21267032623291,inf
14.21267032623291,inf
14.21267032623291,inf
14.21267032623291,14.866068840026855
14.422204971313477,inf
14.422204971313477,inf
14.422204971313477,14.456831932067871
14.866068840026855,inf
14.866068840026855,inf
14.866068840026855,inf
14.866068840026855,inf
14.866068840026855,inf
14.866068840026855,inf
14.866068840026855,14.899664878845215
15,inf
15,inf
15,inf
15,15.033296585083008
15,15.033296585083008
15,15.81138801574707
15.033296585083008,15.81138801574707
15.033296585083008,15.937376976013184
15.264337539672852,inf
15.55634880065918,inf
15.55634880065918,inf
15.55634880065918,inf
15.620499610900879,inf
15.620499610900879,15.65247631072998
15.81138801574707,inf
15.81138801574707,16.492422103881836
16,16.401220321655273
16.031219482421875,16.5227108001709
16.124515533447266,inf
16.278820037841797,inf
16.278820037841797,16.309507369995117
16.401220321655273,16.552946090698242
16.6433162689209,inf
16.970561981201172,17
16.970561981201172,17
17.029386520385742,inf
17.029386520385742,17.14642906188965
17.20465087890625,17.32050895690918
17.20465087890625,17.492855072021484
17.492855072021484,inf
17.804492950439453,inf
17.804492950439453,17.944358825683594
18.357559204101563,inf
18.439088821411133,18.493242263793945
18.601076126098633,inf
19.235383987426758,inf
19.416488647460938,inf
19.697715759277344,21.21320343017578
20.124610900878906,inf
20.124610900878906,21.118711471557617
20.124610900878906,21.307275772094727
20.248456954956055,inf
20.59126091003418,21.563858032226563
20.615528106689453,21.23676109313965
21.02379608154297,inf
21.02379608154297,21.470911026000977
21.02379608154297,21.563858032226563
21.095022201538086,inf
21.470911026000977,21.494184494018555
21.931713104248047,inf
21.954498291015625,inf
21.954498291015625,22.158519744873047
22.825424194335938,inf
22.825424194335938,inf
23.706539154052734,inf
24.59674835205078,inf
25.495098114013672,inf
26.4007568359375,inf
